공고번호,날짜,발주기관,공고명,1순위업체,사업자번호,대표자,투찰금액,투찰률,기초금액,A값,A값적용,예가하한,예가상한,참가업체수
R26BK01697058,2026-09-01,충청남도 서산시,2026년도 하반기 도로반사경 설치 및 유지보수 단가계약,주식회사 와이티건설,,,6383600,90.341,7053532,406768,Y,-3.0,3.0,23
R26BK01697881,2026-09-01,경기도 연천군,초성김치체험마을 리모델링 공사(전기),주식회사 보영,,,30876541,90.358,34140000,1883623,Y,-3.0,3.0,41
R26BK01695544,2026-09-01,전북특별자치도교육청 배영고등학교,배영고등학교 기숙사 전면보수 전기 공사,세인건설(유),,,161514280,90.365,180414000,10802136,Y,-3.0,3.0,1010
R26BK01697941,2026-09-01,부산환경공단 녹산사업소,침사인양기(D호기) 오버홀 수선공사,(주)세진기공,,,92739686,90.168,103664000,4204374,Y,-3.0,3.0,582
R26BK01690410,2026-09-01,한국농어촌공사 경남지역본부 고성.통영.거제지사,2026년 고성권역 친환경에너지보급사업 해수열히트펌프 설치공사,주식회사 나라기공,,,498350800,89.847,549961000,4902236,Y,-2.0,2.0,329
R26BK01695423,2026-09-01,경기도 부천시,신흥고가차도 철거 전기공사,대원이엔씨,,,657378130,90.468,725950000,51162860,Y,-3.0,3.0,3334
R26BK01698440,2026-09-01,김천시산림조합,2026년 덩굴제거사업(구성마산지구),주식회사 숲으로,,,66757900,89.994,74591000,841063,Y,-3.0,3.0,10
R26BK01698496,2026-09-01,김천시산림조합,2026년 덩굴제거사업(어모은기지구),청구 영림(주),,,53661030,89.924,59994000,676430,Y,-3.0,3.0,10
R26BK01697024,2026-09-01,충청남도 서산시,2026년 부춘아파트 외벽 도색 공사,주식회사혜성토건,,,27532800,89.953,30920000,548744,Y,-3.0,3.0,35
R26BK01694856,2026-09-01,부산광역시 사하구,26년 노후하수관로 정비공사(3-2단계),주식회사 우송건설,,,307731500,90.6,340410000,28236590,Y,-3.0,3.0,327
R26BK01696165,2026-09-01,경상남도 합천군,용주지구 농어촌생활용수 개발사업 (평산 외 2개소),제승건설 주식회사,,,428421700,90.51,474056000,35191705,Y,-3.0,3.0,780
R26BK01698044,2026-09-01,경북 문경시산림조합,2026년 조림지 가꾸기 (1년차) 2차사업 (호계외지구),주식회사 산들,,,41795000,90.426,46189000,544132,Y,-3.0,3.0,7
R26BK01696507,2026-09-01,경기도 용인시 기흥구,2026년 기흥구 가로등 유지보수 연간단가공사(2권역-2차),(주)이산컴퍼니,,,71469180,90.154,80000000,3141344,Y,-3.0,3.0,276
R26BK01695238,2026-09-01,주식회사킨텍스,1전시장 화재감지기 미설치구간 설치,주식회사 에이원방재산업,,,218921200,92.207,238077000,14740938,Y,-3.0,3.0,1005
R26BK01692213,2026-09-01,한국농어촌공사 전북지역본부 부안지사,2026년 부안권역(영주수산) 친환경에너지보급사업 설치공사,유한회사 케이디 엔텍,,,175649090,89.88,194856000,2561401,Y,-2.0,2.0,304
R26BK01694543,2026-09-01,경기도교육청 경기도의정부교육지원청,어룡초 교사동 옥상방수공사,아림건설(주),,,245492200,90.366,273130000,16310939,Y,-3.0,3.0,627
R26BK01695094,2026-09-01,울산광역시,제2여과지동 제어판넬 교체공사,주식회사 진성전기공사,,,267130600,90.359,295073900,17608293,Y,-3.0,3.0,340
R26BK01695345,2026-09-01,충청북도 진천군,진천군 도시바람길숲 조성사업(2차)[긴급],신라조경건설 주식회사,,,2249391300,89.12,2507900000,84053221,Y,-3.0,3.0,531
R26BK01695980,2026-09-01,제주특별자치도,동부하수처리구역 차집관로 정비사업(2공구),성운건설 주식회사,,,5228801000,89.023,5918997000,712774834,Y,-3.0,3.0,46
R26BK01695708,2026-09-01,전북특별자치도교육청 배영고등학교,배영고등학교 기숙사 전면보수 공사,(유)유진건설,,,704896120,90.268,784070000,39808214,Y,-3.0,3.0,665
R26BK01659044,2026-09-01,국방과학연구소,11-1연구동 신축 공사,다인종합건설주식회사,,,12412971557,84.125,14757000000,,N,-2.0,2.0,187
R26BK01693734,2026-09-01,서울특별시 양천구,신월2동 주민센터 건립 정보통신공사,주식회사엔엠엑스이엔씨,,,366563589,90.363,400180000,23709566,Y,-3.0,3.0,1107
R26BK01697262,2026-09-01,국토교통부 서울지방국토관리청 수원국토관리사무소,2026년도 수원국토 관내 예초공사,주식회사 원스케이프,,,266060680,90.468,297050000,20588089,Y,-2.0,2.0,869
R26BK01697666,2026-09-01,경기도교육청 경기도구리남양주교육지원청,(가칭)진접1중 신축 소방공사,주식회사석림이엔지,,,989256303,89.381,1112425000,62330247,Y,-3.0,3.0,1074
R26BK01695323,2026-09-01,한국공항공사 김해공항,사천공항 여객터미널 및 기타시설 화장실 개량공사,성심건설 주식회사,,,441070700,90.37,487839000,28787764,Y,-2.0,2.0,103
R26BK01700408,2026-09-01,충청남도 보령시,보령시 지식산업센터 건립사업(소방) / 입찰공고문 필독,(합)성원소방설비공사,,,837325697,90.325,920309000,51692587,Y,-3.0,3.0,230
R26BK01700311,2026-09-01,경상남도 진주시,진양호동물원 사육시설 정비공사,주식회사 신라조경,,,168617300,90.152,185500000,5530728,Y,-3.0,3.0,65
R26BK01698942,2026-09-01,경기도 안산시,교통사고 위험지역 개선사업(축협사료삼거리),건향개발 주식회사,,,33499692,90.338,37290000,1674975,Y,-3.0,3.0,33
R26BK01693276,2026-09-01,국민건강보험공단 일산병원,수술실 시설환경개선공사(건축),(주)엘디자인,,,130666119,90.166,144000000,5943042,Y,-2.0,2.0,1105
R26BK01698316,2026-09-01,경상북도 울릉군,보건의료원 응급실 환경개선 공사(전기),주식회사울릉전력이엔지,,,83638212,90.483,92677000,5253982,Y,-3.0,3.0,10
R26BK01694141,2026-09-01,경기도교육청 경기도수원교육지원청,[긴급]수원매화초 급식실 현대화 기계설비공사,주식회사 거산이앤지,,,439244500,90.167,490319000,20032338,Y,-3.0,3.0,759
R26BK01696360,2026-09-01,충청북도 청주시 상당구,미원천 유지관리사업,유현종합건설 주식회사,,,90670670,90.569,99750000,7889429,Y,-3.0,3.0,225
R26BK01694306,2026-09-01,중소기업은행,하남풍산지점 전체 레이아웃 설비공사,(주)재원피앤드티,,,108002380,90.537,119680000,7048765,Y,-2.0,2.0,9
R26BK01697254,2026-09-01,경상북도교육청 경상북도포항교육지원청,[대행]포항흥해공업고등학교 조명시설개선 전기공사 소액수의 견적제출 공고,금강이엔에스 주식회사,,,73187900,90.339,81537000,4572430,Y,-3.0,3.0,195
R26BK01700054,2026-09-01,전남광주통합특별시 장성군,죽청지구 급경사지 붕괴위험지역 정비사업(총괄 및 1차분),토영건설 주식회사,,,1345391550,89.369,1497375000,82487591,Y,-3.0,3.0,877
R26BK01697326,2026-09-01,경기도 수원시 팔달구,2026년 하반기 팔달구 도시공원  시설물 유지관리공사(단가계약),주식회사 공후,,,52321630,90.218,57270000,1754955,Y,-3.0,3.0,94
R26BK01698762,2026-09-01,(주)휴비스,2026년 탄소중립 설비투자 경매사업_(주)휴비스 전주2공장 터보 공기압축기 설치 및 기계설비공사,유한회사 태영플랜트,,,41496100,89.941,,,,,,2
R26BK01695811,2026-09-01,전남광주통합특별시 영암군,여름철 재해예방 중소하천(영암천) 준설 공사,주식회사연우건설,,,39709000,90.102,44810000,695224,Y,-3.0,3.0,71
R26BK01698177,2026-09-01,서울특별시 강서구,통합신청사 이전을 위한 통신인프라 구축 공사(2차),주식회사 더블유엔에스,,,427670000,90.393,480740000,29032247,Y,-3.0,3.0,1079
R26BK01695970,2026-09-01,제주특별자치도,동부하수처리구역 차집관로 정비사업(1공구) (사업소),헤르지아건설주식회사,,,3549771950,90.048,3952142000,454546797,Y,-3.0,3.0,123
R26BK01698957,2026-09-01,경기도 남양주시 공원녹지관리사업소,2026년 소하천 유지관리사업(단가계약)-2차 1권역,(주)산지건설,,,42838980,90.288,47498000,2466797,Y,-3.0,3.0,52
R26BK01693835,2026-09-01,대구광역시,두류지하도상가 등 2개소 실내정원 조성공사,보선건설주식회사,,,822000000,89.951,912411000,18373372,Y,-3.0,3.0,53
R26BK01698383,2026-09-01,전북특별자치도 무주군,무주 반디나래 지원센터 시설개선사업 통신공사,주식회사 시공,,,41624587,90.417,45947000,2927235,Y,-3.0,3.0,5
R26BK01690744,2026-09-01,한국농어촌공사 경남지역본부 고성.통영.거제지사,2026년 거제권역 친환경에너지보급사업 해수열히트펌프 설치공사,태성냉동공조(주),,,377161974,89.839,421681000,3720508,Y,-2.0,2.0,331
R26BK01699930,2026-09-01,서울특별시 광진구,2026년 구의어린이공원 재정비사업,서진조경(주),,,505147400,90.439,562355000,37458433,Y,-3.0,3.0,128
R26BK01696686,2026-09-01,강원특별자치도교육청 전인고등학교,전인고 기숙사 스프링클러 설치 기계설비공사,(주)동영,,,24697341,90.356,27177000,1575696,Y,-3.0,3.0,50
R26BK01695460,2026-09-01,전남광주통합특별시 강진군,강진군 서성지구 농촌공간 정비사업,주식회사 녹색조경,,,590568000,90.093,651153000,21617926,Y,-3.0,3.0,92
R26BK01704800,2026-09-01,한국농어촌공사 영산강사업단,2026년 진산양수장 평야부 밸브실 전기인입공사,주식회사 다우전기,,,19500000,89.24,,,,,,1
R26BK01698341,2026-09-01,강원특별자치도 강릉시 상하수도사업소,연주로(주문진읍사무소 일원)노후 상수도관 정비사업 절삭 및 덧씌우기 공사,제이디건설 주식회사,,,29415550,91.274,32810000,4045244,Y,-3.0,3.0,54
R26BK01698764,2026-09-01,경기도 안양시,평촌1번가 개방화장실 환경개선공사,주식회사 예림알비,,,146150092,90.407,159852000,8252724,Y,-3.0,3.0,53
R26BK01700177,2026-09-01,경기도 수원시 팔달구,2026년 팔달구 도로유지관리공사(2권역 4차)(단가계약),주식회사 티엘건설,,,29689130,90.407,32835000,2119178,Y,-3.0,3.0,55
R26BK01700403,2026-09-01,충청남도 보령시,보령시 지식산업센터 건립사업(전기) / 입찰공고문 필독,태영이엔지(주),,,947170847,90.427,1059108000,69608857,Y,-3.0,3.0,980
R26BK01696282,2026-09-01,부산광역시교육청 부산광역시동래교육지원청,충렬초등학교 독서환경개선공사,강남종합건설 주식회사,,,90695192,90.258,100914000,5028238,Y,-3.0,3.0,493
R26BK01700300,2026-09-01,전남광주통합특별시 강진군,2026년 산지사방사업(성전성전),(유)한라산림토목,,,64744380,90.938,72143000,2514258,Y,-3.0,3.0,3
R26BK01700159,2026-09-01,충청북도 진천군,진천읍 거점소독소 이전사업(건축공사)[긴급],주식회사 이한,,,569895000,90.31,632554000,34773371,Y,-3.0,3.0,530
R26BK01697106,2026-09-01,경기도 김포시,2026 김포시 열린관광지 조성 공사(애기봉평화생태공원),주식회사 임정,,,98331925,90.322,108636000,5137038,Y,-3.0,3.0,52
R26BK01698310,2026-09-01,전북특별자치도 전주시 완산구,2026년 7차분 하수도 긴급보수공사(단가계약),(유)성제건설,,,87763720,90.206,98000000,3817201,Y,-3.0,3.0,66
R26BK01699544,2026-09-01,충청남도 천안시 공원녹지사업본부,태학산 자연휴양림 확장사업(숲속의집)(소방),하이스산업(주),,,119514000,90.524,130717000,7525454,Y,-3.0,3.0,81
R26BK01681502,2026-09-01,직지농업협동조합,직지농협 산지유통센터 신축 및 증축공사(토목공사),주식회사 고명건설,,,248000000,65.263,,,,,,27
R26BK01690228,2026-09-01,경상남도 고성군 영현면,평촌마을 공동주차장 조성사업,에스제이건설 주식회사,,,22534410,90.297,25170000,1049218,Y,-3.0,3.0,58
R26BK01699823,2026-09-01,경상남도 고성군,임포항 먹거리촌 정비사업(부지정지) 견적 제출 공고,주식회사 호림건설,,,179059000,90.341,198000000,10388213,Y,-3.0,3.0,27
R26BK01694791,2026-09-01,국립백두대간수목원,2026년 국립백두대간수목원 산림환경연구동 외부 마감재 철거공사,(주)대지원,,,151797000,90.364,166496000,10012107,Y,-2.0,2.0,305
R26BK01698346,2026-09-01,충청북도 음성군,2025년 과수거점APC지원사업(보완)_회의실 리모델링 건축공사,주식회사 다솔,,,269610920,90.233,297176000,13324095,Y,-3.0,3.0,33
R26BK01695292,2026-09-01,해양수산부 국립수산과학원 남동해수산연구소,모래여과기 설치 및 해수배관 교체 공사,경원산업,,,56928525,90.282,63000000,3275073,Y,-2.0,2.0,308
R26BK01699873,2026-09-01,경기도 남양주시 상하수도관리센터,2026년 하반기 하수관로 맨홀펌프장 긴급복구 단가공사 2차,덕현건설(주),,,83510899,90.155,92437000,3548711,Y,-3.0,3.0,64
R26BK01700122,2026-09-01,경기도 연천군,"전곡제일풍경채 다함께돌봄센터 인테리어 공사(건축,기계)",다올산업주식회사,,,56601000,90.153,63398000,1276912,Y,-3.0,3.0,13
R26BK01699299,2026-09-01,부산광역시교육청 부산광역시서부교육지원청,보림초등학교 등 2교(하남중) 수배전반교체 및 기타 전기공사,(주)케이제이에스,,,78715371,90.336,87109000,4983890,Y,-3.0,3.0,907
R26BK01694987,2026-09-01,국립공원공단 북한산국립공원사무소,2026년 북한산국립공원 육상탄소흡수원 구축공사,주식회사 대산조경개발,,,162523800,90.21,180000000,8167524,Y,-2.0,2.0,1792
R26BK01699593,2026-09-01,충청남도 천안시 공원녹지사업본부,태학산 자연휴양림 확장사업(숲속의집)(통신),주식회사 테라이에프씨,,,119373800,90.426,131943000,8561334,Y,-3.0,3.0,101
R26BK01695305,2026-09-01,경찰청 경상북도경찰청,김천경찰서 직지파출소 외 2개소 내진보강 건축공사,삼아종합건축 주식회사,,,430388271,90.328,475102000,26935048,Y,-2.0,2.0,729
R26BK01690725,2026-09-01,한국농어촌공사 경남지역본부 고성.통영.거제지사,2026년 거제권역 친환경에너지보급사업 공기열히트펌프 설치공사,주식회사 도은공조,,,782598857,89.95,880132000,11283211,Y,-2.0,2.0,315
R26BK01698880,2026-09-01,경상남도 합천군 농업기술센터,2025년 7.16.-20. 집중호우 산사태 재해복구사업 （용주봉기지구 외),의령군산림조합,,,227531300,90.363,252619000,14217633,Y,-3.0,3.0,79
R26BK01682787,2026-09-01,한국철도공사 회계통합센터,"경부선 평택-성환(하1,2) 작업자 이동통로 설치공사(총체 및 1차)",아이지종합건설 주식회사,,,2483801950,89.321,2785165000,141282247,Y,-2.0,2.0,372
R26BK01698933,2026-09-01,경상남도 합천군 농업기술센터,2025년 7.16.~20. 집중호우 산사태 재해복구사업 （가회외사지구 외）,태영산업개발주식회사,,,206598000,90.317,228588000,12510982,Y,-3.0,3.0,75
R26BK01700156,2026-09-01,홍성군산림조합,2026년 덩굴제거사업 2-2지구,그린랜드 주식회사,,,25583900,89.946,28260000,323416,Y,-3.0,3.0,18
R26BK01689586,2026-09-01,충청남도교육청 충청남도공주교육지원청,공주여자고등학교 공간재구조화 증축 소방시설공사,株式會社 진영전기,,,459054568,90.368,508671000,30871658,Y,-3.0,3.0,251
R26BK01701536,2026-09-01,서울특별시교육청 서울특별시강남서초교육지원청,개포고 비탈면 보수공사,(주)치산치수,,,49095000,90.0,,,,,,1
R26BK01697591,2026-09-01,대전광역시교육청 대전광역시동부교육지원청,대전대문중 등 2교(신탄진용정초) 드라이비트 개선 및 기타 전기공사,(주)세방전기,,,15200267,90.177,17037000,691449,Y,-3.0,3.0,495
R26BK01700264,2026-09-01,경상북도 영주시,진호창고 인근 공영주차장 기존건축물 철거공사,(주)대신환경,,,165754300,90.834,181371000,11699344,Y,-3.0,3.0,10
R26BK01699640,2026-09-01,부산광역시 기장군,2026년 하반기 관내 어항 및 연안시설물 정비(단가계약),재흥건설 주식회사,,,89962380,90.369,98130000,4001654,Y,-3.0,3.0,135
R26BK01691663,2026-09-01,충청남도교육청 충청남도공주교육지원청,공주여자고등학교 공간재구조화 증축 전기공사,주식회사 선우,,,1194805050,89.469,1340659000,85739228,Y,-3.0,3.0,1090
R26BK01700278,2026-09-01,경상북도 영주시,남부농협 인근 공영주차장 기존건축물 철거공사,주식회사 한국환경산업,,,120805600,90.67,133507000,8302236,Y,-3.0,3.0,10
R26BK01697362,2026-09-01,충청북도 충주시,대소원면 요도천 하상정비,토우산업(주),,,172390900,90.269,190200000,9639866,Y,-3.0,3.0,74
R26BK01695848,2026-09-01,경상북도,경상북도 농업자원관리원 건립공사(통신),주식회사 이티씨,,,451529742,90.399,501270000,31861508,Y,-3.0,3.0,488
R26BK01697976,2026-09-01,전남대학교,교육융합관 장애인화장실 설치공사,주식회사 지지테크,,,31931940,90.264,35586000,1743482,Y,-2.0,2.0,771
R26BK01694499,2026-09-01,경상남도 함양군,서상 소로저수지 제당 안전보강 사업,강성개발 주식회사,,,251713709,90.512,279620000,20318772,Y,-3.0,3.0,137
R26BK01699296,2026-09-01,서울대학교,서울대학교 건축시설물 유지보수공사(2026년 연간단가 2차),주식회사 알티지종합건설,,,173623700,90.385,190000000,11912863,Y,-2.0,2.0,674
R26BK01699427,2026-09-01,경기도 김포시,읍면시도 7호선(대능리 581-22) 정비공사,학산건설 주식회사,,,76006700,90.38,84813000,3900149,Y,-3.0,3.0,37
R26BK01689582,2026-09-01,충청남도교육청 충청남도공주교육지원청,공주여자고등학교 공간재구조화 증축 통신공사,우진전기 주식회사,,,823625630,90.436,906428000,61086008,Y,-3.0,3.0,375
R26BK01694314,2026-09-01,서울특별시 종로구,인왕어린이집 그린리모델링 공사,재성건설주식회사,,,127679660,90.316,142021000,7816307,Y,-3.0,3.0,745
R26BK01700323,2026-09-01,경상남도 고성군,장기~장좌간(군도14호선) 도로 확포장공사(철거공사) 견적 제출 공고,대보 주식회사,,,24700000,90.348,27300000,1129608,Y,-3.0,3.0,12
R26BK01698347,2026-09-01,충청북도 음성군,2026년 아동복지시설 기능보강사업(리모델링 공사)(입찰대행),주식회사 우이건설,,,67897765,90.619,74346000,3735003,Y,-3.0,3.0,6
R26BK01705917,2026-09-01,한국농어촌공사 충남지역본부 천안지사,병천면 기초생활거점조성사업(2단계) 흡음재 설치공사,이오디자인건축 주식회사,,,19530000,90.0,,,,,,1
R26BK01694449,2026-09-01,한국농어촌공사 경기지역본부,2026년 스마트팜ICT융복합확산(온실신축)사업 전기공사(김*규 농가),제넥스엔지니어링주식회사,,,75197800,90.23,83229000,3943735,Y,-2.0,2.0,3516
R26BK01692272,2026-09-01,한국농어촌공사 전북지역본부 부안지사,2026년 부안권역(부해수산) 친환경에너지보급사업 설치공사,주식회사 디에스씨앤에스,,,111257960,89.894,124204000,1780085,Y,-2.0,2.0,304
R26BK01699200,2026-09-01,강원특별자치도 고성군,어천2리 마을안길 아스콘 덧씌우기 공사,(주)류광건설,,,20838140,90.211,23303000,1013230,Y,-3.0,3.0,26
R26BK01690457,2026-09-01,한국농어촌공사 경남지역본부 고성.통영.거제지사,2026년 통영권역 친환경에너지보급사업 공기열히트펌프 설치공사,주식회사 만보설비,,,285175790,89.877,317653000,3839386,Y,-2.0,2.0,337
R26BK01695196,2026-09-01,한국농어촌공사 충북지역본부 충주.제천.단양지사,충주 스마트 유기농 감성온실 복합체험공간조성사업 전기공사,서울전기공사,,,199290118,90.282,219152000,11533871,Y,-2.0,2.0,802
R26BK01694940,2026-09-01,경기도교육청 경기도동두천양주교육지원청,양주고 교사동 옥상방수공사,주식회사 고암엔지니어링,,,242440030,90.291,268795000,14233354,Y,-3.0,3.0,625
R26BK01670392,2026-09-01,한국농어촌공사 경남지역본부 고성.통영.거제지사,2026년 고성권역 친환경에너지보급사업  공기열히트펌프 설치공사,주식회사 대일열기공사,,,490505600,89.878,549010000,6764245,Y,-2.0,2.0,325
R26BK01699139,2026-09-01,경기도 동두천시 환경사업소,동두천시 소요생활체육공원 축구장 인조잔디 교체공사,주식회사 부성토건,,,56367490,90.263,62279000,2721690,Y,-3.0,3.0,13
R26BK01698607,2026-09-01,경기도 화성시,2026년도 교통사고 잦은 곳 개선사업,주식회사 서영엘엔씨,,,69120320,90.96,75760000,7953126,Y,-3.0,3.0,12
R26BK01693890,2026-09-01,사회복지법인 계명복지재단 양지노인마을,양지노인마을 피난로 설치 및 외벽마감 일부 교체 공사,(합자)일기업건설,,,659953900,90.19,729800000,31679936,Y,-3.0,3.0,577
R26BK01698160,2026-09-01,충청남도 부여군 상하수도사업소,2026년 부여군 오수관로 준설공사,에스엠건설(주),,,84261072,90.03,93600000,1657274,Y,-3.0,3.0,4
R26BK01695207,2026-09-01,강원특별자치도교육청 강원특별자치도태백교육지원청,2026년 하반기 태백 관내학교 수목 전정 공사,주식회사 대자연,,,28472000,89.981,31452000,279062,Y,-3.0,3.0,11
R26BK01692106,2026-09-01,한국농어촌공사 전북지역본부 부안지사,2026년 부안권역(해림수산) 친환경에너지보급사업 설치공사,주식회사 진솔이엔지,,,173395200,89.757,194856000,189890,Y,-2.0,2.0,303
R26BK01698519,2026-09-01,경상북도 칠곡군,칠곡시니어클럽 기능보강공사,무림토건(주),,,60473900,90.309,66504000,3038722,Y,-3.0,3.0,38
R26BK01696205,2026-09-01,충청남도 부여군,청동천 개선복구사업,주식회사  신기토건,,,4750482000,89.634,5259040000,414398414,Y,-3.0,3.0,298
R26BK01697943,2026-09-01,경북 문경시산림조합,2026년 조림지 가꾸기 (1년차) 2차사업(가은외지구),주식회사 산들,,,36795000,90.673,40656000,479017,Y,-3.0,3.0,7
R26BK01700091,2026-09-01,울산광역시,언양수질개선사업소 중계펌프장 수중오수펌프 정비 공사,주식회사 우창이엔씨,,,83757234,90.043,92950000,2643518,Y,-3.0,3.0,171
R26BK01696018,2026-09-01,부산광역시,부산반다비 체육센터 건립사업 정보통신공사,주식회사 해천,,,253447000,90.449,275974000,18324623,Y,-3.0,3.0,456
R26BK01699001,2026-09-01,경기도 남양주시 공원녹지관리사업소,2026년 소하천 유지관리사업(단가계약)-2차 2권역,인광건설(주),,,42351346,90.306,47498000,2466797,Y,-3.0,3.0,52
R26BK01700017,2026-09-01,경상남도 고성군,장기~장좌간(군도14호선) 도로 확포장공사(지정폐기물 처리공사),주식회사 에코빌더스,,,54664000,89.791,60800000,,Y,-3.0,3.0,14
R26BK01695609,2026-09-01,전북특별자치도교육청 배영고등학교,배영고등학교 기숙사 전면보수 기계설비 공사,(유)하나엔지니어링,,,533039050,90.239,594448000,28069475,Y,-3.0,3.0,269
R26BK01690508,2026-09-01,경상남도 창원시,노후 농업용관정 유지보수 공사,주식회사 바로엔지니어링,,,24420000,90.291,27300000,1036423,Y,-3.0,3.0,9
R26BK01695899,2026-09-01,경상북도,경상북도 농업자원관리원 건립공사(소방),주식회사 금호이엔씨,,,671544910,90.375,734626000,44480848,Y,-3.0,3.0,302
R26BK01696247,2026-09-01,충청남도교육청 충청남도태안교육지원청,태안고등학교 햇빛이음 태양광발전 전기공사,주식회사펄스원링크,,,46744365,90.202,51917000,2123861,Y,-3.0,3.0,55
R26BK01698000,2026-09-01,경북 문경시산림조합,"2026년 조림지 가꾸기 (1년차,덩굴제거) 2차사업 (산북외지구)",주식회사 한솔산림,,,57185470,90.039,64108000,790447,Y,-3.0,3.0,7
R26BK01690493,2026-09-01,한국농어촌공사 경남지역본부 고성.통영.거제지사,2026년 통영권역 친환경에너지보급사업 해수열히트펌프 설치공사,구동이엔지 주식회사,,,790490860,89.867,873613000,8106296,Y,-2.0,2.0,315
R26BK01698747,2026-09-01,경상북도 김천시,교통신호등 개선 공사(대곡동 파워마트앞 교차로),주식회사 우성전기소방,,,81067650,89.893,91000000,1296140,Y,-3.0,3.0,80
R26BK01697517,2026-09-01,경기도 수원시,버드내도서관 열람실 등 노후 조명 교체공사,세현전기,,,40565950,89.934,45402000,625673,Y,-3.0,3.0,196
R26BK01699611,2026-09-01,인천광역시 경제자유구역청,인천글로벌캠퍼스 노후 기계설비 교체공사(5차년도),유명이엔지주식회사,,,186547650,90.415,209266200,12712333,Y,-3.0,3.0,256
R26BK01699456,2026-09-01,충청북도 진천군,진천 사곡리 마애여래입상 보존처리사업[긴급],해동문화유산,,,218970000,90.391,242000000,15154278,Y,-3.0,3.0,5
R26BK01692089,2026-09-01,대전광역시,"소호배수지 신설공사(전기, 계측)",이아이테크,,,192915450,90.337,214400000,12079354,Y,-3.0,3.0,532
R26BK01699513,2026-09-01,강원특별자치도 태백시,2026년 철암동 맨발걷기 숲길 정비사업,주식회사 우현토건,,,99075000,90.198,109144000,4834885,Y,-3.0,3.0,4
R26BK01698026,2026-09-01,경기도 김포시,2026년 하반기 중부권역 수목관리 연간단가공사,온그린 주식회사,,,81335639,90.281,90000000,4355418,Y,-3.0,3.0,60
R26BK01699870,2026-09-01,대구광역시 시설안전관리사업소,소액수의 견적제출 공고[2026년도 금호강 2권역 2차 예초공사],주식회사 해솔조경,,,80320221,89.883,89450000,981336,Y,-3.0,3.0,266
R26BK01699983,2026-09-01,제주특별자치도,서귀포시 동홍동 빈집 리모델링 공사,거원디자인 주식회사,,,46954260,89.94,51784700,976790,Y,-3.0,3.0,152
R26BK01691188,2026-09-01,한국농어촌공사 전남지역본부 목포.무안.신안지사,2026년 무안군 일로권역 백련1외3지구 친환경에너지보급사업(공기열) 기계설비공사,(주)제일이엔지,,,758824577,89.995,854394900,10506443,Y,-2.0,2.0,446
R26BK01698861,2026-09-01,강원특별자치도 춘천시,소양로3가 급경사지 옹벽 안전보강 및 정비 공사,(주)제이씨씨건설,,,60173044,90.863,66670000,6009764,Y,-3.0,3.0,6
R26BK01695410,2026-09-01,전북특별자치도교육청 배영고등학교,배영고등학교 기숙사 전면보수 소방 공사,(유)신성소방,,,33918330,90.336,37603000,2144837,Y,-3.0,3.0,256
R26BK01695364,2026-09-01,경기도 안산시,수변공원 환경개선사업(전기),대보건설 주식회사,,,101598078,90.355,113201000,6646826,Y,-3.0,3.0,209
R26BK01699724,2026-09-01,울산광역시,해상ICT성능검증지원센터 부대공사(토목),우경건설(주),,,75456070,90.256,83500000,4089803,Y,-3.0,3.0,144
R26BK01698320,2026-09-01,경상북도 울릉군,보건의료원 응급실 환경개선 공사(통신),주식회사 한명아이씨티,,,104008170,90.734,115395000,7222451,Y,-3.0,3.0,3
R26BK01695497,2026-09-01,강원특별자치도교육청 강원특별자치도태백교육지원청,태백라온학교 라온휴게실 외벽개선공사,주식회사 금광,,,97843000,90.673,107961000,6560107,Y,-3.0,3.0,12
R26BK01698730,2026-09-01,경상북도 김천시,위량초 통학로 교통환경 개선사업,주식회사 영남건설,,,37100000,90.336,40800000,2319106,Y,-3.0,3.0,83
R26BK01698719,2026-09-01,세종특별자치시시설관리공단,2026년 하반기 세종공동구 구조물 보수공사,(합)대명건설,,,39248348,90.364,43238000,2521472,Y,-3.0,3.0,28
R26BK01698325,2026-09-01,경상북도 울릉군,보건의료원 응급실 환경개선 공사(소방),이레전기 주식회사,,,48592470,90.28,53780000,2546061,Y,-3.0,3.0,2
R26BK01699345,2026-09-01,경상북도 청송군,청송시장 그린통합쉼터(버스승강장) 설치공사,주식회사 덕승,,,78923004,90.565,88385000,3388249,Y,-3.0,3.0,15
R26BK01699422,2026-09-01,전남광주통합특별시교육청 광주청사,광주체육고 본관동 맘편한 화장실 조성 기계설비공사 수의계약 안내공고,주식회사 삼성이앤에스,,,120162753,90.294,132073000,7031177,Y,-3.0,3.0,232
R26BK01698268,2026-09-01,대전광역시교육청,신탄진고 체육관동 교육환경개선 기타 전기공사 수의계약 견적제출 안내공고,주식회사 삼삼전기,,,30423555,90.254,34012000,1660594,Y,-3.0,3.0,549
R26BK01696224,2026-09-01,강원특별자치도교육청 전인고등학교,전인고 기숙사 스프링클러 설치 전기공사,(주)정해전기,,,52679180,90.455,57328000,3455663,Y,-3.0,3.0,219
R26BK01697020,2026-09-01,경기도교육청 경기도성남교육지원청,상원초 온동네 돌봄교육센터 리모델링 통신공사,주식회사 광신전설,,,107169730,90.254,118472000,5724698,Y,-3.0,3.0,182
R26BK01697301,2026-09-01,경기도교육청 경기도성남교육지원청,상원초 온동네 돌봄교육센터 리모델링 소방공사,주식회사 대한전기,,,9392087,90.183,10382000,426640,Y,-3.0,3.0,41
R26BK01700245,2026-09-01,경상북도 영주시,풍기선비골인삼시장 노후 수전설비 교체공사,(주)대일전력,,,62256800,90.129,69800000,2030275,Y,-3.0,3.0,64
R26BK01698475,2026-09-01,김천시산림조합,2026년 덩굴제거사업(구성용호지구),삼성산림 주식회사,,,58767000,90.134,65054000,733490,Y,-3.0,3.0,10
R26BK01695013,2026-09-01,한국농어촌공사 경기지역본부,이천시 친환경에너지보급사업 기계설비공사,주식회사키온테크,,,188353181,90.046,209020000,6136385,Y,-2.0,2.0,3485
R26BK01697807,2026-09-01,울산광역시 울주군,회야댐 주변 그린공원 조성,미광건설주식회사,,,30419870,90.116,33910000,1157521,Y,-3.0,3.0,142
R26BK01696411,2026-09-01,경기도 용인시 기흥구,2026년 기흥구 도로변 전정 연간단가공사(전권역-2차),주식회사로운조경,,,90870000,90.456,100000000,6685832,Y,-3.0,3.0,122
R26BK01698513,2026-09-01,김천시산림조합,2026년 덩굴제거사업(어모중왕지구),주식회사 우리숲,,,53136500,90.202,58960000,664768,Y,-3.0,3.0,10
R26BK01698777,2026-09-01,강원특별자치도 춘천시,2026년 자전거도로 정비사업(강촌상상역 일원),주식회사 호호,,,41922848,90.851,46015000,4816375,Y,-3.0,3.0,68
R26BK01694267,2026-09-01,중소기업은행,하남풍산지점 전체 레이아웃 전기공사,거성일렉콤(주),,,110830173,90.479,122826000,7183463,Y,-2.0,2.0,11
R26BK01698340,2026-09-01,충청북도 음성군,2025년 과수거점APC지원사업(보완)_회의실 리모델링 전기공사,대성전력,,,83207022,90.383,92927000,5495832,Y,-3.0,3.0,54
R26BK01699320,2026-09-01,강원특별자치도 동해시,불법주정차 단속CCTV 노후 지주 교체 공사,주식회사 삼봉정보통신,,,50071156,91.053,56019000,2514566,Y,-3.0,3.0,12
R26BK01698381,2026-09-01,전북특별자치도 무주군,무주 반디나래 지원센터 시설개선사업(소방공사),주식회사 강전사,,,52957427,90.419,,3353499,Y,-3.0,3.0,3
R26BK01698929,2026-09-01,국토교통부 부산지방국토관리청 포항국토관리사무소,국도20호선 경주터널 방재시설물 보수공사,태승이엔지,,,292703700,90.199,,14105467,Y,-2.0,2.0,291
R26BK01698232,2026-09-01,대전광역시교육청,신탄진고 체육관동 교육환경개선 기타공사 수의계약 견적제출 안내공고,주식회사 수경건설,,,61655690,90.183,,2883285,Y,-3.0,3.0,269
R26BK01697980,2026-09-01,한국농어촌공사 경남지역본부 거창.함양지사,금호지구 농촌공간정비사업 전기공사,주식회사 대우전기공사,,,86651879,90.267,,4879008,Y,-2.0,2.0,1382
R26BK01700077,2026-09-01,제주특별자치도,제주시 구좌읍 종달리 빈집 리모델링 공사,승정종합건설 주식회사,,,48261900,90.163,,2179145,Y,-3.0,3.0,150
R26BK01698658,2026-09-01,경상남도 산청군 산청읍,"지리1구,2구 가각부 및 배수로 정비공사",케이에이치 주식회사,,,84509242,90.291,,4675782,Y,-3.0,3.0,98
R26BK01698554,2026-09-01,부산대학교,부산대학교 테니스장 하드코트 교체공사,주식회사유일건설산업,,,90219222,90.292,,5326526,Y,-2.0,2.0,261
R26BK01700145,2026-09-01,경기도 수원시 팔달구,2026년 팔달구 도로유지관리공사(1권역 4차)(단가계약),신한포장건설(주),,,29592033,90.418,,2119178,Y,-3.0,3.0,56
R26BK01698768,2026-09-01,전북특별자치도 전주시,전주 경기전 외·내신문 보수공사,주식회사 솔종합건설,,,28908000,90.193,,,,-3.0,3.0,11
R26BK01698778,2026-09-01,경기도 안산시,2026년 자전거도로 위험구간 개선공사,신경기건설(주),,,43218500,90.673,,4206370,Y,-3.0,3.0,33
R26BK01698588,2026-09-01,부산광역시교육청 부산광역시동래교육지원청,내산초등학교 등 2교(충렬초) 수배전반교체 및 기타 전기공사,주식회사용수전력,,,98056684,90.28,,5592374,Y,-3.0,3.0,909
R26BK01678178,2026-09-01,조달청 인천지방조달청,[긴급](가칭)이의8초중 신축공사[계속비],주식회사 원석종합건설,,,10879445000,86.729,,765921859,Y,-3.0,3.0,346
R26BK01698655,2026-09-01,경기도 안산시,초지로 일원 보행환경 개선사업(통신),주식회사 이룸전기통신,,,41315210,90.223,,2131039,Y,-3.0,3.0,83
R26BK01690713,2026-09-01,한국농어촌공사 전남지역본부 목포.무안.신안지사,2026년 무안군 운남권역 성내5지구 친환경에너지보급사업(해수열) 기계설비공사,주식회사 귀뚜라미중앙,,,197292385,89.843,,2076758,Y,-2.0,2.0,472
R26BK01699793,2026-09-01,경상남도 양산시,"2026년 등산로 풀베기사업(2차)-오봉산, 성황산, 군지산",양산시산림조합,,,50906000,89.932,56539000,621078,Y,-3.0,3.0,6
R26BK01699632,2026-09-01,충청남도 부여군,임천면 대조사 진입도로 개선공사(정주환경),주식회사보배건설산업,,,24756995,90.409,,1689575,Y,-3.0,3.0,116
R26BK01693738,2026-09-01,서울특별시 양천구,신월2동 주민센터 건립 전기공사,주식회사 지앤에스기술,,,604843958,90.38,,41062487,Y,-3.0,3.0,1547
R26BK01696002,2026-09-01,경상남도 고성군,하이체육공원 인조잔디 교체공사 견적 제출 공고(정정),주식회사 가야조경건설,,,31627000,90.698,,2308638,Y,-3.0,3.0,16
R26BK01694579,2026-09-01,경상북도 고령군,2026년 고도이미지찾기사업(공동주택 외벽경관 개선사업),(주)정도건설,,,150516110,90.472,167000000,6280386,Y,-3.0,3.0,3
R26BK01700013,2026-09-01,강원도 고성군산림조합,2026년 어린나무가꾸기사업,이푸른산임업영농조합법인,,,113900000,90.758,,7415451,Y,-3.0,3.0,6
R26BK01699050,2026-09-01,경기도 남양주시 공원녹지관리사업소,2026년 소하천 유지관리사업(단가계약)-2차 4권역,휴먼테크 주식회사,,,43524742,90.646,,2466797,Y,-3.0,3.0,51
R26BK01698664,2026-09-01,전북특별자치도 전주시 덕진구,[2026년 추석 명절 대비] 덕진구 관내 도로 풀베기 및 지장수목 제거사업(단가계약),고수조경 주식회사,,,50379800,90.019,,988523,Y,-3.0,3.0,108
R26BK01697310,2026-09-01,경상남도진주교육청 금곡중학교,금곡중학교 위클래스 및 특별실 내부수선공사 수의계약 안내공고(변경),주식회사 펄하우징,,,42240800,89.958,,955709,Y,-3.0,3.0,86
R26BK01698542,2026-09-01,경기도 성남시,신흥제2어린이집 노후 놀이터 정비공사,랜데코조경 주식회사,,,61231815,90.412,,4096679,Y,-3.0,3.0,78
R26BK01698797,2026-09-01,경기도 수원시,수성고등학교 통학로 보행자 우선도로 조성공사,범진건설(주),,,67067765,92.059,,12740662,Y,-3.0,3.0,55
R26BK01699583,2026-09-01,경기도교육청 경기도부천교육지원청,부천공고(15동) 옥상방수공사,주식회사 두송건설,,,19851856,90.164,,487805,Y,-3.0,3.0,38
R26BK01698432,2026-09-01,경상남도 함안군,강나루 생태공원 야구장 광장 정비공사,세경건설주식회사,,,270813651,90.21,298470000,13560704,Y,-3.0,3.0,403
R26BK01694939,2026-09-01,부산광역시,부산반다비 체육센터 건립사업 전기공사,신창전기,,,668542174,90.408,,47410610,Y,-3.0,3.0,775
R26BK01699761,2026-09-01,경상남도 고성군,고성군평생학습관 주변정비 및 진입로 개설 공사 견적 제출 공고,거산건설 주식회사,,,60164000,90.288,,3156701,Y,-3.0,3.0,58
R26BK01699840,2026-09-01,경상남도 양산시,"2026년 등산로 풀베기사업(2차)-천성산, 동산",주식회사아름다운,,,46375000,90.001,51712000,568059,Y,-3.0,3.0,6
R26BK01697460,2026-09-01,경상북도교육청 경상북도경주교육지원청,경북모빌리티고등학교 진입로포장 및 기타공사 견적제출 안내 공고,주식회사 길한건설,,,113970286,90.363,,7367155,Y,-3.0,3.0,133
R26BK01695074,2026-09-01,서울특별시서부교육청 서울홍연초등학교,(긴급)서울홍연초등학교 테니스장 바닥 개선 공사,주식회사 대한하이텍건설,,,228009000,90.011,,6065983,Y,-3.0,3.0,327
R26BK01696456,2026-09-01,경기도 용인시 기흥구,2026년 기흥구 녹지 공공공지 수목 및 시설물 유지관리 연간단가공사(2차),하나조경개발 주식회사,,,74990800,90.316,,4584131,Y,-3.0,3.0,104
R26BK01698821,2026-09-01,대전광역시교육청,신탄진고 체육관동 교육환경개선 기타 소방공사 입찰 공고,(주)신일이엔씨,,,277396400,90.269,,15609220,Y,-3.0,3.0,184
R26BK01706872,2026-09-01,국립공원공단 태백산국립공원사무소,검룡소주차장화장실 BF본인증관련 정비공사,주식회사 성산종합건설,,,32060000,94.998,,,,,,1
R26BK01698387,2026-09-01,전북특별자치도 무주군,무주 반디나래 지원센터 시설개선사업 전기공사,법계전력 주식회사,,,133608360,90.578,,9540790,Y,-3.0,3.0,16
R26BK01694777,2026-09-01,대구광역시 도시건설본부,범안로 무료화 관련 시설개선 전기공사(1공구)],주식회사가람전기,,,176120152,94.117,,11207486,Y,-3.0,3.0,706
R26BK01697726,2026-09-01,경기도 의정부시,가로수길(평화로 일원) 보행환경 정비사업,주식회사 삼하이앤지,,,110222040,90.604,,6112678,Y,-3.0,3.0,16
R26BK01699818,2026-09-01,충청북도 진천군,2026년 백곡호 산수동산 실외정원 조성사업,화암조경건설(주),,,349477000,90.856,,15859463,Y,-3.0,3.0,5
R26BK01632104,2026-09-01,조달청,경주 문무대왕릉 성역화사업(총괄분),주식회사 선재,,,2223318000,84.43,,123626435,Y,-3.0,3.0,29
R26BK01699550,2026-09-01,전남광주통합특별시교육청 광주청사,광주체육고 본관동 맘편한 화장실 조성 전기공사 수의계약 안내공고,황룡전력 주식회사,,,56379991,90.32,62337000,3469144,Y,-3.0,3.0,616
R26BK01698257,2026-09-01,경기도 수원시,2026년 차집관로 유지관리공사(2차),주식회사케이투제이개발,,,177721860,90.93,,13942164,Y,-3.0,3.0,32
R26BK01695075,2026-09-01,제주특별자치도교육청 제주시교육지원청,조천초 교래분교장 지붕개선공사 수의계약 안내공고,성운기업주식회사,,,123188570,90.186,,5818131,Y,-3.0,3.0,45
R26BK01699023,2026-09-01,국토교통부 부산지방국토관리청 포항국토관리사무소,국도4호선 등 6개노선 관내 터널시설물 보수공사,남북전기,,,298215327,90.674,328000000,29781751,Y,-2.0,2.0,1387
R26BK01698313,2026-09-01,전남광주통합특별시 장흥군,2026년 노력대교 보수보강 공사,(주)지우토건,,,33734010,90.333,,2002468,Y,-3.0,3.0,55
R26BK01694757,2026-09-01,경기도 여주시,2026년 급수취약(장암리) 배수관로 확장공사(입찰대행),한울이엔씨 주식회사,,,345321230,90.601,,31775666,Y,-3.0,3.0,1005
R26BK01699027,2026-09-01,경기도 남양주시 공원녹지관리사업소,2026년 소하천 유지관리사업(단가계약)-2차 3권역,성심포장산업주식회사,,,42561110,90.295,,2466797,Y,-3.0,3.0,52
R26BK01697828,2026-09-01,경기도 연천군,"초성김치체험마을 리모델링 공사(건축,기계)",태송종합건설(주),,,212230000,90.409,,11944242,Y,-3.0,3.0,15
R26BK01700027,2026-09-01,제주특별자치도,서귀포시 남원읍 신례리 빈집 리모델링 공사,주식회사 조은건설,,,50494300,90.208,,2345726,Y,-3.0,3.0,151
R26BK01698722,2026-09-01,경상북도 김천시,신일초 통학로 교통환경 개선사업,주식회사 서림건설,,,62052395,90.299,,3671125,Y,-3.0,3.0,160
R26BK01699963,2026-09-01,전남광주통합특별시 강진군,2026년 하반기 국가하천(탐진강) 풀베기사업,주식회사 보은건설,,,23639087,90.208,,306836,Y,-3.0,3.0,9
R26BK01691546,2026-09-01,경기도 고양시 덕양구,덕양구 녹지대 시설 개선사업,찬호종합건설(주),,,500726000,90.295,,29564783,Y,-3.0,3.0,146
R26BK01677571,2026-09-01,조달청 대전지방조달청,성내지구 농업용수 수질개선사업 토목·기계공사,주식회사 온빛건설,,,3692321740,89.341,,216575468,Y,-2.0,2.0,325
R26BK01694112,2026-09-01,중소기업은행,하남풍산지점 전체 레이아웃 건축공사,주식회사 이유디자인,,,338586600,90.699,,19361885,Y,-2.0,2.0,11
R26BK01694336,2026-09-01,중소기업은행,하남풍산지점 전체 레이아웃 통신공사,(주)강인정보통신,,,34065760,91.348,,1626494,Y,-2.0,2.0,10
R26BK01699450,2026-09-01,강원특별자치도 태백시,대학길 공영주차장 조성공사,정우건설(주),,,107454000,90.4,,5602747,Y,-3.0,3.0,24
R26BK01694483,2026-09-01,한국철도공사 회계통합센터,충북선 충주역 승강장 개량공사,수현건설 주식회사,,,856371200,90.224,,43390005,Y,-2.0,2.0,129
R26BK01699684,2026-09-01,한국철도공사 회계통합센터,경부선 외 4개선 선로변 예초공사,주식회사 영우조경개발,,,495821000,90.469,,38447840,Y,-2.0,2.0,392
R26BK01698482,2026-09-01,전북특별자치도교육청 전북특별자치도정읍교육지원청,정읍고 외 1교(감곡초) 옥상방수 공사 수의계약 안내공고,유한회사 한빛,,,45045157,90.379,,3084756,Y,-3.0,3.0,322
R26BK01699310,2026-09-01,사천시산림조합,2026년 2차 조림지 풀베기사업(곤양지구),주식회사 녹색산림,,,74604700,89.928,83051000,933644,Y,-3.0,3.0,18
R26BK01707410,2026-09-01,한국농어촌공사 경북지역본부 달성지사,달성군정비사업(26년) 마달보1-2용수지선 정비공사,대성건설주식회사,,,48200000,91.167,,,,,,1
R26BK01696999,2026-09-01,전남광주통합특별시 신안군,안좌 글라스큐브 치유센터 조성공사,주식회사 상록개발,,,911094100,90.686,1019630000,45582295,Y,-3.0,3.0,17
R26BK01697483,2026-09-01,광주도시관리공사,광주시 스포츠헬스센터 수영장 리모델링 공사,주식회사 조영종합건설,,,741584100,90.353,822619000,48557692,Y,-3.0,3.0,1341
R26BK01699338,2026-09-01,사천시산림조합,2026년 2차 조림지 풀베기사업(곤명지구),주식회사 오름,,,75972200,90.385,84939000,954822,Y,-3.0,3.0,18
R26BK01693778,2026-09-01,충청북도 청주시,청주 다목적 실내체육관 교통영향평가 이행사업,주식회사 토원건설,,,898453000,90.666,977807000,83009268,Y,-3.0,3.0,452
R26BK01696046,2026-09-01,충청남도 서천군,서천 비인읍성 수목정비공사,주식회사 고탑조경,,,18095000,90.266,20000000,850597,Y,-3.0,3.0,15
R26BK01696043,2026-09-01,충청남도 서천군,서천군 유소년 축구장 관리동 건립공사(통신),주식회사 알파앤오메가,,,37173853,90.565,41321000,1865057,Y,-3.0,3.0,14
R26BK01707063,2026-09-01,한국농어촌공사 전남지역본부 해남.완도지사,2026년 긴급 가뭄지역 반계양수장 외 2개소 보수공사,(주)중부기계,,,20200000,92.933,,,,,,1
R26BK01700423,2026-09-01,전남광주통합특별시 완도군,2026년 산지사방 보완사업(완도 장좌지구),동경엔지니어링 주식회사,,,51320000,91.1,56595000,2445194,Y,-3.0,3.0,2
R26BK01699701,2026-09-01,전남광주통합특별시 서구,금호2동 행정복지센터 승강기 설치공사,유한회사 신영창종합건설,,,206730906,90.22,228360000,10191933,Y,-3.0,3.0,274
R26BK01699980,2026-09-01,서울특별시 중구,DDP일대 특화정원 조성공사,주식회사 자연과조경,,,563987159,90.237,619079000,29716217,Y,-3.0,3.0,341
R26BK01699401,2026-09-01,경상북도 영양군,2025년 농작업 대행 지원사업(일월잡곡작목반)(입찰대행),미래건설주식회사,,,84744000,90.502,93000000,5076079,Y,-3.0,3.0,7
R26BK01699337,2026-09-01,경상북도 영양군,2025년 농작업 대행 지원사업(석보황금들녘콩작목반)(입찰대행),미래건설주식회사,,,84679000,90.325,93000000,5076079,Y,-3.0,3.0,7
R26BK01707003,2026-09-01,한국농어촌공사 충남지역본부 보령지사,남포지소 외부환경 개선공사,한성넥스 주식회사,,,7590000,92.078,,,,,,1
R26BK01699740,2026-09-01,충청남도 아산시,아산시 맨홀추락방지시설 설치사업(중점관리지역)(3공구),안음건설 주식회사,,,1940729100,89.573,2172152000,159065845,Y,-3.0,3.0,321
R26BK01699423,2026-09-01,사천시산림조합,2026년 2차 조림지 풀베기사업(정동지구),주식회사 영흥산림,,,62508367,91.035,69949000,802498,Y,-3.0,3.0,18
R26BK01696040,2026-09-01,충청남도 서천군,서천군 유소년 축구장 관리동 건립공사(전기),주식회사 제이케이전기,,,84681137,90.519,95138000,5158780,Y,-3.0,3.0,42
R26BK01696171,2026-09-01,전남광주통합특별시 신안군,안좌 김환기미술관 치유센터 조성공사,산이건설 주식회사,,,1158344850,89.579,1278880000,45894387,Y,-3.0,3.0,17
R26BK01692930,2026-09-01,서울특별시,’26년 정화조 악취저감시설 모니터링 확대 설치공사,주식회사 안세기술,,,238951000,90.285,264116270,13876811,Y,-3.0,3.0,1049
R26BK01694340,2026-09-01,서울특별시,상도터널 소방설비 개량공사,상명전기(주),,,728250210,90.329,809789000,45792168,Y,-3.0,3.0,557
R26BK01692967,2026-09-01,한국어촌어항공단,2026년 국가어항(격포항 등 3개항) 유지보수공사,유한회사 창신건설,,,170278000,90.274,189280000,9712506,Y,-2.0,2.0,558
R26BK01697556,2026-09-01,경기도 과천시,2026년 시효만료 수도계량기 교체공사,해광건설(주),,,79459380,90.575,88115160,6512832,Y,-3.0,3.0,6
R26BK01705684,2026-09-01,한국농어촌공사 강원지역본부 강릉지사,오봉저수지 지소 출입 차단기 교체공사,(주)코맥스시큐리티,,,17600000,90.61,,,,,,1
R26BK01699822,2026-09-01,충청남도 아산시,시도9호 등 도로 보수 공사,비앤지건설 주식회사,,,227316990,90.333,251950000,14170602,Y,-3.0,3.0,461
R26BK01699402,2026-09-01,사천시산림조합,2026년 2차 조림지 풀베기사업(축동외지구),주식회사 우산,,,72540983,89.942,81144000,930103,Y,-3.0,3.0,18
R26BK01699122,2026-09-01,경상남도 양산시,(가칭)석금산중학교 학교복합시설 건립 통신공사,주식회사두레통신기술,,,105694014,90.461,116347000,7657175,Y,-3.0,3.0,37
R26BK01699369,2026-09-01,사천시산림조합,2026년 2차 조림지 풀베기사업(서포곤명지구),주식회사 원일,,,71307319,90.061,78635000,883964,Y,-3.0,3.0,18
R26BK01699677,2026-09-01,경기도 의왕시,청계정수장 전기 인입선로 지중화 공사,주식회사 백산씨앤씨,,,135852400,90.201,149562000,6027897,Y,-3.0,3.0,46
R26BK01696528,2026-09-01,제주도 서귀포시 동홍동,서귀포시 동홍동 1284-1번지 부지정비공사,연디자인，삼성사,,,56107000,90.299,62172000,3045796,Y,-3.0,3.0,64
R26BK01698445,2026-09-01,서울주택도시개발공사,"위례지구 근린공원 및 녹지, 가로수 하반기 유지관리 공사",대한종합조경(주),,,172855380,90.451,191013000,13161199,Y,-3.0,3.0,441
R26BK01698589,2026-09-01,충청남도 아산시 수도사업소,상수도시설 예초 사업(3회차),(주)온주조경,,,33193500,90.09,37340000,404572,Y,-3.0,3.0,65
R26BK01694721,2026-09-01,경기도 이천시,설성면 체육공원 축구장 인조잔디 교체 및 시설 보수공사,주식회사 아성씨앤씨,,,399672860,90.207,443230000,19951855,Y,-3.0,3.0,1156
R26BK01699503,2026-09-01,충청남도 아산시,"산지전용허가(협의)취소지(3지구-배방, ㈜세희건설) 산지복구(임야환원) 공사",주식회사숲피아,,,109487000,90.664,120496000,7450637,Y,-3.0,3.0,7
R26BK01699810,2026-09-01,충청북도 옥천군,군북 이백리 리도209호선 도로정비공사,(주)송백건설,,,50076480,90.309,54510000,2421525,Y,-3.0,3.0,49
R26BK01692977,2026-09-01,충청북도교육청 충청북도음성교육지원청,충북반도체고 석축옹벽 교체공사(특허공법),동보건설 주식회사,,,442881000,90.219,485440000,22717963,Y,-3.0,3.0,458
R26BK01694068,2026-09-01,경상북도 포항시,원용사거리~문덕로23번길 가로등주 설치공사,주식회사 에스제이이엔씨,,,165395190,90.401,185495000,11685813,Y,-3.0,3.0,1296
R26BK01699389,2026-09-01,사천시산림조합,2026년 2차 조림지 풀베기사업(용현외지구),주식회사 우산,,,71795405,89.962,80310000,921405,Y,-3.0,3.0,18
R26BK01699129,2026-09-01,경상남도 양산시,(가칭)석금산중학교 학교복합시설 건립 전기공사,(주)태성전력,,,300215283,90.407,332621000,21441339,Y,-3.0,3.0,1326
R26BK01705697,2026-09-01,서울특별시 서울아리수본부 영등포아리수정수센터,풍납취수장 구조물 보수공사,케이투건설산업주식회사,,,44738100,97.826,,,,,,1
R26BK01699602,2026-09-01,충청남도 아산시,"2025년 아산 외암마을 변형 및 퇴락가옥 보수정비공사(이간사당, 주영수가옥)",예은이엔지주식회사,,,243242000,90.365,272270000,15421586,Y,-3.0,3.0,34
R26BK01699681,2026-09-01,경상남도 사천시,2026년 키위 유통·가공 일관 처리 시스템 구축 지원사업[민간입찰대행],대일공영주식회사,,,250518000,90.314,278000000,11438285,Y,-3.0,3.0,31
R26BK01695004,2026-09-01,경기도교육청 경기도포천교육지원청,포천고 공간재구조화 개축 및 리모델링 전기공사,주식회사 에스와이세윤,,,2091620842,89.435,2334040000,143406712,Y,-3.0,3.0,3443
R26BK01697752,2026-09-01,전북특별자치도 군산시,옥산면 남내로 도로정비공사,유한회사 광유건설,,,70804990,90.164,77990000,2992196,Y,-3.0,3.0,53
R26BK01695099,2026-09-01,서울특별시 강동구,2026년 동남로 일대 시설녹지 정비사업,주식회사 효승종합개발,,,600458880,90.464,668828000,44359369,Y,-3.0,3.0,129
R26BK01695058,2026-09-01,서울특별시,여과지 역세척펌프 개량 기계공사,주식회사 현대워터텍,,,440057000,90.342,492615000,28223358,Y,-3.0,3.0,42
R26BK01693359,2026-09-01,전북특별자치도 군산시,맥아가공용 보리 선별 및 저온저장시설 기계설비공사,유한회사대원,,,925256000,90.14,1022286100,38851323,Y,-3.0,3.0,250
R26BK01700132,2026-09-01,강원특별자치도 정선군,정선 군계획시설(주차장13) 조성사업,주식회사대산,,,64577000,90.167,,2826900,Y,-3.0,3.0,31
R26BK01700052,2026-09-01,강원특별자치도 정선군,정선아리랑제 행사 대비 시가지 도로 차선도색공사,주식회사 우림다한,,,60206390,89.967,67220000,1399854,Y,-3.0,3.0,13
R26BK01698813,2026-09-01,전남광주통합특별시 광양시,광양읍 인덕로 가로등 설치공사,광명전업 주식회사,,,29540934,90.308,32810000,1667843,Y,-3.0,3.0,123
R26BK01686316,2026-09-01,조달청 충북지방조달청,국립한국교통대학교 글로컬지원센터 증축공사,주식회사 대양건설산업,,,7440216000,88.797,8387845000,554664526,Y,-2.0,2.0,174
R26BK01700193,2026-09-01,전북특별자치도 고창군,고창신활력산업단지 차선도색 공사,(주)가비이앤씨,,,38886200,90.099,43400000,1122704,Y,-3.0,3.0,15
R26BK01698827,2026-09-01,충청북도 충주시 대소원면,공사 수의견적 제출 안내 공고(대소원 성종1구 배수로 정비),주식회사 태형,,,22796370,90.343,25410000,1363515,Y,-3.0,3.0,131
R26BK01697384,2026-09-01,경상남도 의령군,2026년 의령군 환경기초시설 개선공사(탄화로 및 재연소로 개선공사),한일건설조경,,,113481765,90.382,125670000,6009755,Y,-3.0,3.0,3
R26BK01700061,2026-09-01,전북특별자치도 고창군,2026년 조림지 풀베기사업(추가),주식회사 승주,,,73289999,89.909,81564000,917610,Y,-3.0,3.0,2
R26BK01700106,2026-09-01,충청북도 음성군,금왕읍 무극지구 농촌공간정비사업 통신공사,금석정보산업 주식회사,,,285460506,90.374,315788000,19366137,Y,-3.0,3.0,352
R26BK01696870,2026-09-01,경기도 오산시,2026년 제11호 작은정원 조성사업,(주)나무이야기,,,65660900,90.207,72326000,1825974,Y,-3.0,3.0,13
R26BK01700072,2026-09-01,전북특별자치도 고창군,2026년 흥덕 농공단지 기반시설 정비사업(2차),유한회사 일성건설,,,33247740,90.006,36976000,722137,Y,-3.0,3.0,24
R26BK01698051,2026-09-01,경기도 용인시,탄천~신갈천 단절구간 자전거도로 정비사업,금종건설 주식회사,,,53484930,91.509,59089000,9962256,Y,-3.0,3.0,83
R26BK01700057,2026-09-01,제주특별자치도 서귀포시,백록정 궁도장 긴급안전점검 개축(철거 후 축조) 공사,주식회사 아름종합건설,,,239980500,90.234,265455000,12404824,Y,-3.0,3.0,299
R26BK01660825,2026-09-01,조달청 충북지방조달청,Ai-Edutech 융합교육센터 신축공사,전선 주식회사,,,6110462000,88.761,6912651000,435228538,Y,-2.0,2.0,199
R26BK01698365,2026-09-01,충청북도 음성군,금왕읍 무극지구 농촌공간정비사업 소방공사,주식회사 대아이엔지,,,443366700,90.308,491204000,26759411,Y,-3.0,3.0,203
R26BK01698917,2026-09-01,경기도 의왕시,양지편2호 소공원 조성공사,제일조경,,,185628190,90.218,206550000,8880823,Y,-3.0,3.0,25
R26BK01693331,2026-09-01,조달청 대구지방조달청,울진해양경찰서 함정승조원지원시설 소방공사,株式會社 溪林,,,219456350,90.302,243034000,13077698,Y,-2.0,2.0,335
R26BK01690379,2026-09-01,충청북도 충주시 보건소,중앙탑 보건지소 내진보강공사,에코빅풋 주식회사,,,22948494,90.749,25718000,1113063,Y,-3.0,3.0,27
R26BK01694231,2026-09-01,충청북도 청주시 서원구,수영교 보수보강공사,진영기업 주식회사,,,150588050,90.857,166040000,17949292,Y,-3.0,3.0,110
R26BK01697796,2026-09-01,전남광주통합특별시 여수시,섬박람회 대비 주요 섬 편의시설 등 정비사업(개도 화산 부잔교 설치),(주)세원기공,,,33303420,90.246,36866000,1611152,Y,-3.0,3.0,68
R26BK01699989,2026-09-01,경기도 오산시,2026년 국가하천 식생유지관리 단가계약공사,해온엘앤씨주식회사,,,60654280,90.512,66100000,3047298,Y,-3.0,3.0,26
R26BK01693707,2026-09-01,부산광역시 부산진구,호천마을 공영주차장 조성사업,주식회사 우리개발,,,260830970,90.898,287840000,32206573,Y,-3.0,3.0,105
R26BK01704659,2026-09-01,한국농어촌공사 화안사업단,시화지구 영농환경 및 화옹지구 안전개선 공사,주식회사 한길종합건설,,,51600000,94.996,,,,,,1
R26BK01698138,2026-09-01,과학기술정보통신부 우정사업본부 경북지방우정청,군위우체국 외벽보수 및 부대공사,주식회사 삼백,,,172840300,90.011,192770000,4949573,Y,-2.0,2.0,406
R26BK01693061,2026-09-01,일동제약(주) 안성공장,26년 스마트 생태공장 터보냉동기 전기공사,주식회사 대영이피씨,,,145245791,90.214,,,,,,4
R26BK01699006,2026-09-01,서울특별시,2026년 위례성대로 블록시스템 구축공사,(주)다홍건설,,,3215053770,89.428,3579840000,218157314,Y,-3.0,3.0,781
R26BK01674984,2026-09-01,한국환경공단,예산군 내포신도시 등 하수관로 정비사업 시설공사,주식회사 후영,,,11470373000,83.943,13535144000,1312626380,Y,-3.0,3.0,63
R26BK01700089,2026-09-01,충청북도 옥천군,"군청사 주변 도시계획도로 개설 및 정비공사(전기)(총괄분,장기계속공사)",(주)태인,,,381377900,90.348,421470000,24823383,Y,-3.0,3.0,791
R26BK01698067,2026-09-01,충청북도 충주시,산척덕독소하천(2공구)정비사업,대신건설산업(주),,,2198372000,89.563,2433300000,177737243,Y,-3.0,3.0,403
R26BK01699322,2026-09-01,경상북도 포항시,포항운하 침수방지시설(수문) 기계실 건축공사,주식회사 이든이앤씨,,,119146649,90.353,132407000,7470393,Y,-3.0,3.0,107
R26BK01698976,2026-09-01,제주특별자치도 서귀포시,구분돌천 소하천 정비사업,기완건설 주식회사,,,324663000,90.445,358011000,24090992,Y,-3.0,3.0,74
R26BK01699841,2026-09-01,충청북도 옥천군,노후 교통신호제어기 교체 공사,주식회사 이원전기공사,,,32582800,89.906,35823000,543808,Y,-3.0,3.0,41
R26BK01699101,2026-09-01,경상남도 통영시,2026년 조림지 풀베기사업 2차(사량지구),산아 주식회사,,,95169000,89.872,105382000,1181363,Y,-3.0,3.0,9
R26BK01694832,2026-09-01,강원대학교 강릉캠퍼스,강원대학교 강릉캠퍼스 에너지관리시스템(BEMS)구축 전기공사,가나안전기,,,42589750,90.347,47373000,2748072,Y,-2.0,2.0,108
R26BK01696084,2026-09-01,대구광역시 북구,태전로 3 일원 노후보도 정비공사 수의견적 제출 공고,(주)거림건설,,,145720500,90.311,160890000,8863080,Y,-3.0,3.0,278
R26BK01696063,2026-09-01,대구광역시 북구,2026년 어린이보호구역 기종점 정비사업 수의견적 제출공고,토정개발 주식회사,,,95893700,90.169,,4362423,Y,-3.0,3.0,190
R26BK01700356,2026-09-01,전남광주통합특별시 순천시,조곡 둑방길 도로개선 사업,세계건설(주),,,72168877,90.221,79430000,3305250,Y,-3.0,3.0,52
R26BK01696323,2026-09-01,주식회사 에이치피에스피,2026년 산업계 에너지관리시스템 보급 지원사업 계측 인프라 구축 공사_주식회사 에이치피에스피,바로 이앤지,,,15716591,100.0,,,,,,1
R26BK01700351,2026-09-01,전남광주통합특별시 순천시,왕의중학교~순정병원 구간 자전거도로 정비공사,비엘건설 주식회사,,,57029089,90.352,62729000,3680524,Y,-3.0,3.0,52
R26BK01697073,2026-09-01,부산광역시 부산진구,서면중학교 일원 하수시설 준설공사,아토건설(주),,,107741300,90.313,120000000,6448606,Y,-3.0,3.0,72
R26BK01697274,2026-09-01,전북특별자치도 군산시 기후환경국,2026년 여름철 동부권역 수도시설장 제초공사,(유)위텍,,,32224000,90.459,35431000,1906237,Y,-3.0,3.0,50
R26BK01698974,2026-09-01,전남광주통합특별시 광양시,광양읍 노후 공동주택(매화아파트) 시설개선 사업,주식회사 채움건설산업,,,33871480,89.995,,867192,Y,-3.0,3.0,48
R26BK01684185,2026-09-01,한국광기술원,한국광기술원 스마트모듈러센터 건축공사,리지그룹 주식회사,,,4431555600,92.308,,415402532,Y,-2.0,2.0,429
R26BK01704776,2026-09-01,경기도 안성시 문화예술사업소,2026년 안성맞춤 남사당 바우덕이축제 임시주차장 조성공사,디케이건설 주식회사,,,33000000,100.0,,,,,,1
R26BK01696288,2026-09-01,주식회사 에이치피에스피,2026년 산업계 에너지관리시스템 보급 지원사업 제어 인프라 구축 공사_주식회사 에이치피에스피,주식회사 미래비엠,,,5792923,100.0,,,,,,1
R26BK01694252,2026-09-01,강원특별자치도 산림과학연구원 동부지원,2026년 도유림 조림지가꾸기(풀베기) 사업(태백2차) 소액수의견적 제출 안내 공고,주식회사 숲과함께,,,47378300,89.889,52704000,593911,Y,-3.0,3.0,90
R26BK01700058,2026-09-01,충청북도 옥천군,"군청사 주변 도시계획도로 개설 및 정비공사(총괄분,장기계속공사)",(유)성우종합개발,,,737763540,90.236,,38613415,Y,-3.0,3.0,457
R26BK01697869,2026-09-01,충청남도 아산시 미래도시관리사업소,2026년 하반기 공원시설물(서부권) 소규모 유지관리사업(단가계약),주식회사예술조경디자인,,,45184676,90.228,50000000,2166517,Y,-3.0,3.0,46
R26BK01707592,2026-09-01,한국농어촌공사 경남지역본부 창녕지사,(가뭄대책)옥천계성지구 직접급수 간이양수장 기계설치공사,주식회사 혜성이엔지,,,11440000,89.27,,,,,,1
R26BK01654972,2026-09-01,대구광역시 동구,봉무쉼표공원 조성 사업,주식회사 내외건설,,,5085055250,88.334,,273906657,Y,-3.0,3.0,34
R26BK01707609,2026-09-01,한국농어촌공사 경남지역본부 창녕지사,(가뭄대책)봉산저수지 양수저류 간이양수장 기계설치공사,주식회사 혜성이엔지,,,13050000,89.267,,,,,,1
R26BK01707642,2026-09-01,한국농어촌공사 경남지역본부 창녕지사,(가뭄대책)성당지구 직접급수 간이양수장 송수관 토목공사,태금 주식회사,,,49110000,89.29,,,,,,1
R26BK01696108,2026-09-01,인천광역시교육청 인천고등학교,인천고등학교 학교숲 조성 공사,주식회사 삼지엘앤씨,,,55271410,90.261,61837000,3074346,Y,-3.0,3.0,292
R26BK01699926,2026-09-01,충청남도 천안시 서북구,수향교 외 2개소 보수공사,삼흥종합건설(주),,,205646480,90.892,227364000,25157106,Y,-3.0,3.0,49
R26BK01707315,2026-09-01,한국농어촌공사 충남지역본부 논산지사,광석면 사월리 배수로 정비공사,광복건설(주),,,19506000,88.906,,,,,,1
R26BK01697640,2026-09-01,서울특별시 도시기반시설본부,서울AI허브 BF 본인증 추가공사,주식회사 지드이앤씨,,,149085189,90.148,167419000,6495435,Y,-3.0,3.0,762
R26BK01700370,2026-09-01,전남광주통합특별시 광산구,송정5일시장 시설복구공사(전기),주식회사 보금,,,67767000,90.307,74865000,4110475,Y,-3.0,3.0,617
R26BK01704791,2026-09-01,서울특별시 물재생센터 중랑물재생센터,중랑물재생센터 154kv 수변전실 덕트 철거공사,주식회사 동보엔지니어링,,,35133000,94.997,,,,,,1
R26BK01694022,2026-09-01,산림청 산림항공본부 진천산림항공관리소,2026년 진천산림항공관리소 내진보강공사,주식회사 이한,,,225640000,90.215,250713000,11423510,Y,-2.0,2.0,504
R26BK01696707,2026-09-01,경상북도 상주시,교통안전표지판 신규 설치 및 정비사업,(주)상주건설,,,112831583,91.879,121930000,8360533,Y,-3.0,3.0,48
R26BK01698960,2026-09-01,인천광역시 영종구,그린나래  지하차도 상부 교통사고 잦은 곳 개선공사(전기),(주)잘함테크,,,23168463,90.29,25322000,1294941,Y,-3.0,3.0,633
R26BK01700354,2026-09-01,전남광주통합특별시 곡성군,2026년 작업임도 개설사업(삼기노동지구),(주)우리산업,,,195605950,90.469,215976000,15019748,Y,-3.0,3.0,55
R26BK01699650,2026-09-01,울산광역시 동구,성골교 보수보강 공사 소액수의 견적제출 안내공고(특허공법 적용 공사),주식회사 천성건설,,,115401340,90.457,127390000,8672878,Y,-3.0,3.0,148
R26BK01699316,2026-09-01,충청북도 옥천군 청산면,청산 참실 소하천 유지관리사업,신성건설(주),,,30361000,90.185,33790000,1353202,Y,-3.0,3.0,72
R26BK01696241,2026-09-01,국립공원공단 팔공산국립공원서부사무소,2026년 팔공산서부 문화유산지구 정비공사,주식회사탑건설,,,139601370,90.196,155000000,6675204,Y,-2.0,2.0,666
R26BK01700366,2026-09-01,전남광주통합특별시 광산구,2026. 은행나무 열매털기 사업,금강조경(주),,,114591309,90.344,127700000,7373671,Y,-3.0,3.0,155
R26BK01707368,2026-09-01,한국농어촌공사 충남지역본부 논산지사,은진면 방축리 용수로 등 정비공사,주식회사 경,,,19584000,89.834,,,,,,1
R26BK01700381,2026-09-01,전남광주통합특별시 광산구,송정5일시장 시설복구공사(통신),주식회사 광진이앤씨,,,41412700,90.336,46123000,2638166,Y,-3.0,3.0,274
R26BK01707345,2026-09-01,서울특별시 체육시설관리사업소,목동빙상장 출입구 좌측 빗물배수 공사,서화이앤씨,,,6303000,96.969,,,,,,1
R26BK01707341,2026-09-01,한국농어촌공사 충남지역본부 논산지사,상월지구 용배수로 등 15개소 보수공사,주식회사정우이앤씨,,,19567000,88.94,,,,,,1
R26BK01699676,2026-09-01,울산광역시 동구,2026년 빈집정비사업 철거공사(방어동) 소액수의 견적제출 안내공고,(주)다원건설환경,,,133092037,90.358,148445000,8286541,Y,-3.0,3.0,78
R26BK01698476,2026-09-01,전북특별자치도 군산시,중앙동 서래로 보도정비공사,청파토건주식회사,,,46799800,90.301,51590000,2634499,Y,-3.0,3.0,52
R26BK01694059,2026-09-01,한국농어촌공사 경북지역본부 상주지사,화산지구 수리시설개보수사업(배수장 성능개선) 전기공사,주식회사서창전기,,,284981000,90.341,,18230320,Y,-2.0,2.0,1397
R26BK01700273,2026-09-01,전남광주통합특별시 진도군,"민속전수관(고군, 임회, 지산) 공간 리모델링 공사(건축,기계)",승원건영(주),,,398596890,90.285,448855000,23284438,Y,-3.0,3.0,879
R26BK01707289,2026-09-01,한국농어촌공사 경남지역본부 창녕지사,(가뭄대책)관동저수지 양수저류 간이양수장 토목공사,태금 주식회사,,,49110000,89.29,,,,,,1
R26BK01707334,2026-09-01,한국농어촌공사 경남지역본부 창녕지사,(가뭄대책)관동저수지 양수저류 간이양수장 전기설치공사,주식회사 동성전기,,,14220000,89.276,,,,,,1
R26BK01706591,2026-09-01,한국농어촌공사 충남지역본부 서산.태안지사,대호방조제 재해복구사업 배수갑문 보수공사(2차),(주)청성하이텍,,,33000000,81.824,,,,,,1
R26BK01707395,2026-09-01,한국농어촌공사 충남지역본부 논산지사,강경2단양수장 외 8개소 전기설비 보수공사,상부테크,,,18594000,92.049,,,,,,1
R26BK01707430,2026-09-01,경기도 안성시,문화예술로 외 2개소 가로수 맹어제거 공사,주식회사한숲조경건설,,,23804000,94.999,,,,,,1
R26BK01700327,2026-09-01,강원특별자치도 삼척시,"폐산업시설 문화재생사업 2단계(2차)(1차분,전체분)",신평건설 주식회사,,,2728017480,89.391,,175044222,Y,-3.0,3.0,520
R26BK01698345,2026-09-01,대구광역시 북구,학정동 등 녹지 수목 전정공사 수의견적 제출 공고,대성그린개발주식회사,,,78283768,90.19,,3756847,Y,-3.0,3.0,268
R26BK01694840,2026-09-01,충청남도 공주시,(입찰대행)우성면 귀산2리(검암) 경로당 보수공사,"지티아이 주식회사(GTI.Co.,Ltd)",,,66934650,90.001,74000000,1427629,Y,-3.0,3.0,35
R26BK01695055,2026-09-01,서울고속도로주식회사,수도권제1순환(일산~퇴계원간)고속도로 2026년 차량검지기(VDS) 원형 루프센서 보수 공사,대주씨앤에스 주식회사,,,29979000,93.171,32120000,8967474,Y,-2.0,2.0,3
R26BK01700361,2026-09-01,전남광주통합특별시 순천시,외서 금성지구 급경사지 붕괴위험지역 정비사업(긴급),삼승건설 주식회사,,,1232326500,89.251,1382273000,61505914,Y,-3.0,3.0,890
R26BK01696866,2026-09-01,국립공주대학교 사범대학 부설고등학교,국립공주대학교사범대학부설고등학교 역사관 측면 노후 비탈면구조물(석축 옹벽) 보수 공사 수의계약 안내 공고,무송건설주식회사,,,65046580,90.311,71100000,2844726,Y,-2.0,2.0,64
R26BK01696311,2026-09-01,충청남도 아산시 미래도시관리사업소,2026년 (구)신창역 폐철도부지 산책로 조성사업,주식회사 케이엘,,,87122190,90.069,97614000,2837626,Y,-3.0,3.0,47
R26BK01694715,2026-09-01,충청남도 공주시,월송동 동현1통(700-3) 정차대 설치공사,주식회사 송백종합건설,,,56628832,90.275,62730000,3151978,Y,-3.0,3.0,108
R26BK01698601,2026-09-01,전남광주통합특별시 진도군,북상리(2단계) 도시계획도로 가로등 설치공사,주식회사진도전력,,,26235093,90.47,28864000,1571582,Y,-3.0,3.0,25
R26BK01697619,2026-09-01,경상북도 상주시,남원 남장18통(작은골) 배수로 정비공사,대림이엔지(주),,,27215670,90.358,30500000,1498374,Y,-3.0,3.0,102
R26BK01699314,2026-09-01,전북특별자치도 김제시,용지면 개도축장 철거공사(일반해체),유한회사 대한건설환경,,,29190510,90.277,32737000,1042677,Y,-3.0,3.0,23
R26BK01707251,2026-09-01,한국농어촌공사 경남지역본부 창녕지사,유어지구 용수로 단면보수 외 2건 유지관리공사,태정산업개발 주식회사,,,17710000,89.295,,,,,,1
R26BK01696615,2026-09-01,경상북도 상주시,경천섬 광장 및 수변 예취작업,주식회사 좋은나무조경건설,,,30812282,90.086,34000000,373842,Y,-3.0,3.0,25
R26BK01699547,2026-09-01,전남광주통합특별시 진도군,2026년 사방시설 안전조치사업,유한회사 태산종합개발,,,80242650,89.946,89745000,1631701,Y,-3.0,3.0,5
R26BK01698155,2026-09-01,전북특별자치도 군산시 기후환경국,2026년 여름철 서부권역 수도시설장 제초공사,(유)진포조경건설,,,24537200,90.315,27258000,1471051,Y,-3.0,3.0,50
R26BK01699212,2026-09-01,부산광역시 북구,직녀공원 정비사업,주식회사 신세계조경개발,,,62170847,90.346,,4004997,Y,-3.0,3.0,209
R26BK01697277,2026-09-01,거제해양관광개발공사,[거제시 동부면 율포지구 농촌 공간 정비사업 축사 철거 및 해체 석면 철거 공사] 소액수의 견적제출 안내공고,진호산업개발,,,37511360,90.279,41569000,1992197,Y,-3.0,3.0,5
R26BK01693806,2026-09-01,재단법인 포항소재산업진흥원,철강금속 디지털전환 실증센터 간선공사,금강전력,,,219130910,90.253,244460000,11955106,Y,-3.0,3.0,1368
R26BK01697622,2026-09-01,충청남도 천안시 동남구 광덕면,소액수의 견적제출[광덕면 보산원4리 마을안길 아스콘덧씌우기 및 수로 확장공사],환성건설주식회사,,,132016954,90.753,146391000,13309360,Y,-3.0,3.0,67
R26BK01696790,2026-09-01,경상북도 상주시,버스터미널~북천교(국도3호선) 구간 도로정비공사,우림산업 주식회사,,,32376900,91.307,35100000,5242670,Y,-3.0,3.0,72
R26BK01697676,2026-09-01,한국농어촌공사 전남지역본부 해남.완도지사,2026년 공공기관 대행사업 황산지구 간이양수장 설치공사 기계공사,(주)대호중공업,,,14300000,92.395,,,,,,1
R26BK01694492,2026-09-01,충청남도 공주시,공주시립 다목적체육관 주차장 조성사업,주식회사 태성공영,,,322240000,90.353,349900000,18746726,Y,-3.0,3.0,612
R26BK01693983,2026-09-01,제주특별자치도 제주시 우도면,동천진동 소공원 ~ 우도봉 입구 간 농로 신설공사 소액수의 견적제출 안내 공고,재영건설주식회사,,,74931700,90.613,83325000,6801890,Y,-3.0,3.0,181
R26BK01699263,2026-09-01,전북특별자치도 김제시,2026년 김제시 하반기 수시분 생활민원사업(단가계약),유한회사 라온개발,,,63107692,90.122,69872000,2479397,Y,-3.0,3.0,143
R26BK01703545,2026-09-01,조달청,항만자동화 테스트베드(광양항) 구축사업 기반시설공사,금호건설 주식회사,,,273921000000,99.745,,,,,,1
R26BK01707274,2026-09-01,한국농어촌공사 경남지역본부 창녕지사,(가뭄대책)옥천장가지구 직접급수 임시양수장 설치공사,지비건설 주식회사,,,35760000,89.31,,,,,,1
R26BK01707322,2026-09-01,한국농어촌공사 경남지역본부 창녕지사,(가뭄대책)옥천계성지구 직접급수 간이양수장 토목공사,신흥건설 주식회사,,,32860000,89.303,,,,,,1
R26BK01692650,2026-09-01,충청북도,2026년 도유림 임도 구조개량 및 보수공사,주식회사 성민,,,190443450,90.29,,10840549,Y,-3.0,3.0,49
R26BK01694672,2026-09-01,충청남도 공주시,신관동(540-16) 마을안길 확장공사,주식회사 강동건설,,,154852200,90.683,171410000,15071060,Y,-3.0,3.0,50
R26BK01701354,2026-09-01,부산광역시 사상구,2026년 승학산 임도 신설사업,부산광역시산림조합,,,553783000,99.999,,,,,,1
R26BK01697107,2026-09-01,경상북도 경주시 시립도서관,중앙도서관 그린리모델링 및 환경개선공사(전기),주식회사 동진이엔지,,,104265669,89.852,115184000,1142420,Y,-3.0,3.0,120
R26BK01697075,2026-09-01,경상북도 울릉군,"보건의료원 응급실 환경개선 공사(건축, 설비)",주식회사 기주종합건설,,,394682230,90.382,434762000,17708120,Y,-3.0,3.0,6
R26BK01698233,2026-09-01,경기도 평택시,2026년 가로수(은행나무) 열매털기 단가 공사(남부권역),주식회사 그린피크,,,283877,90.404,312250,19437,Y,-3.0,3.0,79
R26BK01697840,2026-09-01,충청북도 충주시,문화동15통소규모공영주차장조성(철거),주식회사 상현,,,96213100,90.407,106400000,6235131,Y,-3.0,3.0,16
R26BK01700419,2026-09-01,전남광주통합특별시 고흥군,2026년 2차 조림지 풀베기 사업(남부지구),고흥군산림조합,,,83041690,90.359,91812000,4957630,Y,-3.0,3.0,13
R26BK01700410,2026-09-01,전남광주통합특별시 고흥군,2026년 2차 칡덩굴 제거사업(포두지구),주식회사 산야로,,,51812000,89.915,57393000,665459,Y,-3.0,3.0,13
R26BK01700416,2026-09-01,전남광주통합특별시 고흥군,2026년 2차 조림지 풀베기 사업(고흥포두지구),고흥군산림조합,,,73883930,90.358,82291000,4445953,Y,-3.0,3.0,13
R26BK01700418,2026-09-01,전남광주통합특별시 고흥군,2026년 2차 조림지 풀베기 사업(과역점암지구),유한회사 화양,,,67030090,90.752,74881000,4041044,Y,-3.0,3.0,13
R26BK01700392,2026-09-01,전남광주통합특별시 광산구,송정5일시장 시설복구공사(건축),(주)삼산기공,,,669835700,90.227,742148000,34749356,Y,-3.0,3.0,268
R26BK01699710,2026-09-01,보은군산림조합,2026년 덩굴제거사업(보은산외외지구),주식회사 영원한산림,,,74623900,90.47,,4301429,Y,-3.0,3.0,6
R26BK01705351,2026-09-01,경기도 용인시 처인구,2026년 처인구 숲길(등산로) 유지관리공사(2차),주식회사 바른숲,,,25227000,90.0,,,,,,1
R26BK01693157,2026-09-01,일동제약(주) 안성공장,26년 스마트 생태공장 태양광발전시스템 전기공사,주식회사 신성이엔지,,,168586000,97.0,,,,,,10
R26BK01694990,2026-09-01,주식회사 에코니티,에코니티 청정제조소(클린룸) 구축공사,(주)채움이엔지,,,810700000,98.541,814000000,36056000,Y,-2.0,2.0,4
R26BK01699418,2026-09-01,충청남도 천안시,2026년 천안천 하천구역 출입 자동차단시설 설치사업,주식회사 하늘에너지,,,25421120,90.379,27940000,1716291,Y,-3.0,3.0,217
R26BK01697998,2026-09-01,경상남도 김해시,2026년 가로(보안)등 유지보수공사 단가계약(2차),동아전기,,,89842973,90.39,99800000,5586827,Y,-3.0,3.0,133
R26BK01699722,2026-09-01,보은군산림조합,2026년 덩굴제거사업(수한마로외지구),주식회사 모두산림,,,52701800,90.453,,2927728,Y,-3.0,3.0,6
R26BK01707126,2026-09-01,한국농어촌공사 경북지역본부 의성.군위지사,가리양수장 외 18개소 보수공사,동국건설 주식회사,,,24500000,95.755,,,,,,1
R26BK01699395,2026-09-01,충청북도 옥천군 청산면,청산 백운리 농로확포장공사,한상토건주식회사,,,30919041,90.608,34730000,1898485,Y,-3.0,3.0,71
R26BK01699414,2026-09-01,보은군산림조합,2026년 덩굴제거사업(내북회인외지구),주식회사 푸르뫼,,,58803170,90.565,,3368720,Y,-3.0,3.0,6
R26BK01699277,2026-09-01,경상남도 의령군,부림 도시계획도로(중로2-52호선) 보도블럭 교체공사,(주)다올건설,7058800777,남기청,25698000,90.559,28200000,511571,,-3.0,3.0,18
R26BK01690046,2026-09-01,대구광역시 남구,이천동 행정복지센터 건립 소방공사,주식회사 경성소방방재,5028636221,공윤종,43781498,90.38,,2663760,Y,-3.0,3.0,233
R26BK01707142,2026-09-01,한국지역난방공사 동탄지사,동탄지사 가스터빈동 옥상 등 누수 보수공사,주식회사 데코월드,1358600426,이미숙,19602000,90.0,,,,,,1
R26BK01707042,2026-09-01,한국농어촌공사 경남지역본부 함안지사,극한가뭄으로 인한 옥열양수장 수중펌프 외 긴급보수공사,아이에이치산업 주식회사,3658801807,손채윤,43000000,92.896,,,,,,1
R26BK01707155,2026-09-01,한국농어촌공사 경남지역본부 함안지사,신와룡양수장 외 5개소 한해대비 긴급 전기공사,주식회사 다함전기,6638800041,박종수,11100000,88.906,,,,,,1
R26BK01699286,2026-09-01,충청북도 도로관리사업소 남부지소,국도19호선 보은 봉계IC교 교량보수공사,성지건설(주),4088137485,심말래,49438750,91.895,,10968976,Y,-3.0,3.0,171
R26BK01703619,2026-09-01,경상북도 문경시 문경새재관리사무소,자연생태박물관 야외전시공간(물레방아 연못) 주변 정비식재공사,주식회사 녹색조경,5118124229,박가은,52800000,96.0,,,,,,1
R26BK01699089,2026-09-01,충청북도 도로관리사업소 남부지소,국도19호선 보은 학림도로 포장보수공사(상헁),대정건설(합),3028102863,강연길,56548000,92.025,,13650222,Y,-3.0,3.0,146
R26BK01699176,2026-09-01,충청북도 도로관리사업소 남부지소,국도19호선 영동 설계도로 차선도색 정비공사,이레건설 주식회사,2928603444,이정임,27848123,92.007,,6520104,Y,-3.0,3.0,34
R26BK01700558,2026-09-02,전북특별자치도 전주시 덕진구,2026년 덕진 혁신도시 녹지대 유지관리사업(3차),유한회사 천지인조경,4028600312,정미영,45037100,90.697,,4246462,Y,-3.0,3.0,115
R26BK01702123,2026-09-02,대구광역시 도시건설본부,"성서 1,2차 산업단지 재생사업 주차장 조성(E필지) 정보통신공사",유신통신(주),5158102547,이석환,132901260,90.33,,8381508,Y,-3.0,3.0,354
R26BK01698460,2026-09-02,과학기술정보통신부 우정사업본부 부산지방우정청,고성거류우체국 내진성능보강 건축공사,주식회사 여래건설,6088146885,김근율,73753986,89.953,,1654374,Y,-2.0,2.0,620
R26BK01697880,2026-09-02,(주)광신판지,2026 스마트생태공장 구축사업 (주)광신판지 집진기 분진 흡입 배관 및 이송라인 공사,(주)해솔환경컨설팅,1348686528,신임철,413565832,90.642,,,,,,2
R26BK01700693,2026-09-02,경상북도 청송군,현동APC 하수관로 개량공사,부경건설 주식회사,5028183618,윤병한,49168480,90.326,,2279716,Y,-3.0,3.0,21
R26BK01702044,2026-09-02,강원특별자치도 속초시,공설운동장 족구장 바닥재 교체 공사,주식회사 대원조경건설,4108630914,심재희,31433662,90.335,34691000,1750864,Y,-3.0,3.0,8
R26BK01700814,2026-09-02,강원특별자치도,119환동해특수대응단 소방헬기 계류시설 조성 공사(토목),금영토건주식회사,5068147313,신인례,1067929020,89.429,,72556803,Y,-3.0,3.0,710
R26BK01702325,2026-09-02,충청남도 보령시,보령 경찰서망루 주변 경관조명 공사,주식회사 신동아이엠에스,3138106952,박하석,23346920,90.167,,986688,Y,-3.0,3.0,87
R26BK01701635,2026-09-02,강원특별자치도,119환동해특수대응단 소방헬기 계류시설 조성 공사(기계),주식회사 청수이앤씨,6328101334,신영숙,238047884,90.144,,10218904,Y,-3.0,3.0,293
R26BK01697097,2026-09-02,강원특별자치도 평창군,후평지구 급경사지 붕괴위험지역 정비사업(전기),주식회사대림기업,1308196015,박정준,642804280,90.372,,43388686,Y,-3.0,3.0,1000
R26BK01697728,2026-09-02,강원특별자치도 태백시,철암농공단지 아름다운 거리조성 공사(토목),합자회사 진영종합건설,2248120106,이인수,444195624,90.706,,45698185,Y,-3.0,3.0,696
R26BK01702005,2026-09-02,경상북도교육청 영천성남여자고등학교,영천성남여자고등학교 본관동 장애인승강기 설치 공사 견적 제출 공고,주식회사 일흥건설,7408103671,한지오,121447800,90.119,,4764957,Y,-3.0,3.0,31
R26BK01702353,2026-09-02,충청남도 보령시,보령시 지식산업센터 건립사업(통신) / 입찰공고문 필독,주식회사네오릭스,6168802873,이병훈,448928355,90.423,,32737578,Y,-3.0,3.0,399
R26BK01698446,2026-09-02,과학기술정보통신부 우정사업본부 부산지방우정청,마산삼계우체국 내진성능보강 건축공사,주식회사 보은건설,7258801751,고순정,100406828,90.011,,2862070,Y,-2.0,2.0,673
R26BK01701396,2026-09-02,경상남도 양산시,2026년 간선임도 시설사업(화제임도),양산시산림조합,6218203227,김경우,125431000,90.286,,6996554,Y,-3.0,3.0,6
R26BK01698265,2026-09-02,충청남도 서천군,서천 봉선리 유적 수목정비공사,(주)윤하조경,3688703466,이소정,154005600,90.544,,10775211,Y,-3.0,3.0,19
R26BK01699738,2026-09-02,경기도화성교육청 활초초등학교,활초초 본관동 옥상 방수공사,주식회사 무지개,1298689974,최혜정,107921190,90.338,,5620076,Y,-3.0,3.0,71
R26BK01701664,2026-09-02,경기도 안양시 동안구,2026년 버즘나무 디자인 전정공사(연간관리),비엔에스조경건설주식회사,1248192445,황부섭,134939020,90.485,,9530778,Y,-3.0,3.0,33
R26BK01697736,2026-09-02,한국농어촌공사 경남지역본부 의령지사,월현2지구 배수장성능개선사업 토목기계건축공사,주식회사 한반도,6138131778,송장관,651322400,90.813,,52671426,Y,-2.0,2.0,345
R26BK01684431,2026-09-02,인천광역시교육청 인천광역시강화교육지원청,강화여고 기숙사 및 교사동 증축 전기공사(계속비),주식회사한독전력,1218198154,윤상철,1960665583,89.429,,129428191,Y,-3.0,3.0,746
R26BK01702036,2026-09-02,한국철도공사 회계통합센터,경원선 대광리역 등 2개역 전력설비 개량공사,세방로케트 주식회사,1388132484,이창백,276647051,90.288,,15792044,Y,-2.0,2.0,3407
R26BK01697385,2026-09-02,한국공항공사 제주공항,제주공항 실외조경 개선공사,주식회사 원,4098655763,김수경,154681000,90.21,,7339882,Y,-2.0,2.0,125
R26BK01701418,2026-09-02,경기도 여주시,2026년 하천(귀화천 등) 녹지관리사업,서도건설 주식회사,1268648125,한정구,38262970,89.912,,436438,Y,-3.0,3.0,37
R26BK01702459,2026-09-02,김천시산림조합,2026년 큰나무가꾸기사업(구성지구),삼원산림(주),2218146863,김영준,93119600,89.919,,1159909,Y,-3.0,3.0,10
R26BK01702389,2026-09-02,한국환경보전원,2026년 금강수계 매수토지 식생관리공사(2지역),에스피건설 주식회사,3048111000,이하영,179939370,90.403,,12784064,Y,-2.0,2.0,1250
R26BK01697773,2026-09-02,대전광역시 대덕구,법동시장 아케이드 보수공사(건축),선우건설주식회사,3058186111,강진산,579428816,90.374,,38507856,Y,-3.0,3.0,317
R26BK01701515,2026-09-02,경상남도 거제시,고현지구 하수관로 정비공사,창민건설 주식회사,1268625933,김영애,81618700,90.975,,7892470,Y,-3.0,3.0,17
R26BK01697418,2026-09-02,한국철도공사 회계통합센터,*특허포함*충북선 삼탄-공전간 삼탄제2터널 등 2개소 개량공사,유진토건 주식회사,8238702149,이미향,448171000,90.328,,27852309,Y,-2.0,2.0,81
R26BK01700125,2026-09-02,경기도교육청 경기도안산교육지원청,경수중 외 2교 수목 전정 공사,신라 주식회사,8508803021,송창근,28515000,90.283,,1630755,Y,-3.0,3.0,76
R26BK01702117,2026-09-02,경상북도 예천군,신풍1리(신풍) 주민공용공간 조성공사,하나건설 주식회사,5128111519,정길수,38368940,90.261,,2085075,Y,-3.0,3.0,95
R26BK01707893,2026-09-02,한국농어촌공사 충남지역본부 세종대전금산지사,용암저수지 제당 잡초목 제거작업,세종식물원조경 주식회사,1848803055,윤명자,9920000,89.04,,,,,,1
R26BK01700280,2026-09-02,경기도교육청 경기도안산교육지원청,와동중 외 3교 수목 전정 공사,(주)경안스틸,1348629134,양승구,28722000,90.325,,1677841,Y,-3.0,3.0,76
R26BK01694588,2026-09-02,경상남도교육청 경상남도남해교육지원청,남해제일고등학교 기숙사 보수 기계설비공사 입찰공고,금아냉열 주식회사,5518800243,권향남,270315160,90.43,,19792780,Y,-3.0,3.0,369
R26BK01708749,2026-09-02,한국농어촌공사 경북지역본부 성주지사,가뭄대책 마산보 간이양수장 설치공사,주식회사삼화기업,6178701375,김해숙,39930000,88.0,,,,,,1
R26BK01701261,2026-09-02,경상북도 경주시,외동 아기봉산 숲길 조성사업,주식회사 태창산림,5058156221,이진하,89631000,91.17,,6552146,Y,-3.0,3.0,2
R26BK01695621,2026-09-01,한솔제지(주),감축설비-1차-35-한솔제지-신탄진공장-태양광발전설비 전기공사,주식회사 시원전기,3088121081,안혜영,129026000,90.814,,12785658,Y,-2.0,2.0,159
R26BK01697633,2026-09-02,한국철도공사 회계통합센터,충북선 도안-보천 50.790km 등 2개소 배수시설 설치공사,(주)흥용건설,3068126760,김정태,281700000,90.386,,19171179,Y,-2.0,2.0,228
R26BK01701898,2026-09-02,경상남도 양산시,다방천 풀베기사업(추계),(주)풍림조경건설,6218151168,김형태,36102150,89.86,40180000,442158,Y,-3.0,3.0,47
R26BK01700071,2026-09-02,경상북도 포항시 북구,장성동(1355-14~1361)일원 도로 정비,주식회사 창영산업,5068154852,이정옥,21812946,90.49,,1594204,Y,-3.0,3.0,50
R26BK01695624,2026-09-02,전북특별자치도 전주시,혁신도시 중동로 일원 가로수 조성사업,보성건설 주식회사,5128108479,박명자,181862500,90.145,,7591124,Y,-3.0,3.0,523
R26BK01702013,2026-09-02,한국식품연구원,한국식품연구원 문화광장 및 본관동 계단 보수ㆍ개선공사,규빈건설 주식회사,1388182247,이강윤,88915700,90.26,,4936546,Y,-2.0,2.0,363
R26BK01702045,2026-09-02,경상남도 양산시,양산천(물금TG~호포대교) 우안 풀베기사업(추계),주식회사 황산,3428602279,오용석,34699700,90.271,37940000,417498,Y,-3.0,3.0,47
R26BK01698854,2026-09-02,경북 문경시산림조합,"2026년 조림지 가꾸기 (2,3년차) 2차사업 (마성지구)",삼일임업 주식회사,5268701370,한선애,77277000,89.883,,1018985,Y,-3.0,3.0,7
R26BK01701375,2026-09-02,충청남도 서산시,"부춘2로 야간경관사업, 안전한 거리조성사업(전기)",주식회사 광명전력,3168119970,엄인호,136071652,90.466,,8430201,Y,-3.0,3.0,92
R26BK01702231,2026-09-02,울산광역시 북구,연암N3지구 급경사지 정비공사,테크노 이.엔.지(주),6108163887,김성보,133847129,90.848,,15597677,Y,-3.0,3.0,111
R26BK01698596,2026-09-02,경북 문경시산림조합,"2026년 조림지 가꾸기 (2,3년차) 2차사업 (가은지구)",(주)아보리스트,3218702658,한양석,89823500,90.385,,1182924,Y,-3.0,3.0,7
R26BK01702067,2026-09-02,강원특별자치도 평창군,후평지구 급경사지 붕괴위험지역 정비사업(통신),성원정보통신(주),2258114475,김성원,25407297,90.426,,1546368,Y,-3.0,3.0,6
R26BK01696934,2026-09-02,한국농어촌공사 전남지역본부 목포.무안.신안지사,봉산지구 수원공 수리시설개보수사업 토목공사,주식회사 구미,4098133916,임무겸,705894351,90.397,,49454047,Y,-2.0,2.0,1005
R26BK01699009,2026-09-02,경북 문경시산림조합,"2026년 조림지 가꾸기 (2,3년차) 2차사업 (호계지구)",주식회사 석송령임업,5128116493,김수호,82647000,89.874,,1092245,Y,-3.0,3.0,7
R26BK01693746,2026-09-02,강원대학교 부속기관 강원대학교사범대학부설고등학교,"강원사대부고 연무관 3층 환경개선 공사(건축,기계)",주식회사 태영건설,2808601119,김병재,238861491,90.347,,15133419,Y,-2.0,2.0,94
R26BK01698890,2026-09-02,경북 문경시산림조합,"2026년 조림지 가꾸기 (2,3년차) 2차사업 (문경외지구)",(주)아보리스트,3218702658,한양석,94281200,90.806,,1241584,Y,-3.0,3.0,7
R26BK01700260,2026-09-02,경기도교육청 경기도안산교육지원청,달빛유 외 3교 수목 전정 공사,경원산업,5895800237,김윤구,20145100,90.364,,1206269,Y,-3.0,3.0,76
R26BK01699273,2026-09-02,전북특별자치도교육청 전북특별자치도전주교육지원청,전주생명과학고 식품과학과 실습실 증개축 소방공사(계속비),(주)세림냉동플랜트,4188132639,전형권,98574700,90.293,,5802668,Y,-3.0,3.0,262
R26BK01701767,2026-09-02,전북특별자치도 전주시 덕진구,2026년 덕진 중부 녹지대 유지관리사업(3차),유한회사 향림조경,4188121127,김재원,29710600,91.05,,4047041,Y,-3.0,3.0,114
R26BK01696820,2026-09-02,서울특별시 양천구,206년 가로수 위험수목 정비 및 보식,(주)수야조경개발,1198171981,송경수,122307000,90.3,,7269858,Y,-3.0,3.0,444
R26BK01699866,2026-09-02,대구광역시교육청 대구남산고등학교,2026년 대구남산고등학교 운동장 정비 공사(토목),주식회사 석곡이엔씨,4608100744,박상후,334607210,90.322,,20822169,Y,-3.0,3.0,157
R26BK01694450,2026-09-02,서울특별시 중구,"신당데이케어센터 건축물 내진보강 공사(건축,기계)",주식회사 동연건설,1058760245,김춘자,580109200,90.357,,38234174,Y,-3.0,3.0,858
R26BK01701475,2026-09-02,충청북도 음성군 수도사업소,[소액수의견적] 2026년 감곡 맨홀뚜껑 교체공사(2차),삼원산업개발(주),1368117658,김명섭,174391000,90.327,,10701837,Y,-3.0,3.0,32
R26BK01701234,2026-09-02,경상북도 경주시,양남면 효동2리 공용주차장 조성공사,해오래종합건설 주식회사,2068157100,이재용,31165599,90.725,,3264590,Y,-3.0,3.0,86
R26BK01698811,2026-09-02,충청남도교육청 충청남도논산계룡교육지원청,연무마이스터고등학교 내진보강공사,주식회사 와이케이건설,5028178599,김성중,283419000,90.371,313730000,18297430,Y,-3.0,3.0,53
R26BK01702354,2026-09-02,한국환경보전원,2026년 금강수계 매수토지 식생관리공사(1지역),주식회사 두산조경,5568601020,이수창,180356160,90.404,,12826349,Y,-2.0,2.0,636
R26BK01701554,2026-09-02,전북특별자치도교육청 전북특별자치도군산교육지원청,군산여상고 수변전시설 교체 전기공사,유한회사 전북전기,4028170526,인교진,47026191,90.163,,2124857,Y,-3.0,3.0,1128
R26BK01700363,2026-09-02,경상북도 고령군,월성일반산업단지 공공폐수처리시설(1-1단계) 설치공사(소방),주식회사 성봉전설,2248143531,이분희,21209180,91.092,,1081802,Y,-3.0,3.0,6
R26BK01701722,2026-09-02,전북특별자치도 전주시 덕진구,2026년 덕진 동부 녹지대 유지관리사업(3차),주식회사 무량,6408603696,윤영준,48869000,98.417,,4281615,Y,-3.0,3.0,114
R26BK01701770,2026-09-02,경상남도 양산시,양산천(효충교~삽량교) 우안 풀베기사업(추계),모아물산 주식회사,1878601218,백희승,39141330,89.923,43980000,484015,Y,-3.0,3.0,48
R26BK01700641,2026-09-02,전남광주통합특별시 동구,소태동 51번지 인근 소태천 재해복구공사,주식회사 주원건설산업,6078621057,양기운,76175930,90.287,,4369179,Y,-3.0,3.0,72
R26BK01701393,2026-09-02,충청북도교육청 충청북도청주교육지원청,봉정초 외 1교(봉덕초) 햇빛이음학교 조성 전기공사 수의계약 안내 공고,주식회사 나우테크,3018601153,안인경,62589860,90.136,,2604804,Y,-3.0,3.0,396
R26BK01696544,2026-09-02,경상북도 경주시,현곡 체육공원 조성공서(전기) 시행(총괄),예원전력 주식회사,2648800543,김현직,292892929,90.351,,19183796,Y,-3.0,3.0,1394
R26BK01700463,2026-09-02,경기도 시흥시,"경로당 그린리모델링(조남2통경로당) 공사(건축,기계)",(주)거성,4028616283,봉미성,112636690,90.143,,3211917,Y,-3.0,3.0,43
R26BK01700654,2026-09-02,전북특별자치도 전주시 덕진구,2026년 덕진 에코시티 녹지대 유지관리사업(3차),(유)그린웍스,4048128209,이철오,53162300,90.523,,4397785,Y,-3.0,3.0,115
R26BK01698422,2026-09-02,과학기술정보통신부 우정사업본부 부산지방우정청,부산금곡본동우체국 내진성능보강 건축공사,주식회사 두잉건설,6078154233,윤성년,315387000,90.228,,16353368,Y,-2.0,2.0,525
R26BK01700458,2026-09-02,경기도 시흥시,"경로당 그린리모델링(물왕2통경로당) 공사(건축,기계)",시흥건설,5500103625,김문희,83243670,90.101,,2401048,Y,-3.0,3.0,42
R26BK01693840,2026-09-02,한국산업은행,KDB NextONE 전북 조성공사(건축공사),(주)아이디포커스,1078199837,강우영,171228000,90.056,,5775437,Y,-2.0,2.0,5
R26BK01693845,2026-09-02,한국산업은행,KDB NextONE 전북 조성공사(전기공사),(주)이웰파워테크,1058687494,김영준,328105575,90.089,,7621466,Y,-2.0,2.0,6
R26BK01699901,2026-09-02,인천교통공사,2026년 1호선 전차선로 세척공사,(주)명도전기,5138162442,김병진,71460623,90.326,,4459866,Y,-3.0,3.0,717
R26BK01699425,2026-09-02,대전광역시교육청 대전광역시동부교육지원청,(계속비)대전중앙초 급식실 및 화장실 증축 전기공사,주식회사 상일전기,3058619771,송상헌,594264900,90.373,,40061255,Y,-3.0,3.0,518
R26BK01696908,2026-09-02,한국철도공사 회계통합센터,경부고속선 광명-오송간 용와터널 외 2개 사면 점검로 설치공사,주식회사 피엔제이건설,8778701905,정혜선,420219380,90.339,,26949649,Y,-2.0,2.0,506
R26BK01695588,2026-09-01,한솔제지(주),감축설비-1차-35-한솔제지-신탄진공장-태양광발전설비 설치공사,해드림에너지(주),5138600704,박성언,119722900,90.817,,11898078,Y,-2.0,2.0,73
R26BK01700767,2026-09-02,경기도 부천시,2026년 2권역 누수복구 정비공사(단가계약 4차),(주)유성건설,1308168353,김연미,196603000,90.292,,10397175,Y,-3.0,3.0,17
R26BK01697932,2026-09-02,한국철도공사 회계통합센터,★실적제한및철도신호기술자보유★중앙선 삼곡역 전자연동장치 개량 기타공사,주식회사 건양전기신호,2098132016,홍순양,543740960,90.362,,36174850,Y,-2.0,2.0,221
R26BK01686312,2026-09-02,인천광역시교육청 인천광역시강화교육지원청,강화여고 기숙사 및 교사동 증축 소방공사(계속비),(주)동서전기통신,1318147119,이찬용,1029283340,89.365,,63057199,Y,-3.0,3.0,294
R26BK01698591,2026-09-02,보령시시설관리공단,스카이바이크 구조물 도장공사 소액수의 견적제출 안내 재공고,일흥산업(주),3138110908,안옥분,65768382,90.451,,4843138,Y,-3.0,3.0,36
R26BK01697309,2026-09-02,경기도 시흥시,도일고가 방음판 교체공사(2차),혁진건설,1420134664,박성우,680359127,90.211,,33151961,Y,-3.0,3.0,740
R26BK01696993,2026-09-02,서울특별시 양천구,계남근린공원 노후 공원시설 정비,대현조경(주),2108117320,권기창,235177360,90.544,,20231486,Y,-3.0,3.0,370
R26BK01692348,2026-09-02,한국농어촌공사 경남지역본부 거창.함양지사,금호지구 농촌공간정비사업 지장건축물 철거공사,주식회사 건우,6158182142,김호영,465902000,90.308,,28119005,Y,-2.0,2.0,196
R26BK01701630,2026-09-02,부산시설공단 레포츠본부,금정체육공원 경륜장 2층 동측 관람석 누수 정비공사,거송건설 주식회사,3368602181,정태훈,234403000,90.286,,13537906,Y,-3.0,3.0,498
R26BK01700271,2026-09-02,경상북도 환동해지역본부 수산자원연구원 민물고기연구센터,미디어아트 전시시설 구축,주식회사 예당,5108132541,김시태,151037080,90.007,,4246526,Y,-3.0,3.0,391
R26BK01698224,2026-09-02,전남광주통합특별시 광양시,도촌마을 취약지역 생활여건 개조사업,주식회사 세진건설,4088134057,김웅기,853642400,90.356,,55973477,Y,-3.0,3.0,906
R26BK01698261,2026-09-02,충청남도 서천군,서천 건지산성 수목정비공사,(유)해인조경,4148803198,김해인,72161415,90.287,,4057416,Y,-3.0,3.0,19
R26BK01693859,2026-09-02,한국산업은행,KDB NextONE 전북 조성공사(통신공사),주식회사 메카넷,1198629800,천수연,455096400,90.175,,9596691,Y,-2.0,2.0,5
R26BK01698494,2026-09-02,울산광역시 울주군,언양읍 향산다개로 일원 도로정비공사,보현건설 주식회사,1898601776,김영승,22954550,90.386,,1566528,Y,-3.0,3.0,145
R26BK01699065,2026-09-02,전북특별자치도 무주군,무주 반디나래 지원센터 시설개선사업,(유)석영건설,4188118151,이성모,568719900,90.209,,28437421,Y,-3.0,3.0,666
R26BK01700785,2026-09-02,전남광주통합특별시교육청 전남광주통합특별시광주동부교육지원청,서일초 병설유치원 내부환경개선공사 수의계약 안내공고,디자인가나 주식회사,2058802300,정수련,87135900,89.962,,1997867,Y,-3.0,3.0,371
R26BK01701417,2026-09-02,충청남도 서산시,관광시설물 정비공사,서향 임업.조경,8581900338,류용곤,130118400,90.38,,8351364,Y,-3.0,3.0,36
R26BK01679917,2026-09-02,조달청 부산지방조달청,대평초등학교 공간재구조화 교사개축 기계설비공사,능전조경건설 주식회사,6068166492,유성조,1401992220,89.303,,77659044,Y,-3.0,3.0,264
R26BK01700500,2026-09-02,하동군산림조합,2026년 조림지 2차 풀베기사업(옥종지구),주식회사 백산임업,6068801881,김광수,46637800,89.924,,585314,Y,-3.0,3.0,14
R26BK01697900,2026-09-02,대전광역시교육청 대전광역시동부교육지원청,(계속비)대전중앙초 급식실 및 화장실 증축 소방공사,누리소방(주),2778601597,최윤종,30236940,90.301,,1786316,Y,-3.0,3.0,176
R26BK01698965,2026-09-02,경북 문경시산림조합,"2026년 조림지 가꾸기 (2,3년차) 2차사업 (산북외지구)",주식회사 한솔산림,3038164732,이은경,89205010,89.953,,1165506,Y,-3.0,3.0,7
R26BK01699664,2026-09-02,강원특별자치도 삼척시 상수도사업소,원덕읍 이천1리4반(하서기) 소규모급수시설 송수관로 정비공사,(주)세일,2228106471,김변교,101749507,90.862,,11287308,Y,-3.0,3.0,21
R26BK01699081,2026-09-02,충청북도 단양군 적성면,적성면 맨발걷기 조성 사업,대왕건설주식회사,6088147415,조금례,24169617,90.211,,1113756,Y,-3.0,3.0,59
R26BK01698454,2026-09-02,과학기술정보통신부 우정사업본부 부산지방우정청,부산신호동우체국 내진성능보강 건축공사,주식회사 뉴동아건설,6018136353,유석문,90029637,90.022,,2630185,Y,-2.0,2.0,425
R26BK01702467,2026-09-02,김천시산림조합,2026년 큰나무가꾸기사업(지례지구),주식회사 주영임업,5218802935,손길준,98827700,90.044,,1235406,Y,-3.0,3.0,10
R26BK01701040,2026-09-02,산림청 서부지방산림청 영암국유림관리소,2026년 숲가꾸기(풀베기)사업 2차(기번5),운림국유림영림단사회적협동조합,4688200686,조성흠,91500000,89.899,101682000,,Y,-2.0,2.0,2
R26BK01641479,2026-09-02,조달청,경주 인왕동사지 석탑 복원공사,명헌건설 주식회사,3078106919,김정수,1646332000,86.667,,104627735,Y,-3.0,3.0,30
R26BK01692360,2026-09-02,조달청 부산지방조달청,BGEC 신축에 따른 전력간선 이전 전기공사,(주)도시전기,6028127842,문병호,513728400,90.263,,28678792,Y,-2.0,2.0,770
R26BK01696928,2026-09-02,한국철도공사 회계통합센터,호남고속선 원형제1교 비상계단 설치공사,유한회사 신두림,4188131741,김계순,523677000,90.314,,31927976,Y,-2.0,2.0,283
R26BK01690212,2026-09-02,전북특별자치도교육청 전북특별자치도전주교육지원청,전주생명과학고 식품과학과 실습실 증개축 전기공사(계속비),(주)대국,6108192489,주남산,872117269,90.425,,63875542,Y,-3.0,3.0,993
R26BK01700050,2026-09-02,부산광역시교육청 부산광역시남부교육지원청,부산진여자상업고등학교 급식실현대화공사(계속비)(긴급),(주)명원기공,6078122764,강윤근,727389530,90.291,,42625943,Y,-3.0,3.0,493
R26BK01701479,2026-09-02,경기도 수원시,2026년 수원시 관내 노면표시 정비공사(단가계약),주식회사 수지씨앤에스,1358178405,김덕선,1253600,92.944,,412245,Y,-3.0,3.0,57
R26BK01699623,2026-09-02,충청북도 제천시 송학면,송학면 송한2리 마을회관 리모델링 공사 (입찰대행),월드아크텍(주),7528803479,김선희,39942830,90.043,,903352,Y,-3.0,3.0,28
R26BK01700605,2026-09-02,과학기술정보통신부 우정사업본부 강원지방우정청,기린우체국 내진보강 공사,혁진건설(주),6058195392,이현숙,288316426,90.38,,19653380,Y,-2.0,2.0,572
R26BK01698740,2026-09-02,경북 문경시산림조합,"2026년 조림지 가꾸기 (2,3년차) 2차사업 (동로지구)",주식회사 석송령임업,5128116493,김수호,82323000,89.919,,1076620,Y,-3.0,3.0,7
R26BK01700487,2026-09-02,경기도 안양시 동안구,2026년 동안구 가로보안등 보수공사 연간단가 2차,(주)현광종합전기,6908600622,한정복,41044492,90.26,,2270482,Y,-3.0,3.0,159
R26BK01702244,2026-09-02,대구광역시 도시건설본부,동북로71길 도로정비 전기공사,주식회사 유담이앤지,5578801857,홍성두,35770735,90.137,,1516484,Y,-3.0,3.0,732
R26BK01700235,2026-09-02,경기도교육청 경기도안산교육지원청,초지고 외 3교 수목 전정공사,주식회사제이케이조경,2578803329,조현,25915491,90.354,,1463276,Y,-3.0,3.0,76
R26BK01699838,2026-09-02,충청북도 도로관리사업소 북부지소,국지도 49호 충주 용대도로 배수시설 개선사업,(주)보림건설,6138131685,홍금자,101116800,90.327,,6337924,Y,-3.0,3.0,307
R26BK01697850,2026-09-02,전남광주통합특별시 북구,굿모닝병원 주변 하수도 정비공사,주식회사 일흥,4108691769,윤주미,246703620,90.629,,19951968,Y,-3.0,3.0,151
R26BK01698255,2026-09-02,충청남도 서천군,2026년 서천 문헌서원 주변정비공사,주식회사 소슬,3118147317,이수연,311536999,90.305,,18467034,Y,-3.0,3.0,33
R26BK01701917,2026-09-02,경기도 안양시,안양도매시장(청과동) 긴급 시설개선 통신공사,동광전자 주식회사,1238138865,신정섭,147856200,90.427,,10770092,Y,-3.0,3.0,167
R26BK01698269,2026-09-02,충청남도 서천군,중소하천(판교천) 하도정비사업,(주)새론건설,3168101543,강명원,234027821,90.224,,11949916,Y,-3.0,3.0,344
R26BK01697258,2026-09-02,경기도 수원시 영통구,샘말어린이공원 가족친화형 특성화 사업,경기조경 주식회사,6368602548,김명선,161808030,90.175,,6881677,Y,-3.0,3.0,80
R26BK01698576,2026-09-02,경상북도 영천시 상수도사업소,금호일반산업단지 용수공급 시설공사(전기 및 계측제어),영천전기,5051964501,이광우,58567950,90.208,65152600,2798243,Y,-3.0,3.0,75
R26BK01698932,2026-09-02,경북 문경시산림조합,"2026년 조림지 가꾸기 (2,3년차) 2차사업 (불정외지구)",주식회사 산들,5118120029,김연길,88272000,90.031,,1156602,Y,-3.0,3.0,7
R26BK01693747,2026-09-02,경상북도 경주시,건천 대곡2리 윗마을 소방도로 개설공사,(주)도담건설,5058113917,황정희,71020900,90.368,,4775294,Y,-3.0,3.0,135
R26BK01700237,2026-09-02,충청북도 도로관리사업소 북부지소,국지도 82호 제천 청풍지구 교통안전위험시설 정비사업,범창건설주식회사,3038135294,김충열,75965980,90.351,,4275927,Y,-3.0,3.0,304
R26BK01700198,2026-09-02,경상남도 창원시 푸른도시사업소,2026년 산불예방 숲가꾸기사업(의림사지구),(주)아름컴퍼니,8988602641,조용오,105229600,90.7,,8033872,Y,-3.0,3.0,9
R26BK01707677,2026-09-02,경기도 평택시 안중출장소,2026년 하반기 하수시설물 준설 연간단가공사,(주)동산환경,1258177205,한운철,3657000,92.0,,,,,,1
R26BK01693839,2026-09-02,한국산업은행,KDB NextONE 전북 조성공사(내부장식공사),주식회사 이유디자인,2188114399,박종근,475880000,90.083,,11501387,Y,-2.0,2.0,7
R26BK01701686,2026-09-02,서울대학교,서울대학교 85동 외 2개동 정압기 및 배관 교체공사,주식회사 엘비케이,1138183572,변상훈,80017850,90.934,,2427055,Y,-2.0,2.0,46
R26BK01698134,2026-09-02,충청남도 부여군,홍산농공단지 실내체육관 설치사업(건축),건모토건 주식회사,6168113371,전현수,474695940,90.391,,32305224,Y,-3.0,3.0,447
R26BK01701379,2026-09-02,경상북도 경주시,석장동 모래쇠천 정비공사,기흥종합건설 주식회사,5068138420,최태복,164504600,90.506,,11362822,Y,-3.0,3.0,51
R26BK01700485,2026-09-02,전남광주통합특별시 담양군,도림3지구 급경사지 붕괴위험지역 정비사업,주식회사 지오건설,4088142654,김유정,164437545,90.438,,10796310,Y,-3.0,3.0,47
R26BK01700943,2026-09-02,전남광주통합특별시교육청 전남광주통합특별시광주동부교육지원청,서일초 병설유치원 내부환경개선 전기공사 수의계약 안내공고,(주)다원이엔씨,4108641406,장기만,9203900,89.753,,,Y,-3.0,3.0,473
R26BK01687007,2026-09-02,강원특별자치도 인제군 상하수도사업소,인제군 지방상수도 현대화사업(부평중블록) 노후관로 교체공사,덕산이엔씨 주식회사,6168146998,김선희,4430041850,89.374,,274593600,Y,-3.0,3.0,475
R26BK01700451,2026-09-02,충청남도 부여군,군도7호 신대리 회전교차로 주변정비공사,동일건설(주),3088113145,김동만,26866450,90.213,,1282222,Y,-3.0,3.0,117
R26BK01699786,2026-09-02,경기도 광명시,"2026년 소하, 학온, 옥길동 지역 가로등 유지보수공사(단가계약)2차",주식회사 샤인기술단,1428603552,김민수,43473263,90.268,,2203581,Y,-3.0,3.0,84
R26BK01699454,2026-09-02,경기도교육청 경기도김포교육지원청,김포가온유 급식실 환기설비개선 전기공사(2026년 11월 착공 예정),대성전기ENG,5170702261,김수나,50825560,90.263,,2803654,Y,-3.0,3.0,127
R26BK01700472,2026-09-02,전북특별자치도교육청 전북특별자치도김제교육지원청,금구초중 강당조명시설 개선 및 기타 전기공사 수의계약 안내공고,유한회사 창성엔지니어링,4038144768,이창호,59229911,89.974,,1464698,Y,-3.0,3.0,1140
R26BK01687103,2026-09-02,강원특별자치도 인제군 상하수도사업소,"남면 관대리, 신월리 배수관로 확장공사 (전체분, 1차분)",칠성건설주식회사,2268150907,김시현,5718946000,88.995,,362687350,Y,-3.0,3.0,130
R26BK01700667,2026-09-02,부산광역시 낙동강관리본부,2026년 수면부 생태계 교란식물 퇴치사업,주식회사 예일조경,6748700554,정진광,117872798,90.287,,6829633,Y,-3.0,3.0,243
R26BK01698024,2026-09-02,과학기술정보통신부 우정사업본부 강원지방우정청,기린우체국 석면 철거공사,합자회사 대현산업,2218125043,전진희,23916000,89.947,,477198,Y,-2.0,2.0,170
R26BK01697792,2026-09-02,경기도 안산시,호수공원 맨발길(2차) 조성사업,향림조경,1340369716,이준성,82293890,90.163,,3255433,Y,-3.0,3.0,40
R26BK01697855,2026-09-02,대전광역시교육청 대전광역시동부교육지원청,(계속비)대전중앙초 급식실 및 화장실 증축 정보통신공사,주식회사 이즈넷,6238103207,박형조,78305000,90.321,,4859677,Y,-3.0,3.0,337
R26BK01700703,2026-09-02,경상북도 안동시,노하처리분구 하수관로 정비사업(전기 및 계측제어)-총괄분,광성전기 주식회사,5088137903,우성욱,107044690,90.422,,7358138,Y,-3.0,3.0,113
R26BK01697204,2026-09-02,경상북도교육청 경상북도포항교육지원청,포항항도초등학교 다목적강당 지붕개체공사 입찰 공고,삼성금속 주식회사,1768603424,강석숙,329399326,90.171,,15132850,Y,-3.0,3.0,115
R26BK01701285,2026-09-02,울산광역시 남구,2026년 주거 취약계층 주거환경 개선사업 공사,유한회사 이레건설,4118127038,김인,39881015,89.949,,835970,Y,-3.0,3.0,111
R26BK01702410,2026-09-02,경기도교육청 경기도안산교육지원청,원곡고 청운관 방수공사 전자견적 제출 안내 공고,주식회사 지성산업,5968101644,성용문,45624502,90.014,,941170,Y,-3.0,3.0,32
R26BK01701774,2026-09-02,재단법인 부산정보산업진흥원,주차장 환경개선 공사(멀티센터),부창건설 주식회사,4128127609,안동호,26756320,89.925,,523311,Y,-3.0,3.0,224
R26BK01698737,2026-09-02,강원특별자치도 강릉시 상하수도사업소,북강릉 공공하수처리시설 유입 유량계실 개선공사,(주)금성건설,8688600297,최원순,81061610,90.283,,4413420,Y,-3.0,3.0,86
R26BK01701402,2026-09-02,전남광주통합특별시교육청 전남광주통합특별시광주서부교육지원청,산정중 보일러 교체 기계설비공사 수의계약 안내공고,주식회사 일오삼,8438601579,최주용,17922530,89.749,,,Y,-3.0,3.0,186
R26BK01701788,2026-09-02,강원특별자치도,119환동해특수대응단 소방헬기 계류시설 조성 공사(전기),주식회사 진승,5138602357,임유리,96810095,90.287,,5577663,Y,-3.0,3.0,1073
R26BK01701659,2026-09-02,경상남도 양산시,양산천(삽량교~물금TG) 우안 풀베기사업(추계),주식회사 금강이앤씨,5488602106,허성숙,52547860,89.906,58630000,645209,Y,-3.0,3.0,48
R26BK01701594,2026-09-02,전북특별자치도 전주시 덕진구,2026년 덕진 북부 녹지대 유지관리사업(3차),(주)초록조경,4128802494,한아름,36623600,90.838,,4127245,Y,-3.0,3.0,115
R26BK01699445,2026-09-02,전북특별자치도교육청 전북특별자치도전주교육지원청,전주생명과학고 식품과학과 실습실 증개축 통신공사(계속비),유한회사 시온이엔씨,4028196531,이병만,109361881,90.42,,7832630,Y,-3.0,3.0,412
R26BK01693849,2026-09-02,한국산업은행,KDB NextONE 전북 조성공사(설비공사),제이에스이엔지(주),6058153785,오석환,172775800,91.535,,3058042,Y,-2.0,2.0,6
R26BK01695434,2026-09-02,부산환경공단위생사업소,위생사업소 구처리장 잔여침전물 준설공사,주식회사 신영토건,7658801287,홍정순,165145000,90.288,,8505243,Y,-3.0,3.0,75
R26BK01701306,2026-09-02,경상남도 합천군,봉곡 N1지구 급경사지 정비사업,주식회사 광명산업개발,5158106510,강재형,152306000,90.593,170390000,9068563,Y,-3.0,3.0,18
R26BK01700739,2026-09-02,대통령경호처,훈련시설 도로 및 인도 정비 공사,원일이앤씨(주),2068165968,전호영,119254800,90.024,,3419987,Y,-2.0,2.0,580
R26BK01700459,2026-09-02,경상북도 청도군,2026년어린나무가꾸기사업,주식회사 하늘숲,3508700134,이재현,69604000,90.737,77231000,4176421,Y,-3.0,3.0,2
R26BK01709476,2026-09-02,한국농어촌공사 경남지역본부 의령지사,가뭄대책 가수지구 간이양수장 전기공사,해인전기,2071157342,이준,19690000,89.994,,,,,,1
R26BK01702363,2026-09-02,경기도 화성시,동탄센트럴파크 농구장 전천후시설 설치공사,(주)일현,4348800161,정은화,90011310,90.181,,3796343,Y,-3.0,3.0,62
R26BK01702122,2026-09-02,제주특별자치도 서귀포시,동홍공영노외5주차장 조성공사,(주)덕천지앤오,6168118191,이봉운,55142000,90.193,,2636336,Y,-3.0,3.0,160
R26BK01700037,2026-09-02,경상북도교육청 경상북도경산교육지원청,삼성현중학교 햇빛이음 태양광발전설비 전기공사 수의계약 안내공고,주식회사 위빌드건설,3558702933,정한진,28100570,90.215,,1096981,Y,-3.0,3.0,115
R26BK01702000,2026-09-02,강원특별자치도 강릉시,장애인복지관 분관 25년 그린리모델링사업(전기),주식회사 영재전기,1668802441,이진희,26505262,90.345,,1632397,Y,-3.0,3.0,105
R26BK01697409,2026-09-02,전남광주통합특별시 해남군,과학영농 실증시험포 하우스 스마트 시설 개선 보수 공사,주식회사 연수,2638602001,민병진,227752500,90.106,,8892139,Y,-3.0,3.0,504
R26BK01700531,2026-09-02,충청북도 단양군,농촌활력센터 인테리어 공사(건축),(주)영종건설,3048116233,김영선,144108400,90.189,,5679601,Y,-3.0,3.0,7
R26BK01707272,2026-09-01,서울특별시 물재생센터 중랑물재생센터,제4처리장 초침 스컴저류조 수위계 설치공사,(주)정방이앤에프,5138145860,김미영,30875000,95.0,,,,,,1
R26BK01701961,2026-09-02,한국농어촌공사 제주지역본부,수산2리 마을단위특화개발사업 「벌라릿센터」 조성 전기공사,주식회사금오름전력,7838601281,박선미,78859890,90.245,,4257148,Y,-2.0,2.0,408
R26BK01708599,2026-09-02,한국지역난방공사 청주지사,청주지사 전기분야 설비개선 공사,대청전설,3150761500,김남철,9540000,87.796,,,,,,1
R26BK01708144,2026-09-02,경기도 평택시 상하수도사업소,브레인시티 용수공급시설 추가 설치공사(전기 및 계측제어),(주)아주전기,1258179289,김장직,46411000,88.001,,,,,,1
R26BK01695300,2026-09-02,전북특별자치도 장수군,장수 한누리전당 수영장 기계실 노후시설 개보수공사 입찰공고(긴급공고),(주)세림냉동플랜트,4188132639,전형권,292805200,90.299,,17407504,Y,-3.0,3.0,271
R26BK01708553,2026-09-02,국립공원공단 북한산국립공원사무소,정릉천 데크 설치 공사,주식회사 술미건설,2208725057,정옥란,52820000,97.996,,,,,,1
R26BK01701795,2026-09-02,경기도교육청 경기도구리남양주교육지원청,(가칭)진접1초 외 1교(진접2유) 신축 소방공사,신현대전력공사,1270796528,백인성,1453017900,89.37,,89858548,Y,-3.0,3.0,1062
R26BK01695386,2026-09-02,전북특별자치도 장수군,금천 농어촌마을하수도 정비사업 전기 및 계측제어 공사 입찰공고(긴급공고),(주)정금솔루션,1948103276,이혜영,289124115,90.388,,19974435,Y,-3.0,3.0,1090
R26BK01707048,2026-09-02,한국농어촌공사 충북지역본부,지산 등 4지구 농업용관정 이용시설 정비공사,(유)금강개발,3028106253,권운섭,17370000,88.02,,,,,,1
R26BK01700178,2026-09-02,충청북도 청주시,청주하이테크밸리 산단 공공폐수처리시설 설치사업(소방),주식회사 동성,3018155896,여운창,29820180,90.293,,1755284,Y,-3.0,3.0,120
R26BK01697417,2026-09-01,홍성군산림조합,2026년 산불피해복구조림예정지정리사업 1차,유한회사 산울림,3258103211,박노율,139453873,90.496,,8295053,Y,-3.0,3.0,19
R26BK01700421,2026-09-02,부산광역시해운대교육청 해운대중학교,해운대중학교 인조잔디운동장 조성공사(긴급),주식회사 다동건설,5138162189,한정옥,291487100,90.161,,12848214,Y,-3.0,3.0,235
R26BK01701797,2026-09-02,경기도교육청 경기도시흥교육지원청,신천고 햇빛이음사업 태양광발전장치 설치 전기공사  2인이상 견적제출 안내공고,주식회사 거산이엔지,1648702996,김기택,37813500,90.189,,1809295,Y,-3.0,3.0,158
R26BK01701449,2026-09-02,충청북도 청주시,2026년 열린관광지 조성(청주랜드 무장애 동선 개선),주식회사 로뎀조경건설,3078123878,김유림,149952790,90.332,,9339391,Y,-3.0,3.0,162
R26BK01701672,2026-09-02,제주특별자치도 제주시,봉성지구 농업용수 누수관리 시스템 구축 계량기 교체공사,명부건설주식회사,6168109334,허명자,255621900,90.564,,22313597,Y,-3.0,3.0,218
R26BK01695213,2026-09-02,국가유산청 궁능유적본부 조선왕릉서부지구관리소,"(긴급) 파주 삼릉 관리사무소 내부 정비사업(건축, 기계)",주식회사해진,4548802770,정창호,120193700,90.251,,6176032,Y,-2.0,2.0,106
R26BK01700209,2026-09-02,충청북도 청주시,모충동 주차장A 추가부지 기존건축물 철거공사(1차),(주)한국그린피스,3018122584,오민석,88793929,90.297,,5133692,Y,-3.0,3.0,55
R26BK01701748,2026-09-02,경기도교육청 경기도구리남양주교육지원청,(가칭)왕숙1초 신축 소방공사,(주)전우사,2088100603,김한재,1304812460,89.409,,86086207,Y,-3.0,3.0,1068
R26BK01701947,2026-09-02,강원특별자치도 강릉시,주문진 경로당 25년 그린리모델링 공사(전기),(주)명승기업,2268104607,권응규,41616570,90.396,,2794175,Y,-3.0,3.0,104
R26BK01709521,2026-09-02,한국농어촌공사 경남지역본부 의령지사,가뭄대책 가수지구 간이양수장 기계공사,주식회사 세한기공,6138118998,이헌관,28040000,88.92,,,,,,1
R26BK01695154,2026-09-02,국가유산청 궁능유적본부 조선왕릉서부지구관리소,(긴급) 파주 삼릉 관리사무소 내부 정비사업(전기),(주)성우음향정보통신,1048159651,송민자,47118634,90.343,,3034348,Y,-2.0,2.0,718
R26BK01701732,2026-09-02,강원특별자치도교육청,원주교육문화관 냉난방 전원설비 전기공사 수의계약 견적 제출 안내 공고,(주)해지안에너지,8538701006,이대호,107095529,90.311,,6186065,Y,-3.0,3.0,194
R26BK01701326,2026-09-02,충청남도,보령신항 진입도로 아스콘 재포장공사,용강건설(주),3108112440,윤주옥,103536060,90.741,,10997500,Y,-3.0,3.0,499
R26BK01702508,2026-09-02,경상남도 합천군 농업기술센터,2026년 2차 덩굴제거 사업 (율곡2지구),(유)비치임업,2888703200,임동원,45252070,90.003,50232000,565408,Y,-3.0,3.0,14
R26BK01702533,2026-09-02,경상남도 하동군,금화교 보수공사,보선건설 주식회사,3058133064,장은희,220139500,90.302,,13078141,Y,-3.0,3.0,369
R26BK01700142,2026-09-02,충청북도 청주시,동남가압장 가압펌프 분해정비공사,(주)에이치앤티엔지니어링,6108607143,조선희,31879167,90.107,,533106,Y,-3.0,3.0,152
R26BK01702485,2026-09-02,경상남도 합천군 농업기술센터,2026년 2차 덩굴제거 사업 (봉산외지구),(유)광성임업,2418702949,박권희,40955110,90.014,45980000,517544,Y,-3.0,3.0,14
R26BK01702293,2026-09-02,제주특별자치도 서귀포시,2026년 안덕 화순 공영노외1주차장 조성공사,세풍건설 주식회사,6168151128,이명실,75437400,90.213,,3764222,Y,-3.0,3.0,161
R26BK01701154,2026-09-02,전남광주통합특별시 해남군,계곡 당산 농로 정비공사,주식회사 경림건설,4128130652,박영순,31468400,90.227,,1626871,Y,-3.0,3.0,221
R26BK01706210,2026-09-02,한국농어촌공사 제주지역본부,신흥1리 마을만들기(자율개발)사업 “생이사랑방 문화거점센터조성” 전기공사,에스에이치종합개발 주식회사,3198102594,송수현,42255000,90.0,,,,,,1
R26BK01701525,2026-09-02,충청북도 청주시,2026년 상당구 누수수리 및 시설물 보수공사(연간단가 6차),아이이엔씨 주식회사,6748703721,사한나,180613600,90.29,,10194429,Y,-3.0,3.0,96
R26BK01696496,2026-09-02,제주특별자치도 제주시,제주시청 어울림마당 환경개선사업,진명건설 주식회사,6138160569,현학삼,259473000,90.374,,12671197,Y,-3.0,3.0,154
R26BK01697157,2026-09-02,국가보훈부 국립대전현충원,2026년 원내 건물 지붕 방수공사,엠앤텍건설 주식회사,8588700206,노재연,40625938,89.94,,845034,Y,-2.0,2.0,168
R26BK01695451,2026-09-02,경찰청 경상북도경찰청,상주경찰서 화동파출소 내진보강 건축공사,(주)서경건축,3168111570,고미숙,152561940,90.329,,9605133,Y,-2.0,2.0,629
R26BK01693527,2026-09-02,서울특별시 동작구,"노량진근린공원(송학대, 절고개) 노후시설물 정비사업",한연종합개발(주),2148633502,김옥희,247666000,90.194,,11842655,Y,-3.0,3.0,112
R26BK01696745,2026-09-02,서울특별시,제3처리장 C계열 송풍배관 교체공사,(주)자영이엔지,5518601613,홍직표,463232000,90.296,,27549288,Y,-3.0,3.0,466
R26BK01697094,2026-09-02,한국농어촌공사 경기지역본부 여주.이천지사,율면 기초생활거점조성사업 통신공사,주식회사 하이브시스템,1298142746,박정실,158504630,90.426,,11590614,Y,-2.0,2.0,1967
R26BK01699148,2026-09-02,수협중앙회 성산포수산업협동조합,성산포수협 수산물처리저장시설 내외부 도색 및 보수공사,주식회사 공공디자인그룹아카데미,6168176639,김지현,140991000,90.454,156959000,10657662,Y,-3.0,3.0,157
R26BK01692756,2026-09-02,한국지질자원연구원,백악기룸 외 환경개선공사(건축),주식회사 백송,3148655242,박일주,272847000,90.228,,14234005,Y,-2.0,2.0,215
R26BK01698458,2026-09-02,경기도교육청 경기도용인교육지원청,용신중 급식실 현대화공사,다울종합건설 주식회사,7608702630,한상미,795265030,90.301,,47666798,Y,-3.0,3.0,1427
R26BK01697156,2026-09-02,충청남도,(부여)지방도799호 석성도로(금백로) 교차로 개선공사,주식회사대덕,3058126578,차곡순,432894000,91.197,,67098412,Y,-3.0,3.0,475
R26BK01691780,2026-09-02,경기도교육청 경기도광명교육지원청,철산중 급식실 및 식당 증축 기계설비공사,(주)해성이엔지,1288690139,김해동,523687800,90.198,,25419013,Y,-3.0,3.0,754
R26BK01701077,2026-09-02,경기도 안산시,초지로 일원 보행환경 개선사업(전기),시온전기 주식회사,7668601480,조성환,41165560,90.199,,1981713,Y,-3.0,3.0,199
R26BK01700609,2026-09-02,충청남도,(부여)국도40호 신정교 내진보강공사,(주)용천종합건설,3128166511,이진구,692355000,90.357,,45059040,Y,-3.0,3.0,410
R26BK01705944,2026-09-02,경기도 용인시,신한자산신O(신갈동 536-6) 신설공사,서윤건설 주식회사,6568100480,박은실,25810000,89.999,,,,,,1
R26BK01691794,2026-09-02,경기도교육청 경기도광명교육지원청,철산중 급식실 및 식당 증축 전기공사,명운전력 주식회사,8498801983,김영인,542055033,90.36,,35995758,Y,-3.0,3.0,3439
R26BK01674576,2026-09-02,조달청 대전지방조달청,합강중학교 신축 소방공사,주식회사 한성이앤지,4678801893,김락중,1782212000,89.43,,110793432,Y,-3.0,3.0,63
R26BK01699516,2026-09-01,경찰청 전남경찰청,전남경찰청 별관동 장애인승강기 설치공사(건축),주식회사 현진토건,4118125699,정민교,378792384,91.107,,14740780,Y,-2.0,2.0,40
R26BK01709297,2026-09-02,한국지역난방공사 대구지사,2026년도 대구지사 서보밸브 정밀점검 유지보수공사,서보텍,6061289499,김남극,38946600,89.904,,,,,,1
R26BK01699951,2026-09-02,경상북도교육청 경상북도경산교육지원청,경산과학고등학교 햇빛이음 태양광발전설비 전기공사 수의계약 안내공고,주식회사 부경전기공사,4908102118,장수경,96841399,90.235,,5102072,Y,-3.0,3.0,119
R26BK01699541,2026-09-02,동산딸기,2026년 청년농업인 스마트팜 인프라 구축사업,미림철강(주),4098157975,김미경,441505000,91.891,479897000,13403040,Y,-3.0,3.0,27
R26BK01701389,2026-09-02,경상북도 포항시,포항운하 침수방지시설 진출입로 공사,송진조경(주),5068183186,정환희,56633200,89.89,,706557,Y,-3.0,3.0,68
R26BK01696301,2026-09-02,세종특별자치시 상하수도사업소,성제 공공하수처리시설 증설(전기 및 계측제어) 공사,(주)디.에이치.케이,4168141151,고창기,535123200,90.386,,36648335,Y,-3.0,3.0,165
R26BK01702503,2026-09-02,경상남도 합천군 농업기술센터,2026년 2차 덩굴제거 사업 (율곡1지구),주식회사 동성산림,8548702745,박동한,46400900,90.073,51378000,578307,Y,-3.0,3.0,14
R26BK01699935,2026-09-02,전북특별자치도 완주군,구이면 평촌리 도로 재포장사업,(유)혁신오송산업,5678604051,김상국,139282200,90.416,,6827638,Y,-3.0,3.0,32
R26BK01709504,2026-09-02,한국농어촌공사 경북지역본부 구미김천지사,가뭄에 따른 오로지 사통수문 보수공사(긴급),(주)대광기공,5038616228,현은영,29000000,89.611,,,,,,1
R26BK01697037,2026-09-02,충청남도,(천안)지방도623호 보산원교 재가설공사,(유)디아이건설,4188118224,정경우,1936765200,89.555,,153957329,Y,-3.0,3.0,419
R26BK01701278,2026-09-02,충청북도 청주시,"2026년 열린관광지 조성(청주랜드 본관 화장실 등 개선(건축,기계))",오성건설 주식회사,3018616224,임성빈,124971400,90.261,,6872201,Y,-3.0,3.0,293
R26BK01700140,2026-09-02,경상북도교육청 경상북도경산교육지원청,평산초등학교 햇빛이음 태양광발전설비 전기공사 수의계약 안내공고,지엠알건설 주식회사,1438803199,김건희,50527900,90.128,,2064629,Y,-3.0,3.0,117
R26BK01700230,2026-09-02,대구광역시 동구,2026년 하반기 산불예방 숲가꾸기사업,주식회사 대덕,3198101616,김영덕,35112000,90.439,,2286978,Y,-3.0,3.0,5
R26BK01702495,2026-09-02,경상남도 합천군 농업기술센터,2026년 2차 덩굴제거 사업 (용주외지구),마루임업 주식회사,6478702360,김성수,47380000,98.106,47680000,536678,Y,-3.0,3.0,14
R26BK01691866,2026-09-02,인천도시공사,2080 어울길 테마거리 조성사업,태인산업개발 주식회사,1228608233,박준철,595549700,90.148,,25618182,Y,-3.0,3.0,193
R26BK01701647,2026-09-02,경기도교육청 경기도시흥교육지원청,논곡중 햇빛이음사업 태양광발전장치 설치 전기공사 2인이상 견적제출 안내공고,주식회사 희성이엔씨,4598603111,김희선,30943260,90.218,,1519937,Y,-3.0,3.0,157
R26BK01701521,2026-09-02,국립금오공과대학교,학내 건물명 및 번호 표지 설치 공사,태광기업,5130664346,신재영,49385500,89.926,,911760,Y,-2.0,2.0,75
R26BK01699886,2026-09-01,경찰청 전남경찰청,전남경찰청 별관동 장애인승강기 설치공사(통신),주식회사 삼인,8948800776,임주희,28150761,89.901,,235332,Y,-2.0,2.0,14
R26BK01700290,2026-09-02,인천시설공단,"2026년 송도국제도시 6,8공구 가로녹지 유지관리공사",(유)청우조경,4038143527,김복환,194983600,90.428,215941000,14340165,Y,-3.0,3.0,342
R26BK01700665,2026-09-02,충청남도,(부여)국도40호 정동교 내진보강공사,평산종합건설(주),3078112745,손승재,863833900,90.332,,54685628,Y,-3.0,3.0,409
R26BK01695498,2026-09-02,(주)강원랜드,하이원CC 티하우스 환경개선공사,해림건설주식회사,2258111838,정만진,313426000,90.244,,16719338,Y,-2.0,2.0,38
R26BK01702118,2026-09-02,경기도 구리시,2026년 구리시 교통사고 잦은 곳 개선사업(전기),(주)성부건설,1328197121,한용선,61083420,90.495,,3520652,Y,-3.0,3.0,37
R26BK01709618,2026-09-02,서울특별시 물재생센터 난지물재생센터,관리동 사무환경개선 공사,주식회사 신영건축,4848700761,신준영,13068000,90.0,,,,,,1
R26BK01700611,2026-09-02,경기도 파주시,2026년 동부권 차선도색 유지보수 연간단가 공사(하반기),주식회사 신원에코바이저,1288702011,KHASANOVA AZ,90194501,90.225,,4591972,Y,-3.0,3.0,31
R26BK01701422,2026-09-02,경기도 양평군,2026년 가로숲길 조성사업(지평로),덕평조경(주),1328181013,원순화,123448220,90.165,,5161205,Y,-3.0,3.0,23
R26BK01702515,2026-09-02,전남광주통합특별시 광양시,광양읍 노후 공동주택(동원아파트) 시설개선 사업,(주)좋은사람들,4168163155,정원석,23093041,89.972,,521090,Y,-3.0,3.0,48
R26BK01701251,2026-09-02,경기도 양평군,2026년 가로숲길 조성사업(추읍로),지랜드,1321457374,이관준,117196590,90.123,,4663296,Y,-3.0,3.0,23
R26BK01702266,2026-09-02,경기도 안성시,금광면 신양복리 회전교차로 설치사업,주식회사 새울포장건설,5278601148,김금순,185055100,91.245,,25389241,Y,-3.0,3.0,24
R26BK01701586,2026-09-02,경기도교육청 역곡고등학교,역곡고 인조잔디 운동장 조성공사 2인이상 견적제출 수의계약 안내,지성건설산업 주식회사,5138115463,김승호,108460000,90.194,,3591838,Y,-3.0,3.0,44
R26BK01702403,2026-09-02,경상남도 진주시,진주시 음식물류폐기물 공공처리시설 공정안전관리 전기설비 보완공사,선우전기 주식회사,8388103639,신영웅,150446000,90.253,,7801607,Y,-3.0,3.0,150
R26BK01700112,2026-09-01,강원특별자치도 속초시,속초시 제설자재 적치장 조성공사,수억건설조경 주식회사,2798700359,강주현,36300000,90.306,,1684611,Y,-3.0,3.0,6
R26BK01697623,2026-09-02,경기도 연천군,연천 당포성 주차장 조성 공사(1차),주식회사 현영종합건설,3148157250,김호준,203801000,90.278,,7203994,Y,-3.0,3.0,22
R26BK01700892,2026-09-02,전남광주통합특별시 여수시,문수동 코아루공원 생각키움 체험놀이터 조성공사(전기),주식회사 송천,4158152392,진미선,46128562,90.291,,2699028,Y,-3.0,3.0,127
R26BK01702089,2026-09-02,경기도 구리시,2026년 구리시 교통사고 잦은 곳 개선사업,태원건설(주),1328103341,김정원,85354372,91.153,,12236464,Y,-3.0,3.0,11
R26BK01702441,2026-09-02,전남광주통합특별시 광양시,광양시 청소년문화센터 기능보강공사(수변전 설비 교체공사),국토건설(주),4178119176,황의준,69825800,90.185,,3234290,Y,-3.0,3.0,126
R26BK01702336,2026-09-02,경상남도 진주시,정촌공공폐수처리시설 1단계 탈수기 교체공사,주식회사 유민이앤씨,6048702776,강견래,39077800,90.443,,2853028,Y,-3.0,3.0,47
R26BK01696354,2026-09-02,전라북도 남원시 도통동,후곡제 주변 농로 포장공사(산104-9),유한회사 자승,4028134888,양민석,33523000,90.266,,1849356,Y,-3.0,3.0,148
R26BK01699181,2026-09-02,경기도 김포시,운양지하차도 신축이음 보수공사,(주)쓰리맥스건설,1378191253,표남석,219053910,90.284,,10848725,Y,-3.0,3.0,67
R26BK01700443,2026-09-02,인천광역시 강화군 서도면,주문1리(144번지) 마을안길 도로 확포장공사(1구간~2구간),태안종합건설 주식회사,1318189934,나영수,87299484,90.055,,2314118,Y,-3.0,3.0,38
R26BK01697866,2026-09-02,전라북도 남원시 대강면,대강면 수촌마을 안길 정비공사,유한회사 대율건설,4078110576,김나이,36289820,90.264,39908000,1854641,Y,-3.0,3.0,81
R26BK01691412,2026-09-02,한국지역난방공사 판교지사,판교 약품주입설비 개선 관련 전기공사,주식회사 성암전력,2148798652,박상호,44169951,89.876,,628964,Y,-2.0,2.0,3305
R26BK01701304,2026-09-02,경기도 남양주시,가운중앙공원 환경개선사업,주식회사 숲담,1628703228,안해원,73132855,90.345,,4573314,Y,-3.0,3.0,52
R26BK01698333,2026-09-02,경상남도 통영시,통영 중앙동 근대주택1 보수공사(총괄분),홍기종합건설 주식회사,6158131885,김종길,278498200,90.353,,16269774,Y,-3.0,3.0,21
R26BK01701181,2026-09-02,전남광주통합특별시 광주청사,2026년 교통사고 잦은 곳 개선공사(3공구),(주)삼성그린이엔지,4088171348,선계희,89213690,90.333,,5629059,Y,-3.0,3.0,208
R26BK01709425,2026-09-02,한국농어촌공사 경남지역본부 진주.산청지사,모고저수지 한해대책 암반관정 개발공사(착정공사),대성이엔씨 (주),6138151449,박명규,19650000,90.137,,,,,,1
R26BK01698220,2026-09-02,서울교통공사,2026년 2호선 강남구간 궤도시설 보수보강공사에 따른 신호설비공사,(주)창성테크,2288803020,공창식,82495740,90.543,,6555711,Y,-3.0,3.0,10
R26BK01709461,2026-09-02,한국농어촌공사 경기지역본부 고양지사,우기대비 제1호용수간선 등 10개소 시설물 보수 공사,주식회사 한솔건설,4648103802,조성미,32220000,90.0,,,,,,1
R26BK01709672,2026-09-02,한국농어촌공사 경북지역본부 영주.봉화지사,수철취입보 문비교체외 8개소 기계 보수공사,(주)대광기공,5038616228,현은영,10800000,90.075,,,,,,1
R26BK01692558,2026-09-02,경상북도 상주시,상주 관음사 아미타회상도 공양간 증축공사,주식회사 다경,5638802211,김다경,219629420,90.313,,12709570,Y,-3.0,3.0,18
R26BK01697011,2026-09-02,경상북도 경주시 시립도서관,중앙도서관 그린리모델링 및 환경개선공사(건축 및 기계설비),주식회사 지평종합건설,2048189571,김재근,495788000,90.267,,27886549,Y,-3.0,3.0,847
R26BK01696526,2026-09-02,영주농업협동조합,영주농협 콩 저온창고 증축공사(냉장설비) 입찰공고[2026년 콩 자립형 융복합단지 조성사업],삼성기전 주식회사,1058190091,양진원,417701816,90.206,,17644830,Y,-3.0,3.0,10
R26BK01701809,2026-09-02,강원특별자치도 횡성군,횡성읍 읍하3리(횡성소방서 인근)  주차장 조성사업,대도건설 주식회사,2248119138,김영자,306266000,90.55,,25631014,Y,-3.0,3.0,36
R26BK01701890,2026-09-02,진도군산림조합,2026년 풀베기사업(2차)(진도읍 외 지구),유한회사 산누리산림개발,4158138202,김선미,66760300,90.127,,875315,Y,-3.0,3.0,6
R26BK01702526,2026-09-02,전남광주통합특별시 광양시,마동근린공원 산책로 공원등 보강공사,(주)우민전기,1218131492,윤유하,27359686,90.323,,1699802,Y,-3.0,3.0,122
R26BK01701632,2026-09-02,대통령경호처,훈련시설 내부 환경개선 공사,주식회사 인경건설,1198653159,서행순,95989827,90.239,,5106698,Y,-2.0,2.0,1386
R26BK01702379,2026-09-02,강원특별자치도 정선군,고한 야생화마을 식재 조성공사,에스티조경건설 주식회사,3588101227,임인정,82732000,90.093,,2587251,Y,-3.0,3.0,15
R26BK01698207,2026-09-02,서울물재생시설공단,(입찰 시 신기술인증서 전자제출 필수) 서남수계 방화동 원형차집관로 보수공사,(주)힘센기술,1058636068,김정민,793846000,90.379,,50876531,Y,-3.0,3.0,23
R26BK01693165,2026-09-02,경상북도 구미시 상하수도사업본부,도개면 신림리 716-1번지 일원 상수관로 이설공사,주식회사 한양건설,3328801490,황하선,127578300,91.515,,23839189,Y,-3.0,3.0,74
R26BK01702103,2026-09-02,해강마을,해강마을 노후 승강기 교체공사 수의계약(소액) 견적제출 안내 공고,성광엘리베이터 주식회사,6098129496,김성욱,88596000,91.027,96822000,2835290,Y,-3.0,3.0,2
R26BK01698309,2026-09-02,서울특별시 강동구,고덕3교 내진보강 및 시설물 정비공사,영동건설 (주),2148700876,이규원,504346410,90.567,558213000,44489406,Y,-3.0,3.0,326
R26BK01701325,2026-09-02,창녕군산림조합,2026년 상반기 산불예방 숲가꾸기(2차) 사업(고암우천지구),주식회사 천상,6088171098,고병인,135976000,90.644,,8076626,Y,-3.0,3.0,10
R26BK01700422,2026-09-02,전남광주통합특별시 곡성군,옥과면 죽림지구(상습침수구역) 배수로 정비공사,(주)토영건설,4088143880,강홍집,32247600,90.433,,1582713,Y,-3.0,3.0,12
R26BK01701298,2026-09-02,전남광주통합특별시 진도군,2026년 양곡보관창고 지원사업 건축공사(입찰대행),태영건설(주),4158127457,김소향,607637381,90.272,,32621122,Y,-3.0,3.0,851
R26BK01707275,2026-09-01,한국농어촌공사 충남지역본부 논산지사,연무읍 마산리 농로 조성 및 배수로 정비공사,주식회사 토목,6908103885,윤석륜,19523000,89.024,,,,,,1
R26BK01701902,2026-09-02,진도군산림조합,2026년 풀베기사업(2차)(군내임회지구),유한회사 태산종합개발,2358103714,박청우,64971940,90.25,,829508,Y,-3.0,3.0,6
R26BK01701763,2026-09-02,강원특별자치도 횡성군,강림면 강림4리(1202-1번지)농로 포장공사,합자회사 태양건설,2248114356,이경화,22467890,90.285,,1279607,Y,-3.0,3.0,64
R26BK01699976,2026-09-02,고용노동부 중앙노동위원회,[수의시담] 중앙노동위원회 본관 전기공사,(주)라온전기,4108711423,윤현선,174600000,99.204,,,,,,3
R26BK01709516,2026-09-02,한국농어촌공사 경기지역본부 여주.이천지사,백사지구 수리시설정비사업 토목공사,주창종합건설 주식회사,8698700579,박지은,50020000,91.009,,,,,,1
R26BK01702513,2026-09-02,경기도교육청 경기도용인교육지원청,용신중 급식실 현대화 전기공사,주식회사 뉴창성전공,1438100169,권도현,433751630,90.319,,26904215,Y,-3.0,3.0,3482
R26BK01708826,2026-09-02,서울특별시 서울대공원,서울랜드 착각의 집 외 2개소 석면해체·제거 공사,내담건설(주),6508100143,우숙희,17460000,90.0,,,,,,1
R26BK01702462,2026-09-02,충청남도 청양군,청양군 야외 임시주차장 조성공사,엠케이건설 주식회사,5088130161,명양식,35299632,90.317,,1754448,Y,-3.0,3.0,25
R26BK01708037,2026-09-01,한국농어촌공사 경남지역본부 거창.함양지사,조산지구 취약지역생활여건개조사업 통신공사,주식회사 시온이엔씨,1228703104,홍둘선,44000000,90.326,,,,,,1
R26BK01708056,2026-09-02,경기도 양평군,2026년 사방사업(다목적사방댐 신설 양서면 목왕리),양평군산림조합,1328200579,신대용,1038732000,89.745,,,,,,1
R26BK01700795,2026-09-02,경상북도 고령군,대가야읍 중화리 암반관정 설치,효성지하수,5033351442,손종모,56538170,90.237,,2424689,Y,-3.0,3.0,11
R26BK01696014,2026-09-02,대전보건대학 산학협력단,"대전보건대학교 평생교육캠퍼스 및 특화센터 구축공사(건축, 기계)",주식회사 드림종합건설,7598800231,박철우,674010666,90.265,,32409026,Y,-2.0,2.0,311
R26BK01702412,2026-09-02,강원특별자치도 강릉시,장애인복지관 분관 25년 그린리모델링사업(기계),청호건설(주),2258118302,고이덕,64318200,90.124,,1995114,Y,-3.0,3.0,44
R26BK01696341,2026-09-02,한국도로교통공단 북부운전면허시험장,북부운전면허시험장 측정실 보강 및 보수 등 공사,(주)화정건설,6178119422,지은랑,86956497,90.24,,4626596,Y,-2.0,2.0,418
R26BK01700417,2026-09-01,전남광주통합특별시 고흥군,2026년 2차 조림지 풀베기 사업(중부지구),주식회사산림기술개발,4168165212,김은량,73725020,90.356,,4409878,Y,-3.0,3.0,13
R26BK01710247,2026-09-02,한국농어촌공사 충남지역본부 당진지사,농업시범단지 석문양1-26-5용수지거 등 15개소 유지관리공사,하영건설 주식회사,5088117891,이하정,42000000,93.62,,,,,,1
R26BK01706581,2026-09-02,충청남도 홍성군,가곡지구 지구단위종합복구사업(산지),홍성군산림조합,3108200320,윤주선,2912500000,91.599,,,,,,1
R26BK01687952,2026-09-02,(재)안양문화예술재단,APAP작품 [나무 위의 선으로 된 집] 보수공사(전기) (소액수의 견적제출),선호이엔씨(주),1388124612,이광선,44153317,90.409,,3100798,Y,-3.0,3.0,129
R26BK01700092,2026-09-02,경상남도 김해시,대동 예안 251-2번지 일원 도로재포장공사,다능기업 주식회사,3038800251,김정헌,25444100,90.002,,530589,Y,-3.0,3.0,56
R26BK01701822,2026-09-02,(주)화신,2026년 산업계 에너지관리시스템 보급 지원사업_계측·제어인프라 구축 공사_(주)화신 하이테크파크,주식회사 엔에스솔루션,6538601020,천정희,140796700,100.0,,,,,,2
R26BK01696965,2026-09-02,영주농업협동조합,영주농협 콩 저온창고 증축공사(전기공사) 입찰공고[2026년 콩 자립형 융복합단지 조성사업],주식회사  천광이엔씨,5048165784,성춘기,85890735,90.224,,4101751,Y,-3.0,3.0,318
R26BK01700603,2026-09-02,전북특별자치도 전주시 덕진구,2026년 덕진 만성지구 녹지대 유지관리사업(3차),대림조경,4020737134,임영자,47749990,90.646,52397000,4316493,Y,-3.0,3.0,98
R26BK01701249,2026-09-02,서울특별시 서울아리수본부 암사아리수정수센터,2오니장 배슬러지지 유입관 연결부 신설공사,준제이엔씨(주),2118646992,이병철,93042790,90.177,,4328179,Y,-3.0,3.0,444
R26BK01701170,2026-09-02,전남광주통합특별시 광주청사,2026년 교통사고 잦은 곳 개선공사(2공구),신화산업건설(주),4088180740,김준형,143198400,90.32,158819000,8828684,Y,-3.0,3.0,153
R26BK01702500,2026-09-02,경기도교육청 경기도용인교육지원청,서천중 냉난방 개선 전기공사,대성건설,7084701049,문서연,156516017,90.217,,7842479,Y,-3.0,3.0,284
R26BK01698738,2026-09-02,전라북도 남원시 대산면,금강마을 팽고개골 옆 배수로 정비공사,유한회사 드림조경,4078120749,김우관,31150535,90.317,,1865506,Y,-3.0,3.0,142
R26BK01700055,2026-09-02,경상남도 김해시,안동공단 일원 인도정비공사,동성건설 주식회사,5058115405,이철형,58597800,93.175,,3373038,Y,-3.0,3.0,59
R26BK01702053,2026-09-02,국방과학연구소,장산아파트 창호 수선 공사,일성건설,7460600210,조성민,82485980,90.225,,4253760,Y,-2.0,2.0,401
R26BK01700879,2026-09-02,전남광주통합특별시 함평군,2026년 조림지 풀베기(당해년도)사업,송죽개발주식회사,6048701840,김광대,135212000,90.201,151259000,1703808,Y,-3.0,3.0,3
R26BK01702419,2026-09-02,강원특별자치도 강릉시,주문진 경로당 25년 그린리모델링 공사(건축),제이엠건설(주),2248123272,문도연,396667214,90.304,,23933685,Y,-3.0,3.0,83
R26BK01697803,2026-09-02,산림청 북부지방산림청 춘천국유림관리소,2026년 제25차 숲가꾸기(어린나무가꾸기)사업 재입찰 공고[지명경쟁],서부국유림영림단,1063051634,김명기,130800000,89.408,145411000,,Y,-2.0,2.0,3
R26BK01695788,2026-09-02,전남광주통합특별시 함평군,2026년 함평 향교리 느티나무 팽나무 개서어나무 숲 생육환경개선사업,한강나무병원,2150238081,이상길,106399000,90.542,118195000,6712694,Y,-3.0,3.0,3
R26BK01700442,2026-09-02,경기도 포천시,국공립 어린이집 놀이터 환경개선 공사,율산조경 주식회사,6308601390,박민정,146950920,90.163,,5534268,Y,-3.0,3.0,21
R26BK01699278,2026-09-02,전라북도 남원시 대산면,금강마을 문터들 용배수로 정비공사,유한회사 대일건설,6558801767,김수진,23270100,90.207,,1094321,Y,-3.0,3.0,148
R26BK01700440,2026-09-02,경기도 포천시,2026년 마을정원 조성사업,(주)왕방조경건설,2168150706,이초희,140392629,90.299,,6533816,Y,-3.0,3.0,21
R26BK01700743,2026-09-02,경기도 화성시 공원녹지사업소,2026년 등산로 예초 단가공사(동부),주식회사 세이프시티,1248652472,김선아,60162211,90.309,,3661664,Y,-3.0,3.0,174
R26BK01693836,2026-09-02,인천광역시교육청 인천광역시강화교육지원청,강화여고 기숙사 및 교사동 증축 정보통신공사(계속비),주식회사 이스젠,3148142645,이윤행,609532356,90.378,,41520286,Y,-3.0,3.0,432
R26BK01696803,2026-09-02,서울특별시 서울역사박물관,서울 경교장 귀빈식당 긴급보수공사,주식회사 명광문화재,3148668505,김지연,74331150,90.264,,2707262,Y,-3.0,3.0,7
R26BK01699730,2026-09-02,제주특별자치도 제주시,옹포지구 농업용수 누수관리 시스템 구축 계량기 교체공사,마성토건 주식회사,8558601062,최영란,136042400,90.359,,8991994,Y,-3.0,3.0,242
R26BK01710069,2026-09-02,서울특별시 서울아리수본부 남부수도사업소,CCTV서버구축 및 배수지 방송설비 전기공사,주식회사태영이앤지,2108172468,이경자,47923000,89.999,,,,,,1
R26BK01709475,2026-09-02,산림청 국립자연휴양림관리소,2026년 국립회문산자연휴양림 유지보수사업(물탱크 및 관로 설치공사),유한회사 민은건설,1798801768,김환선,43384600,95.0,,,,,,1
R26BK01702126,2026-09-02,국방과학연구소,제2대형환경시험동 지붕 보수 공사,주식회사 서초에스건설,4898603072,양용대,59861340,90.147,,2456911,Y,-2.0,2.0,75
R26BK01700720,2026-09-02,전남광주통합특별시 함평군,신광면 삼덕리 농로 포장공사,주식회사 장백,4478101847,장영호,35383034,90.406,38760000,2251465,Y,-3.0,3.0,43
R26BK01707213,2026-09-02,한국석유공사,울산지사 방호용 CCTV 관제 시스템 개선 공사,주식회사 크레스크에이아이,3108602743,김명훈,215800000,99.676,,,,,,1
R26BK01702161,2026-09-02,국방과학연구소,2026년 노후 냉난방설비 교체 공사,일오삼산업개발(주),3058179342,강신정,70343450,90.254,,3758562,Y,-2.0,2.0,228
R26BK01702407,2026-09-02,강원특별자치도 강릉시,장애인복지관 분관 25년 그린리모델링사업(건축),주식회사 한원,8488700999,배정화,236042909,90.312,,12481681,Y,-3.0,3.0,83
R26BK01701564,2026-09-02,경기도 남양주시,가운중앙근린공원 리모델링사업,(주)그린나래,1298638650,정석봉,189668900,90.344,,10912836,Y,-3.0,3.0,53
R26BK01702507,2026-09-02,전북특별자치도 순창군,금과면 대성지구 농업용 중형관정 착정공사,유한회사 연우,4078118748,이종기,24242000,91.428,,1257905,Y,-3.0,3.0,9
R26BK01702427,2026-09-02,강원특별자치도 강릉시,주문진 경로당 25년 그린리모델링 공사(기계),(주)준진,2268143916,허준영,68102870,90.097,,2363589,Y,-3.0,3.0,45
R26BK01694868,2026-09-01,주식회사 원익아이피에스,원익IPS 진위사업장_탄소중립 설비투자 프로젝트 경매사업_공조기 최적운전 자동제어 배관공사,주식회사 신성이엔지,1348103352,이지선,168571425,90.145,,,,,,20
R26BK01701787,2026-09-02,경상남도 김해시,농촌테마공원 조성사업 부분보완 공사,주식회사 크로바조경,6158118198,하성환,75207120,90.276,,4097637,Y,-3.0,3.0,63
R26BK01692170,2026-09-02,경기도교육청 수내고등학교,수내고등학교 체육관 환경개선공사 소액수의 견적 제출 공고,주식회사 정은산업,4428700243,구본길,131740180,90.302,,6840073,Y,-3.0,3.0,99
R26BK01703484,2026-09-02,한국농어촌공사 전남지역본부 장성지사,진원면 기초생활거점조성사업 다목적광장 진출입로 신설공사,주식회사탑원산업,4098116407,송현임,34430000,90.107,,,,,,1
R26BK01710469,2026-09-02,한국지역난방공사 김해사업소,김해사업소 소방 전기설비 개선공사,나라세이프 주식회사,3648701957,최희정,7782000,89.663,,,,,,1
R26BK01700384,2026-09-02,대구광역시 북구,중앙대로 123길  일원 경사면 정비공사,(주)현대조경,5028191118,박중현,101406570,90.319,,6238472,Y,-3.0,3.0,240
R26BK01701337,2026-09-02,충청남도교육청 충청남도부여교육지원청,부여고등학교 드라이비트 개선공사,(주)성미건설공사,3088116287,이승찬,33711100,90.667,,824054,Y,-3.0,3.0,5
R26BK01702323,2026-09-02,충청남도교육청 충청남도부여교육지원청,궁남초등학교 다목적강당 방수공사,주식회사 만국건설,4108612653,한국현,52044000,90.003,,1112670,Y,-3.0,3.0,12
R26BK01697827,2026-09-02,한국농어촌공사 전남지역본부 보성지사,무만마을 취약지역 생활여건 개조사업 토목건축공사,신성건설산업 주식회사,6818100870,심앤드류선,990015000,89.467,,70532456,Y,-2.0,2.0,507
R26BK01707943,2026-09-02,한국농어촌공사 충북지역본부 청주지사,석화용수간선 수해복구사업 토목공사,대주건설(주),6108182088,여운천,19340000,88.021,,,,,,1
R26BK01709481,2026-09-02,주식회사삼화기업,2026년 산업계 에너지관리시스템 보급 지원사업_(주)삼화기업_계측·제어인프라,주식회사 민애이엔지,3828102461,정연호,78624700,100.0,,,,,,1
R26BK01697412,2026-09-02,울산광역시교육청 울산삼일고등학교,[긴급]울산삼일고등학교 민영봉관 환경개선 전기공사,주식회사 코마스솔라,8288600829,이상호,254578695,90.409,,18129335,Y,-3.0,3.0,350
R26BK01697560,2026-09-02,울산광역시교육청 울산삼일고등학교,울산삼일고등학교 민영봉관 소방공사 수의계약 공고,(주)엠텍전설,6108164227,임치규,51287290,90.268,,2839450,Y,-3.0,3.0,99
R26BK01696573,2026-09-02,한국농어촌공사 전남지역본부 보성지사,내추 마을만들기사업 토목건축공사,에이탑건설 주식회사,4098638352,주은영,231625000,90.562,,18954302,Y,-2.0,2.0,15
R26BK01707200,2026-09-02,한국농어촌공사 전남지역본부,배수장 전력설비 관리기능 개선공사,주식회사 에이원,4088607614,신홍숙,52183000,94.999,,,,,,1
R26BK01697603,2026-09-02,울산광역시교육청 울산삼일고등학교,울산삼일고등학교 민영봉관 통신공사,주식회사 동강네트웍스,6588802896,소수림,57907230,90.355,,3793225,Y,-3.0,3.0,158
R26BK01710427,2026-09-02,한국농어촌공사 경남지역본부 창녕지사,(가뭄대책)성당저수지 직접급수 간이양수장 전기설치공사,주식회사 동성전기,3088145365,김성기,16920000,89.325,,,,,,1
R26BK01710504,2026-09-02,한국농어촌공사 경남지역본부 창녕지사,(가뭄대책)성당저수지 직접급수 간이양수장 기계설치공사,주식회사 혜성이엔지,5598101382,이성헌,14460000,89.303,,,,,,1
R26BK01708187,2026-09-01,강원특별자치도 원주시 농업기술센터,치유교육관 증축 공사(전기),영광전기공사,2241381079,최종순,24408900,90.0,,,,,,1
R26BK01710152,2026-09-02,서울물재생시설공단,본관1층 구내식당 배식환경 개선 공사,이룸컴퍼니,8193401674,박성훈,4049100,90.0,,,,,,1
R26BK01705803,2026-09-02,한국농어촌공사 충남서부관리단,서산A지구 용수간선 잡초목제거 공사,(주)수석,3108116392,이명숙,46260000,90.012,,,,,,1
R26BK01697168,2026-09-02,산림청 동부지방산림청 양양국유림관리소,2026년 숲가꾸기사업(4차),고성기능인영림단,2092794475,박영노,32350000,90.298,35943000,614229,Y,-2.0,2.0,3
R26BK01710152,2026-09-02,서울물재생시설공단,본관1층 구내식당 배식환경 개선 공사,이룸컴퍼니,8193401674,박성훈,4049100,90.0,,,,,,1
R26BK01705803,2026-09-02,한국농어촌공사 충남서부관리단,서산A지구 용수간선 잡초목제거 공사,(주)수석,3108116392,이명숙,46260000,90.012,,,,,,1
R26BK01697168,2026-09-02,산림청 동부지방산림청 양양국유림관리소,2026년 숲가꾸기사업(4차),고성기능인영림단,2092794475,박영노,32350000,90.298,35943000,614229,Y,-2.0,2.0,3
R26BK01708187,2026-09-01,강원특별자치도 원주시 농업기술센터,치유교육관 증축 공사(전기),영광전기공사,2241381079,최종순,24408900,90.0,,,,,,1
R26BK01708334,2026-09-02,서울특별시 물재생센터 중랑물재생센터,3처리장 송풍기 철거 및 설치 공사,주식회사 에어텍이엔지,1308174627,조병남,14202500,95.0,,,,,,1
R26BK01701683,2026-09-02,부산광역시교육청 부산광역시북부교육지원청,백양중학교 급식실현대화 및 기타 소방공사,(주)대원씨앤씨,5978701635,길승현,67034149,90.137,,2717691,Y,-3.0,3.0,237
R26BK01710688,2026-09-03,국가유산청 국립고궁박물관,국립고궁박물관 수장고 비상탈출구 설치공사,메익스 시그니쳐,4714301227,엄재형,7524000,90.0,,,,,,1
R26BK01701314,2026-09-03,전남광주통합특별시 목포시,구 목포 일본영사관 편의시설 설치공사,태청건설 주식회사,4088142673,이준호,32290000,90.469,35250000,832693,Y,-3.0,3.0,18
R26BK01703150,2026-09-03,경상북도 청송군,안덕면 장전2리 마을만들기사업,주식회사 청송조경건설,5088114900,김미숙,77096300,90.386,84500000,4577320,Y,-3.0,3.0,57
R26BK01702083,2026-09-03,경기도 고양시 일산동구,웨스턴돔 일원 가로등 조도개선 공사,주식회사 주경이앤씨,1298673171,김주희,54649950,90.865,59760000,6546765,Y,-3.0,3.0,238
R26BK01702329,2026-09-03,경기도 부천시,역곡공원 노후시설 개선사업,주식회사 윤토,1308623759,윤덕규,91842900,90.363,100900800,4760729,Y,-3.0,3.0,5
R26BK01704317,2026-09-03,충청남도 보령시,어촌복합체험센터 조성사업(건축),주식회사 삼부종합건설,8248101632,강한구,230791043,90.361,255618000,14349558,Y,-3.0,3.0,44
R26BK01697821,2026-09-03,한국보훈복지의료공단 대구보훈병원,대구보훈병원 서관 지하 1층 환경개선공사(건축),(주)한신건설,5028127974,최윤희,176187750,90.369,192766000,11768243,Y,-2.0,2.0,321
R26BK01700740,2026-09-03,고성군산림조합,2026년 어린나무가꾸기사업,주식회사 연호산림,4538103272,정동민,76499969,89.976,84584000,948024,Y,-3.0,3.0,17
R26BK01703594,2026-09-03,전남광주통합특별시 나주시,빛가람동 연결녹지66 배수시설 설치공사,브이건설 주식회사,5108119062,노영아,42014500,90.352,46770000,2152657,Y,-3.0,3.0,26
R26BK01703044,2026-09-03,울산광역시교육청 울산광역시강북교육지원청,일산중 옥상방수 전기공사,주식회사 동서이엔지,6108191419,박영래,63124136,90.349,70674000,4101664,Y,-3.0,3.0,361
R26BK01702061,2026-09-03,경상남도 창원시 성산구,토월천A호교 보수공사,청호토건 주식회사,6088176190,강동근,59877000,90.29,67500000,1208368,Y,-3.0,3.0,83
R26BK01700505,2026-09-03,충청남도 서산시,인지면 둔당리 노후하수관로 정비공사,(주)무이건설,5178103300,권평한,61629586,90.147,69050000,1081111,Y,-3.0,3.0,28
R26BK01697251,2026-09-03,충청북도 제천시 환경사업소,제천하수처리장 생슬러지펌프 전기공사,한국전설(주),3048105658,최명순,46377996,90.359,50666000,2810051,Y,-3.0,3.0,82
R26BK01710429,2026-09-03,대구공공시설관리공단 신천사업처,소화조(1차-B) 준설 공사,삼현건설,1140748559,윤정채,88000000,99.875,,,,,,1
R26BK01692118,2026-09-03,한국수산자원공단 서해본부,2026년 군산시 양식어장 환경개선사업 자연석 시설,주식회사 제이에스수중,2958600223,이준경,293147400,90.105,326153000,10437895,Y,-3.0,3.0,9
R26BK01700211,2026-09-03,제주특별자치도,동부하수처리구역 차집관로 정비사업(3공구) (사업소),대원종합건설주식회사,6168113032,김택주,4273258000,90.142,4691701000,563232364,Y,-3.0,3.0,113
R26BK01698967,2026-09-03,한국철도공사 회계통합센터,태백선 민둥산-사북간 70.154KM 등 4개소 작업자안전시설 설치공사,주식회사 가람이엔씨,1248758250,원용길,332931900,90.412,365310000,23473107,Y,-2.0,2.0,258
R26BK01650584,2026-09-03,조달청 광주지방조달청,한국폴리텍대학 전력기술교육원 복지관 증축 공사(통신) 계약,주식회사 버티스,4108631927,김형국,297144580,90.417,329352000,21503527,Y,-2.0,2.0,741
R26BK01686713,2026-09-03,조달청 강원지방조달청,국도42호선 정선 임계-동해 신흥 도로건설공사(소방전기공사),대선이엔씨(주),2028104237,최준재,1812130425,89.341,2048737000,95879365,Y,-2.0,2.0,251
R26BK01703908,2026-09-03,충청북도 제천시,하소동 산 20-1번지 농로 확포장공사,중앙건설 주식회사,6438601741,김정희,57224560,90.315,63498000,3072605,Y,-3.0,3.0,32
R26BK01703836,2026-09-03,부산광역시 남구,롯데캐슬인피니엘어린이집 리모델링 건축공사,주식회사 디자인도스,2848702024,김영진,69523600,89.968,78000000,1665980,Y,-3.0,3.0,483
R26BK01704051,2026-09-03,경상북도 영주시,순흥면 내죽1리 내죽소하천 사면정비공사,주식회사 가람,5128121768,권선자,58629059,90.441,65800000,3773926,Y,-3.0,3.0,86
R26BK01703396,2026-09-03,경상북도 문경시,문경역 파크골프장 조성사업(총괄),주식회사 송도산업,5118121770,김승우,762644849,90.286,830147000,43859203,Y,-3.0,3.0,759
R26BK01702380,2026-09-03,경기도 안산시 상록구,2026년 상록구 하반기 도로변 예초 및 수목전정 공사(1구역),쌍송백조경건설 주식회사,6548802894,정미숙,32074950,91.04,34900000,4325801,Y,-3.0,3.0,77
R26BK01699931,2026-09-03,경기도교육청,(가칭)거모1중 신축 소방공사,나이스방재 주식회사,8918703200,강기원,855342170,90.332,955019000,53926242,Y,-3.0,3.0,897
R26BK01704134,2026-09-03,경기도교육청 경기도용인교육지원청,용신중 급식실 현대화 소방공사,신창전력주식회사,1428116765,최성우,61165130,90.184,68454000,2874155,Y,-3.0,3.0,66
R26BK01703303,2026-09-03,경상남도 동부도로관리사업소,강명2교 보수공사,주식회사 백호건설,7908803452,김영숙,62452456,91.363,68900000,10757463,Y,-3.0,3.0,1005
R26BK01703284,2026-09-03,강원특별자치도 영월군,덕상2리 마을만들기(마을폐교 환경정비) 경관개선 공사,(유)청룡종합건설,4048121322,김남덕,94835850,90.588,104894000,8485152,Y,-3.0,3.0,43
R26BK01698780,2026-09-03,부산환경공단 명지사업소,폐열보일러 제매기 제작 교체,주식회사 부원산업,1838702978,정은경,74710000,91.783,81998000,122974,Y,-3.0,3.0,17
R26BK01699872,2026-09-03,경기도교육청,(가칭)거모1중 신축 통신공사,주식회사 하이패스텔,8808700159,이기관,692127474,90.426,766442000,50732716,Y,-3.0,3.0,1862
R26BK01702659,2026-09-03,경기도 광명시,광명 마을돌봄정원 공간조성사업,주식회사 리텍에프이에스,1198176064,김창섭,129820252,91.084,145027000,6791456,Y,-3.0,3.0,16
R26BK01702740,2026-09-03,경상북도 울진군,2026년 하반기 울진군 노후차선 도색공사,이제이건설 주식회사,5078110556,장민훈,47159190,90.828,51300000,3886637,Y,-3.0,3.0,14
R26BK01703603,2026-09-03,충청남도 금산군,금산역사문화박물관 보수공사,주식회사 이한건설,5288801825,한대희,24222083,90.004,27000000,523557,Y,-3.0,3.0,59
R26BK01703058,2026-09-03,경상남도 양산시,"2026년 등산로 풀베기사업(2차)-능걸산, 배내천트레킹길",양산시산림조합,6218203227,김경우,34425000,90.075,38235000,414393,Y,-3.0,3.0,6
R26BK01702381,2026-09-03,경기도 용인시 기흥구,2026년 기흥구 하천시설물 유지보수 연간단가공사(1권역-2차),주식회사 에스지산업,1388139342,선병오,90112610,90.39,100000000,5910828,Y,-3.0,3.0,97
R26BK01701869,2026-09-03,경기도 김포시,사우동 뉴빌리지 골목길 정비사업 보도 정비공사,(주)금파건설,1368130364,최춘기,97970192,90.391,108450000,5727270,Y,-3.0,3.0,37
R26BK01698620,2026-09-03,경기도 부천시,도당동 일원(K20) 노후 상수도관 교체공사,송건산업(주),1348173805,송종만,492418060,90.983,549843000,64913827,Y,-3.0,3.0,982
R26BK01696930,2026-09-03,양산부산대학교병원,부산대학교 어린이병원 조혈모세포이식센터 리모델링 공사(건축/기계),주식회사 동부건설,6138157220,이정식,833668600,91.289,912659000,41385827,Y,-2.0,2.0,765
R26BK01702350,2026-09-03,경기도 용인시 기흥구,2026년 기흥구 하천변 수목 및 덩굴 정비 연간단가공사(2차),경기씨엔엠 주식회사,3018154994,박정순,45489700,90.4,50000000,3154940,Y,-3.0,3.0,114
R26BK01699180,2026-09-03,전북특별자치도교육청 전북특별자치도순창교육지원청,동계초 외 1교(동계고) 외부창호교체 및 기타공사,유한회사 거진,8428701438,박영희,216410420,90.281,238632000,12475234,Y,-3.0,3.0,132
R26BK01703224,2026-09-03,주택도시보증공사,서울서부지사 환경개선 공사(실내건축),(주)아이디포커스,1078199837,강우영,151665000,90.137,168718000,4471653,Y,-2.0,2.0,6
R26BK01693843,2026-09-03,경기도교육청 경기도광명교육지원청,철산중 급식실 및 식당 증축 통신공사,주식회사 엠티케이코리아,1348619280,유태황,60374386,90.328,66938000,3775758,Y,-3.0,3.0,70
R26BK01698151,2026-09-03,경기도교육청 경기도광명교육지원청,명문고 비탈면 보수·보강공사,대도산업 주식회사,1338117722,박찬규,178081900,90.386,196161000,10077218,Y,-3.0,3.0,7
R26BK01661453,2026-09-03,조달청 대전지방조달청,당진 노후정수장(합덕) 정비사업[토목·기계·건축],석신건설주식회사,3138109769,강민석,10524875000,85.5,12233609000,921214287,Y,-3.0,3.0,75
R26BK01698899,2026-09-03,부산광역시교육청 부산광역시북부교육지원청,금명초등학교 화장실개량공사,주식회사 일성엔지니어링,6078151798,강진우,459952720,90.359,508068000,30182577,Y,-3.0,3.0,488
R26BK01699871,2026-09-03,울산광역시,동구 방어동 암반사면 등 7개소 보수보강공사,주식회사 큰솔조경,4928801695,한미경,639563670,90.724,709500000,67109815,Y,-3.0,3.0,118
R26BK01699222,2026-09-03,직지농업협동조합,직지농협 산지유통센터 증축공사(통신공사),주식회사 광희종합전설,5038142793,최정관,9500000,63.333,,,,,,2
R26BK01699592,2026-09-03,서울교통공사,2026년 5~8호선 차량사업소 보일러 등 세관공사,주식회사동영건설,1308125771,정연국,23399500,89.869,26040620,288743,Y,-3.0,3.0,528
R26BK01685922,2026-09-03,조달청 서울지방조달청,덕수궁 외곽담장 기와 번와 사업 공사,주식회사 고택,1408126082,김애현,429946600,90.355,474311000,28299581,Y,-2.0,2.0,158
R26BK01703387,2026-09-03,경기도 오산시,하반기 중앙동 도로변 및 보행로 예초 단가공사,주식회사 청림,1248193861,김선겸,49600240,90.31,55000000,2996369,Y,-3.0,3.0,27
R26BK01703529,2026-09-03,경상북도 문경시,북부생활권 육아종합지원센터  건립 전기공사,주식회사 준시스템,8938102923,김은애,232483625,90.439,256362000,17394338,Y,-3.0,3.0,1415
R26BK01702816,2026-09-03,한국농어촌공사 경기지역본부 강화옹진지사,내리1호 배수간선 교량 재설치공사,백호건설 주식회사,1368129057,함승재,89929000,90.694,99159000,8317083,Y,-2.0,2.0,31
R26BK01700199,2026-09-03,안산도시개발(주),2026년 수소 공급배관 유량조절 개선 공사,(주)태영에너지,1018600874,강상철,45022142,90.011,50270000,1215053,Y,-3.0,3.0,18
R26BK01692807,2026-09-03,대전광역시 공원관리사업소,보문산 맨발걷기길 조성사업 견적제출 안내공고,(주)하늘그린,3058185937,권경익,75262004,90.337,83900000,3230578,Y,-3.0,3.0,3
R26BK01709247,2026-09-03,강원특별자치도 감자종자진흥원,2026년 감자종자진흥원 횡계저장고 소방펌프실 단열 공사,주식회사 한국건설,2268132888,허소현,53300000,98.703,,,,,,1
R26BK01703933,2026-09-03,울산광역시 북구,"2026년 숲가꾸기 사업(풀베기, 덩굴제거)",나무건설주식회사,2668100083,정명준,96449220,89.878,107767000,1207602,Y,-3.0,3.0,34
R26BK01701882,2026-09-03,국토교통부 부산지방국토관리청 대구국토관리사무소,국도25호선 상주 낙동지구 등 4개소 포장도 보수공사(2공구),일등건설 주식회사,5058140694,김순금,223138000,90.843,244200000,26020433,Y,-2.0,2.0,277
R26BK01703944,2026-09-03,경기도 하남시,미사강변중앙로 가각부 개선공사(전기),주식회사 제이비이앤씨,8708702179,조진숙,26123480,90.25,29117000,1422650,Y,-3.0,3.0,80
R26BK01703268,2026-09-03,주택도시보증공사,서울서부지사 환경개선 공사(전기),두복산전(주),1138137229,이영두,40318500,89.982,44814000,845337,Y,-2.0,2.0,5
R26BK01698144,2026-09-03,울산광역시 울주군,에너지융합 일반산업단지 내 가로수 정비사업,현진건설 주식회사,6208124260,김건우,218122596,90.108,244420000,8562215,Y,-3.0,3.0,150
R26BK01703309,2026-09-03,경기도 용인시 기흥구,2026년 기흥구 하천시설물 유지보수 연간단가공사(2권역-2차),우진건설산업 주식회사,1278622341,정봉용,90478000,90.384,100000000,5910828,Y,-3.0,3.0,97
R26BK01697072,2026-09-03,경상남도 창원시,청량산 해양전망대 및 등산로 정비공사,주식회사 태송,6118114996,김경수,188780000,90.592,209940000,16283192,Y,-3.0,3.0,64
R26BK01701974,2026-09-03,경상남도 창원시 성산구,올림픽공원 야구장 노후시설 정비공사,주식회사 천호건설,6088186271,임증옥,155075310,90.241,172570000,8109359,Y,-3.0,3.0,218
R26BK01701718,2026-09-03,경기도 남양주시 상하수도관리센터,2026년도 내구년 기간경과 계량기 교체 단가공사(대구경),정성이엔씨주식회사,7728803911,김혜진,1333056,90.508,1490940,91611,Y,-3.0,3.0,62
R26BK01680732,2026-09-03,조달청 전북지방조달청,새만금 자율운송 통합관제 실증지원센터 건립공사_건축,주식회사 해동건설,8888800219,김혜옥,3338455380,89.388,3708991000,210412042,Y,-3.0,3.0,377
R26BK01701216,2026-09-03,부산광역시북부교육청 학장중학교,2026학년도 학장중학교 인조잔디 구축 사업,주식회사 우송건설,4718801290,윤지영,157874800,90.018,176040000,4538231,Y,-3.0,3.0,259
R26BK01699346,2026-09-03,한국철도공사 회계통합센터,경부고속선 식장터널 수직구 방연문 보수공사,주식회사 청우이엔지,2178700079,김재천,141881000,90.09,156602000,5237035,Y,-2.0,2.0,231
R26BK01702472,2026-09-03,경기도 수원시 권선구,권선구청 그린리모델링 공사(건축),주식회사 공간사이,2028601991,원유진,658521740,90.102,729791000,24818691,Y,-3.0,3.0,496
R26BK01702362,2026-09-03,강원특별자치도 화천군,조직개편에 따른 별관청사 사무실 리모델링 공사(건축),주식회사 한줄이앤씨,6058638004,주택현,153057200,90.217,169949000,4084719,Y,-3.0,3.0,9
R26BK01703027,2026-09-03,경상남도 양산시,"2026년 등산로 풀베기사업(2차)-대운산, 등잔산, 청산산",주식회사아름다운,6218155728,박명숙,21733000,97.965,22063000,242372,Y,-3.0,3.0,6
R26BK01686289,2026-09-03,제주특별자치도개발공사,제주삼다수 L6신규생산설비 유틸리티 배관설치 공사,유원건설주식회사,4178122439,고광태,1548005669,89.394,1758559000,87311193,Y,-3.0,3.0,81
R26BK01692791,2026-09-03,조달청 경남지방조달청,의령여자중학교 미래학교 공간재구조화사업 본관동 개축 전기공사,주식회사 에스와이제이,5348103585,박희옥,833206570,90.371,914971000,56330923,Y,-3.0,3.0,1200
R26BK01699642,2026-09-03,인천광역시 상수도사업본부,"북도면 지방상수도 배급수관망 구축공사(1,2구역) 2차포장 복구공사",씨젬건설 주식회사,1218634441,차재범,512115836,90.593,572029000,46548997,Y,-3.0,3.0,166
R26BK01700885,2026-09-03,경기도 수원시 권선구,2026년 하반기 권선구(1구역) 도시공원 시설물 유지관리 공사,에이스씨앤엘 주식회사,2248134288,김영구,44727750,90.193,50000000,2145021,Y,-3.0,3.0,91
R26BK01702550,2026-09-03,경상남도 함양군,군도6호 유림지구 도로시설물 개선사업,대신포장건설 주식회사,6118118124,김효자,92388200,90.169,101830000,3699753,Y,-3.0,3.0,22
R26BK01700629,2026-09-03,경상북도 영천시,대창면 용전리 경로당 보수공사(건축),주식회사대한피앤씨건설,5058137582,정영목,90150000,90.269,99990000,5050623,Y,-3.0,3.0,34
R26BK01702717,2026-09-03,산림청 서부지방산림청 영암국유림관리소,2026년 숲가꾸기(풀베기)사업 2차(기번3),유한회사 빛가람영림단,1128155597,김치욱,101000000,90.685,111870000,,Y,-2.0,2.0,2
R26BK01698726,2026-09-03,부산광역시 영도구,치유의 섬 마중길 조성사업,오현조경개발 주식회사,6078155853,하영민,287279399,90.283,317017000,16645257,Y,-3.0,3.0,213
R26BK01648372,2026-09-03,조달청 광주지방조달청,한국폴리텍대학 전력기술교육원 복지관 증축 공사(전기) 계약,주식회사 대원전력,4118138006,이정희,874132400,90.411,977747000,61060925,Y,-2.0,2.0,1792
R26BK01702138,2026-09-03,경기도 고양시 일산동구,"2026년 도로응급복구 보수공사(연간단가,B구역) 2차",세영건설산업(주),1288137691,최세영,180475000,90.273,200000000,9942835,Y,-3.0,3.0,62
R26BK01703180,2026-09-03,경기도교육청 경기도수원교육지원청,[긴급]수원매화초 급식실 현대화 소방공사,일진이앤씨 주식회사,1248670994,김효성,51832900,90.134,57270000,2122396,Y,-3.0,3.0,79
R26BK01702282,2026-09-03,전남광주통합특별시교육청 전남광주통합특별시여수교육지원청,여수고 햇빛이음학교 조성 태양광발전장치 설치 전기공사,형제전력(주),4178120111,조순양,25566890,89.907,28347000,357033,Y,-3.0,3.0,126
R26BK01699091,2026-09-03,강원특별자치도 춘천시 상하수도사업본부,2026년 상수도시설물 보수공사 단가계약(2권역)(2차),합자회사 한빛환경,2218120994,박일식,178508638,90.193,199990000,8474763,Y,-3.0,3.0,17
R26BK01701820,2026-09-03,국토교통부 부산지방국토관리청 대구국토관리사무소,국도25호선 상주 낙동지구 등 4개소 포장도 보수공사(1공구),주식회사 봉림건설,4868700622,이종우,202557900,90.841,224100000,23840149,Y,-2.0,2.0,278
R26BK01693833,2026-09-03,경기도교육청 경기도광명교육지원청,철산중 급식실 및 식당 증축 소방공사,삼화전력 주식회사,3148643106,김경희,137941954,90.324,151934000,8165214,Y,-3.0,3.0,32
R26BK01701742,2026-09-03,경기도 남양주시 상하수도관리센터,2026년 4권역(진건읍 등 4개소) 생활민원처리공사 단가계약(6차),(주)우백건설상하수도,6858603307,전현원,62105521,90.276,68687000,3499490,Y,-3.0,3.0,31
R26BK01703164,2026-09-03,충청남도 금산군,(구)한전사무실 실내 리모델링 공사,주식회사 에코코리아,6298600751,한상길,158082420,91.297,170375000,9090124,Y,-3.0,3.0,8
R26BK01698899,2026-09-03,부산광역시교육청 부산광역시북부교육지원청,금명초등학교 화장실개량공사,주식회사 일성엔지니어링,6078151798,강진우,459952720,90.359,,30182577,Y,-3.0,3.0,488
R26BK01699871,2026-09-03,울산광역시,동구 방어동 암반사면 등 7개소 보수보강공사,주식회사 큰솔조경,4928801695,한미경,639563670,90.724,,67109815,Y,-3.0,3.0,118
R26BK01699222,2026-09-03,직지농업협동조합,직지농협 산지유통센터 증축공사(통신공사),주식회사 광희종합전설,5038142793,최정관,9500000,63.333,,,,,,2
R26BK01699592,2026-09-03,서울교통공사,2026년 5~8호선 차량사업소 보일러 등 세관공사,주식회사동영건설,1308125771,정연국,23399500,89.869,,288743,Y,-3.0,3.0,528
R26BK01685922,2026-09-03,조달청 서울지방조달청,덕수궁 외곽담장 기와 번와 사업 공사,주식회사 고택,1408126082,김애현,429946600,90.355,,28299581,Y,-2.0,2.0,158
R26BK01703387,2026-09-03,경기도 오산시,하반기 중앙동 도로변 및 보행로 예초 단가공사,주식회사 청림,1248193861,김선겸,49600240,90.31,,2996369,Y,-3.0,3.0,27
R26BK01703529,2026-09-03,경상북도 문경시,북부생활권 육아종합지원센터  건립 전기공사,주식회사 준시스템,8938102923,김은애,232483625,90.439,,17394338,Y,-3.0,3.0,1415
R26BK01702816,2026-09-03,한국농어촌공사 경기지역본부 강화옹진지사,내리1호 배수간선 교량 재설치공사,백호건설 주식회사,1368129057,함승재,89929000,90.694,,8317083,Y,-2.0,2.0,31
R26BK01700199,2026-09-03,안산도시개발(주),2026년 수소 공급배관 유량조절 개선 공사,(주)태영에너지,1018600874,강상철,45022142,90.011,,1215053,Y,-3.0,3.0,18
R26BK01692807,2026-09-03,대전광역시 공원관리사업소,보문산 맨발걷기길 조성사업 견적제출 안내공고,(주)하늘그린,3058185937,권경익,75262004,90.337,,3230578,Y,-3.0,3.0,3
R26BK01709247,2026-09-03,강원특별자치도 감자종자진흥원,2026년 감자종자진흥원 횡계저장고 소방펌프실 단열 공사,주식회사 한국건설,2268132888,허소현,53300000,98.703,,,,,,1
R26BK01703933,2026-09-03,울산광역시 북구,"2026년 숲가꾸기 사업(풀베기, 덩굴제거)",나무건설주식회사,2668100083,정명준,96449220,89.878,,1207602,Y,-3.0,3.0,34
R26BK01703944,2026-09-03,경기도 하남시,미사강변중앙로 가각부 개선공사(전기),주식회사 제이비이앤씨,8708702179,조진숙,26123480,90.25,,1422650,Y,-3.0,3.0,80
R26BK01703268,2026-09-03,주택도시보증공사,서울서부지사 환경개선 공사(전기),두복산전(주),1138137229,이영두,40318500,89.982,,845337,Y,-2.0,2.0,5
R26BK01698144,2026-09-03,울산광역시 울주군,에너지융합 일반산업단지 내 가로수 정비사업,현진건설 주식회사,6208124260,김건우,218122596,90.108,,8562215,Y,-3.0,3.0,150
R26BK01703309,2026-09-03,경기도 용인시 기흥구,2026년 기흥구 하천시설물 유지보수 연간단가공사(2권역-2차),우진건설산업 주식회사,1278622341,정봉용,90478000,90.384,,5910828,Y,-3.0,3.0,97
R26BK01697072,2026-09-03,경상남도 창원시,청량산 해양전망대 및 등산로 정비공사,주식회사 태송,6118114996,김경수,188780000,90.592,,16283192,Y,-3.0,3.0,64
R26BK01701974,2026-09-03,경상남도 창원시 성산구,올림픽공원 야구장 노후시설 정비공사,주식회사 천호건설,6088186271,임증옥,155075310,90.241,,8109359,Y,-3.0,3.0,218
R26BK01701718,2026-09-03,경기도 남양주시 상하수도관리센터,2026년도 내구년 기간경과 계량기 교체 단가공사(대구경),정성이엔씨주식회사,7728803911,김혜진,1333056,90.508,,91611,Y,-3.0,3.0,62
R26BK01680732,2026-09-03,조달청 전북지방조달청,새만금 자율운송 통합관제 실증지원센터 건립공사_건축,주식회사 해동건설,8888800219,김혜옥,3338455380,89.388,,210412042,Y,-3.0,3.0,377
R26BK01701216,2026-09-03,부산광역시북부교육청 학장중학교,2026학년도 학장중학교 인조잔디 구축 사업,주식회사 우송건설,4718801290,윤지영,157874800,90.018,,4538231,Y,-3.0,3.0,259
R26BK01699346,2026-09-03,한국철도공사 회계통합센터,경부고속선 식장터널 수직구 방연문 보수공사,주식회사 청우이엔지,2178700079,김재천,141881000,90.09,,5237035,Y,-2.0,2.0,231
R26BK01702472,2026-09-03,경기도 수원시 권선구,권선구청 그린리모델링 공사(건축),주식회사 공간사이,2028601991,원유진,658521740,90.102,,24818691,Y,-3.0,3.0,496
R26BK01702362,2026-09-03,강원특별자치도 화천군,조직개편에 따른 별관청사 사무실 리모델링 공사(건축),주식회사 한줄이앤씨,6058638004,주택현,153057200,90.217,,4084719,Y,-3.0,3.0,9
R26BK01703027,2026-09-03,경상남도 양산시,"2026년 등산로 풀베기사업(2차)-대운산, 등잔산, 청산산",주식회사아름다운,6218155728,박명숙,21733000,97.965,22063000,242372,Y,-3.0,3.0,6
R26BK01686289,2026-09-03,제주특별자치도개발공사,제주삼다수 L6신규생산설비 유틸리티 배관설치 공사,유원건설주식회사,4178122439,고광태,1548005669,89.394,,87311193,Y,-3.0,3.0,81
R26BK01692791,2026-09-03,조달청 경남지방조달청,의령여자중학교 미래학교 공간재구조화사업 본관동 개축 전기공사,주식회사 에스와이제이,5348103585,박희옥,833206570,90.371,,56330923,Y,-3.0,3.0,1200
R26BK01699642,2026-09-03,인천광역시 상수도사업본부,"북도면 지방상수도 배급수관망 구축공사(1,2구역) 2차포장 복구공사",씨젬건설 주식회사,1218634441,차재범,512115836,90.593,,46548997,Y,-3.0,3.0,166
R26BK01700885,2026-09-03,경기도 수원시 권선구,2026년 하반기 권선구(1구역) 도시공원 시설물 유지관리 공사,에이스씨앤엘 주식회사,2248134288,김영구,44727750,90.193,,2145021,Y,-3.0,3.0,91
R26BK01702550,2026-09-03,경상남도 함양군,군도6호 유림지구 도로시설물 개선사업,대신포장건설 주식회사,6118118124,김효자,92388200,90.169,,3699753,Y,-3.0,3.0,22
R26BK01700629,2026-09-03,경상북도 영천시,대창면 용전리 경로당 보수공사(건축),주식회사대한피앤씨건설,5058137582,정영목,90150000,90.269,,5050623,Y,-3.0,3.0,34
R26BK01702717,2026-09-03,산림청 서부지방산림청 영암국유림관리소,2026년 숲가꾸기(풀베기)사업 2차(기번3),유한회사 빛가람영림단,1128155597,김치욱,101000000,90.685,111870000,,Y,-2.0,2.0,2
R26BK01698726,2026-09-03,부산광역시 영도구,치유의 섬 마중길 조성사업,오현조경개발 주식회사,6078155853,하영민,287279399,90.283,,16645257,Y,-3.0,3.0,213
R26BK01648372,2026-09-03,조달청 광주지방조달청,한국폴리텍대학 전력기술교육원 복지관 증축 공사(전기) 계약,주식회사 대원전력,4118138006,이정희,874132400,90.411,,61060925,Y,-2.0,2.0,1792
R26BK01702138,2026-09-03,경기도 고양시 일산동구,"2026년 도로응급복구 보수공사(연간단가,B구역) 2차",세영건설산업(주),1288137691,최세영,180475000,90.273,,9942835,Y,-3.0,3.0,62
R26BK01703180,2026-09-03,경기도교육청 경기도수원교육지원청,[긴급]수원매화초 급식실 현대화 소방공사,일진이앤씨 주식회사,1248670994,김효성,51832900,90.134,,2122396,Y,-3.0,3.0,79
R26BK01702282,2026-09-03,전남광주통합특별시교육청 전남광주통합특별시여수교육지원청,여수고 햇빛이음학교 조성 태양광발전장치 설치 전기공사,형제전력(주),4178120111,조순양,25566890,89.907,,357033,Y,-3.0,3.0,126
R26BK01699091,2026-09-03,강원특별자치도 춘천시 상하수도사업본부,2026년 상수도시설물 보수공사 단가계약(2권역)(2차),합자회사 한빛환경,2218120994,박일식,178508638,90.193,,8474763,Y,-3.0,3.0,17
R26BK01701820,2026-09-03,국토교통부 부산지방국토관리청 대구국토관리사무소,국도25호선 상주 낙동지구 등 4개소 포장도 보수공사(1공구),주식회사 봉림건설,4868700622,이종우,202557900,90.841,,23840149,Y,-2.0,2.0,278
R26BK01693833,2026-09-03,경기도교육청 경기도광명교육지원청,철산중 급식실 및 식당 증축 소방공사,삼화전력 주식회사,3148643106,김경희,137941954,90.324,,8165214,Y,-3.0,3.0,32
R26BK01701742,2026-09-03,경기도 남양주시 상하수도관리센터,2026년 4권역(진건읍 등 4개소) 생활민원처리공사 단가계약(6차),(주)우백건설상하수도,6858603307,전현원,62105521,90.276,,3499490,Y,-3.0,3.0,31
R26BK01703164,2026-09-03,충청남도 금산군,(구)한전사무실 실내 리모델링 공사,주식회사 에코코리아,6298600751,한상길,158082420,91.297,,9090124,Y,-3.0,3.0,8
R26BK01703657,2026-09-03,대전광역시교육청,대전전자디자인고 수변전시설 교체 전기공사 수의계약 견적제출 안내공고,(주)탑전기,3058168544,임인수,76639563,90.097,85580000,2881150,Y,-3.0,3.0,559
R26BK01698823,2026-09-03,경기도교육청 경기도평택교육지원청,(가칭)고덕6고 신축 통신공사,(주)아스텍통신,1278129000,이부전,908087900,90.395,1002450000,63694737,Y,-3.0,3.0,1835
R26BK01683641,2026-09-03,조달청 서울지방조달청,포천고 공간재구조화 개축 및 리모델링공사,주식회사 월드뷰종합건설,6178190895,김광수,10168243000,86.665,11546172000,693756331,Y,-3.0,3.0,375
R26BK01703241,2026-09-03,전남광주통합특별시 보성군,보성 보성읍 봉화천 퇴적토 준설 공사,한미건설(주),4088120932,문순자,231494342,90.24,257700000,12154828,Y,-3.0,3.0,524
R26BK01703973,2026-09-03,부산광역시교육청 부산광역시북부교육지원청,덕문중학교 등 2교(덕문고) 사택보수 정보통신공사,주식회사 연합전설,6068180475,박찬주,41197000,90.318,45232000,2527264,Y,-3.0,3.0,500
R26BK01701444,2026-09-03,강원특별자치도 원주시,봉산동 생명모심 커뮤니티 케어센터 주차장 조성공사,백산개발(주),4098178723,박미영,53822114,90.192,59300000,2543278,Y,-3.0,3.0,93
R26BK01702506,2026-09-03,전남광주통합특별시 장흥군,대덕읍 잠두리 7번지 외딴집 상수관로 설치공사,(주)서기건설,4098625691,차진영,32496846,90.381,35830000,1424588,Y,-3.0,3.0,11
R26BK01702661,2026-09-03,경북대학교병원,6동 노후 무정전전원장치(UPS) 교체공사(소방)(긴급),(주)선우이엔지,5028168859,류태한,35080800,90.777,38343137,1973345,Y,-2.0,2.0,191
R26BK01693049,2026-09-03,조달청 경남지방조달청,의령여자중학교 미래학교 공간재구조화사업 본관동 개축 통신공사,대보전력 주식회사,6098118096,노칠석,457948227,90.399,505493000,32274825,Y,-3.0,3.0,437
R26BK01696788,2026-09-03,한국지질자원연구원,백악기룸 외 환경개선공사(전기),어스테크코리아,3141702808,고병옥,74172430,90.359,82000000,4907215,Y,-2.0,2.0,549
R26BK01701434,2026-09-03,경상북도 고령군,다산면 호촌리 암반관정 설치,대원조경건설(주),5118108438,박서희,48465740,90.346,54000000,2198212,Y,-3.0,3.0,12
R26BK01700996,2026-09-03,고성군산림조합,2026년 조림지풀베기사업[2지구] 2차(고성거류대가영오외지구),주식회사 여산,6138159854,오채우,84371600,90.118,94437000,1063610,Y,-3.0,3.0,17
R26BK01702949,2026-09-03,대구광역시교육청 대구광역시남부교육지원청,대구장동초등학교 환경개선공사,주식회사 동영에이디,5048617161,박경식,199248050,90.18,219974000,9073745,Y,-3.0,3.0,210
R26BK01700692,2026-09-03,경상북도 영천시,임고면 선원2리 경로당 보수공사(건축),주식회사  한아건설,5148152480,곽동석,67800390,90.256,74276000,3084237,Y,-3.0,3.0,33
R26BK01699499,2026-09-03,국가데이터처 동남지방데이터청,동남지방데이터청 합천분소 장애인편의시설 설치공사,주식회사 오름건설,6138138034,이순상,101787640,90.24,112336000,5440672,Y,-2.0,2.0,689
R26BK01703510,2026-09-03,대구광역시교육청 대구광역시남부교육지원청,대구이곡초등학교 환경개선공사,주식회사 삼우종합건설,3868700360,윤종호,123087290,90.229,135116000,6340754,Y,-3.0,3.0,284
R26BK01701528,2026-09-03,경기도 가평군,상동리 불기마을 경로당 신축공사 수의견적제출 안내 공고(민간대행),주식회사 다함,1858100713,우승일,227438689,90.367,251235000,11082666,Y,-3.0,3.0,9
R26BK01698646,2026-09-03,부산광역시교육청 세연고등학교,세연고등학교 공간재구조화(리모델링) 전기공사,주식회사 대동이앤씨,1648802805,김기영,834188758,90.309,928944000,50681815,Y,-3.0,3.0,750
R26BK01702181,2026-09-03,전남광주통합특별시 장흥군,관산 산동항 준설공사,에이치엔건설 주식회사,4688600592,강장원,116076750,91.712,128000000,5638583,Y,-3.0,3.0,2
R26BK01703499,2026-09-03,경상남도 양산시,동면지구 녹지대 풀베기 사업(26년 2차),(주)대림조경,3148142999,장종운,27894900,89.881,31281000,342998,Y,-3.0,3.0,51
R26BK01703981,2026-09-03,충청남도 부여군,규암면 반산2리 경로당 신축사업 전기공사(계약대행),주식회사온향전기,5358801309,김동상,24686790,90.363,27453000,1481870,Y,-3.0,3.0,56
R26BK01703391,2026-09-03,경기도 고양시,일산호수공원 야외무대 관람석 개선사업,주식회사 상우건설,2818702627,박환이,46905600,90.164,51983000,2064767,Y,-3.0,3.0,73
R26BK01698912,2026-09-03,부산광역시교육청 세연고등학교,세연고등학교 공간재구조화(리모델링) 소방공사,주식회사 극동전업사,6068139767,박봉재,247106840,90.301,270399000,12656871,Y,-3.0,3.0,315
R26BK01703683,2026-09-03,강원특별자치도 춘천시,정원문화확산 인프라시설 시험포지 조성공사,(주)연우건설,4018120324,임경태,128778000,90.296,142130000,7449675,Y,-3.0,3.0,88
R26BK01703392,2026-09-03,경상남도 양산시,물금지구 녹지대 풀베기 사업(26년 2차),(주)신우랜드산업,7838803319,이경수,29138900,89.864,32389000,355146,Y,-3.0,3.0,50
R26BK01704114,2026-09-03,강원특별자치도교육청 강원특별자치도원주교육지원청,영서고 외부환경 개선공사 소액수의 안내공고,주식회사 부강건설,1238621471,박선영,86041602,90.522,95781000,6567315,Y,-3.0,3.0,55
R26BK01701004,2026-09-03,경기도 김포시,계양천교 신축이음 보수공사,주식회사 한국내진공사,2348505658,김정연,275667150,90.425,307175000,20232501,Y,-3.0,3.0,456
R26BK01703689,2026-09-03,경기도 오산시,"하반기 대원1,2동 도로변 및 보행로 예초 단가공사",주식회사 나래조경,4118800509,김진희,49144250,90.596,55000000,2996369,Y,-3.0,3.0,26
R26BK01697330,2026-09-03,인천광역시 종합건설본부,2026년 연수구 능허대로 재난대비 도로유지보수공사,동희건설 주식회사,1318176822,허영복,102972000,90.899,112426000,12675931,Y,-3.0,3.0,239
R26BK01684729,2026-09-03,강원특별자치도 춘천시 상하수도사업본부,"동면 만천리(구봉산 일대) 하수관로 정비사업(토목,기계)",현대아산주식회사,2218113834,이백훈,1034591222,89.819,1153724000,74495146,Y,-3.0,3.0,14
R26BK01701494,2026-09-03,경기도교육청 경기도수원교육지원청,수원칠보고 교사동 옥상 방수공사,주식회사 다성건업,3928101080,김동진,118295700,90.384,130520000,7256033,Y,-3.0,3.0,51
R26BK01703300,2026-09-03,경상남도 양산시,사송지구 녹지대 풀베기 사업(26년 2차),삼현아키텍 주식회사,3958102322,이익성,36433109,89.949,40505000,444126,Y,-3.0,3.0,51
R26BK01703408,2026-09-03,경기도 이천시,"노후,불량 하수맨홀 정비공사(2구역)",정산건설(주),1268150494,최송규,157136461,90.376,173766000,10308540,Y,-3.0,3.0,50
R26BK01702652,2026-09-03,경상북도교육청 경상북도포항교육지원청,포항항도초등학교 다목적강당 지붕개체 전기공사 소액수의 견적제출 공고,주식회사 동아이앤티,5828601825,최순희,39474000,90.352,43657000,2574882,Y,-3.0,3.0,192
R26BK01700218,2026-09-03,법무부 대전지방교정청 홍성교도소,홍성교도소 보호·진정실 스프링클러 설치 등 소방공사 소액수의 견적제출 안내,주식회사 온빛건설,1288125410,이동길,65556780,90.276,72721000,3745569,Y,-2.0,2.0,255
R26BK01701913,2026-09-03,부산광역시 해운대구,죽도공원 산책로 보행환경 개선공사,주식회사 진성엔지니어링,3678701994,송여정,66706170,90.336,73645000,4256703,Y,-3.0,3.0,213
R26BK01703215,2026-09-03,전남광주통합특별시 보성군,보성 회천면 천포천 퇴적토 준설 공사,(유)산돌건설,4168155465,박국주,104148095,90.297,115800000,5818443,Y,-3.0,3.0,20
R26BK01702662,2026-09-03,전남광주통합특별시교육청 전남광주통합특별시여수교육지원청,여수충무고 햇빛이음학교 조성 태양광발전장치 설치 전기공사,유한회사 삼광전력,4128121323,조점덕,25043980,89.901,28006000,379873,Y,-3.0,3.0,125
R26BK01702914,2026-09-03,전북특별자치도교육청 전북특별자치도전주교육지원청 전주성심여자중학교,전주성심여자중학교 다목적체육관 기계설비공사 수의계약 안내공고,가나기업(주),4098192045,이정인,54099980,90.177,60820240,2468860,Y,-3.0,3.0,300
R26BK01702349,2026-09-03,전남광주통합특별시 장흥군,장평면 기동리 200-1번지 외딴집 상수관로 설치공사,미르건설주식회사,6328703367,박승현,32866270,90.184,36660000,1502433,Y,-3.0,3.0,11
R26BK01696953,2026-09-03,양산부산대학교병원,부산대학교 어린이병원 조혈모세포이식센터 리모델링 공사(소방),주식회사 삼성전기,6138178943,김정선,10845080,90.398,11990000,751117,Y,-2.0,2.0,302
R26BK01703945,2026-09-03,충청남도 부여군,규암면 반산2리 경로당 신축사업 철거공사(계약대행),(주)대영건설,3088106061,정봉일,60600367,89.954,67220000,1029026,Y,-3.0,3.0,24
R26BK01698781,2026-09-03,경기도교육청 경기도평택교육지원청,(가칭)고덕3초 신축 통신공사,주식회사 해솔이에프씨,7138601303,권영식,817894499,90.403,907980000,57882616,Y,-3.0,3.0,1854
R26BK01702180,2026-09-03,경기도교육청 경기도동두천양주교육지원청,유양초 신설대체이전 신축 소방공사,성보전기 주식회사,1268126145,김정환,1121930022,89.386,1238659000,70498282,Y,-3.0,3.0,1086
R26BK01660143,2026-09-03,조달청 인천지방조달청,계양배수지 건설공사,(주)성도건설,1318125245,박홍준,11751715564,87.859,13222271000,1059930080,Y,-3.0,3.0,29
R26BK01700907,2026-09-03,고성군산림조합,2026년 조림지풀베기사업[1지구] 2차(마암동해외지구),주식회사 연호산림,4538103272,정동민,52318385,89.985,57874000,652211,Y,-3.0,3.0,17
R26BK01686671,2026-09-03,인천광역시 경제자유구역청,청라의료복합타운 북측도로(대2-95호선) 정비공사,반도종합건설(주),3118138593,한기수,3437756700,89.456,3892846000,241380529,Y,-3.0,3.0,107
R26BK01697001,2026-09-03,강원특별자치도교육청 전인고등학교,전인고 기숙사 스프링클러 천장교체공사,보성디자인 주식회사,2258117114,안현수,271913330,90.435,300210000,19844821,Y,-3.0,3.0,126
R26BK01699161,2026-09-03,대구공공시설관리공단,두류지하도상가 비상발전기 설치 전기공사,주식회사 경도기술단,5138158292,한은아,223058230,90.151,248068000,9767794,Y,-3.0,3.0,699
R26BK01703092,2026-09-03,성남시의료원,2026년 성남시의료원 장례식장 냉난방기(EHP) 설치 공사,(주)홍익엔지니어링,2158188553,정종익,67436658,90.209,73939000,1612647,Y,-3.0,3.0,57
R26BK01703824,2026-09-03,경기도 오산시,"하반기 신장1,2동 도로변 및 보행로 예초 단가공사",옥산조경 주식회사,2318103712,박해성,49506000,90.327,55000000,2996369,Y,-3.0,3.0,27
R26BK01703794,2026-09-03,경기도 의정부시,의정부·의정부제일시장 아케이드 보수공사,주식회사 진흥종합건설,5688703483,유혜민,122829160,90.772,136994000,8534450,Y,-3.0,3.0,21
R26BK01703831,2026-09-03,강원특별자치도 춘천시,경지정리구역(안보지구) 농업생산기반시설 정비사업,합자회사 강림종합건설,2248119763,김동규,1924745700,89.447,2179953000,132829776,Y,-3.0,3.0,655
R26BK01698624,2026-09-03,대한적십자사강원도혈액원,2026년 강원혈액원 스프링클러 설치 소방 공사,주식회사신성전기소방공사,4338802074,김석원,298974600,90.37,328213286,20147651,Y,-2.0,2.0,248
R26BK01699270,2026-09-03,전북특별자치도교육청 전북특별자치도전주교육지원청 전주성심여자중학교,전주성심여자중학교 다목적체육관 증축 소방공사,주식회사 마한전력공사,4038124476,소춘오,85704990,90.283,95400720,4971135,Y,-3.0,3.0,258
R26BK01696842,2026-09-03,강원특별자치도교육청 전인고등학교,전인고 기숙사 스프링클러 설치 소방공사,주식회사 오성건설,1178193392,김남수,253592072,90.317,278783000,15485035,Y,-3.0,3.0,255
R26BK01698743,2026-09-03,부산광역시교육청 세연고등학교,세연고등학교 공간재구조화(리모델링) 정보통신공사,주식회사 우림이앤씨,6178621715,고차수,443358280,90.24,493131000,23626997,Y,-3.0,3.0,443
R26BK01703350,2026-09-03,경기도 용인시 기흥구,2026년 기흥구 하천시설물 유지보수 연간단가공사(3권역-2차),나우건설 주식회사,3178601459,김영선,90565557,90.351,100000000,5910828,Y,-3.0,3.0,98
R26BK01703299,2026-09-03,경기도 이천시,"노후,불량 하수맨홀 정비공사(1구역)",주식회사 대창건설,1268168859,엄기은,170382900,90.385,189390000,11482032,Y,-3.0,3.0,51
R26BK01703359,2026-09-03,경상남도 동부도로관리사업소,정암교(하) 의령방향 보수공사,(주)인우건설,6168140029,정득순,50510140,90.281,56100000,2926284,Y,-3.0,3.0,1000
R26BK01703955,2026-09-03,부산광역시교육청 부산광역시북부교육지원청,덕문중학교 등 2교(덕문고) 사택보수 소방공사,주식회사 성원산업,6078181201,이재형,42055980,90.316,46197000,2528895,Y,-3.0,3.0,323
R26BK01703807,2026-09-03,경기도 오산시,하반기 남촌동 도로변 및 보행로 예초 단가공사,주식회사 그리다조경,2598100348,김선미,49440000,90.372,55000000,2996369,Y,-3.0,3.0,27
R26BK01702487,2026-09-03,전남광주통합특별시 장흥군,안양면 당암리 239번지 외딴집 상수관로 설치공사,주식회사상광산업,4148102996,방철배,31119180,90.789,34770000,1418608,Y,-3.0,3.0,11
R26BK01700861,2026-09-03,고성군산림조합,2026년 조림지풀베기사업[1지구] 2차(구만영오외지구),주식회사 숲과문화,6618704103,민정인,64929220,90.116,72144000,812805,Y,-3.0,3.0,17
R26BK01702636,2026-09-03,전남광주통합특별시교육청 전남광주통합특별시여수교육지원청,여수중 햇빛이음학교 조성 태양광발전장치 설치 전기공사,주식회사 월드테크,2938101880,이상재,22116500,89.892,24706000,327945,Y,-3.0,3.0,126
R26BK01696950,2026-09-03,양산부산대학교병원,부산대학교 어린이병원 조혈모세포이식센터 리모델링 공사(통신),주식회사 성민전력,6138146403,이영덕,14100706,90.381,15730000,966060,Y,-2.0,2.0,424
R26BK01701057,2026-09-03,고성군산림조합,2026년 조림지풀베기사업[2지구] 2차(구만동해상리삼산외지구),주식회사 성호,8528800961,이찬주,78903300,89.91,88655000,998487,Y,-3.0,3.0,17
R26BK01697206,2026-09-03,충청북도 제천시 환경사업소,제천하수처리장 생슬러지펌프 및 배관 개량공사,주식회사 삼성알앤아이,5148801923,조지현,76046379,90.642,83000000,3618302,Y,-3.0,3.0,15
R26BK01696941,2026-09-03,양산부산대학교병원,부산대학교 어린이병원 조혈모세포이식센터 리모델링 공사(전기),주식회사 다현,5888702168,김순자,29204100,90.375,32340000,1987137,Y,-2.0,2.0,1297
R26BK01656752,2026-09-03,조달청 인천지방조달청,용인시 노후하수관로 정비사업(2차),래미안건설(주),1208198618,김용만,12748468748,84.423,15092046000,1264259968,Y,-3.0,3.0,94
R26BK01702871,2026-09-03,부산광역시 강서구,오봉교 하단 체육시설 정비 공사,백양조경개발,6210759516,권태식,52863960,90.6,58419000,4828047,Y,-3.0,3.0,213
R26BK01703197,2026-09-03,전남광주통합특별시 보성군,농기계임대사업소(남부지소) 환경개선 공사,와이에스종합건설주식회사,3088121626,이성민,61383962,90.847,68057000,3122912,Y,-3.0,3.0,3
R26BK01702683,2026-09-03,전남광주통합특별시교육청 전남광주통합특별시여수교육지원청,여수화양고 햇빛이음학교 조성 태양광발전장치 설치 전기공사,대천소방 주식회사,5058700919,문덕남,54307122,89.972,60089000,929287,Y,-3.0,3.0,128
R26BK01702703,2026-09-03,경상북도 영덕군,영해만세시장 고객지원센터 리모델링 공사 견적제출 안내공고,주식회사 다산,2288802905,김준모,44002848,90.179,48890000,1873774,Y,-3.0,3.0,5
R26BK01702921,2026-09-03,광주교통공사,강체전차선로 지지애자 세척공사 수의견적 제출 안내공고,명아이엔지(주),3428600010,최옥연,37724530,89.863,42244000,465931,Y,-3.0,3.0,542
R26BK01702856,2026-09-03,경기도 수원시,대유평공원 정비(북측주차장 공원화)공사,주식회사 태정,5138162724,윤혜숙,166460200,91.285,180646000,27324346,Y,-3.0,3.0,79
R26BK01702724,2026-09-03,강원특별자치도교육청 강원특별자치도원주교육지원청,흥양초 외부환경 개선공사,원주포장건설 주식회사,8908801017,박영희,78668600,90.406,87749000,5519058,Y,-3.0,3.0,34
R26BK01702371,2026-09-03,강원특별자치도 화천군,조직개편에 따른 별관청사 사무실 리모델링 공사(기계),세운모타공구(경동나비엔 화천대리점),2213222863,정기범,41825460,90.299,46421000,999302,Y,-3.0,3.0,8
R26BK01698718,2026-09-03,경상북도 안동시,서후 저전지구 면단위하수처리시설 설치사업(전기 및 계측제어)-총괄분,조양전업,5080222079,김미숙,185566600,90.42,204028000,13370661,Y,-3.0,3.0,1244
R26BK01702296,2026-09-03,전남광주통합특별시교육청 전남광주통합특별시여수교육지원청,여천고 햇빛이음학교 조성 태양광발전장치 설치 전기공사,(주)화성전력,4178129688,정미령,32743519,89.908,36751000,474954,Y,-3.0,3.0,128
R26BK01703657,2026-09-03,대전광역시교육청,대전전자디자인고 수변전시설 교체 전기공사 수의계약 견적제출 안내공고,(주)탑전기,3058168544,임인수,76639563,90.097,,2881150,Y,-3.0,3.0,559
R26BK01698823,2026-09-03,경기도교육청 경기도평택교육지원청,(가칭)고덕6고 신축 통신공사,(주)아스텍통신,1278129000,이부전,908087900,90.395,,63694737,Y,-3.0,3.0,1835
R26BK01683641,2026-09-03,조달청 서울지방조달청,포천고 공간재구조화 개축 및 리모델링공사,주식회사 월드뷰종합건설,6178190895,김광수,10168243000,86.665,,693756331,Y,-3.0,3.0,375
R26BK01703241,2026-09-03,전남광주통합특별시 보성군,보성 보성읍 봉화천 퇴적토 준설 공사,한미건설(주),4088120932,문순자,231494342,90.24,,12154828,Y,-3.0,3.0,524
R26BK01703973,2026-09-03,부산광역시교육청 부산광역시북부교육지원청,덕문중학교 등 2교(덕문고) 사택보수 정보통신공사,주식회사 연합전설,6068180475,박찬주,41197000,90.318,,2527264,Y,-3.0,3.0,500
R26BK01701444,2026-09-03,강원특별자치도 원주시,봉산동 생명모심 커뮤니티 케어센터 주차장 조성공사,백산개발(주),4098178723,박미영,53822114,90.192,,2543278,Y,-3.0,3.0,93
R26BK01702506,2026-09-03,전남광주통합특별시 장흥군,대덕읍 잠두리 7번지 외딴집 상수관로 설치공사,(주)서기건설,4098625691,차진영,32496846,90.381,,1424588,Y,-3.0,3.0,11
R26BK01702661,2026-09-03,경북대학교병원,6동 노후 무정전전원장치(UPS) 교체공사(소방)(긴급),(주)선우이엔지,5028168859,류태한,35080800,90.777,,1973345,Y,-2.0,2.0,191
R26BK01693049,2026-09-03,조달청 경남지방조달청,의령여자중학교 미래학교 공간재구조화사업 본관동 개축 통신공사,대보전력 주식회사,6098118096,노칠석,457948227,90.399,,32274825,Y,-3.0,3.0,437
R26BK01696788,2026-09-03,한국지질자원연구원,백악기룸 외 환경개선공사(전기),어스테크코리아,3141702808,고병옥,74172430,90.359,,4907215,Y,-2.0,2.0,549
R26BK01701434,2026-09-03,경상북도 고령군,다산면 호촌리 암반관정 설치,대원조경건설(주),5118108438,박서희,48465740,90.346,,2198212,Y,-3.0,3.0,12
R26BK01700996,2026-09-03,고성군산림조합,2026년 조림지풀베기사업[2지구] 2차(고성거류대가영오외지구),주식회사 여산,6138159854,오채우,84371600,90.118,94437000,1063610,Y,-3.0,3.0,17
R26BK01702949,2026-09-03,대구광역시교육청 대구광역시남부교육지원청,대구장동초등학교 환경개선공사,주식회사 동영에이디,5048617161,박경식,199248050,90.18,,9073745,Y,-3.0,3.0,210
R26BK01700692,2026-09-03,경상북도 영천시,임고면 선원2리 경로당 보수공사(건축),주식회사  한아건설,5148152480,곽동석,67800390,90.256,,3084237,Y,-3.0,3.0,33
R26BK01699499,2026-09-03,국가데이터처 동남지방데이터청,동남지방데이터청 합천분소 장애인편의시설 설치공사,주식회사 오름건설,6138138034,이순상,101787640,90.24,,5440672,Y,-2.0,2.0,689
R26BK01703510,2026-09-03,대구광역시교육청 대구광역시남부교육지원청,대구이곡초등학교 환경개선공사,주식회사 삼우종합건설,3868700360,윤종호,123087290,90.229,,6340754,Y,-3.0,3.0,284
R26BK01701528,2026-09-03,경기도 가평군,상동리 불기마을 경로당 신축공사 수의견적제출 안내 공고(민간대행),주식회사 다함,1858100713,우승일,227438689,90.367,,11082666,Y,-3.0,3.0,9
R26BK01698646,2026-09-03,부산광역시교육청 세연고등학교,세연고등학교 공간재구조화(리모델링) 전기공사,주식회사 대동이앤씨,1648802805,김기영,834188758,90.309,,50681815,Y,-3.0,3.0,750
R26BK01702181,2026-09-03,전남광주통합특별시 장흥군,관산 산동항 준설공사,에이치엔건설 주식회사,4688600592,강장원,116076750,91.712,,5638583,Y,-3.0,3.0,2
R26BK01703499,2026-09-03,경상남도 양산시,동면지구 녹지대 풀베기 사업(26년 2차),(주)대림조경,3148142999,장종운,27894900,89.881,31281000,342998,Y,-3.0,3.0,51
R26BK01703981,2026-09-03,충청남도 부여군,규암면 반산2리 경로당 신축사업 전기공사(계약대행),주식회사온향전기,5358801309,김동상,24686790,90.363,,1481870,Y,-3.0,3.0,56
R26BK01703391,2026-09-03,경기도 고양시,일산호수공원 야외무대 관람석 개선사업,주식회사 상우건설,2818702627,박환이,46905600,90.164,51983000,2064767,Y,-3.0,3.0,73
R26BK01698912,2026-09-03,부산광역시교육청 세연고등학교,세연고등학교 공간재구조화(리모델링) 소방공사,주식회사 극동전업사,6068139767,박봉재,247106840,90.301,,12656871,Y,-3.0,3.0,315
R26BK01703683,2026-09-03,강원특별자치도 춘천시,정원문화확산 인프라시설 시험포지 조성공사,(주)연우건설,4018120324,임경태,128778000,90.296,,7449675,Y,-3.0,3.0,88
R26BK01703392,2026-09-03,경상남도 양산시,물금지구 녹지대 풀베기 사업(26년 2차),(주)신우랜드산업,7838803319,이경수,29138900,89.864,32389000,355146,Y,-3.0,3.0,50
R26BK01704114,2026-09-03,강원특별자치도교육청 강원특별자치도원주교육지원청,영서고 외부환경 개선공사 소액수의 안내공고,주식회사 부강건설,1238621471,박선영,86041602,90.522,,6567315,Y,-3.0,3.0,55
R26BK01701004,2026-09-03,경기도 김포시,계양천교 신축이음 보수공사,주식회사 한국내진공사,2348505658,김정연,275667150,90.425,,20232501,Y,-3.0,3.0,456
R26BK01703689,2026-09-03,경기도 오산시,"하반기 대원1,2동 도로변 및 보행로 예초 단가공사",주식회사 나래조경,4118800509,김진희,49144250,90.596,,2996369,Y,-3.0,3.0,26
R26BK01697330,2026-09-03,인천광역시 종합건설본부,2026년 연수구 능허대로 재난대비 도로유지보수공사,동희건설 주식회사,1318176822,허영복,102972000,90.899,,12675931,Y,-3.0,3.0,239
R26BK01684729,2026-09-03,강원특별자치도 춘천시 상하수도사업본부,"동면 만천리(구봉산 일대) 하수관로 정비사업(토목,기계)",현대아산주식회사,2218113834,이백훈,1034591222,89.819,,74495146,Y,-3.0,3.0,14
R26BK01701494,2026-09-03,경기도교육청 경기도수원교육지원청,수원칠보고 교사동 옥상 방수공사,주식회사 다성건업,3928101080,김동진,118295700,90.384,,7256033,Y,-3.0,3.0,51
R26BK01703300,2026-09-03,경상남도 양산시,사송지구 녹지대 풀베기 사업(26년 2차),삼현아키텍 주식회사,3958102322,이익성,36433109,89.949,40505000,444126,Y,-3.0,3.0,51
R26BK01703408,2026-09-03,경기도 이천시,"노후,불량 하수맨홀 정비공사(2구역)",정산건설(주),1268150494,최송규,157136461,90.376,,10308540,Y,-3.0,3.0,50
R26BK01702652,2026-09-03,경상북도교육청 경상북도포항교육지원청,포항항도초등학교 다목적강당 지붕개체 전기공사 소액수의 견적제출 공고,주식회사 동아이앤티,5828601825,최순희,39474000,90.352,,2574882,Y,-3.0,3.0,192
R26BK01700218,2026-09-03,법무부 대전지방교정청 홍성교도소,홍성교도소 보호·진정실 스프링클러 설치 등 소방공사 소액수의 견적제출 안내,주식회사 온빛건설,1288125410,이동길,65556780,90.276,,3745569,Y,-2.0,2.0,255
R26BK01701913,2026-09-03,부산광역시 해운대구,죽도공원 산책로 보행환경 개선공사,주식회사 진성엔지니어링,3678701994,송여정,66706170,90.336,,4256703,Y,-3.0,3.0,213
R26BK01703215,2026-09-03,전남광주통합특별시 보성군,보성 회천면 천포천 퇴적토 준설 공사,(유)산돌건설,4168155465,박국주,104148095,90.297,,5818443,Y,-3.0,3.0,20
R26BK01702662,2026-09-03,전남광주통합특별시교육청 전남광주통합특별시여수교육지원청,여수충무고 햇빛이음학교 조성 태양광발전장치 설치 전기공사,유한회사 삼광전력,4128121323,조점덕,25043980,89.901,,379873,Y,-3.0,3.0,125
R26BK01702914,2026-09-03,전북특별자치도교육청 전북특별자치도전주교육지원청 전주성심여자중학교,전주성심여자중학교 다목적체육관 기계설비공사 수의계약 안내공고,가나기업(주),4098192045,이정인,54099980,90.177,,2468860,Y,-3.0,3.0,300
R26BK01702349,2026-09-03,전남광주통합특별시 장흥군,장평면 기동리 200-1번지 외딴집 상수관로 설치공사,미르건설주식회사,6328703367,박승현,32866270,90.184,,1502433,Y,-3.0,3.0,11
R26BK01696953,2026-09-03,양산부산대학교병원,부산대학교 어린이병원 조혈모세포이식센터 리모델링 공사(소방),주식회사 삼성전기,6138178943,김정선,10845080,90.398,,751117,Y,-2.0,2.0,302
R26BK01703945,2026-09-03,충청남도 부여군,규암면 반산2리 경로당 신축사업 철거공사(계약대행),(주)대영건설,3088106061,정봉일,60600367,89.954,,1029026,Y,-3.0,3.0,24
R26BK01698781,2026-09-03,경기도교육청 경기도평택교육지원청,(가칭)고덕3초 신축 통신공사,주식회사 해솔이에프씨,7138601303,권영식,817894499,90.403,,57882616,Y,-3.0,3.0,1854
R26BK01702180,2026-09-03,경기도교육청 경기도동두천양주교육지원청,유양초 신설대체이전 신축 소방공사,성보전기 주식회사,1268126145,김정환,1121930022,89.386,,70498282,Y,-3.0,3.0,1086
R26BK01660143,2026-09-03,조달청 인천지방조달청,계양배수지 건설공사,(주)성도건설,1318125245,박홍준,11751715564,87.859,,1059930080,Y,-3.0,3.0,29
R26BK01700907,2026-09-03,고성군산림조합,2026년 조림지풀베기사업[1지구] 2차(마암동해외지구),주식회사 연호산림,4538103272,정동민,52318385,89.985,57874000,652211,Y,-3.0,3.0,17
R26BK01686671,2026-09-03,인천광역시 경제자유구역청,청라의료복합타운 북측도로(대2-95호선) 정비공사,반도종합건설(주),3118138593,한기수,3437756700,89.456,,241380529,Y,-3.0,3.0,107
R26BK01697001,2026-09-03,강원특별자치도교육청 전인고등학교,전인고 기숙사 스프링클러 천장교체공사,보성디자인 주식회사,2258117114,안현수,271913330,90.435,,19844821,Y,-3.0,3.0,126
R26BK01699161,2026-09-03,대구공공시설관리공단,두류지하도상가 비상발전기 설치 전기공사,주식회사 경도기술단,5138158292,한은아,223058230,90.151,,9767794,Y,-3.0,3.0,699
R26BK01703092,2026-09-03,성남시의료원,2026년 성남시의료원 장례식장 냉난방기(EHP) 설치 공사,(주)홍익엔지니어링,2158188553,정종익,67436658,90.209,,1612647,Y,-3.0,3.0,57
R26BK01703824,2026-09-03,경기도 오산시,"하반기 신장1,2동 도로변 및 보행로 예초 단가공사",옥산조경 주식회사,2318103712,박해성,49506000,90.327,,2996369,Y,-3.0,3.0,27
R26BK01703794,2026-09-03,경기도 의정부시,의정부·의정부제일시장 아케이드 보수공사,주식회사 진흥종합건설,5688703483,유혜민,122829160,90.772,,8534450,Y,-3.0,3.0,21
R26BK01703831,2026-09-03,강원특별자치도 춘천시,경지정리구역(안보지구) 농업생산기반시설 정비사업,합자회사 강림종합건설,2248119763,김동규,1924745700,89.447,,132829776,Y,-3.0,3.0,655
R26BK01698624,2026-09-03,대한적십자사강원도혈액원,2026년 강원혈액원 스프링클러 설치 소방 공사,주식회사신성전기소방공사,4338802074,김석원,298974600,90.37,,20147651,Y,-2.0,2.0,248
R26BK01699270,2026-09-03,전북특별자치도교육청 전북특별자치도전주교육지원청 전주성심여자중학교,전주성심여자중학교 다목적체육관 증축 소방공사,주식회사 마한전력공사,4038124476,소춘오,85704990,90.283,,4971135,Y,-3.0,3.0,258
R26BK01696842,2026-09-03,강원특별자치도교육청 전인고등학교,전인고 기숙사 스프링클러 설치 소방공사,주식회사 오성건설,1178193392,김남수,253592072,90.317,,15485035,Y,-3.0,3.0,255
R26BK01698743,2026-09-03,부산광역시교육청 세연고등학교,세연고등학교 공간재구조화(리모델링) 정보통신공사,주식회사 우림이앤씨,6178621715,고차수,443358280,90.24,,23626997,Y,-3.0,3.0,443
R26BK01703350,2026-09-03,경기도 용인시 기흥구,2026년 기흥구 하천시설물 유지보수 연간단가공사(3권역-2차),나우건설 주식회사,3178601459,김영선,90565557,90.351,,5910828,Y,-3.0,3.0,98
R26BK01703299,2026-09-03,경기도 이천시,"노후,불량 하수맨홀 정비공사(1구역)",주식회사 대창건설,1268168859,엄기은,170382900,90.385,,11482032,Y,-3.0,3.0,51
R26BK01703359,2026-09-03,경상남도 동부도로관리사업소,정암교(하) 의령방향 보수공사,(주)인우건설,6168140029,정득순,50510140,90.281,,2926284,Y,-3.0,3.0,1000
R26BK01703955,2026-09-03,부산광역시교육청 부산광역시북부교육지원청,덕문중학교 등 2교(덕문고) 사택보수 소방공사,주식회사 성원산업,6078181201,이재형,42055980,90.316,,2528895,Y,-3.0,3.0,323
R26BK01703807,2026-09-03,경기도 오산시,하반기 남촌동 도로변 및 보행로 예초 단가공사,주식회사 그리다조경,2598100348,김선미,49440000,90.372,,2996369,Y,-3.0,3.0,27
R26BK01702487,2026-09-03,전남광주통합특별시 장흥군,안양면 당암리 239번지 외딴집 상수관로 설치공사,주식회사상광산업,4148102996,방철배,31119180,90.789,,1418608,Y,-3.0,3.0,11
R26BK01700861,2026-09-03,고성군산림조합,2026년 조림지풀베기사업[1지구] 2차(구만영오외지구),주식회사 숲과문화,6618704103,민정인,64929220,90.116,72144000,812805,Y,-3.0,3.0,17
R26BK01702636,2026-09-03,전남광주통합특별시교육청 전남광주통합특별시여수교육지원청,여수중 햇빛이음학교 조성 태양광발전장치 설치 전기공사,주식회사 월드테크,2938101880,이상재,22116500,89.892,,327945,Y,-3.0,3.0,126
R26BK01696950,2026-09-03,양산부산대학교병원,부산대학교 어린이병원 조혈모세포이식센터 리모델링 공사(통신),주식회사 성민전력,6138146403,이영덕,14100706,90.381,,966060,Y,-2.0,2.0,424
R26BK01701057,2026-09-03,고성군산림조합,2026년 조림지풀베기사업[2지구] 2차(구만동해상리삼산외지구),주식회사 성호,8528800961,이찬주,78903300,89.91,88655000,998487,Y,-3.0,3.0,17
R26BK01697206,2026-09-03,충청북도 제천시 환경사업소,제천하수처리장 생슬러지펌프 및 배관 개량공사,주식회사 삼성알앤아이,5148801923,조지현,76046379,90.642,,3618302,Y,-3.0,3.0,15
R26BK01696941,2026-09-03,양산부산대학교병원,부산대학교 어린이병원 조혈모세포이식센터 리모델링 공사(전기),주식회사 다현,5888702168,김순자,29204100,90.375,,1987137,Y,-2.0,2.0,1297
R26BK01656752,2026-09-03,조달청 인천지방조달청,용인시 노후하수관로 정비사업(2차),래미안건설(주),1208198618,김용만,12748468748,84.423,,1264259968,Y,-3.0,3.0,94
R26BK01702871,2026-09-03,부산광역시 강서구,오봉교 하단 체육시설 정비 공사,백양조경개발,6210759516,권태식,52863960,90.6,,4828047,Y,-3.0,3.0,213
R26BK01703197,2026-09-03,전남광주통합특별시 보성군,농기계임대사업소(남부지소) 환경개선 공사,와이에스종합건설주식회사,3088121626,이성민,61383962,90.847,,3122912,Y,-3.0,3.0,3
R26BK01702683,2026-09-03,전남광주통합특별시교육청 전남광주통합특별시여수교육지원청,여수화양고 햇빛이음학교 조성 태양광발전장치 설치 전기공사,대천소방 주식회사,5058700919,문덕남,54307122,89.972,,929287,Y,-3.0,3.0,128
R26BK01702703,2026-09-03,경상북도 영덕군,영해만세시장 고객지원센터 리모델링 공사 견적제출 안내공고,주식회사 다산,2288802905,김준모,44002848,90.179,,1873774,Y,-3.0,3.0,5
R26BK01702921,2026-09-03,광주교통공사,강체전차선로 지지애자 세척공사 수의견적 제출 안내공고,명아이엔지(주),3428600010,최옥연,37724530,89.863,,465931,Y,-3.0,3.0,542
R26BK01702856,2026-09-03,경기도 수원시,대유평공원 정비(북측주차장 공원화)공사,주식회사 태정,5138162724,윤혜숙,166460200,91.285,,27324346,Y,-3.0,3.0,79
R26BK01702724,2026-09-03,강원특별자치도교육청 강원특별자치도원주교육지원청,흥양초 외부환경 개선공사,원주포장건설 주식회사,8908801017,박영희,78668600,90.406,,5519058,Y,-3.0,3.0,34
R26BK01702371,2026-09-03,강원특별자치도 화천군,조직개편에 따른 별관청사 사무실 리모델링 공사(기계),세운모타공구(경동나비엔 화천대리점),2213222863,정기범,41825460,90.299,,999302,Y,-3.0,3.0,8
R26BK01698718,2026-09-03,경상북도 안동시,서후 저전지구 면단위하수처리시설 설치사업(전기 및 계측제어)-총괄분,조양전업,5080222079,김미숙,185566600,90.42,,13370661,Y,-3.0,3.0,1244
R26BK01702296,2026-09-03,전남광주통합특별시교육청 전남광주통합특별시여수교육지원청,여천고 햇빛이음학교 조성 태양광발전장치 설치 전기공사,(주)화성전력,4178129688,정미령,32743519,89.908,,474954,Y,-3.0,3.0,128
R26BK01703841,2026-09-03,경기도 오산시,하반기 세마동 도로변 및 보행로 예초 단가공사,한서조경,6021496804,송혜정,50435000,90.417,55000000,2996369,Y,-3.0,3.0,27
R26BK01703869,2026-09-03,경기도 오산시,하반기 초평동 도로변 및 보행로 예초 단가공사,주식회사 국보건설,1358635717,김승희,49564384,90.357,55000000,2996369,Y,-3.0,3.0,27
R26BK01711339,2026-09-03,한국농어촌공사 충남지역본부 부여지사,2026년 남면홍산지구 양·배수장 기계설비 보수공사,(주)대성산업기계,3088114203,송상현,19548000,89.834,,,,,,1
R26BK01702971,2026-09-03,청계농업협동조합,"청계농협 농업인교육장 및 영농자재센터 현대화사업 신축공사(건축,토목)",유한회사 유림건설,4168146350,김대헌,1409363600,89.26,1581414000,68767179,Y,-3.0,3.0,200
R26BK01703841,2026-09-03,경기도 오산시,하반기 세마동 도로변 및 보행로 예초 단가공사,한서조경,6021496804,송혜정,50435000,90.417,,2996369,Y,-3.0,3.0,27
R26BK01703869,2026-09-03,경기도 오산시,하반기 초평동 도로변 및 보행로 예초 단가공사,주식회사 국보건설,1358635717,김승희,49564384,90.357,,2996369,Y,-3.0,3.0,27
R26BK01711339,2026-09-03,한국농어촌공사 충남지역본부 부여지사,2026년 남면홍산지구 양·배수장 기계설비 보수공사,(주)대성산업기계,3088114203,송상현,19548000,89.834,,,,,,1
R26BK01702971,2026-09-03,청계농업협동조합,"청계농협 농업인교육장 및 영농자재센터 현대화사업 신축공사(건축,토목)",유한회사 유림건설,4168146350,김대헌,1409363600,89.26,,68767179,Y,-3.0,3.0,200
R26BK01703759,2026-09-03,제주특별자치도 서귀포시,2026년 국가임도 구조개량 및 보수사업,제주시산림조합,6168200121,김근선,99225000,91.013,110245000,9514546,Y,-3.0,3.0,3
R26BK01704078,2026-09-03,전남광주통합특별시 순천시,순천 공공하수처리시설 신설동 고압 송풍기 교체 전기공사,(주) 썬텍,4168600679,정종근,34236906,90.569,38116600,2911785,Y,-3.0,3.0,150
R26BK01699408,2026-09-03,충청남도 서천군,2025년 주차환경개선사업(서천사곡) 주차장 조성공사,성환건설 주식회사,3098104144,박두환,64922000,90.407,71880000,3258879,Y,-3.0,3.0,16
R26BK01710597,2026-09-03,강원특별자치도 춘천시 농업기술센터,2026년 임도유지관리(보수)사업(1권역),춘천시산림조합,2218200622,임동일,127885000,89.745,,,,,,1
R26BK01709420,2026-09-03,서울특별시 물재생센터 중랑물재생센터,노후 공정용 유량계 교체공사,주식회사 한진테크,6098608443,김하늘,15351000,94.999,,,,,,1
R26BK01702635,2026-09-03,경상남도 밀양시,내대지구 외 1개소 관정개발사업,주식회사 영남건설,6158105771,김지태,91426600,91.917,98450000,4201991,Y,-3.0,3.0,22
R26BK01696731,2026-09-03,경기도 남양주시 상하수도관리센터,화도정수장 침전지 저류시설 내부 도색 및 크랙 보수공사,주식회사 아산피앤씨,1218701952,윤경순,180771000,90.382,200000000,11622039,Y,-3.0,3.0,51
R26BK01686526,2026-09-03,한국농어촌공사 경남지역본부 거창.함양지사,금호지구 농촌공간정비사업 토목건축공사,株式會社 三友建設,6138102725,신순정,1379883000,89.313,1549911000,77781556,Y,-2.0,2.0,323
R26BK01700468,2026-09-03,함양군산림조합,2026년 조림지풀베기사업(2차-1구역),천령임업(주),6118114074,문기동,56161600,89.911,62830000,707564,Y,-3.0,3.0,14
R26BK01711553,2026-09-03,한국농어촌공사 경남지역본부 창녕지사,(가뭄대책)옥천계창지구 직접급수 간이양수장 토목공사,아이엑스 주식회사,6158158545,전은재,47400000,89.305,,,,,,1
R26BK01700074,2026-09-03,한국농어촌공사 전남지역본부 고흥지사,취도금사항 어촌신활력증진사업 토목건축공사,주식회사 대영,4088115201,박수정,670140800,90.305,745678000,40301574,Y,-2.0,2.0,513
R26BK01696775,2026-09-03,경기도 오산시,죽미체육공원 다목적체육관 시설환경 개선공사(건축),두레이앤씨 주식회사,4158152034,김문성,336055442,90.33,376217550,21148628,Y,-3.0,3.0,1188
R26BK01702666,2026-09-03,서울특별시,2026년 교통신호기 신설 및 보수공사(연간단가-제1구역),(주)이맥스파워,1378613553,이원열,345036180,90.214,382959000,17497296,Y,-3.0,3.0,1560
R26BK01700365,2026-09-03,전남광주통합특별시 순천시,딸기 원묘 생산시설 구축공사,해원건설(주),4168170466,양윤숙,233777900,90.211,258577000,11681295,Y,-3.0,3.0,516
R26BK01701777,2026-09-03,전북특별자치도 군산시,철길숲 1구간 및 공원화장실 신축공사,에스아이종합건설주식회사,1758600609,최민서,251706753,90.343,278627000,14440891,Y,-3.0,3.0,85
R26BK01700878,2026-09-03,경기도 화성시 만세구,원천리 공동작업장 조성공사(건축),해평산업(주),5138110871,최인락,202622842,90.257,222199000,11113108,Y,-3.0,3.0,124
R26BK01703390,2026-09-03,경기도교육청 경기도화성오산교육지원청,성호고 체육관 보수 냉난방기 철거 및 설치공사,주식회사 하성엔지니어링,3188602693,박동현,45312700,90.478,50094000,3367098,Y,-3.0,3.0,66
R26BK01699408,2026-09-03,충청남도 서천군,2025년 주차환경개선사업(서천사곡) 주차장 조성공사,성환건설 주식회사,3098104144,박두환,64922000,90.407,,3258879,Y,-3.0,3.0,16
R26BK01710597,2026-09-03,강원특별자치도 춘천시 농업기술센터,2026년 임도유지관리(보수)사업(1권역),춘천시산림조합,2218200622,임동일,127885000,89.745,,,,,,1
R26BK01709420,2026-09-03,서울특별시 물재생센터 중랑물재생센터,노후 공정용 유량계 교체공사,주식회사 한진테크,6098608443,김하늘,15351000,94.999,,,,,,1
R26BK01702635,2026-09-03,경상남도 밀양시,내대지구 외 1개소 관정개발사업,주식회사 영남건설,6158105771,김지태,91426600,91.917,98450000,4201991,Y,-3.0,3.0,22
R26BK01696731,2026-09-03,경기도 남양주시 상하수도관리센터,화도정수장 침전지 저류시설 내부 도색 및 크랙 보수공사,주식회사 아산피앤씨,1218701952,윤경순,180771000,90.382,,11622039,Y,-3.0,3.0,51
R26BK01686526,2026-09-03,한국농어촌공사 경남지역본부 거창.함양지사,금호지구 농촌공간정비사업 토목건축공사,株式會社 三友建設,6138102725,신순정,1379883000,89.313,,77781556,Y,-2.0,2.0,323
R26BK01700468,2026-09-03,함양군산림조합,2026년 조림지풀베기사업(2차-1구역),천령임업(주),6118114074,문기동,56161600,89.911,62830000,707564,Y,-3.0,3.0,14
R26BK01703894,2026-09-03,충청남도 아산시,인주 파크골프장 조성공사(부대시설 설치),유한회사 숲경영,2448703802,김종성,50254650,90.5,55541000,3918748,Y,-3.0,3.0,44
R26BK01711553,2026-09-03,한국농어촌공사 경남지역본부 창녕지사,(가뭄대책)옥천계창지구 직접급수 간이양수장 토목공사,아이엑스 주식회사,6158158545,전은재,47400000,89.305,,,,,,1
R26BK01700074,2026-09-03,한국농어촌공사 전남지역본부 고흥지사,취도금사항 어촌신활력증진사업 토목건축공사,주식회사 대영,4088115201,박수정,670140800,90.305,,40301574,Y,-2.0,2.0,513
R26BK01696775,2026-09-03,경기도 오산시,죽미체육공원 다목적체육관 시설환경 개선공사(건축),두레이앤씨 주식회사,4158152034,김문성,336055442,90.33,,21148628,Y,-3.0,3.0,1188
R26BK01702666,2026-09-03,서울특별시,2026년 교통신호기 신설 및 보수공사(연간단가-제1구역),(주)이맥스파워,1378613553,이원열,345036180,90.214,382959000,17497296,Y,-3.0,3.0,1560
R26BK01700365,2026-09-03,전남광주통합특별시 순천시,딸기 원묘 생산시설 구축공사,해원건설(주),4168170466,양윤숙,233777900,90.211,258577000,11681295,Y,-3.0,3.0,516
R26BK01701777,2026-09-03,전북특별자치도 군산시,철길숲 1구간 및 공원화장실 신축공사,에스아이종합건설주식회사,1758600609,최민서,251706753,90.343,278627000,14440891,Y,-3.0,3.0,85
R26BK01700878,2026-09-03,경기도 화성시 만세구,원천리 공동작업장 조성공사(건축),해평산업(주),5138110871,최인락,202622842,90.257,,11113108,Y,-3.0,3.0,124
R26BK01703390,2026-09-03,경기도교육청 경기도화성오산교육지원청,성호고 체육관 보수 냉난방기 철거 및 설치공사,주식회사 하성엔지니어링,3188602693,박동현,45312700,90.478,,3367098,Y,-3.0,3.0,66
R26BK01702505,2026-09-03,경상남도 창녕군,계성 신당마을 도로포장 보강공사,세원종합건설주식회사,6118108723,김종민,28114130,90.277,31070000,1496215,Y,-3.0,3.0,50
R26BK01703079,2026-09-03,전남광주통합특별시 서구,(국공립)서구중앙어린이집 지반침하 및 누수공사,(유)영근산업,4108611237,윤징하,99371600,90.302,110979000,5909476,Y,-3.0,3.0,261
R26BK01711628,2026-09-03,경기도 이천시 환경수자원국 하수과,남정~도암간 시도3호선 일원 하수관로 준설공사,(주)남광건설,1268609817,정미경,41489100,90.909,,,,,,1
R26BK01711640,2026-09-03,경기도 이천시 환경수자원국 하수과,"2026년 하반기 하수관로 긴급보수공사(단가, 2구역)",가람건설(주),1358138359,이금련,49365900,90.909,,,,,,1
R26BK01700101,2026-09-03,충청북도 청주시,가덕면 금거1리 일원 급수구역 확대사업(2차분),(주)현창건설,3018192800,김경환,238564770,90.726,264150000,25073790,Y,-3.0,3.0,434
R26BK01711534,2026-09-03,한국농어촌공사 경남지역본부 창녕지사,(가뭄대책)환곡저수지 직접급수 간이양수장 토목공사,아이엑스 주식회사,6158158545,전은재,34820000,89.302,,,,,,1
R26BK01702654,2026-09-03,경상남도 밀양시,무릉소하천 정비공사,대성종합건설 주식회사,6158120054,김진태,209865940,90.262,232100000,11518709,Y,-3.0,3.0,40
R26BK01702510,2026-09-03,경상남도 창녕군,성산 정녕2구 안길 도로 재포장공사,주식회사 효진건설,5648701222,송성헌,24807169,90.205,27600000,1101135,Y,-3.0,3.0,18
R26BK01702648,2026-09-03,충청북도 청주시,북이 강진보 개보수사업,(주)은성건설,3158132437,권찬성,91029900,90.272,101590000,5034966,Y,-3.0,3.0,112
R26BK01702645,2026-09-03,경상남도 밀양시,마흘지구 외 1개소 관정개발사업,영남지하수개발,2083239605,진진숙,85135950,90.21,94100000,4039194,Y,-3.0,3.0,22
R26BK01698732,2026-09-03,충청남도 서천군,2025년 주차환경개선사업(장항원수) 주차장 조성공사,주식회사 이너텍,4018149715,김주영,164237900,90.289,183310000,9576238,Y,-3.0,3.0,16
R26BK01699485,2026-09-03,충청남도 서천군,문산면 금복3리 농어촌취약지역 생활여건 정비사업,주식회사 우림건설,3018175024,이현자,135630000,90.304,151230000,7961014,Y,-3.0,3.0,16
R26BK01702512,2026-09-03,경상남도 창녕군,영산 월령2구 배수로 정비공사,(주)서용개발,6098105363,윤이식,54616570,90.439,61300000,3100444,Y,-3.0,3.0,50
R26BK01686853,2026-09-03,한국철도공사 회계통합센터,경부선 삼랑진~원동간 작업자 이동통로 설치공사,산양종합건설주식회사,3078115572,윤현수,2907813000,89.131,,111403420,Y,-2.0,2.0,500
R26BK01702654,2026-09-03,경상남도 밀양시,무릉소하천 정비공사,대성종합건설 주식회사,6158120054,김진태,209865940,90.262,232100000,11518709,Y,-3.0,3.0,40
R26BK01702510,2026-09-03,경상남도 창녕군,성산 정녕2구 안길 도로 재포장공사,주식회사 효진건설,5648701222,송성헌,24807169,90.205,27600000,1101135,Y,-3.0,3.0,18
R26BK01704101,2026-09-03,전남광주통합특별시 완도군,소안 항일문화 체험공원 정비공사,태유건설주식회사,4158113083,추인식,170939597,90.494,190596000,10216876,Y,-3.0,3.0,18
R26BK01710992,2026-09-03,서울특별시 서대문소방서,서대문소방서 소방차 통행로 노면표시 및 조명블력 보수 공사,대호산업개발,1100326424,김종윤,4400000,97.777,,,,,,1
R26BK01702648,2026-09-03,충청북도 청주시,북이 강진보 개보수사업,(주)은성건설,3158132437,권찬성,91029900,90.272,101590000,5034966,Y,-3.0,3.0,112
R26BK01702645,2026-09-03,경상남도 밀양시,마흘지구 외 1개소 관정개발사업,영남지하수개발,2083239605,진진숙,85135950,90.21,94100000,4039194,Y,-3.0,3.0,22
R26BK01698732,2026-09-03,충청남도 서천군,2025년 주차환경개선사업(장항원수) 주차장 조성공사,주식회사 이너텍,4018149715,김주영,164237900,90.289,,9576238,Y,-3.0,3.0,16
R26BK01699485,2026-09-03,충청남도 서천군,문산면 금복3리 농어촌취약지역 생활여건 정비사업,주식회사 우림건설,3018175024,이현자,135630000,90.304,,7961014,Y,-3.0,3.0,16
R26BK01702512,2026-09-03,경상남도 창녕군,영산 월령2구 배수로 정비공사,(주)서용개발,6098105363,윤이식,54616570,90.439,61300000,3100444,Y,-3.0,3.0,50
R26BK01700457,2026-09-03,보령시산림조합,2026년 덩굴제거사업(천북등),유한회사 초원,4898702712,노준원,77739844,89.928,,1166018,Y,-3.0,3.0,12
R26BK01704088,2026-09-03,전남광주통합특별시 완도군,노화 건강테마촌 전복웰빙센터 보수공사,디알종합건설 주식회사,4108157320,이영만,163445368,90.277,182567000,9166686,Y,-3.0,3.0,31
R26BK01702370,2026-09-03,충청남도 보령시 경제도시국 수도과,대구경 상수도(옥마공원) 급수공사,주식회사 서원건설,3138116028,유정은,81292840,90.186,,3850364,Y,-3.0,3.0,36
R26BK01703997,2026-09-03,경상남도 진주시,동부관내 시각장애인용 음향신호기 정비공사,거산텔레콤 주식회사,6058185031,문상철,166873607,90.07,185633000,5814748,Y,-3.0,3.0,430
R26BK01700518,2026-09-03,함양군산림조합,2026년 조림지풀베기사업(2차-2구역),유한회사 아름드리,5778800250,이수미,57532206,89.955,64290000,723960,Y,-3.0,3.0,14
R26BK01709331,2026-09-03,한국농어촌공사 전남지역본부 해남.완도지사,2026년 공공기관 대행사업 화산지구 가좌제 배수간선 정비사업,한미건설(주),4088120932,문순자,27900000,92.876,,,,,,1
R26BK01702364,2026-09-03,충청남도 보령시 경제도시국 수도과,지방상수도 취약지역(대창5리) 급수관로 설치공사,(주)대성,3138107058,신민호,76875730,90.288,,3946182,Y,-3.0,3.0,36
R26BK01701090,2026-09-03,강원특별자치도 홍천군,홍천 괘석리 사사자 삼층석탑 보존처리공사,고송문화재보존연구소,2241757029,최준현,39261100,90.831,43673000,2090794,Y,-3.0,3.0,4
R26BK01700466,2026-09-03,보령시산림조합,2026년 덩굴제거사업(청라),주식회사솔향산림,3138125774,이승우,84382000,89.943,,1279705,Y,-3.0,3.0,12
R26BK01702994,2026-09-03,충청남도 당진시,역천 제방도로 대기차로 설치공사,케이디건설(주),2268121038,손요한,35315000,90.725,39193000,3669560,Y,-3.0,3.0,117
R26BK01711001,2026-09-03,한국농어촌공사 경남지역본부 사천지사,좌룡지구 기계화경작로 확포장사업 공사,주식회사 해일건영,6138128201,이경애,46800000,90.0,,,,,,1
R26BK01703985,2026-09-03,경상남도 산청군,단계천 재해복구사업(3공구)(총괄분),주식회사 한반도건설,6138104489,유은종,6756887000,88.363,7640000000,425055648,Y,-3.0,3.0,154
R26BK01703141,2026-09-03,충청북도 단양군 단성면,공사 소액수의 공고(중방2리 주차장 지붕 설치공사),선명건설(주),3048110199,권오길,36048700,90.052,40329000,779015,Y,-3.0,3.0,11
R26BK01700729,2026-09-03,국립군산대학교,국립군산대 해양1호관 리모델링 전기공사,정서전력공사,4010367938,정진석,68012080,90.275,75087000,3889294,Y,-2.0,2.0,1146
R26BK01700957,2026-09-03,함양군산림조합,2026년 조림지풀베기사업(2차-7구역),천령임업(주),6118114074,문기동,61822200,90.774,69163000,776106,Y,-3.0,3.0,14
R26BK01700316,2026-09-03,광주애육원,아동복지시설 기능보강 (광주애육원 아동숙사 외부 마감재 신설 등 )방수공사,신선건설 주식회사,4418102737,백미진,87619718,89.965,97850000,2048924,Y,-3.0,3.0,164
R26BK01703446,2026-09-03,경기도 남양주시,별내동 파크골프장 시설개선공사,(주)서영건설,1328145114,최영훈,197484990,90.249,218137640,10516635,Y,-3.0,3.0,48
R26BK01699478,2026-09-03,서울특별시 영등포구,안양천(신정교~양평교) 안전한 보행환경 조성사업,성우조경(주),2198124677,송희문,137427800,90.268,152739000,7719999,Y,-3.0,3.0,365
R26BK01704014,2026-09-03,충청남도 아산시,영인면 상성저수지 일원 보도설치공사(2구간),(주)진광토건,3108115049,이금이,307466000,90.608,343750000,28130442,Y,-3.0,3.0,450
R26BK01703910,2026-09-03,서울특별시,터널 내 유도등  보강 설치공사,(주)경원소방기술단,8298701075,임권철,379636760,90.45,425443000,28348813,Y,-3.0,3.0,619
R26BK01698760,2026-09-03,전북특별자치도 전주시,견훤왕궁지구 새뜰마을 조성사업 집수리 지원사업,은진산업(주),4188106882,서호재,203217500,90.301,227024000,11665147,Y,-3.0,3.0,339
R26BK01698825,2026-09-03,국토교통부 부산지방국토관리청 김해국토관리사무소,김해국토 관내(동부권) 시설물 일상유지 정비공사,청룡개발 주식회사,6138137336,장가매,290552780,91.138,320000000,43323699,Y,-2.0,2.0,601
R26BK01701031,2026-09-03,함양군산림조합,2026년 조림지풀베기사업(2차-9구역),주식회사 경민,3048120590,박주원,53060000,89.859,58667000,658309,Y,-3.0,3.0,14
R26BK01703422,2026-09-03,충청남도 청양군,면암최익현기념관 노후담장 보수공사,이상건축문화주식회사,8748100282,김순정,40879000,90.386,45700600,2243139,Y,-3.0,3.0,31
R26BK01702844,2026-09-03,강원특별자치도교육청 강원특별자치도인제교육지원청 하늘내린유치원,2026년 하늘내린유치원 급식소 환기설비 개선 기계설비공사,주식회사 일손개발,6168188173,한수연,112073431,90.098,125577000,3456812,Y,-3.0,3.0,12
R26BK01711129,2026-09-03,산림청 중부지방산림청 보은국유림관리소,2026년 재해예방사업(대해),주식회사 세림산림기술,4728101687,임창환,17360000,89.98,,,,,,1
R26BK01709954,2026-09-03,한국농어촌공사 전남지역본부 영광지사,군남 풍운취입보 외 5지구 수문 개보수사업(군비),태원산업 주식회사,4108124061,김혜정,19200000,89.971,,,,,,1
R26BK01700561,2026-09-03,대구광역시교육청 대구광역시서부교육지원청,대구일중학교 외부환경개선공사,(주)한미토건,5028144099,윤영희,162657800,90.238,178613000,7326539,Y,-3.0,3.0,98
R26BK01702425,2026-09-03,서울특별시 강서구,2026년 생활밀착형 공원 조성사업(꿩고개),에스디조경 주식회사,7108702561,박진영,101624840,90.237,111977000,5318788,Y,-3.0,3.0,432
R26BK01700893,2026-09-03,함양군산림조합,2026년 조림지풀베기사업(2차-6구역),이서임업주식회사,8658703142,신동민,49902500,90.103,55894000,629449,Y,-3.0,3.0,14
R26BK01703902,2026-09-03,경상남도 통영시,2026년 조림지 풀베기사업 2차(평림지구),주식회사 미륵산,7358103698,김현주,52790700,89.924,58482000,655492,Y,-3.0,3.0,9
R26BK01703954,2026-09-03,경상남도 통영시,2026년 조림지 풀베기사업 2차(산양지구),주식회사광운,6128127290,윤석보,35494600,90.398,39830000,446248,Y,-3.0,3.0,9
R26BK01701176,2026-09-03,함양군산림조합,2026년 조림지풀베기사업(2차-12구역),선수임업 주식회사,7928102784,허윤정,44348640,90.37,48441000,545315,Y,-3.0,3.0,14
R26BK01700304,2026-09-03,경상북도 안동시,안동 백운정 및 개호송 숲 일원 산불피해목 정비공사,예인나무병원,5494900881,김진호,196729900,90.512,218339290,14688237,Y,-3.0,3.0,13
R26BK01702011,2026-09-03,대구광역시교육청 대구광역시서부교육지원청,대구서도초등학교 환경개선공사,대경티앤아이,5141337215,백광운,29012130,89.985,32055000,739640,Y,-3.0,3.0,193
R26BK01700312,2026-09-03,경상북도 안동시,송현동 송하1길 가로등 설치공사,신명종합건설 주식회사,5028612442,박진용,161272380,90.299,177200000,9641228,Y,-3.0,3.0,1263
R26BK01694122,2026-09-03,국립군산대학교,국립군산대학교 건물에너지관리시스템(BEMS) 배관 정비 공사,(주)선양,4078122368,김수권,204157920,90.685,225147000,20475364,Y,-2.0,2.0,258
R26BK01700506,2026-09-03,전북특별자치도 남원시,2026년 가을철 시가지 녹지대 제초작업(교룡로 외 8개 노선),유한회사 가람건설,7948601049,김은영,31263790,89.886,34634000,406090,Y,-3.0,3.0,61
R26BK01700651,2026-09-03,충청남도 논산시,"연무읍 안심리, 부적면 반송리, 연산면 관동리 아스콘 덧씌우기 공사",(주)한우물개발,1968601740,한용택,24087000,89.959,26893010,500540,Y,-3.0,3.0,48
R26BK01702408,2026-09-03,제주특별자치도 제주시,제107회 전국체육대회 대비 꽃조형물 설치사업,주식회사 금록조경,5378602843,오충민,244500000,89.953,273190000,5303455,Y,-3.0,3.0,145
R26BK01703039,2026-09-03,충청남도 건설본부 건설사업부 서부사무소,지방도617호 상좌교 등 3개교 보수보강공사,(주)화성건설,3138111038,박환,173613000,90.645,192313000,16823077,Y,-3.0,3.0,1032
R26BK01709620,2026-09-03,경기도 용인시,하수도사업소 정보통신설비 설치 공사,한울정보통신,1352599743,이기순,49231800,90.0,,,,,,1
R26BK01707749,2026-09-03,인천광역시 의회사무처,2026년 인천광역시의회청사 외부 슬로건 간판 철거공사,(주)브이원건설,8698103424,이서영,4160000,95.02,,,,,,1
R26BK01701957,2026-09-03,대구광역시교육청 대구광역시서부교육지원청,"대구관문초등학교 외 5교(문성초, 북비산초, 삼영초, 침산초, 사수초) 환경개선 기계설비공사",(주)대산엔지니어링,5038114002,현상호,171441267,90.242,189948000,9222071,Y,-3.0,3.0,218
R26BK01699380,2026-09-03,전남광주통합특별시 광주청사,2026년 교통사고 잦은 곳 개선공사(1공구),주식회사 임천,4088167960,김용정,233847980,90.331,262498000,14771696,Y,-3.0,3.0,153
R26BK01702544,2026-09-03,경상남도 거창군,2026년 임도 보수사업(북상월성 외 2개소),주식회사 에덴,3268100876,강문희,60254000,90.598,66776000,2566542,Y,-3.0,3.0,5
R26BK01700555,2026-09-03,전남광주통합특별시 여수시 상하수도사업단 하수도과,공공하수처리시설 건조설비 열풍기 열화방지 플레이트 제작·교체공사,주식회사 대운기업,8128602079,김선우,42688330,89.96,47300000,980968,Y,-3.0,3.0,88
R26BK01696971,2026-09-03,경기도교육청 경기도성남교육지원청,[접근성평가]상원초 온동네 돌봄교육센터 리모델링 전기공사,용산전력공사,1351974310,박종범,181809993,90.387,200381000,12600534,Y,-3.0,3.0,2322
R26BK01702545,2026-09-03,경상남도 거창군,2026년 임도 보수사업(신원덕산),거창군산림조합,6118200179,조선제,59588000,90.32,65394000,2424682,Y,-3.0,3.0,5
R26BK01700347,2026-09-03,경상북도 포항시 맑은물사업소,흥해맑은물재생센터 섬유디스크형 여과기 교체 공사,주식회사 대경이앤지,1428700440,박진홍,405251922,90.388,450120000,24249261,Y,-3.0,3.0,4
R26BK01699264,2026-09-03,경찰청 서울특별시경찰청,22경호대 노후 화장실 개선공사,주식회사 거림디앤아이,1198135419,정윤진,23575320,89.974,26167000,565695,Y,-2.0,2.0,274
R26BK01700520,2026-09-03,전북특별자치도 남원시,2026년 가을철 시가지 녹지대 예초작업(충정로 외 9개 노선),유한회사 고려종합건설,4078108124,최현주,36867300,89.957,41256000,462201,Y,-3.0,3.0,61
R26BK01701092,2026-09-03,함양군산림조합,2026년 조림지풀베기사업(2차-11구역),주식회사 경민,3048120590,박주원,74086000,89.869,82691000,930914,Y,-3.0,3.0,14
R26BK01701067,2026-09-03,함양군산림조합,2026년 조림지풀베기사업(2차-10구역),선수임업 주식회사,7928102784,허윤정,48686370,90.207,53179000,598695,Y,-3.0,3.0,14
R26BK01702687,2026-09-03,경상북도 예천군,감천 미석2리(깃골) 배수로 개체공사,한강개발주식회사,5128120605,김익윤,78702900,90.316,86890000,4833630,Y,-3.0,3.0,96
R26BK01703011,2026-09-03,전남광주통합특별시 여수시,공동구 전기시설 보수공사,주식회사 대광전설,3478602158,강정윤,103550768,90.249,114298000,5413010,Y,-3.0,3.0,130
R26BK01702929,2026-09-03,강원특별자치도 강릉시,남항진 경로당 25년 그린리모델링 공사(전기),(주) 화성,2268123109,최종두,29292106,90.42,32671000,1911208,Y,-3.0,3.0,105
R26BK01700742,2026-09-03,함양군산림조합,2026년 조림지풀베기사업(2차-5구역),유한회사 산일플러스,5788703141,박종민,65436528,90.126,72893000,820939,Y,-3.0,3.0,14
R26BK01700994,2026-09-03,함양군산림조합,2026년 조림지풀베기사업(2차-8구역),주식회사 광림,6118124077,박해기,57162950,90.008,63453000,711877,Y,-3.0,3.0,14
R26BK01702085,2026-09-02,충청남도 천안시,종합운동장 실외테니스장 관리사무소 증축공사(건축),주식회사 대륜건설,8478700832,이도희,218686000,90.326,242868000,12613610,Y,-3.0,3.0,81
R26BK01703086,2026-09-03,경기도교육청 경기도양평교육지원청,청운초 갈운분교 본관동 외 건축동 철거공사,주식회사 서광산업개발,6348703228,박영섭,63282950,89.95,69970000,762570,Y,-3.0,3.0,22
R26BK01711001,2026-09-03,한국농어촌공사 경남지역본부 사천지사,좌룡지구 기계화경작로 확포장사업 공사,주식회사 해일건영,6138128201,이경애,46800000,90.0,,,,,,1
R26BK01703985,2026-09-03,경상남도 산청군,단계천 재해복구사업(3공구)(총괄분),주식회사 한반도건설,6138104489,유은종,6756887000,88.363,,425055648,Y,-3.0,3.0,154
R26BK01703141,2026-09-03,충청북도 단양군 단성면,공사 소액수의 공고(중방2리 주차장 지붕 설치공사),선명건설(주),3048110199,권오길,36048700,90.052,40329000,779015,Y,-3.0,3.0,11
R26BK01700729,2026-09-03,국립군산대학교,국립군산대 해양1호관 리모델링 전기공사,정서전력공사,4010367938,정진석,68012080,90.275,,3889294,Y,-2.0,2.0,1146
R26BK01700957,2026-09-03,함양군산림조합,2026년 조림지풀베기사업(2차-7구역),천령임업(주),6118114074,문기동,61822200,90.774,69163000,776106,Y,-3.0,3.0,14
R26BK01700316,2026-09-03,광주애육원,아동복지시설 기능보강 (광주애육원 아동숙사 외부 마감재 신설 등 )방수공사,신선건설 주식회사,4418102737,백미진,87619718,89.965,97850000,2048924,Y,-3.0,3.0,164
R26BK01704014,2026-09-03,충청남도 아산시,영인면 상성저수지 일원 보도설치공사(2구간),(주)진광토건,3108115049,이금이,307466000,90.608,343750000,28130442,Y,-3.0,3.0,450
R26BK01703910,2026-09-03,서울특별시,터널 내 유도등  보강 설치공사,(주)경원소방기술단,8298701075,임권철,379636760,90.45,425443000,28348813,Y,-3.0,3.0,619
R26BK01698760,2026-09-03,전북특별자치도 전주시,견훤왕궁지구 새뜰마을 조성사업 집수리 지원사업,은진산업(주),4188106882,서호재,203217500,90.301,,11665147,Y,-3.0,3.0,339
R26BK01698825,2026-09-03,국토교통부 부산지방국토관리청 김해국토관리사무소,김해국토 관내(동부권) 시설물 일상유지 정비공사,청룡개발 주식회사,6138137336,장가매,290552780,91.138,,43323699,Y,-2.0,2.0,601
R26BK01701031,2026-09-03,함양군산림조합,2026년 조림지풀베기사업(2차-9구역),주식회사 경민,3048120590,박주원,53060000,89.859,58667000,658309,Y,-3.0,3.0,14
R26BK01703422,2026-09-03,충청남도 청양군,면암최익현기념관 노후담장 보수공사,이상건축문화주식회사,8748100282,김순정,40879000,90.386,45700600,2243139,Y,-3.0,3.0,31
R26BK01702844,2026-09-03,강원특별자치도교육청 강원특별자치도인제교육지원청 하늘내린유치원,2026년 하늘내린유치원 급식소 환기설비 개선 기계설비공사,주식회사 일손개발,6168188173,한수연,112073431,90.098,,3456812,Y,-3.0,3.0,12
R26BK01711129,2026-09-03,산림청 중부지방산림청 보은국유림관리소,2026년 재해예방사업(대해),주식회사 세림산림기술,4728101687,임창환,17360000,89.98,,,,,,1
R26BK01709954,2026-09-03,한국농어촌공사 전남지역본부 영광지사,군남 풍운취입보 외 5지구 수문 개보수사업(군비),태원산업 주식회사,4108124061,김혜정,19200000,89.971,,,,,,1
R26BK01700561,2026-09-03,대구광역시교육청 대구광역시서부교육지원청,대구일중학교 외부환경개선공사,(주)한미토건,5028144099,윤영희,162657800,90.238,,7326539,Y,-3.0,3.0,98
R26BK01702425,2026-09-03,서울특별시 강서구,2026년 생활밀착형 공원 조성사업(꿩고개),에스디조경 주식회사,7108702561,박진영,101624840,90.237,,5318788,Y,-3.0,3.0,432
R26BK01700893,2026-09-03,함양군산림조합,2026년 조림지풀베기사업(2차-6구역),이서임업주식회사,8658703142,신동민,49902500,90.103,55894000,629449,Y,-3.0,3.0,14
R26BK01703902,2026-09-03,경상남도 통영시,2026년 조림지 풀베기사업 2차(평림지구),주식회사 미륵산,7358103698,김현주,52790700,89.924,58482000,655492,Y,-3.0,3.0,9
R26BK01703954,2026-09-03,경상남도 통영시,2026년 조림지 풀베기사업 2차(산양지구),주식회사광운,6128127290,윤석보,35494600,90.398,39830000,446248,Y,-3.0,3.0,9
R26BK01702011,2026-09-03,대구광역시교육청 대구광역시서부교육지원청,대구서도초등학교 환경개선공사,대경티앤아이,5141337215,백광운,29012130,89.985,,739640,Y,-3.0,3.0,193
R26BK01694122,2026-09-03,국립군산대학교,국립군산대학교 건물에너지관리시스템(BEMS) 배관 정비 공사,(주)선양,4078122368,김수권,204157920,90.685,,20475364,Y,-2.0,2.0,258
R26BK01700506,2026-09-03,전북특별자치도 남원시,2026년 가을철 시가지 녹지대 제초작업(교룡로 외 8개 노선),유한회사 가람건설,7948601049,김은영,31263790,89.886,34634000,406090,Y,-3.0,3.0,61
R26BK01700651,2026-09-03,충청남도 논산시,"연무읍 안심리, 부적면 반송리, 연산면 관동리 아스콘 덧씌우기 공사",(주)한우물개발,1968601740,한용택,24087000,89.959,26893010,500540,Y,-3.0,3.0,48
R26BK01702408,2026-09-03,제주특별자치도 제주시,제107회 전국체육대회 대비 꽃조형물 설치사업,주식회사 금록조경,5378602843,오충민,244500000,89.953,273190000,5303455,Y,-3.0,3.0,145
R26BK01703039,2026-09-03,충청남도 건설본부 건설사업부 서부사무소,지방도617호 상좌교 등 3개교 보수보강공사,(주)화성건설,3138111038,박환,173613000,90.645,,16823077,Y,-3.0,3.0,1032
R26BK01709620,2026-09-03,경기도 용인시,하수도사업소 정보통신설비 설치 공사,한울정보통신,1352599743,이기순,49231800,90.0,,,,,,1
R26BK01707749,2026-09-03,인천광역시 의회사무처,2026년 인천광역시의회청사 외부 슬로건 간판 철거공사,(주)브이원건설,8698103424,이서영,4160000,95.02,,,,,,1
R26BK01701957,2026-09-03,대구광역시교육청 대구광역시서부교육지원청,"대구관문초등학교 외 5교(문성초, 북비산초, 삼영초, 침산초, 사수초) 환경개선 기계설비공사",(주)대산엔지니어링,5038114002,현상호,171441267,90.242,,9222071,Y,-3.0,3.0,218
R26BK01699380,2026-09-03,전남광주통합특별시 광주청사,2026년 교통사고 잦은 곳 개선공사(1공구),주식회사 임천,4088167960,김용정,233847980,90.331,262498000,14771696,Y,-3.0,3.0,153
R26BK01702544,2026-09-03,경상남도 거창군,2026년 임도 보수사업(북상월성 외 2개소),주식회사 에덴,3268100876,강문희,60254000,90.598,,2566542,Y,-3.0,3.0,5
R26BK01700555,2026-09-03,전남광주통합특별시 여수시 상하수도사업단 하수도과,공공하수처리시설 건조설비 열풍기 열화방지 플레이트 제작·교체공사,주식회사 대운기업,8128602079,김선우,42688330,89.96,47300000,980968,Y,-3.0,3.0,88
R26BK01702545,2026-09-03,경상남도 거창군,2026년 임도 보수사업(신원덕산),거창군산림조합,6118200179,조선제,59588000,90.32,,2424682,Y,-3.0,3.0,5
R26BK01700347,2026-09-03,경상북도 포항시 맑은물사업소,흥해맑은물재생센터 섬유디스크형 여과기 교체 공사,주식회사 대경이앤지,1428700440,박진홍,405251922,90.388,,24249261,Y,-3.0,3.0,4
R26BK01699264,2026-09-03,경찰청 서울특별시경찰청,22경호대 노후 화장실 개선공사,주식회사 거림디앤아이,1198135419,정윤진,23575320,89.974,,565695,Y,-2.0,2.0,274
R26BK01700520,2026-09-03,전북특별자치도 남원시,2026년 가을철 시가지 녹지대 예초작업(충정로 외 9개 노선),유한회사 고려종합건설,4078108124,최현주,36867300,89.957,41256000,462201,Y,-3.0,3.0,61
R26BK01702687,2026-09-03,경상북도 예천군,감천 미석2리(깃골) 배수로 개체공사,한강개발주식회사,5128120605,김익윤,78702900,90.316,,4833630,Y,-3.0,3.0,96
R26BK01703011,2026-09-03,전남광주통합특별시 여수시,공동구 전기시설 보수공사,주식회사 대광전설,3478602158,강정윤,103550768,90.249,114298000,5413010,Y,-3.0,3.0,130
R26BK01702929,2026-09-03,강원특별자치도 강릉시,남항진 경로당 25년 그린리모델링 공사(전기),(주) 화성,2268123109,최종두,29292106,90.42,,1911208,Y,-3.0,3.0,105
R26BK01700742,2026-09-03,함양군산림조합,2026년 조림지풀베기사업(2차-5구역),유한회사 산일플러스,5788703141,박종민,65436528,90.126,72893000,820939,Y,-3.0,3.0,14
R26BK01700994,2026-09-03,함양군산림조합,2026년 조림지풀베기사업(2차-8구역),주식회사 광림,6118124077,박해기,57162950,90.008,63453000,711877,Y,-3.0,3.0,14
R26BK01702085,2026-09-02,충청남도 천안시,종합운동장 실외테니스장 관리사무소 증축공사(건축),주식회사 대륜건설,8478700832,이도희,218686000,90.326,,12613610,Y,-3.0,3.0,81
R26BK01703086,2026-09-03,경기도교육청 경기도양평교육지원청,청운초 갈운분교 본관동 외 건축동 철거공사,주식회사 서광산업개발,6348703228,박영섭,63282950,89.95,,762570,Y,-3.0,3.0,22
R26BK01702994,2026-09-03,충청남도 당진시,역천 제방도로 대기차로 설치공사,케이디건설(주),2268121038,손요한,35315000,90.725,39193000,3669560,Y,-3.0,3.0,117
R26BK01703446,2026-09-03,경기도 남양주시,별내동 파크골프장 시설개선공사,(주)서영건설,1328145114,최영훈,197484990,90.249,218137640,10516635,Y,-3.0,3.0,48
R26BK01699478,2026-09-03,서울특별시 영등포구,안양천(신정교~양평교) 안전한 보행환경 조성사업,성우조경(주),2198124677,송희문,137427800,90.268,152739000,7719999,Y,-3.0,3.0,365
R26BK01701176,2026-09-03,함양군산림조합,2026년 조림지풀베기사업(2차-12구역),선수임업 주식회사,7928102784,허윤정,44348640,90.37,48441000,545315,Y,-3.0,3.0,14
R26BK01700304,2026-09-03,경상북도 안동시,안동 백운정 및 개호송 숲 일원 산불피해목 정비공사,예인나무병원,5494900881,김진호,196729900,90.512,218339290,14688237,Y,-3.0,3.0,13
R26BK01700312,2026-09-03,경상북도 안동시,송현동 송하1길 가로등 설치공사,신명종합건설 주식회사,5028612442,박진용,161272380,90.299,177200000,9641228,Y,-3.0,3.0,1263
R26BK01696971,2026-09-03,경기도교육청 경기도성남교육지원청,[접근성평가]상원초 온동네 돌봄교육센터 리모델링 전기공사,용산전력공사,1351974310,박종범,181809993,90.387,200381000,12600534,Y,-3.0,3.0,2322
R26BK01701092,2026-09-03,함양군산림조합,2026년 조림지풀베기사업(2차-11구역),주식회사 경민,3048120590,박주원,74086000,89.869,82691000,930914,Y,-3.0,3.0,14
R26BK01701067,2026-09-03,함양군산림조합,2026년 조림지풀베기사업(2차-10구역),선수임업 주식회사,7928102784,허윤정,48686370,90.207,53179000,598695,Y,-3.0,3.0,14
R26BK01702171,2026-09-03,전남광주통합특별시 영암군,"버스공영차고지 신축공사(사무동, 차량관리동)",주식회사 미담종합건설,1958700783,이영국,248758680,90.44,275473000,12689243,Y,-3.0,3.0,26
R26BK01702188,2026-09-03,전남광주통합특별시 영암군,"버스공영차고지 신축(사무동, 차량관리동) 전기공사",(주)삼화건설,4128122434,전의홍,21826158,90.264,24178000,1199733,Y,-3.0,3.0,59
R26BK01712036,2026-09-03,한국농어촌공사 충남지역본부 아산지사,남부지소 관내 농업기반시설물 재해복구공사(3차),효신건설 주식회사,5468102430,박연화,40800000,89.848,,,,,,1
R26BK01703920,2026-09-03,전북특별자치도 정읍시,고부면신중리8-1일원배수로정비공사,유한회사 신진공업,4048109798,고광문,42452600,90.171,47498000,1921532,Y,-3.0,3.0,154
R26BK01699716,2026-09-03,충청남도 아산시 미래도시관리사업소,2026년 하반기 가로수 하부제초 사업(기타읍면지역),청송조경건설(주),3128135584,박원근,44103400,90.319,48593000,2673065,Y,-3.0,3.0,76
R26BK01696333,2026-09-03,경기고속도로주식회사,「서수원~오산~평택고속도로」통합관리동 및 영업소 광장부 포장 개선,(주)이너콘,2158602676,윤유현,1305340180,95.053,1378218300,,N,-2.0,2.0,5
R26BK01703948,2026-09-03,경상남도 양산시,근린공원 풀베기사업(2차 증산가촌지구),주식회사 금강이앤씨,5488602106,허성숙,35337290,89.971,39400000,433705,Y,-3.0,3.0,51
R26BK01703733,2026-09-03,충주시시설관리공단,소각시설 바닥재 컨베이어 보수 공사,상원에스앤에스 주식회사,3038163354,윤성규,76632900,90.023,,1908000,Y,-3.0,3.0,21
R26BK01703972,2026-09-03,경상남도 양산시,근린공원 풀베기사업(2차 범어지구),주식회사 우양조경,2678603865,김민서,30012800,89.986,33200000,365823,Y,-3.0,3.0,51
R26BK01702393,2026-09-03,경기도 안산시 상록구,2026년 상록구 하반기 도로변 예초 및 수목전정 공사(2구역),목림조경(주),1348172941,김묘선,29660780,91.44,32640000,5232477,Y,-3.0,3.0,77
R26BK01710805,2026-09-03,한국농어촌공사 전남지역본부 함평지사,곡창배수장 수전설비원격차단 구축공사,주식회사 비알인포텍,1228643768,오상록,11200000,89.757,,,,,,1
R26BK01711825,2026-09-03,한국농어촌공사 강원지역본부 강릉지사,강릉지사 남부권역 저수지 예초사업,주식회사영일조경,2268138669,김영근,19800000,90.617,,,,,,1
R26BK01711709,2026-09-03,한국농어촌공사 토지개발사업단,고색2지구 공원 조경시설물 설치 공사,주식회사 아산,1328113913,진익주,14355000,90.0,,,,,,1
R26BK01703936,2026-09-03,전북특별자치도 정읍시,가로(보안)등설치공사(4차분),전북전력,4040366317,심은섭,33098270,90.333,36585000,1853150,Y,-3.0,3.0,101
R26BK01700591,2026-09-03,함양군산림조합,2026년 조림지풀베기사업(2차-3구역),이서임업주식회사,8658703142,신동민,52859700,90.018,59368000,668541,Y,-3.0,3.0,14
R26BK01712050,2026-09-03,한국농어촌공사 충남지역본부 아산지사,2026년 백석포양수장 외 2개소 기계설비 보수공사,주식회사 씨엠,6518802648,박민규,19100000,89.78,,,,,,1
R26BK01704001,2026-09-03,경상남도 양산시,근린공원 풀베기사업(2차 상북외4지구),주식회사 건우조경,4018603349,최미교,30695770,89.895,34100000,377518,Y,-3.0,3.0,50
R26BK01710840,2026-09-03,한국농어촌공사 전남지역본부 함평지사,함평읍 대천백곡 취약지역 생활여건개조사업 소방도로 공사,주식회사 진산건설,4088161855,박진석,6010000,89.862,,,,,,1
R26BK01694752,2026-09-03,충청북도교육청 충청북도음성교육지원청,동성고 교실 증축 기계설비공사,주식회사 대아이엔지,3018137767,박노형,363620120,90.364,403018000,24143844,Y,-3.0,3.0,214
R26BK01698682,2026-09-03,대한적십자사 충청남도지사,공주적십자봉사관 리모델링 공사(건축˙기계),삼일종합건설 주식회사,4568800292,이권용,261481080,90.259,290000000,14496013,Y,-2.0,2.0,435
R26BK01703576,2026-09-03,전북특별자치도 진안군,두원소하천 재해위험 방재시설 정비사업,주식회사 경동,4118803883,정현정,96512600,90.753,107618000,6577131,Y,-3.0,3.0,42
R26BK01701838,2026-09-03,경기도 군포시,군포고가교 등 3개소 보수보강공사,두남건설주식회사,1358178690,이종길,313904000,90.387,349096000,16797542,Y,-3.0,3.0,6
R26BK01702587,2026-09-03,전북특별자치도 익산시,선화공원 조경시설물(누정) 설치공사,주식회사 호겸건설,4038136614,강동수,796802000,90.378,,36804361,Y,-3.0,3.0,21
R26BK01703542,2026-09-03,경상남도 함양군 함양읍,2인이상 견적 제출 안내공고(함양읍 도천보 정비사업),주식회사 명성건설,3208601101,김길문,31002486,90.647,34850000,1569337,Y,-3.0,3.0,53
R26BK01699782,2026-09-03,충청남도 아산시 미래도시관리사업소,2026년 하반기 가로수 하부제초 사업(국도변 등),주식회사 금송조경,3748700014,임정빈,54256537,90.318,60690000,3334286,Y,-3.0,3.0,76
R26BK01703334,2026-09-03,인천광역시 연수구,소규모 교통안전시설물 정비공사(연간단가 송도),주식회사 토브종합건설,1358190452,김광준,36243960,90.178,,1679863,Y,-3.0,3.0,191
R26BK01711314,2026-09-03,한국농어촌공사 경북지역본부 고령지사,야정배수장 외 3개소 안전대책시설 설치 공사,(주)유림산업개발,5068118875,이다겸,26650000,88.099,,,,,,1
R26BK01703500,2026-09-03,전북특별자치도 진안군,신동소하천 재해위험 방재시설 정비사업,(유)일신건설,4188121675,박기춘,83017000,90.354,91201000,5421903,Y,-3.0,3.0,42
R26BK01698850,2026-09-03,국토교통부 부산지방국토관리청 김해국토관리사무소,김해국토 관내(서부권) 시설물 일상유지 정비공사,(주)엔에스건설,2148770504,박재익,291704960,91.137,,43323699,Y,-2.0,2.0,601
R26BK01703256,2026-09-03,울산광역시교육청 성광여자고등학교,성광여자고등학교 조리장 환기설비 개선공사 수의계약 안내 공고(수정),해원산업 주식회사,6108126242,이용재,148383800,90.066,167156000,4288817,Y,-3.0,3.0,174
R26BK01710894,2026-09-03,한국지역난방공사 강남지사,강남지사 동남권열원 주변압기 2번 절연유 여과 공사,주식회사 이호전기,8678700272,홍은수,10168620,93.648,,,,,,1
R26BK01711212,2026-09-03,산림청 국립자연휴양림관리소,2026년 국립청태산자연휴양림 연립동 신축공사(소방),유일전기(주),1328164483,주경순,51747000,94.999,,,,,,1
R26BK01690887,2026-09-03,조달청 대전지방조달청,IITP 본관 사무실 환경개선 건축공사,주식회사 에이치비건설,3148628309,송영미,453643000,90.227,500819000,23363247,Y,-2.0,2.0,312
R26BK01710140,2026-09-02,한국농어촌공사 경북지역본부 경산청도지사,가뭄해소를 위한 용수로 퇴적물 긴급 제거작업(진량지구 외 3지구),주식회사 제영,2128701262,김경영,18000000,90.548,,,,,,1
R26BK01702727,2026-09-03,경상북도 상주시,상주 상상예술촌 조성사업 리모델링 기타전기공사,건창ENC,5561502811,박순이,82262390,90.3,90992000,4732398,Y,-3.0,3.0,76
R26BK01702409,2026-09-03,경기도 안산시 상록구,2026년 상록구 하반기 도로변 예초 및 수목전정 공사(3구역),향림조경,1340369716,이준성,29334720,91.414,32350000,5215373,Y,-3.0,3.0,77
R26BK01702895,2026-09-03,경기도교육청 동원동우고등학교,[동원동우고 충효관 장애인용 승강기 설치] 건축공사 공고,리우종합건설 주식회사,6578103234,이창훈,327420406,90.132,,13694053,Y,-3.0,3.0,986
R26BK01703101,2026-09-03,경기도파주교육청 문산동중학교,문산동중 특별교실 증축 통신 공사,(주) 큐브정보기술,1278631549,박찬신,25850700,90.334,28820000,1637069,Y,-3.0,3.0,209
R26BK01699757,2026-09-03,충청남도 아산시 미래도시관리사업소,2026년 하반기 가로수 하부제초 사업(배방권역),남산조경주식회사,6038601312,이동준,54495770,90.316,60660000,3326427,Y,-3.0,3.0,76
R26BK01702745,2026-09-03,경상북도 상주시,상주 상상예술촌 조성사업 리모델링 석면해체제거공사,주식회사도우건설,5118121391,김태형,27907040,90.05,30942000,556866,Y,-3.0,3.0,20
R26BK01703278,2026-09-03,전북특별자치도 익산시,2026년 어량천 제방 풀깎기 공사(하반기),유한회사 건국,4028171336,윤현영,35360324,90.069,38833000,645277,Y,-3.0,3.0,47
R26BK01670502,2026-09-03,조달청 대전지방조달청,시도6호선(오곡리) 도로개설공사(1공구),에스아이건설 주식회사,1328132017,최선일,5842486000,88.485,6649542000,516749819,Y,-3.0,3.0,155
R26BK01681976,2026-09-03,조달청 대전지방조달청,홍성군 농촌 돌봄마을 조성사업 면소재지거점,고원건설(주),2148673862,문승기,6605744000,88.695,7404175000,429948955,Y,-3.0,3.0,216
R26BK01702709,2026-09-03,경상북도 상주시,상주 상상예술촌 조성사업 리모델링 기계설비공사,주식회사 리더스산업,5118117408,도천기,57115000,90.228,62997000,2788572,Y,-3.0,3.0,14
R26BK01548235,2026-09-03,충청남도 홍성군,홍성군 농촌 돌봄마을 조성사업 면소재지거점(전기)(긴급),주식회사 원탑전력,3928702043,김훈주,820838679,90.458,916407000,62413371,Y,-3.0,3.0,1000
R26BK01704118,2026-09-03,전남광주통합특별시 광양시,다압 매화마을 관광 탐방시설 정비공사,(주)그린에스엔티,4168149022,이경춘,136428540,90.327,,8517942,Y,-3.0,3.0,41
R26BK01711808,2026-09-03,한국농어촌공사 강원지역본부 강릉지사,강릉지사 북부권역 저수지 예초사업,대명조경주식회사,6098700282,강대업,19850000,90.68,,,,,,1
R26BK01698053,2026-09-03,전남광주통합특별시 함평군,주포지구 연안정비사업(호안보강)(1구간),에스엠이엔씨 주식회사,4118125893,이용걸,696058300,90.214,775300000,35324280,Y,-3.0,3.0,911
R26BK01703208,2026-09-03,전북특별자치도 익산시,2026 농어촌 빈집정비지원사업 석면해체공사,주식회사선진건설종합,6128152746,유영삼,28929580,90.288,32104000,1540154,Y,-3.0,3.0,32
R26BK01711647,2026-09-03,경기도 이천시 환경수자원국 하수과,"2026년 하반기 하수관로 긴급보수공사(단가, 3구역)",경현건설(주),1268131901,김금선,49147200,90.909,,,,,,1
R26BK01710193,2026-09-02,한국농어촌공사 경북지역본부 경산청도지사,재해대비 대정배수로1배수간선 수초제거 등 준설공사,주식회사 제이와이씨,2768101304,도남열,16000000,90.785,,,,,,1
R26BK01699685,2026-09-03,충청남도 아산시 미래도시관리사업소,2026년 하반기 가로수 하부제초 사업(동지역),주식회사 다림디자인조경,7178600607,이시영,67502666,90.31,74381000,4101999,Y,-3.0,3.0,76
R26BK01699735,2026-09-03,충청남도 아산시 미래도시관리사업소,2026년 하반기 가로수 하부제초 사업(탕정권역),유한회사 휴암,4078123538,권락원,41717737,90.311,46530000,2536112,Y,-3.0,3.0,76
R26BK01702710,2026-09-03,충청남도 태안군,귓골(장곡2리) 마을회관 신축공사(입찰대행),주식회사 씨엔코,3168117138,박열,247308291,90.232,273833400,12431722,Y,-3.0,3.0,19
R26BK01703296,2026-09-03,전북특별자치도 익산시,2026년 인북로32길 가로수 은행나무 전지사업,주식회사 그린포엘,2158797603,김미후,33488000,89.861,36951000,380406,Y,-3.0,3.0,47
R26BK01697410,2026-09-03,경상북도 상주시,상주 상상예술촌 조성사업 리모델링공사,대건종합건설 주식회사,5038127619,손정우,427836000,90.27,466707000,23277755,Y,-3.0,3.0,839
R26BK01703250,2026-09-03,전북특별자치도 익산시,2026 농어촌 빈집정비지원사업 철거공사,(유)신안건설,4038117733,최덕현,72810690,90.269,81210000,3293118,Y,-3.0,3.0,32
R26BK01701322,2026-09-03,경상북도 영주시 농업기술센터,영주 거점세척소독시설 해체공사,주식회사 삼영환경,5128119087,하헌석,43705440,89.884,,591900,Y,-3.0,3.0,10
R26BK01699137,2026-09-03,서울재활병원,"서울재활병원 본관 5층, 6층, 7층 시스템 냉난방기 설치 공사",(주)신현공조씨스템,2108122589,이태형,151000000,96.986,,,,,,2
R26BK01703236,2026-09-03,전북특별자치도 익산시,2026 도시 빈집철거지원사업 석면해체공사,(주)정해건설,7018100437,김연실,20070603,90.074,22120000,372113,Y,-3.0,3.0,32
R26BK01700689,2026-09-03,충청남도 아산시 미래도시관리사업소,염치읍 리도202호 아스콘덧씌우기 공사,주식회사 다원건설,3128132272,최완옥,61050380,90.079,67410000,1839856,Y,-3.0,3.0,44
R26BK01711278,2026-09-03,한국농어촌공사 충남지역본부 홍성지사,용수시설 잡초목 제거사업,주식회사 에스와이조경,7668601796,박영선,10380000,94.397,,,,,,1
R26BK01702968,2026-09-03,경기도파주교육청 문산동중학교,문산동중 특별교실 증축 공사,주식회사 미화,7618701589,황오성,310142550,90.325,339602000,18158173,Y,-3.0,3.0,136
R26BK01695780,2026-09-03,경기도 군포시,산본역 보도육교 신축이음 정비공사,수인건설 주식회사,1238618336,장수근,29551919,90.068,32760000,683047,Y,-3.0,3.0,5
R26BK01702171,2026-09-03,전남광주통합특별시 영암군,"버스공영차고지 신축공사(사무동, 차량관리동)",주식회사 미담종합건설,1958700783,이영국,248758680,90.44,,12689243,Y,-3.0,3.0,26
R26BK01703052,2026-09-03,강원특별자치도 화천군,2026년 지방상수도(삼화리) 급수구역 확장공사(1차분),주식회사 태경,4178124081,남려원,37240027,90.492,,2255750,Y,-3.0,3.0,18
R26BK01702188,2026-09-03,전남광주통합특별시 영암군,"버스공영차고지 신축(사무동, 차량관리동) 전기공사",(주)삼화건설,4128122434,전의홍,21826158,90.264,,1199733,Y,-3.0,3.0,59
R26BK01712036,2026-09-03,한국농어촌공사 충남지역본부 아산지사,남부지소 관내 농업기반시설물 재해복구공사(3차),효신건설 주식회사,5468102430,박연화,40800000,89.848,,,,,,1
R26BK01703920,2026-09-03,전북특별자치도 정읍시,고부면신중리8-1일원배수로정비공사,유한회사 신진공업,4048109798,고광문,42452600,90.171,,1921532,Y,-3.0,3.0,154
R26BK01699716,2026-09-03,충청남도 아산시 미래도시관리사업소,2026년 하반기 가로수 하부제초 사업(기타읍면지역),청송조경건설(주),3128135584,박원근,44103400,90.319,,2673065,Y,-3.0,3.0,76
R26BK01696333,2026-09-03,경기고속도로주식회사,「서수원~오산~평택고속도로」통합관리동 및 영업소 광장부 포장 개선,(주)이너콘,2158602676,윤유현,1305340180,95.053,,,,-2.0,2.0,5
R26BK01703948,2026-09-03,경상남도 양산시,근린공원 풀베기사업(2차 증산가촌지구),주식회사 금강이앤씨,5488602106,허성숙,35337290,89.971,39400000,433705,Y,-3.0,3.0,51
R26BK01703733,2026-09-03,충주시시설관리공단,소각시설 바닥재 컨베이어 보수 공사,상원에스앤에스 주식회사,3038163354,윤성규,76632900,90.023,,1908000,Y,-3.0,3.0,21
R26BK01703777,2026-09-03,화천군산림조합,2026년 2차 풀베기사업-2지구(상서지구),주식회사 새일,8528803046,구혜영,25919800,90.088,,321884,Y,-3.0,3.0,8
R26BK01703972,2026-09-03,경상남도 양산시,근린공원 풀베기사업(2차 범어지구),주식회사 우양조경,2678603865,김민서,30012800,89.986,33200000,365823,Y,-3.0,3.0,51
R26BK01701703,2026-09-03,강원특별자치도 삼척시 상수도사업소,"하장면 중봉리(건마름,턱골) 급수관로 정비공사",(주)대성엔지니어링,2228109600,장대영,63126400,90.556,69430000,4763973,Y,-3.0,3.0,16
R26BK01702393,2026-09-03,경기도 안산시 상록구,2026년 상록구 하반기 도로변 예초 및 수목전정 공사(2구역),목림조경(주),1348172941,김묘선,29660780,91.44,,5232477,Y,-3.0,3.0,77
R26BK01710805,2026-09-03,한국농어촌공사 전남지역본부 함평지사,곡창배수장 수전설비원격차단 구축공사,주식회사 비알인포텍,1228643768,오상록,11200000,89.757,,,,,,1
R26BK01711825,2026-09-03,한국농어촌공사 강원지역본부 강릉지사,강릉지사 남부권역 저수지 예초사업,주식회사영일조경,2268138669,김영근,19800000,90.617,,,,,,1
R26BK01711709,2026-09-03,한국농어촌공사 토지개발사업단,고색2지구 공원 조경시설물 설치 공사,주식회사 아산,1328113913,진익주,14355000,90.0,,,,,,1
R26BK01703936,2026-09-03,전북특별자치도 정읍시,가로(보안)등설치공사(4차분),전북전력,4040366317,심은섭,33098270,90.333,,1853150,Y,-3.0,3.0,101
R26BK01700591,2026-09-03,함양군산림조합,2026년 조림지풀베기사업(2차-3구역),이서임업주식회사,8658703142,신동민,52859700,90.018,59368000,668541,Y,-3.0,3.0,14
R26BK01702109,2026-09-03,경상남도 김해시,2026년 하반기 오수시설물 긴급보수 단가계약(1구역),동일건설 주식회사,6158607527,강묵태,53677740,90.278,,2157371,Y,-3.0,3.0,42
R26BK01703837,2026-09-03,강원특별자치도 화천군,조직개편에 따른 별관청사 사무실 리모델링 공사(전기),미성전설(주),2218129622,박미순,51369606,89.956,,1060953,Y,-3.0,3.0,37
R26BK01710280,2026-09-02,한국농어촌공사 경북지역본부 상주지사,중동양수장 수중펌프 교체 공사,태융모터펌프,5035964215,이도경,12760000,90.837,,,,,,1
R26BK01712050,2026-09-03,한국농어촌공사 충남지역본부 아산지사,2026년 백석포양수장 외 2개소 기계설비 보수공사,주식회사 씨엠,6518802648,박민규,19100000,89.78,,,,,,1
R26BK01704001,2026-09-03,경상남도 양산시,근린공원 풀베기사업(2차 상북외4지구),주식회사 건우조경,4018603349,최미교,30695770,89.895,34100000,377518,Y,-3.0,3.0,50
R26BK01709538,2026-09-02,한국농어촌공사 경남지역본부 진주.산청지사,평촌지구 관로교체공사 전기공사,주식회사케이원전기,6138166942,최동헌,5330000,90.147,,,,,,1
R26BK01709643,2026-09-03,한국농어촌공사 경남지역본부 진주.산청지사,한해대비 청담양수장 간이양수기 설치 기계공사,주식회사이한건설,6138154335,제상운,19480000,90.01,,,,,,1
R26BK01703839,2026-09-03,화천군산림조합,2026년 2차 풀베기사업-2지구(하남지구),주식회사 태경임업,7188100134,이경환,29063000,89.861,,364350,Y,-3.0,3.0,8
R26BK01699673,2026-09-03,강원특별자치도 화천군,2026년 소하천(질가맛골천) 유지보수사업(간척리 251-70번지 일원 석축설치),(주)유림종합건설,2218125489,오현아,76462680,90.166,,3411342,Y,-3.0,3.0,31
R26BK01710840,2026-09-03,한국농어촌공사 전남지역본부 함평지사,함평읍 대천백곡 취약지역 생활여건개조사업 소방도로 공사,주식회사 진산건설,4088161855,박진석,6010000,89.862,,,,,,1
R26BK01694752,2026-09-03,충청북도교육청 충청북도음성교육지원청,동성고 교실 증축 기계설비공사,주식회사 대아이엔지,3018137767,박노형,363620120,90.364,403018000,24143844,Y,-3.0,3.0,214
R26BK01703878,2026-09-03,화천군산림조합,2026년 2차 풀베기사업-3지구(화천지구),주식회사 다올,6928101205,이관민,69497000,89.91,,873326,Y,-3.0,3.0,8
R26BK01698682,2026-09-03,대한적십자사 충청남도지사,공주적십자봉사관 리모델링 공사(건축˙기계),삼일종합건설 주식회사,4568800292,이권용,261481080,90.259,,14496013,Y,-2.0,2.0,435
R26BK01703576,2026-09-03,전북특별자치도 진안군,두원소하천 재해위험 방재시설 정비사업,주식회사 경동,4118803883,정현정,96512600,90.753,,6577131,Y,-3.0,3.0,42
R26BK01701838,2026-09-03,경기도 군포시,군포고가교 등 3개소 보수보강공사,두남건설주식회사,1358178690,이종길,313904000,90.387,,16797542,Y,-3.0,3.0,6
R26BK01703750,2026-09-03,화천군산림조합,2026년 2차 풀베기사업-1지구(사내지구),주식회사 태경임업,7188100134,이경환,42715000,89.886,,535458,Y,-3.0,3.0,8
R26BK01702587,2026-09-03,전북특별자치도 익산시,선화공원 조경시설물(누정) 설치공사,주식회사 호겸건설,4038136614,강동수,796802000,90.378,,36804361,Y,-3.0,3.0,21
R26BK01703542,2026-09-03,경상남도 함양군 함양읍,2인이상 견적 제출 안내공고(함양읍 도천보 정비사업),주식회사 명성건설,3208601101,김길문,31002486,90.647,,1569337,Y,-3.0,3.0,53
R26BK01699782,2026-09-03,충청남도 아산시 미래도시관리사업소,2026년 하반기 가로수 하부제초 사업(국도변 등),주식회사 금송조경,3748700014,임정빈,54256537,90.318,,3334286,Y,-3.0,3.0,76
R26BK01703334,2026-09-03,인천광역시 연수구,소규모 교통안전시설물 정비공사(연간단가 송도),주식회사 토브종합건설,1358190452,김광준,36243960,90.178,,1679863,Y,-3.0,3.0,191
R26BK01711314,2026-09-03,한국농어촌공사 경북지역본부 고령지사,야정배수장 외 3개소 안전대책시설 설치 공사,(주)유림산업개발,5068118875,이다겸,26650000,88.099,,,,,,1
R26BK01703500,2026-09-03,전북특별자치도 진안군,신동소하천 재해위험 방재시설 정비사업,(유)일신건설,4188121675,박기춘,83017000,90.354,,5421903,Y,-3.0,3.0,42
R26BK01698850,2026-09-03,국토교통부 부산지방국토관리청 김해국토관리사무소,김해국토 관내(서부권) 시설물 일상유지 정비공사,(주)엔에스건설,2148770504,박재익,291704960,91.137,,43323699,Y,-2.0,2.0,601
R26BK01703256,2026-09-03,울산광역시교육청 성광여자고등학교,성광여자고등학교 조리장 환기설비 개선공사 수의계약 안내 공고(수정),해원산업 주식회사,6108126242,이용재,148383800,90.066,,4288817,Y,-3.0,3.0,174
R26BK01703672,2026-09-03,화천군산림조합,2026년 2차 풀베기사업-1지구(간동지구),주식회사 새일,8528803046,구혜영,37055600,90.145,,460299,Y,-3.0,3.0,8
R26BK01702142,2026-09-03,경상남도 김해시,2026년 하반기 오수시설물 긴급보수 단가계약(2구역),(주)용정건설,6118107947,허만종,53566760,90.227,,2157371,Y,-3.0,3.0,42
R26BK01710894,2026-09-03,한국지역난방공사 강남지사,강남지사 동남권열원 주변압기 2번 절연유 여과 공사,주식회사 이호전기,8678700272,홍은수,10168620,93.648,,,,,,1
R26BK01711212,2026-09-03,산림청 국립자연휴양림관리소,2026년 국립청태산자연휴양림 연립동 신축공사(소방),유일전기(주),1328164483,주경순,51747000,94.999,,,,,,1
R26BK01690887,2026-09-03,조달청 대전지방조달청,IITP 본관 사무실 환경개선 건축공사,주식회사 에이치비건설,3148628309,송영미,453643000,90.227,,23363247,Y,-2.0,2.0,312
R26BK01710140,2026-09-02,한국농어촌공사 경북지역본부 경산청도지사,가뭄해소를 위한 용수로 퇴적물 긴급 제거작업(진량지구 외 3지구),주식회사 제영,2128701262,김경영,18000000,90.548,,,,,,1
R26BK01702727,2026-09-03,경상북도 상주시,상주 상상예술촌 조성사업 리모델링 기타전기공사,건창ENC,5561502811,박순이,82262390,90.3,,4732398,Y,-3.0,3.0,76
R26BK01702409,2026-09-03,경기도 안산시 상록구,2026년 상록구 하반기 도로변 예초 및 수목전정 공사(3구역),향림조경,1340369716,이준성,29334720,91.414,,5215373,Y,-3.0,3.0,77
R26BK01702895,2026-09-03,경기도교육청 동원동우고등학교,[동원동우고 충효관 장애인용 승강기 설치] 건축공사 공고,리우종합건설 주식회사,6578103234,이창훈,327420406,90.132,,13694053,Y,-3.0,3.0,986
R26BK01703101,2026-09-03,경기도파주교육청 문산동중학교,문산동중 특별교실 증축 통신 공사,(주) 큐브정보기술,1278631549,박찬신,25850700,90.334,,1637069,Y,-3.0,3.0,209
R26BK01709503,2026-09-02,한국농어촌공사 경남지역본부 진주.산청지사,한해대책 내평양수장 펌프 정비 공사,(주)디딤이엔지,2598803612,강혜민,41500000,91.409,,,,,,1
R26BK01701320,2026-09-03,충청남도 서천군,판교면 만덕리 마을안길 확장공사,토미건설주식회사,3688603173,김정숙,77633736,90.343,,4534584,Y,-3.0,3.0,64
R26BK01699757,2026-09-03,충청남도 아산시 미래도시관리사업소,2026년 하반기 가로수 하부제초 사업(배방권역),남산조경주식회사,6038601312,이동준,54495770,90.316,,3326427,Y,-3.0,3.0,76
R26BK01702745,2026-09-03,경상북도 상주시,상주 상상예술촌 조성사업 리모델링 석면해체제거공사,주식회사도우건설,5118121391,김태형,27907040,90.05,,556866,Y,-3.0,3.0,20
R26BK01702222,2026-09-03,경상남도 김해시,2026년 하반기 오수시설물 긴급보수 단가계약(4구역),중원건설 주식회사,1378700638,황부성,54154700,90.126,,2157371,Y,-3.0,3.0,42
R26BK01699629,2026-09-03,강원특별자치도 화천군,2026년 군도5호선 도로유지 보수공사(안평리 934-2번지 일원),주식회사 일진건설,4118118183,유영애,35838520,91.096,,4344308,Y,-3.0,3.0,39
R26BK01703278,2026-09-03,전북특별자치도 익산시,2026년 어량천 제방 풀깎기 공사(하반기),유한회사 건국,4028171336,윤현영,35360324,90.069,,645277,Y,-3.0,3.0,47
R26BK01548341,2026-09-03,충청남도 홍성군,홍성군 농촌 돌봄마을 조성사업 면소재지거점(통신)(긴급),지심전기 주식회사,7748701227,송원표,407017000,90.456,,31201377,Y,-3.0,3.0,410
R26BK01670502,2026-09-03,조달청 대전지방조달청,시도6호선(오곡리) 도로개설공사(1공구),에스아이건설 주식회사,1328132017,최선일,5842486000,88.485,,516749819,Y,-3.0,3.0,155
R26BK01699771,2026-09-03,강원특별자치도 화천군,2026년 소하천(전장천) 유지보수사업(아리 85-3번지 일원 전석설치),(합자)수정건설,2218113057,유재열,36382300,90.374,,1818451,Y,-3.0,3.0,31
R26BK01699700,2026-09-03,강원특별자치도 화천군,2026년 자전거도로구간 배수로정비공사(풍산리 1948번지 일원),대왕산업 주식회사,3248802479,이승은,39689400,90.33,,2322612,Y,-3.0,3.0,39
R26BK01548794,2026-09-03,충청남도 홍성군,홍성군 농촌 돌봄마을 조성사업 면소재지거점(소방)(긴급),한성건설주식회사,3128118076,송용상,318512600,90.383,,21870724,Y,-3.0,3.0,250
R26BK01681976,2026-09-03,조달청 대전지방조달청,홍성군 농촌 돌봄마을 조성사업 면소재지거점,고원건설(주),2148673862,문승기,6605744000,88.695,,429948955,Y,-3.0,3.0,216
R26BK01697831,2026-09-03,한국원자력연구원,ARA연구로 콘크리트시험실 및 철근인장시험실 건축공사,건탑종합건설주식회사,6498702411,장현재,251433960,90.31,,15310070,Y,-2.0,2.0,722
R26BK01702709,2026-09-03,경상북도 상주시,상주 상상예술촌 조성사업 리모델링 기계설비공사,주식회사 리더스산업,5118117408,도천기,57115000,90.228,,2788572,Y,-3.0,3.0,14
R26BK01548235,2026-09-03,충청남도 홍성군,홍성군 농촌 돌봄마을 조성사업 면소재지거점(전기)(긴급),주식회사 원탑전력,3928702043,김훈주,820838679,90.458,,62413371,Y,-3.0,3.0,1000
R26BK01699733,2026-09-03,강원특별자치도 화천군,2026년 소하천(독골천) 유지보수사업(안평리 1526번지 일원 석축설치),합자회사 제이비건설,2218121810,강정훈,117142169,90.219,,5948583,Y,-3.0,3.0,31
R26BK01704118,2026-09-03,전남광주통합특별시 광양시,다압 매화마을 관광 탐방시설 정비공사,(주)그린에스엔티,4168149022,이경춘,136428540,90.327,,8517942,Y,-3.0,3.0,41
R26BK01711808,2026-09-03,한국농어촌공사 강원지역본부 강릉지사,강릉지사 북부권역 저수지 예초사업,대명조경주식회사,6098700282,강대업,19850000,90.68,,,,,,1
R26BK01698053,2026-09-03,전남광주통합특별시 함평군,주포지구 연안정비사업(호안보강)(1구간),에스엠이엔씨 주식회사,4118125893,이용걸,696058300,90.214,,35324280,Y,-3.0,3.0,911
R26BK01703208,2026-09-03,전북특별자치도 익산시,2026 농어촌 빈집정비지원사업 석면해체공사,주식회사선진건설종합,6128152746,유영삼,28929580,90.288,,1540154,Y,-3.0,3.0,32
R26BK01711647,2026-09-03,경기도 이천시 환경수자원국 하수과,"2026년 하반기 하수관로 긴급보수공사(단가, 3구역)",경현건설(주),1268131901,김금선,49147200,90.909,,,,,,1
R26BK01702629,2026-09-03,경기도 안성시,보체초등학교 통학로 조성사업,시대건설주식회사,4108635883,강경미,148254800,90.691,164630000,14489757,Y,-3.0,3.0,29
R26BK01710193,2026-09-02,한국농어촌공사 경북지역본부 경산청도지사,재해대비 대정배수로1배수간선 수초제거 등 준설공사,주식회사 제이와이씨,2768101304,도남열,16000000,90.785,,,,,,1
R26BK01699685,2026-09-03,충청남도 아산시 미래도시관리사업소,2026년 하반기 가로수 하부제초 사업(동지역),주식회사 다림디자인조경,7178600607,이시영,67502666,90.31,,4101999,Y,-3.0,3.0,76
R26BK01699735,2026-09-03,충청남도 아산시 미래도시관리사업소,2026년 하반기 가로수 하부제초 사업(탕정권역),유한회사 휴암,4078123538,권락원,41717737,90.311,,2536112,Y,-3.0,3.0,76
R26BK01702710,2026-09-03,충청남도 태안군,귓골(장곡2리) 마을회관 신축공사(입찰대행),주식회사 씨엔코,3168117138,박열,247308291,90.232,273833400,12431722,Y,-3.0,3.0,19
R26BK01703296,2026-09-03,전북특별자치도 익산시,2026년 인북로32길 가로수 은행나무 전지사업,주식회사 그린포엘,2158797603,김미후,33488000,89.861,,380406,Y,-3.0,3.0,47
R26BK01697410,2026-09-03,경상북도 상주시,상주 상상예술촌 조성사업 리모델링공사,대건종합건설 주식회사,5038127619,손정우,427836000,90.27,,23277755,Y,-3.0,3.0,839
R26BK01700638,2026-09-03,함양군산림조합,2026년 조림지풀베기사업(2차-4구역),주식회사 경민,3048120590,박주원,57220000,90.023,63505000,715128,Y,-3.0,3.0,14
R26BK01703250,2026-09-03,전북특별자치도 익산시,2026 농어촌 빈집정비지원사업 철거공사,(유)신안건설,4038117733,최덕현,72810690,90.269,,3293118,Y,-3.0,3.0,32
R26BK01701322,2026-09-03,경상북도 영주시 농업기술센터,영주 거점세척소독시설 해체공사,주식회사 삼영환경,5128119087,하헌석,43705440,89.884,,591900,Y,-3.0,3.0,10
R26BK01699137,2026-09-03,서울재활병원,"서울재활병원 본관 5층, 6층, 7층 시스템 냉난방기 설치 공사",(주)신현공조씨스템,2108122589,이태형,151000000,96.986,,,,,,2
R26BK01701147,2026-09-03,경상남도 의령군,신기지구 재해위험저수지 정비사업,정상산업개발 주식회사,8998602756,임성윤,2006490110,89.377,,120809598,Y,-3.0,3.0,634
R26BK01699835,2026-09-03,강원특별자치도 화천군,2026년 소규모주민숙원사업(신대리 712번지 일원) 배수로설치공사,주식회사송림,2648801784,구자희,34750690,90.384,,2126108,Y,-3.0,3.0,39
R26BK01699649,2026-09-03,강원특별자치도 화천군,2026년 농어촌도로 사내 206호선 도로유지 보수사업(사창리 31-4번지 일원 외 1개소),보령건설산업 주식회사,5908800684,백광열,50707500,90.642,,4752323,Y,-3.0,3.0,39
R26BK01703236,2026-09-03,전북특별자치도 익산시,2026 도시 빈집철거지원사업 석면해체공사,(주)정해건설,7018100437,김연실,20070603,90.074,,372113,Y,-3.0,3.0,32
R26BK01699806,2026-09-03,강원특별자치도 화천군,2026년 소하천(칼라장골천) 유지보수사업(용호리 1253-2번지 일원 석축설치),(합)대복,2218135202,고정임,53100000,90.577,,2329804,Y,-3.0,3.0,31
R26BK01712150,2026-09-03,한국농어촌공사 전남지역본부 해남.완도지사,가뭄대비 증도양수장 등 7개소 펌프 긴급 보수공사,주식회사 양현이엔지,5328601494,임윤자,46000000,92.925,,,,,,1
R26BK01700689,2026-09-03,충청남도 아산시 미래도시관리사업소,염치읍 리도202호 아스콘덧씌우기 공사,주식회사 다원건설,3128132272,최완옥,61050380,90.079,,1839856,Y,-3.0,3.0,44
R26BK01711278,2026-09-03,한국농어촌공사 충남지역본부 홍성지사,용수시설 잡초목 제거사업,주식회사 에스와이조경,7668601796,박영선,10380000,94.397,,,,,,1
R26BK01702968,2026-09-03,경기도파주교육청 문산동중학교,문산동중 특별교실 증축 공사,주식회사 미화,7618701589,황오성,310142550,90.325,,18158173,Y,-3.0,3.0,136
R26BK01702162,2026-09-03,경상남도 김해시,2026년 하반기 오수시설물 긴급보수 단가계약 (3구역),주식회사 우미건설,6888600046,송재욱,54178140,90.126,,2157371,Y,-3.0,3.0,42
R26BK01695780,2026-09-03,경기도 군포시,산본역 보도육교 신축이음 정비공사,수인건설 주식회사,1238618336,장수근,29551919,90.068,,683047,Y,-3.0,3.0,5
R26BK01701275,2026-09-03,경상남도교육청 남해해성고등학교,남해해성고등학교 기숙사 증축 건축공사 입찰 공고,태조종합건설주식회사,6158199717,정주섭,357779500,90.263,397111000,19987996,Y,-3.0,3.0,710
R26BK01709897,2026-09-03,서울시립문래청소년수련관,"문래청소년센터 수영장 타일보수, 줄눈철거 및 에폭시 줄눈시공",주식회사 정주,6248801778,박동주,55000000,100.0,,,,,,1
R26BK01702904,2026-09-03,양평군산림조합,2026년 정책숲가꾸기(풀베기)사업(2차) 강하외,주식회사 한반도개발,2258702175,음영옥,121699900,90.467,134671000,7127940,Y,-3.0,3.0,11
R26BK01702931,2026-09-03,양평군산림조합,2026년 정책숲가꾸기(풀베기)사업(2차) 단월외,주식회사 한양,3918802799,김상준,108201800,90.305,119022000,6305390,Y,-3.0,3.0,11
R26BK01704032,2026-09-03,전남광주통합특별시 고흥군,2026년 숲길 정비사업(마복산),주식회사 아이비건설,4168144798,박상일,26353000,90.457,29142000,1630154,Y,-3.0,3.0,2
R26BK01704095,2026-09-03,전남광주통합특별시 고흥군,2026년 숲길 정비사업(천등산),주식회사 아이비건설,4168144798,박상일,111201000,90.237,123100000,5790066,Y,-3.0,3.0,3
R26BK01703732,2026-09-03,전남광주통합특별시 고흥군,2026 도양 차경마을 물탱크 및 관로 설치공사,수찬건설주식회사,6908600490,김남용,94432525,90.398,105060000,6361457,Y,-3.0,3.0,25
R26BK01697690,2026-09-03,천안도시공사,유관순체육관 보조경기장 시설물 개선 공사(건축)(도급공사),주식회사 제일방화문,3128644865,박문규,89150100,89.98,98913000,1912204,Y,-3.0,3.0,15
R26BK01702639,2026-09-03,충청남도 천안시,천안천(지방하천) 퇴적토 정비사업,흥정건설(주),1748101366,김미숙,178936180,90.273,199207000,10130417,Y,-3.0,3.0,69
R26BK01699961,2026-09-02,충청북도 도로관리사업소 남부지소,국지도68호선(가선~가곡) 차선도색 정비공사,보광건설(주),3028111417,배형선,29447700,89.953,32830000,647476,Y,-3.0,3.0,34
R26BK01699765,2026-09-04,경상북도교육청 경상북도교육청해양수련원,경상북도교육청해양수련원 숙소동 도배공사,주식회사 다산,2288802905,김준모,82419667,90.001,91000000,1746877,Y,-3.0,3.0,5
R26BK01704025,2026-09-04,경상북도 의성군,안평기도2리안지곡지양수장설치전기공사,주식회사 창명전력,5158122131,이승엽,6429395,90.237,7080000,333862,Y,-3.0,3.0,46
R26BK01700449,2026-09-04,한국철도공사 회계통합센터,경부고속선 동대구-부산간 핸드홀 지장개소 이동통로 확보공사,주식회사 디포건설,7888101471,김학용,253847450,90.275,280306000,14552946,Y,-2.0,2.0,929
R26BK01703647,2026-09-03,강원특별자치도 원주시,"세교,양금대,금대 하수관로 정비공사(전기 및 계측제어)",주식회사 영일이앤씨,2258126990,강선윤,161214448,90.4,175829000,10913465,Y,-3.0,3.0,195
R26BK01704433,2026-09-04,화천군산림조합,2026년 2차 풀베기사업-3지구(하남상서지구),주식회사 다올,6928101205,이관민,45489800,89.985,50912000,571669,Y,-3.0,3.0,8
R26BK01702268,2026-09-04,근로복지공단본부,수안들어린이집 그린리모델링공사(전기),(주)태광전기공사,3018139412,박기전,110688510,90.432,122419000,8208813,Y,-2.0,2.0,801
R26BK01712920,2026-09-03,산림청 국립자연휴양림관리소,2026년 국립유명산자연휴양림 긴급유지보수사업(안전시설물 설치),가평군산림조합,1328201199,임오영,24690000,94.998,,,,,,1
R26BK01697810,2026-09-04,경기도 안산시,2026년 일동·이동 일원 경과 수도계량기 교체공사,주식회사 대열이엔지,1348640600,김현식,165293000,90.543,183120000,14077680,Y,-3.0,3.0,28
R26BK01700185,2026-09-04,충청남도 천안시,성정시장 주차장 추가조성 공사,가온종합건설주식회사,8138601559,박창수,140506000,90.291,156628000,7977617,Y,-3.0,3.0,79
R26BK01701933,2026-09-04,한국철도공사 회계통합센터,부산진역 구내사무실(수송팀) 직원숙소 개량공사,케이알건설 주식회사,6188109359,강득중,846050000,90.193,938234000,40746168,Y,-2.0,2.0,382
R26BK01681760,2026-09-04,조달청 인천지방조달청,(가칭)동탄12고 신축공사,민봉종합건설 주식회사,2048140689,박춘명,17640384000,86.639,20244334000,1195162165,Y,-3.0,3.0,633
R26BK01705354,2026-09-04,강원특별자치도 동해시,심곡경로당 그린리모델링 공사(기계),주식회사 엘림엔지니어링,2228123543,차재헌,26527245,90.05,29523000,855000,Y,-3.0,3.0,19
R26BK01704213,2026-09-04,전북특별자치도 무주군,안성 공공하수처리시설 증설사업(정보통신공사),광림네트웍스 주식회사,8648803694,김영민,40952854,91.034,45350000,2869021,Y,-3.0,3.0,5
R26BK01706411,2026-09-04,국방과학연구소,기숙사A동 노후 현관문 교체 공사,주식회사 비가림,3088133933,임양신,56352591,90.179,62700000,2641870,Y,-2.0,2.0,387
R26BK01706416,2026-09-04,재단법인 부산정보산업진흥원,전기온수기 교체공사(기계설비),주식회사포스테코,6068175308,정은영,65519380,90.015,72132000,1577191,Y,-3.0,3.0,319
R26BK01704497,2026-09-04,대구광역시 달서구,어린이보호구역 CCTV 인프라 강화(월배권역) 공사,경인전력주식회사,5148157035,권선열,104286490,89.952,117044480,2328688,Y,-3.0,3.0,357
R26BK01702208,2026-09-04,국방과학연구소,00지역 장비 전원공사,한성중공업(주),1138163993,김홍철,223796910,90.111,248300000,8850320,Y,-2.0,2.0,1060
R26BK01706498,2026-09-04,재단법인 부산정보산업진흥원,전기온수기 교체 공사(전기),주식회사 해온전력,5908800398,추오성,12124200,89.752,13640000,,Y,-3.0,3.0,762
R26BK01704347,2026-09-04,경상남도 거창군,2026년 임도 보수사업(위천상천),태건개발 주식회사,7878703522,이하경,34204000,90.548,38147000,1707236,Y,-3.0,3.0,5
R26BK01706057,2026-09-04,경상남도 남해군,농어촌도로 고현면303호선(화전) 선형개선공사,해광토건 주식회사,6148102640,강지백,87634300,90.491,96950000,6610213,Y,-3.0,3.0,18
R26BK01703189,2026-09-04,경기도 성남시 중원구,2026년 하반기 중원구 빗물받이 준설공사,(주)아호,5058701989,류치진,52494950,90.554,57361000,4419786,Y,-3.0,3.0,41
R26BK01704327,2026-09-04,경상남도 거창군,2026년 군도 및 농어촌도로 차선도색공사,주식회사 하진건설,2178601668,김창수,90398416,90.425,101387000,5287206,Y,-3.0,3.0,33
R26BK01706779,2026-09-04,전남광주통합특별시 광양시,광양시청소년문화센터 기능보강공사(전기),(주)라엔텍,5218100049,이기승,26318005,90.325,29359440,1644811,Y,-3.0,3.0,124
R26BK01699644,2026-09-04,경기도 안양시,김중업박물관 뒤 공영주차장 입체화공사(전기공사)(계속비사업),주식회사 영림전기,1278636883,석영림,365025312,90.435,408562000,27114200,Y,-3.0,3.0,3486
R26BK01704069,2026-09-04,경상북도 의성군,2026년 산사태예방사업(사촌5지구),주식회사 우주 (wooju),2738803165,이상근,59590000,90.226,66167000,2590463,Y,-3.0,3.0,7
R26BK01705292,2026-09-04,경기도 김포시,2026년 명절대비 광역 도로변 환경정비공사,주식회사 선호개발,1438131681,윤종선,90637600,89.948,99880000,1036076,Y,-3.0,3.0,60
R26BK01699301,2026-09-04,강원특별자치도교육청 강릉중앙고등학교,강릉중앙고 본관 앞 화단 정비 공사,그린랜드 주식회사,2268140995,손주운,88168380,90.214,97557000,3885524,Y,-3.0,3.0,49
R26BK01697864,2026-09-04,경기도 안양시,"김중업박물관 뒤 공영주차장 입체화공사(건축,토목,기계)(계속비사업, 긴급)",(주)하나토건,5068120008,이성준,5254315000,88.624,5923980000,310855851,Y,-3.0,3.0,784
R26BK01699880,2026-09-04,한국철도공사 회계통합센터,전라선 구례구-괴목 123.650km 부근 외 1개소 산사태 예방공사,다스코 주식회사,4088125446,한상원,232250740,90.31,257320000,12921881,Y,-2.0,2.0,32
R26BK01713349,2026-09-04,서울특별시 서부공원여가센터,하늘공원 상부 조명시설 개선 전기공사,케이에스오전기(주),1268652992,박종숙,48500000,100.0,,,,,,1
R26BK01670181,2026-09-04,조달청 전북지방조달청,군산자유무역지역 내 도로 재포장 공사,유한회사 송학건설,4048106108,이세진,195394400,90.251,216698000,10585114,Y,-2.0,2.0,234
R26BK01704986,2026-09-04,경상북도 김천시,증산면 황정리(원황정) 소규모급수시설 가정관로 설치공사,용운건설(유),4108195983,유경상,36204186,90.232,40300000,1783371,Y,-3.0,3.0,38
R26BK01705260,2026-09-04,경기도 화성시,매송도시계획도로 소로1-2호선 외 2개소 군통신시설 이설공사(M-BcN케이블),주식회사 디피엔,1348143368,유선영,126463200,90.365,139905000,8283780,Y,-3.0,3.0,123
R26BK01705915,2026-09-04,경기도 남양주시 상하수도관리센터,지방도 387호선(화도-운수) 상수관로 이설공사 단가계약,주식회사 길산건설,1328194949,이관섭,62781830,90.569,68687000,3499490,Y,-3.0,3.0,44
R26BK01702151,2026-09-04,한국철도공사 회계통합센터,*실적제한*고양차량기지 분기기개량에 따른 기계신호설비 철거설치공사,(주)가인지엔티,1278187918,김낙종,167947590,90.308,186308000,8112471,Y,-2.0,2.0,13
R26BK01706365,2026-09-04,경상북도 봉화군 농업기술센터,삼덕지구수리시설개보수사업,하눌레져건설 주식회사,5068116014,권만호,237082291,90.4,263200000,16586640,Y,-3.0,3.0,48
R26BK01704340,2026-09-04,전북특별자치도 장수군,2026년  천천 반월 마을상수도 물탱크 보수공사 수의계약 안내공고,유한회사 명현건설,4028141924,이경숙,30981000,90.555,34650000,1561143,Y,-3.0,3.0,12
R26BK01702063,2026-09-04,제주특별자치도개발공사,마음에온 서귀1차 전기공사,주식회사 예주이엔지,7058700692,박철영,339743096,90.493,374926000,26948464,Y,-3.0,3.0,389
R26BK01702996,2026-09-04,인천광역시 남동구,꽃피는 남촌가 조성공사(전기),(주)중앙전기,1218150640,이종선,51877770,90.088,57450000,1924726,Y,-3.0,3.0,694
R26BK01705677,2026-09-04,강원특별자치도 삼척시 도계읍,고사리 69번지 일원 용수로 보수공사,영민건설(주),2228111561,고  병  찬,39909830,90.371,44449000,2468658,Y,-3.0,3.0,69
R26BK01700862,2026-09-04,경상남도,서부청사 옥외가로등 노후 전기설비 개선공사,주식회사 세명전기공사,4938602602,최재웅,233727013,90.286,256355000,13381718,Y,-3.0,3.0,1316
R26BK01705038,2026-09-04,경상북도 김천시,개령면 양천리(마을회관 뒤) 쉼터 설치공사,해경건설(주),8978802851,조윤숙,21586600,90.57,24300000,1186457,Y,-3.0,3.0,102
R26BK01704531,2026-09-04,강원특별자치도 춘천시,학곡천 기후대응 도시숲 조성사업(2차),(주)푸른숲조경,6208121394,김음수,71743000,90.192,78997000,3459171,Y,-3.0,3.0,91
R26BK01699449,2026-09-04,법무부 서울지방교정청 수원구치소,"수원구치소 공무상 접견실 증설 및 직원휴게실 등 이전공사(건축,기계)",주식회사 선일종합건설,8098600041,홍인국,687610500,90.236,765391000,36521050,Y,-2.0,2.0,1375
R26BK01703495,2026-09-04,해양경찰청 동해지방해양경찰청 포항해양경찰서,포항해양경찰서 영일만항 전용부두 기반시설 전기공사,주식회사 한보테크,4418100011,강형주,17688740,89.97,19635000,430828,Y,-2.0,2.0,177
R26BK01699628,2026-09-04,조달청 대구지방조달청,경북대학교 의과대학 해부학실습실 환경개선 기계설비공사,(주)상원기업,5028128895,김희철,383668100,90.219,422703000,19593369,Y,-2.0,2.0,204
R26BK01699119,2026-09-04,시립은평청소년센터,스팀용 밸브 교체공사,(주)동승기업,1108135784,임준빈,3470000,97.233,,,,,,1
R26BK01705981,2026-09-04,산림조합중앙회 충남지역 당진시산림조합,2026년 조림지 덩굴제거사업-2지구,산림법인진산 주식회사,8908103563,유지원,68067800,89.908,75020000,858582,Y,-3.0,3.0,6
R26BK01706031,2026-09-04,경상남도 사천시,보건소 통합건강증진실 조성공사(건축·기계)(총괄분),신라건설(주),6138159723,김복순,192627420,90.364,213862000,11482405,Y,-3.0,3.0,30
R26BK01700337,2026-09-04,경기도 안산시,사이숲 놀이터 조성사업(경기지방정원 진입도로 주변 공원녹지 정비공사),일성건설(주),1058129640,백종탁,436549000,90.27,488000000,24035199,Y,-3.0,3.0,142
R26BK01704828,2026-09-04,강원특별자치도 춘천시,춘천 민성기 가옥 담장 및 협문 보수공사,선우종합건설주식회사,3178128827,김애숙,79489000,91.034,87437000,4581416,Y,-3.0,3.0,2
R26BK01699798,2026-09-04,경기도 안양시,김중업박물관 뒤 공영주차장 입체화공사(소방공사)(계속비사업),주식회사블루이에프씨,2118786991,이상훈,671093700,90.321,751766000,41207584,Y,-3.0,3.0,946
R26BK01682319,2026-09-04,조달청 부산지방조달청,"탄소중립 특화 지식산업센터 건립사업(건축,가시설,토목,조경,기계)",주식회사 대득건설,6108148528,신명준,11563723100,86.758,13489251000,794962748,Y,-3.0,3.0,32
R26BK01706756,2026-09-04,전남광주통합특별시 광양시,2026년 산림복원지 풀베기 사업,(주)성신산림,1848100215,이춘숙,41288300,91.035,45935000,518167,Y,-3.0,3.0,5
R26BK01706785,2026-09-04,경상북도 상주시 상수도사업소,거동동 배수관로 매설구간 포장정비공사,주식회사 정우건설,3568800255,원현애,38171500,90.248,42500000,1976247,Y,-3.0,3.0,69
R26BK01705965,2026-09-04,제주특별자치도,제주시 도남동 빈집 리모델링 공사,대림강건,6160377270,고행남,51830000,89.951,57112000,1129146,Y,-3.0,3.0,145
R26BK01706434,2026-09-04,한국철도공사 회계통합센터,경전선 순천-원창 189.300km 외 5개소 재해예방 개량공사,한강개발 주식회사,4988702905,신경숙,195956420,90.375,218010000,13209090,Y,-2.0,2.0,292
R26BK01699751,2026-09-04,부산대학교 산학협력단,휴머노이드후각디스플레이센터 바이오파운더리 연구시설 소방공사,주식회사 대아전력,6138138636,한승철,39706101,90.363,43870000,2610469,Y,-2.0,2.0,378
R26BK01704740,2026-09-04,강원특별자치도 춘천시,신남공원 외 1개소 정비사업,수현개발주식회사,2238101708,함지연,66764930,90.21,75214000,3278785,Y,-3.0,3.0,91
R26BK01706039,2026-09-04,전북특별자치도 전주시 덕진구,2026년 덕진구 관내 인도 유지보수공사(3차 단가계약) 견적제출 안내공고,주식회사 수도,4758601298,김남직,89678770,90.068,99000000,2611622,Y,-3.0,3.0,76
R26BK01706572,2026-09-04,경상북도 안동시,송천동 선어대 주변 정밀여과장치 설치공사,주식회사 대광,5088117590,안은영,57215867,90.312,62920000,3356595,Y,-3.0,3.0,69
R26BK01706286,2026-09-04,경기도 고양시,2026년 교량 등 시설물 유지보수공사(연간단가_일산서구_2차),에이앤드디플러스건설 주식회사,1108167568,정명선,89360000,90.644,100000000,5445509,Y,-3.0,3.0,27
R26BK01701968,2026-09-04,법무부 서울지방교정청 수원구치소,수원구치소 공무상 접견실 증설 및 직원휴게실 등 이전공사(전기) 소액수의 입찰공고,주식회사 다산전력,4198100519,양현철,124405800,90.447,138697000,9406303,Y,-2.0,2.0,3838
R26BK01704794,2026-09-04,대구광역시 달서구,"어린이보호구역 CCTV 인프라 강화(두류,송현권) 공사",(주)에이아이정보기술,2498702905,이상돈,73760800,89.888,81872000,1139368,Y,-3.0,3.0,355
R26BK01706655,2026-09-04,대구광역시 북구,파란공원 생태놀이터 정비공사 수의견적 제출 공고,만운조경 주식회사,2908701511,하채운,176186700,90.181,197910000,7321951,Y,-3.0,3.0,234
R26BK01704267,2026-09-04,전북특별자치도 완주군,화산 가양마을 지선관로사업,유한회사 백수정건설,6758701314,김보경,41748000,90.284,46090000,1784857,Y,-3.0,3.0,21
R26BK01706467,2026-09-04,서천군산림조합,2026년 어린나무가꾸기 사업,유한회사 가을,6188128434,이근중,97569877,89.929,109643000,1222928,Y,-3.0,3.0,8
R26BK01694189,2026-09-04,경상남도교육청 경상남도창원교육지원청 남양초등학교,남양초등학교 교사동 건물 외벽 도색 공사 수의계약 안내 공고,주식회사 아라전문건설,6088182881,김외순,101676916,90.025,113465000,3072727,Y,-3.0,3.0,163
R26BK01706605,2026-09-04,울산광역시 남구,2026년 무거천 일원 자전거도로 정비공사,주식회사 삼일개발,1818100894,이종태,48096140,90.2,52800000,2301826,Y,-3.0,3.0,144
R26BK01705821,2026-09-04,대구광역시교육청 대구광역시남부교육지원청,대구장동초등학교 환경개선 소방시설공사,주식회사 대현소방,8208702908,송영철,14356839,90.142,15939000,615239,Y,-3.0,3.0,191
R26BK01704429,2026-09-04,목포대학교,생활과학관 공동전산실 및 스마트회의실 PBL조성공사,에이원산업(주),5138136610,김재이,131494589,90.017,145104000,3856767,Y,-2.0,2.0,54
R26BK01705385,2026-09-04,강원특별자치도 동해시,심곡경로당 그린리모델링 공사(전기),(주)삼강기전,2228122904,최준웅,25877050,90.306,28645000,1367322,Y,-3.0,3.0,46
R26BK01706747,2026-09-04,충청남도 보령시,계약대행[주민이 함께 그리는 컬러풀 원산도],제일산업(주),3138102219,조병두,196369330,89.992,219740000,4982754,Y,-3.0,3.0,37
R26BK01706038,2026-09-04,경기도 동두천시,도시녹지 환경개선 공사,주식회사 대양이에스티,1688700874,정수진,153235000,90.366,168600000,8737109,Y,-3.0,3.0,11
R26BK01706029,2026-09-04,경기도 여주시,교통사고 잦은 곳(터미널사거리) 개선사업,주식회사 2000아키,2888802606,경도현,112199665,91.061,124646000,14834776,Y,-3.0,3.0,34
R26BK01702900,2026-09-04,인천광역시 상수도사업본부,2026년 제물포구 블록정비구간 2차포장 복구공사,주식회사엠케이건설,5288704257,이수현,49553780,91.084,55121000,7069925,Y,-3.0,3.0,205
R26BK01701903,2026-09-04,한국철도공사 회계통합센터,호남철도차량정비단 후문 배수시설 개량 전기공사,주식회사 우창이엔지,6138181472,장맹남,223110280,90.263,248160000,12493859,Y,-2.0,2.0,1923
R26BK01704533,2026-09-04,충청남도 건설본부 건설사업부 북부사무소,[천안]지방도623호 신흥교 보수보강공사,자화토건(주),3078107863,김영순,197171990,90.846,217090000,23249042,Y,-3.0,3.0,1012
R26BK01706436,2026-09-04,경상북도 영주시,순흥면 배점2리 덕현소하천 사면정비공사,동신건설,6433700685,조명희,78028250,90.312,86000000,4777153,Y,-3.0,3.0,55
R26BK01706565,2026-09-04,경기도 남양주시 도로관리사업소,2026년 도로 노면 재포장 공사(청학리 외 2개소),인광건설(주),1328110615,원은숙,83643983,90.416,91661000,5469182,Y,-3.0,3.0,53
R26BK01701992,2026-09-04,제주특별자치도개발공사,마음에온 동홍2차 전기공사,주식회사동명전기,5018700241,강정심,506693120,90.49,561571000,40499531,Y,-3.0,3.0,376
R26BK01698121,2026-09-04,경기도 안양시,김중업박물관 뒤 공영주차장 입체화공사(통신공사)(계속비사업),주식회사지누지앤아이,1238616662,유동호,230549590,90.426,254798000,16878569,Y,-3.0,3.0,1947
R26BK01705977,2026-09-04,경기도 동두천시,동두천시 생활폐기물 적환장 조성공사(소방설비),성현소방,1272935260,최수정,31483870,90.27,35118000,1380212,Y,-3.0,3.0,5
R26BK01702141,2026-09-04,한국철도공사 회계통합센터,★철도신호기술자보유★중앙선 도담역 517호 등 4개소 분기기 개량에 따른 신호설비 보수공사,(주)동방하이텍,6058190932,변준섭,80956895,89.969,90194000,1134691,Y,-2.0,2.0,18
R26BK01687289,2026-09-04,한국마사회 부산경남경마본부,부산경남경마공원 에스컬레이터 교체공사,주식회사 에이엔티,6228111039,제정철,1527673200,89.715,1696981000,51755218,Y,-2.0,2.0,10
R26BK01697349,2026-09-04,해양수산부 군산지방해양수산청,격포항 여객선 부잔교 설치공사(전기공사),주식회사 한광전력,4038129262,조성광,81236531,90.119,89747000,3294071,Y,-2.0,2.0,1087
R26BK01705616,2026-09-04,충청남도 부여군,2026년 지방하천 스마트 홍수관리시스템 구축사업(전기),현대전기공사,3081464507,김용일,41484754,90.263,45848000,2310255,Y,-3.0,3.0,56
R26BK01704607,2026-09-04,경기도 남양주시 진접읍,2026년 진접읍 생활민원처리 단가계약 3차(서쪽권역),주식회사 경춘포장건설,2998703495,한규연,137020760,90.234,151335000,7225181,Y,-3.0,3.0,57
R26BK01705499,2026-09-04,강원특별자치도 동해시,발한경로당 그린리모델링 공사(건축),주식회사 민앤민(Min & Min),1328636793,이상수,50724500,90.264,56298000,2310351,Y,-3.0,3.0,21
R26BK01704574,2026-09-04,강원특별자치도교육청 강원특별자치도태백교육지원청,세연중 다목적실 치장벽돌 보강공사,주식회사 강한,2228124052,엄상규,95765900,90.625,106330000,8620416,Y,-3.0,3.0,13
R26BK01701429,2026-09-04,전남광주통합특별시 도로관리사업소,국도 18호선 진도 고군 지막2지구 위험도로 개선사업,에이치티씨시스템(주),4098640955,서명희,65807250,90.534,73686000,5418670,Y,-3.0,3.0,780
R26BK01705925,2026-09-04,경기도 동두천시,동두천시 생활폐기물 적환장 조성공사(전기설비),주식회사 덕천엔지니어링,2058144257,전찬열,20009890,90.681,22465000,1197572,Y,-3.0,3.0,28
R26BK01704343,2026-09-04,인천광역시 미추홀구,은행나무 열매 조기 제거공사,주식회사 거산파워텍,1318190896,김금자,74750200,90.257,82853000,4082126,Y,-3.0,3.0,293
R26BK01705529,2026-09-04,부산광역시 연제구,연수로 197 일원 교통사고 잦은 곳 개선사업,수환건설(주),6228124024,최재영,58046896,90.327,65240000,3520619,Y,-3.0,3.0,251
R26BK01704638,2026-09-04,대구광역시 달서구,어린이보호구역 CCTV 인프라 강화(성서권역) 공사,주식회사 대유정보통신,6838101313,서태교,95676680,89.952,106601000,2145214,Y,-3.0,3.0,356
R26BK01706544,2026-09-04,경기도 성남시 분당구,분당구 관내 빗물받이 정비공사,주식회사 신명건설,1298605635,이혜영,158046048,90.832,174557000,16062939,Y,-3.0,3.0,43
R26BK01694192,2026-09-04,신대구부산고속도로(주),2026년 콘크리트포장 보수공사,(주)태양건설,3018142412,황태기,466028610,91.164,507760000,70744420,Y,-2.0,2.0,1881
R26BK01705211,2026-09-04,충청북도교육청 청주공업고등학교,2026. 청주공고 화재수신기 교체 소방공사 수의계약 안내 공고,주식회사 상원테크,3998800723,송옥순,71870710,89.922,79112000,1086205,Y,-3.0,3.0,132
R26BK01704291,2026-09-04,경상남도 사천시,자연휴양림 숲속의집 3지구 조성공사(전기),합자회사화신전력,6138122546,김병욱,105568190,90.291,117777000,5951069,Y,-3.0,3.0,55
R26BK01692645,2026-09-04,샛별딸기,2026년 청년농업인 스마트팜 자립기반 구축사업,주식회사 유성산업개발,2908103399,한상현,89935000,91.021,100000000,2254518,Y,-3.0,3.0,11
R26BK01706457,2026-09-04,경상북도 봉화군 농업기술센터,밤나무둥지가뭄대비용수개발사업(추가분),성광건설 주식회사,5128112575,이재규,35865700,90.274,39600000,1976917,Y,-3.0,3.0,37
R26BK01704336,2026-09-04,전북특별자치도 장수군,2026년 장계(성곡1)지구 생활환경 정비공사 수의계약 안내공고,유한회사 장수건설,4188132416,이경아,22140830,90.266,24673000,1117097,Y,-3.0,3.0,33
R26BK01706463,2026-09-04,제주특별자치도,서귀포 천제연 관개수로 준설사업 (사업소),제주준설 주식회사,8368103424,원하늘,73264680,90.923,81213000,7921429,Y,-3.0,3.0,24
R26BK01704519,2026-09-04,경기도 화성시 공원녹지사업소,2026년 목동공원 리모델링 공사,나무디앤씨(주),1448132946,임장선,65509300,90.453,71629000,4565745,Y,-3.0,3.0,138
R26BK01705471,2026-09-04,강원특별자치도 동해시,묵호경로당 그린리모델링 공사(건축),주식회사 온온건설,6098602172,양수복,56613524,90.459,63586000,3489543,Y,-3.0,3.0,21
R26BK01704253,2026-09-04,경상남도 거창군 농업기술센터,2026년 식품소재 반가공산업 육성사업 저온저장고 신축공사(기계)(민간입찰대행),유한회사 태영설비,6098126465,이성수,154909225,90.125,171400000,6331380,Y,-3.0,3.0,356
R26BK01704486,2026-09-04,전남광주통합특별시교육청 전남광주통합특별시강진교육지원청,전남미래국제고 역사관 증축 및 기타시설 소방공사,두레건설주식회사,4088150756,김진수,48705680,90.342,54084000,2811067,Y,-3.0,3.0,12
R26BK01705290,2026-09-04,강원특별자치도 고성군,고향올래(로컬유학) 도란도란 STAY 조성사업(통신),주식회사 케이피전력,2258113627,박정희,52525770,90.473,58721000,3099205,Y,-3.0,3.0,13
R26BK01704481,2026-09-04,경기도 양주시,콘크리트 우수 맨홀뚜껑 교체 및 추락방지시설 설치사업(동지역),청우환경개발주식회사,1278623281,이현복,198379640,90.45,219318000,14946889,Y,-3.0,3.0,39
R26BK01701537,2026-09-04,한국공항공사 김포공항,김포공항 국제선 열원장비 교체 전기공사,주식회사에어텍,1098625995,고상봉,156132000,90.317,173586536,9645420,Y,-2.0,2.0,1583
R26BK01705012,2026-09-04,경상북도 김천시,신음동 조각공원길 인도정비공사,주식회사 영남건설,5108107611,전해숙,51365000,90.232,56800000,2607860,Y,-3.0,3.0,154
R26BK01697140,2026-09-04,대구광역시 상수도사업본부 달서사업소,소구역 DS49 외 1개소 배수관 정밀세척공사,주식회사 심도,5048125555,장일,229883000,90.43,256442000,13818237,Y,-3.0,3.0,7
R26BK01705484,2026-09-04,부산광역시 건설안전시험사업소,2026년 중부산권역 아스팔트포장 긴급(소파) 보수공사(단가계약) 2차,주식회사 유승,5418801003,이윤아,90123750,90.165,99000000,4075484,Y,-3.0,3.0,251
R26BK01705391,2026-09-04,강원특별자치도 동해시,대원곡경로당 그린리모델링 공사(건축),주식회사 온온건설,6098602172,양수복,61805805,90.343,69514000,2979291,Y,-3.0,3.0,21
R26BK01704056,2026-09-04,경상북도 의성군,구천모흥1리농업용암반관정이용시설설치전기공사,주식회사 삼조,5918600378,김정화,11795734,90.606,13277000,283900,Y,-3.0,3.0,51
R26BK01701132,2026-09-04,서울특별시 영등포구,영등포·신길 빗물펌프장 증설 전기공사,금성이엔지 주식회사,1058639745,박지영,768578406,90.337,855380000,49101475,Y,-3.0,3.0,1515
R26BK01705270,2026-09-04,강원특별자치도 동해시,신흥경로당 그린리모델링 공사(건축),(주)유에스,1368702045,이미선,115855000,90.481,127977000,6533042,Y,-3.0,3.0,21
R26BK01699584,2026-09-04,한국농어촌공사 경기지역본부 연천.포천.가평지사,가래울마을 접경지역 주민자생적 마을활력사업(2단계) 전기공사,주식회사 포든이엔지,1278802937,이소영,230518953,90.448,258528000,16117486,Y,-2.0,2.0,3520
R26BK01705649,2026-09-04,충청남도 부여군,홍산면 남촌4리 배수로 정비공사(유지보수),주식회사에이지건설,5768702016,조남원,25472930,90.218,28490000,1278053,Y,-3.0,3.0,115
R26BK01704211,2026-09-04,대구광역시교육청 대구광역시남부교육지원청,대구장동초등학교 외 1교(이곡초) 환경개선 전기공사,주식회사 신훈전설,7558702394,남태정,29757735,90.308,33341000,1764429,Y,-3.0,3.0,713
R26BK01705940,2026-09-04,산림조합중앙회 충남지역 당진시산림조합,2026년 조림지 덩굴제거사업-1지구,산림법인태산 주식회사,1908702258,김민재,67006800,89.945,74850000,857738,Y,-3.0,3.0,6
R26BK01703960,2026-09-04,경기도 시흥시,으뜸관 오픈갤러리 조성 공사(건축),주식회사 다이드,1448138498,유재정,263768420,90.308,291186280,16032777,Y,-3.0,3.0,1062
R26BK01704153,2026-09-04,해양경찰청 동해지방해양경찰청 포항해양경찰서,포항해양경찰서 영일만항 전용부두 기반시설 기초 콘크리트 공사,주식회사 길종합건설,2188801345,김장희,27270829,90.186,30146000,1154460,Y,-2.0,2.0,22
R26BK01701229,2026-09-04,안동농업협동조합,안동농협 서후지점 농기계수리센터 신축 소방공사 입찰 공고,주식회사 북경,5088119491,박순선,9350000,,,,,,,3
R26BK01704860,2026-09-04,강원특별자치도 동해시,승지경로당 그린리모델링 공사(건축),주식회사 현서건축,6828104108,전종범,48303682,90.257,53569000,2512686,Y,-3.0,3.0,21
R26BK01705504,2026-09-04,경상남도 양산시,"양주,삼성,상하북지구 녹지대 풀베기 사업(26년 2차)",주식회사 에덴조경,7288801411,박성국,40798540,89.895,45661000,500725,Y,-3.0,3.0,51
R26BK01705079,2026-09-04,경상북도 김천시,산업(농공)단지 내 가로수 전정 단가계약,(주)한백조경개발,6138126936,문승배,86220800,90.358,96000000,4840256,Y,-3.0,3.0,44
R26BK01705691,2026-09-04,경상북도 상주시 하수도사업소,상주시 연원동 처리구역 외 하수도 정비사업,선덕건설 주식회사,1588702313,김민재,240889191,90.789,263520000,24544545,Y,-3.0,3.0,48
R26BK01704917,2026-09-04,충청북도 청주시 흥덕구,복대동 266-11번지 일원 보도정비공사,주식회사 지슬롭이엔씨,7648600582,이해숙,86976900,90.847,95090000,10070892,Y,-3.0,3.0,210
R26BK01702449,2026-09-04,경기도 성남시 분당구,2026년 하반기 분당구 하수도 구조물 정비공사(1구역),노딕기술(주),1298181467,유형식,152567000,90.611,170000000,12955814,Y,-3.0,3.0,39
R26BK01705469,2026-09-04,인천환경공단,비산재 이송 컨베이어(B) 교체공사,신아이엔씨(주),1218178221,이성필,171347000,90.655,186340000,14674523,Y,-3.0,3.0,237
R26BK01701169,2026-09-04,안동농업협동조합,안동농협 서후지점 농기계수리센터 신축 전기공사 입찰 공고,주식회사 아셀,5048191851,김정현,44700000,,,,,,,11
R26BK01695771,2026-09-04,한경국립대학교,2026년 한경국립대학교 안성캠퍼스 제1공학관 노후 수배전반 교체 전기공사,주식회사 이피에스이앤이,1388173466,박변주,193519600,90.241,217148000,10349862,Y,-2.0,2.0,3521
R26BK01705210,2026-09-04,강원특별자치도 동해시,향로경로당 그린리모델링 공사(기계),다온이피에스 주식회사,1948802301,주우영,25602860,90.134,28334000,998279,Y,-3.0,3.0,19
R26BK01695334,2026-09-04,조달청 대구지방조달청,"상주박물관 수장고 증축사업 건축공사(총괄, 1차분)",(주)세영산업,5088121643,임범진,8561237890,88.778,9582575000,619899075,Y,-3.0,3.0,234
R26BK01704174,2026-09-04,충청북도 증평군,연암지질생태공원 데크시설물 보수공사,지우건설 주식회사,3178103165,김양희,28254200,90.515,31106000,1884865,Y,-3.0,3.0,4
R26BK01664356,2026-09-04,강원특별자치도교육청 영서고등학교,영서고 산업기계과 실습동 교육환경 개선공사 수의계약 견적 제출 안내 공고,풍산종합건설주식회사,2248128302,김주현,218822000,90.28,241335000,12583045,Y,-3.0,3.0,145
R26BK01704222,2026-09-04,전북특별자치도 무주군,안성초등학교 통학로 전선 지중화사업 포장 복구공사,주식회사 부송건설,4028602998,이성용,117458600,90.407,131747000,3083971,Y,-3.0,3.0,17
R26BK01700909,2026-09-04,중소기업은행,삼양동지점 이전 레이아웃 전기공사,주식회사 자유전설,1108155460,김상중,84162180,90.659,92180000,4741018,Y,-2.0,2.0,11
R26BK01704261,2026-09-04,강원특별자치도 양양군,광정천 제방 좌우안 보강공사,주식회사 양양조경,8228802541,박영희,26168500,90.953,29280000,1522244,Y,-3.0,3.0,16
R26BK01701195,2026-09-04,안동농업협동조합,안동농협 서후지점 농기계수리센터 신축 통신공사 입찰 공고,주식회사 북경,5088119491,박순선,12500000,,,,,,,6
R26BK01705058,2026-09-04,경상북도 김천시,아포읍 봉산1리 세천 정비공사,신창건설 주식회사,4188601806,김광섭,33170000,90.29,36300000,1701578,Y,-3.0,3.0,81
R26BK01702256,2026-09-04,국토교통부 부산지방국토관리청 김해국토관리사무소,국도35호선 남천2교 시설물 보수공사,도수종합건설주식회사,6108167205,서진원,1154900000,89.565,1275450000,80810354,Y,-2.0,2.0,51
R26BK01703468,2026-09-04,부산광역시 건설본부,부산글로벌빌리지 시설개선 기계설비공사,아쿠아셀(주),6178150802,김경희,129987200,90.801,140622000,9307484,Y,-3.0,3.0,345
R26BK01702762,2026-09-04,행정안전부 정부청사관리본부,정부세종청사 중앙동 방호대기실 환경개선 공사(건축),주식회사 맵스비홀드,1558702347,진지은,70520370,90.176,78397000,3205013,Y,-2.0,2.0,59
R26BK01704701,2026-09-04,강원특별자치도 춘천시,도시바람길숲 조성사업(공지천),(주)뉴텍건설,2218120602,김상규,159335700,90.077,177902000,5667909,Y,-3.0,3.0,93
R26BK01703861,2026-09-03,경상남도 양산시,근린공원 풀베기사업(2차 동면지구),주식회사 오름조경,4028701676,이병훈,37048170,89.928,40900000,449921,Y,-3.0,3.0,49
R26BK01700753,2026-09-04,강원특별자치도 동해시,신흥동(서학골 일원) 마을진입로 확장공사,지에스종합건설 주식회사,6078138679,최세규,505154200,90.448,560610000,38248702,Y,-3.0,3.0,744
R26BK01701519,2026-09-04,전남광주통합특별시 도로관리사업소,국도 18호선 진도 임회 죽림지구 위험도로 개선사업,양강종합건설 주식회사,6448700456,강동수,143082570,91.146,156360000,21445351,Y,-3.0,3.0,1028
R26BK01701351,2026-09-04,경기도교육청 경기도포천교육지원청,포천고 공간재구조화 개축 및 리모델링 소방공사(계속비),주식회사 삼호소방공사,5118601589,김나연,610612060,90.377,684634000,41422826,Y,-3.0,3.0,947
R26BK01697958,2026-09-04,인천광역시 남동구,꽃피는 남촌가 조성공사(1단계),주식회사 수산기업,1398141287,장수철,154442570,90.389,170423000,10247926,Y,-3.0,3.0,98
R26BK01704826,2026-09-04,강원특별자치도 태백시,2026년 고원로 보도 정비공사(2차분),고도산업개발 주식회사,3018151584,김영숙,164808000,91.308,179053000,23017908,Y,-3.0,3.0,26
R26BK01705063,2026-09-04,안산도시개발(주),2026년 수소연료전지 송수전 저압 변경 공사,세아전기 주식회사,4118164071,강미성,143223276,90.049,156725800,4578630,Y,-3.0,3.0,3598
R26BK01702823,2026-09-04,경상남도 거창군 수도사업소,남상면 춘전마을 배급수관로 정비공사,주식회사 태강건설,6098191516,염양순,130721200,90.383,146168000,7883040,Y,-3.0,3.0,24
R26BK01704292,2026-09-04,경상남도 사천시,자연휴양림 숲속의집 3지구 조성공사(소방),진사전력기술단,6131224418,김지영,33598000,90.344,37048000,1949534,Y,-3.0,3.0,14
R26BK01702456,2026-09-04,경기도 성남시 분당구,2026년 하반기 분당구 하수도 구조물 정비공사(2구역),주식회사일진기술,4108691191,김덕영,153929580,90.634,170000000,12955814,Y,-3.0,3.0,38
R26BK01698271,2026-09-04,서울특별시교육청 서울특별시강서양천교육지원청,"서울신기초 체육관, 급식시설, 특별교실 증축 전기공사",한빛시스템주식회사,2148724941,윤명호,726613857,90.366,813954000,48154786,Y,-3.0,3.0,1539
R26BK01711602,2026-09-03,서울특별시 서울대공원,서울랜드 착각의 집 외 2개소 석면해체·제거 부분 복구공사,주식회사 동보엔지니어링,1288172908,박기옥,30357000,90.0,,,,,,1
R26BK01701847,2026-09-04,제주특별자치도개발공사,마음에온 동홍1차 전기공사,주식회사 루다전기,2598802063,윤선주,662194079,90.502,728946000,52629442,Y,-3.0,3.0,367
R26BK01705353,2026-09-04,강원특별자치도 동해시,심곡경로당 그린리모델링 공사(건축),덕운건설주식회사,2228123451,김미자,63867029,90.243,70988000,3030016,Y,-3.0,3.0,21
R26BK01704553,2026-09-04,경기도 남양주시 진접읍,2026년 진접읍 생활민원처리 단가계약 3차(동쪽권역),주식회사 태유건설,1328605247,김송단,135740000,90.298,151335000,7225181,Y,-3.0,3.0,56
R26BK01700501,2026-09-04,한국철도공사 회계통합센터,★ 전기철도분야 전문기술자 보유★경부선 가천~경산 전차선로 보호 모니터링 시스템 개량공사,주식회사 광진건설,5048602125,이은주,265923977,90.58,291892000,15372391,Y,-2.0,2.0,6
R26BK01705468,2026-09-04,경상북도 포항시,포항 장기읍성 옥외소화전 설치공사(문화유산),주식회사 매호,6568603731,정진남,71524432,90.173,79350000,1651374,Y,-3.0,3.0,2
R26BK01700891,2026-09-04,경기도,2026년 용인시 지방도321호선 외 2개 노선 재포장공사,대청건설 주식회사,1428130485,김순태,668805000,90.516,731000000,54923134,Y,-3.0,3.0,423
R26BK01704640,2026-09-04,강원특별자치도 춘천시,2026년 한발대비 농업용수 개발사업(동산면 군자리 314 관정),강촌공사,2210360251,변태용,72220100,90.564,80328000,3593457,Y,-3.0,3.0,6
R26BK01704252,2026-09-04,경상남도 거창군 농업기술센터,2026년 식품소재 반가공산업 육성사업 저온저장고 신축공사(건축)(민간입찰대행),주식회사 부성건설,6098614339,백승진,116753076,90.258,129888000,6415396,Y,-3.0,3.0,600
R26BK01700628,2026-09-04,국립군산대학교,국립군산대 해양1호관 리모델링 공사,유한회사 성경종합건설,4038140404,이상욱,754581060,90.167,841379000,34331603,Y,-2.0,2.0,665
R26BK01702309,2026-09-04,세종특별자치시시설관리공단,도램마을8단지 주민공동시설 재도장공사,주식회사 이산,3078148618,박경미,120755000,90.193,132519000,4630903,Y,-3.0,3.0,30
R26BK01704922,2026-09-04,충청북도교육청 충청북도청주교육지원청,청주중앙여중 외 1교(운동중) 햇빛이음학교 조성 전기공사 수의계약 안내 공고,동성파워텍주식회사,3018173614,서원숙,74654200,90.214,82236000,3640539,Y,-3.0,3.0,396
R26BK01705329,2026-09-04,강원특별자치도 동해시,골말경로당 그린리모델링 공사(건축),(주)유에스,1368702045,이미선,95228000,90.457,105143000,6262800,Y,-3.0,3.0,21
R26BK01699882,2026-09-04,부산대학교 산학협력단,휴머노이드후각디스플레이센터 바이오파운더리 연구시설 통신공사,메타콤 주식회사,6158110819,문희주,29269857,90.418,32549000,2117961,Y,-2.0,2.0,465
R26BK01705585,2026-09-04,함안군산림조합,2026년 큰나무가꾸기사업(청룡산지구),주식회사 에버그린,6348101359,이환섭,24590000,89.973,27346000,546607,Y,-3.0,3.0,10
R26BK01702059,2026-09-04,경기도 화성시 동탄구,능동 1218번지 일원 우수관로 정비공사,아이디건설(주),5028155937,한길수,59038200,90.241,65490000,3125860,Y,-3.0,3.0,90
R26BK01705936,2026-09-04,경상남도 거제시,어구항 외 2개소 복합다기능 부잔교 설치공사,덕원조경건설 주식회사,6128109365,문애선,115268730,90.127,129127000,4048763,Y,-3.0,3.0,26
R26BK01705306,2026-09-04,강원특별자치도 동해시,향로경로당 그린리모델링 공사(건축),주식회사 디와이건설,2368802207,곽은정,101889710,90.56,113416000,6402721,Y,-3.0,3.0,21
R26BK01701395,2026-09-04,서울특별시 양천구,2026년 근교산 등산로(갈산) 정비사업,(주)나람조경개발,2148701915,이기자,414091000,90.404,454998000,29428453,Y,-3.0,3.0,61
R26BK01701405,2026-09-04,국립항공박물관,2026년 국립항공박물관 항공도서관 개편 공사(건축),정야건설(주),2198121097,김건삼,290118940,90.355,322015000,19098862,Y,-2.0,2.0,1020
R26BK01702430,2026-09-04,경기도 고양시 덕양구,2026년 도로응급복구 보수 공사(연간단가 B-1구역 2차),(주)삼도건설,1288618836,안병율,161893700,90.289,180000000,8925944,Y,-3.0,3.0,61
R26BK01704969,2026-09-04,경상북도 김천시,버스승강장 조명 교체 공사,주식회사 혁신전기,5088128802,김미란,99292603,90.025,110900000,2751265,Y,-3.0,3.0,38
R26BK01705429,2026-09-04,강원특별자치도 동해시,사문경로당 그린리모델링 공사(건축),주식회사 현서건축,6828104108,전종범,57294002,90.378,63903000,3204964,Y,-3.0,3.0,21
R26BK01700840,2026-09-04,중소기업은행,삼양동지점 이전 레이아웃 건축공사,(주)다옴디앤아이,1108168913,한병찬,259867964,90.867,287540000,14586939,Y,-2.0,2.0,11
R26BK01704240,2026-09-04,부산교통공사,2026년 신형 플랩게이트 설치 공사,혜인티엔에스(주),6078185769,김종열,135518790,90.693,148380000,13774999,Y,-3.0,3.0,509
R26BK01702299,2026-09-04,국토교통부 부산지방국토관리청 김해국토관리사무소,국도35호선 성천1교 시설물 보수공사,주식회사 한남기술단,6138111578,이석철,476953400,90.462,529980000,36748363,Y,-2.0,2.0,326
R26BK01704310,2026-09-04,경상남도 함안군 상하수도사업소,집중강우 중점관리구역(말산지구) 추락방지시설 설치공사,주식회사 태현건설,6088172821,이성,164100189,90.374,181000000,10520813,Y,-3.0,3.0,19
R26BK01700950,2026-09-04,중소기업은행,삼양동지점 이전 레이아웃 설비공사,(주)선진이앤에스,2208644042,허동현,82878163,90.473,91795000,4863355,Y,-2.0,2.0,9
R26BK01702348,2026-09-04,국토교통부 부산지방국토관리청 김해국토관리사무소,국도35호선 하북교 시설물 보수공사,서율종합건설 주식회사,4098182886,이용운,427947000,90.511,475420000,34841620,Y,-2.0,2.0,322
R26BK01702708,2026-09-04,충청북도 단양군,수촌리 마을 만들기 사업,다산개발(주),3178130148,류재경,190182660,90.421,212587000,12160722,Y,-3.0,3.0,24
R26BK01704643,2026-09-04,전남광주통합특별시 신안군,2026년 지도 전통시장 시설 현대화 지원사업,유일산업개발 유한회사,3278800640,서지혜,60061450,90.312,66720000,3542950,Y,-3.0,3.0,21
R26BK01705916,2026-09-04,경기도 양평군,2026년 가로숲길 조성사업(증동길),주식회사 진강이엔지,1118193657,김문옥,99748860,90.406,111028000,3976645,Y,-3.0,3.0,21
R26BK01704266,2026-09-04,인천광역시 강화군,3급 관사 내진보강 공사,주식회사 태효토건,1238118423,김병관,128450000,90.316,142516000,7261699,Y,-3.0,3.0,16
R26BK01706770,2026-09-04,전남광주통합특별시 광양시,광양 인서지구 도시개발사업 지장물 철거공사,화정건설 주식회사,3088114159,박덕균,298884700,90.774,327759300,26410278,Y,-3.0,3.0,33
R26BK01713520,2026-09-04,한국농어촌공사 경북지역본부 영천지사,금호 육상태양광발전소 설비복구 전기공사,주식회사 성림이엔지,5148176726,황수연,54250000,100.0,,,,,,1
R26BK01713537,2026-09-04,경기도 용인시 처인구 남사읍,2026년 남사읍 도로변 제초 공사(수의시담),와이제이그린(주),5558102356,김다은,31410800,89.745,,,,,,1
R26BK01705456,2026-09-04,경상남도 창녕군,성산 냉천지구(지1034호) 도로재포장공사,주식회사 삼보건설,5138112321,유미전,93725932,90.603,103240000,7134810,Y,-3.0,3.0,19
R26BK01706650,2026-09-04,인천광역시 강화군,길상면 주민복합센터 시설개선공사,(주)서강종합건설,6648102311,서영옥,88078280,90.303,97856000,4620243,Y,-3.0,3.0,14
R26BK01706496,2026-09-04,충청남도 건설본부 건설사업부 북부사무소,[아산]2026년 아산지구 하반기 풀 깎기 공사,주식회사 유림조경,3648600738,윤동섭,86617980,91.297,95326000,14341730,Y,-3.0,3.0,63
R26BK01704255,2026-09-04,인천광역시 강화군,2026년 남산근린공원 재해예방공사,주식회사장원조경,5038154488,조형진,111350173,90.265,121400000,5851775,Y,-3.0,3.0,31
R26BK01705314,2026-09-04,강원특별자치도 횡성군,청일On마을교육거점센터 모듈러주택 부지조성공사,주식회사 대현이엔씨,2218129151,서권,374350400,90.346,415948000,24283324,Y,-3.0,3.0,35
R26BK01706619,2026-09-04,전남광주통합특별시 광양시,2026년 생활권 칡덩굴 제거사업,(주)성신산림,1848100215,이춘숙,74805100,90.517,83223950,4500364,Y,-3.0,3.0,5
R26BK01713435,2026-09-04,한국농어촌공사 경남지역본부 하동남해지사,고전면 기초생활거점조성사업 행정문화복합센터 실내인테리어공사,주식회사 건영씨엔씨,6138131521,박명희,47000000,90.705,,,,,,1
R26BK01705186,2026-09-04,경기도 안성시 주거환경국 하수도과,2026년 안성시 오수시설 소규모 파손 보수공사 단가계약,주식회사  지하수닥터,1258124974,김학돈,85516040,90.205,94800000,3629694,Y,-3.0,3.0,31
R26BK01705205,2026-09-04,전남광주통합특별시 신안군,도초 소규모 어항시설 확충사업(죽도항),주식회사 환이건설,4118163261,이영아,286853460,90.316,318920000,17090792,Y,-3.0,3.0,47
R26BK01704592,2026-09-04,전남광주통합특별시 신안군,도초 고란 새뜰마을 집수리 공사,주식회사 이도엠앤디,4608802358,이도윤,67179940,90.256,74400000,3450451,Y,-3.0,3.0,14
R26BK01704615,2026-09-04,전남광주통합특별시 신안군,비금 평림 새뜰마을 집수리 공사,유한회사 진성이엔지,4098610427,최주영,104759987,90.3,115522000,5223828,Y,-3.0,3.0,14
R26BK01713304,2026-09-04,한국농어촌공사 충남지역본부 부여지사,2026년 현북용수간선 외 6개소 긴급복구공사,주식회사보배건설산업,8178103592,상선영,32848000,89.999,,,,,,1
R26BK01705050,2026-09-04,전북특별자치도 전주시,수곡마을 일원 배수로 정비사업,주식회사 경원,4078114397,김용주,31574900,90.166,35008000,1413478,Y,-3.0,3.0,75
R26BK01701593,2026-09-04,서울고속도로주식회사,수도권제1순환(일산~퇴계원간)고속도로 2026년 도로표지 정비 공사,주식회사 건동,1248193333,우경자,88117000,92.389,95040000,24582130,Y,-2.0,2.0,1234
R26BK01705118,2026-09-04,전북특별자치도 전주시,팔복작은도서관 이전 리모델링 공사,(유)다원건설,4028175496,김지연,102762790,90.194,113773000,4671257,Y,-3.0,3.0,148
R26BK01705432,2026-09-04,전북특별자치도 전주시,화개네거리 배수로 정비사업,유한회사 청명건설,4078106688,정이남,188500200,90.378,206335000,11618205,Y,-3.0,3.0,25
R26BK01704217,2026-09-04,전북특별자치도 남원시,매입빈집 정비사업(남원에서 살아볼가) 건축공사,주식회사 대창엔지니어링,4078109837,정미진,109406350,90.237,121963000,5699782,Y,-3.0,3.0,37
R26BK01698358,2026-09-04,서울특별시교육청 서울특별시강서양천교육지원청,"서울신기초 체육관, 급식시설, 특별교실 증축 소방공사",다남전기(주),2048162437,이병근,147519930,90.338,164323000,9439218,Y,-3.0,3.0,623
R26BK01702984,2026-09-04,강원특별자치도 도로관리사업소 태백지소,지방도416호선 노경지구 배수시설 정비공사,(주) 용    봉,2258103847,김진석,157483260,91.005,172756000,21192747,Y,-3.0,3.0,700
R26BK01703765,2026-09-04,한국환경공단 대구경북환경본부,고현항 항만측정소 신축 건축공사,세진종합건설(주),6138124321,김종희,94921400,90.227,105815000,4934256,Y,-2.0,2.0,621
R26BK01698452,2026-09-04,충청북도 충주시,동량면건지마을(리도205호선)진입로확포장공사,근화건설 주식회사,3018121872,김진규,3035446000,89.591,3386000000,252846219,Y,-3.0,3.0,356
R26BK01694000,2026-09-04,조달청 광주지방조달청,광주대성초 공간재구조화 개축 및 리모델링 전기공사,대진이엔씨 주식회사,4868602375,김종주,1528266900,89.431,1702230000,104084919,Y,-3.0,3.0,607
R26BK01703155,2026-09-04,전남광주통합특별시 구례군 지리산정원사업소,백두대간생태교육장 실외(교육)정원 조성사업,남해종합개발 주식회사,7568701137,김응서,240700000,90.216,269207000,10899870,Y,-3.0,3.0,97
R26BK01699539,2026-09-04,서울특별시교육청 서울특별시동작관악교육지원청,서울은로유치원 드롭존 설치 및 기타공사,주식회사 범홀딩스,4188803720,장한진,82418436,90.301,92246000,4951814,Y,-3.0,3.0,386
R26BK01713560,2026-09-04,한국지역난방공사 파주지사,파주지사 관리동 누수 보수 공사,주식회사 와이에이치이앤시,4848101813,곽동원,9850500,89.803,,,,,,1
R26BK01705767,2026-09-04,전남광주통합특별시 서구,운천호수공원 음악분수 시설 정비사업,지오이앤에프 주식회사,4088160502,서철,77870310,90.133,86933000,3156578,Y,-3.0,3.0,608
R26BK01701603,2026-09-04,국립항공박물관,2026년 국립항공박물관 항공도서관 개편 공사(통신),태우산전,1054180243,강정자,29741114,90.407,32780000,2119509,Y,-2.0,2.0,908
R26BK01702694,2026-09-04,전남광주통합특별시 담양군,2026년 하반기 임도구조개량사업(대전 평장지구),(유)우석산업개발,2858800502,최순정,29885000,90.797,32894000,523293,Y,-3.0,3.0,4
R26BK01701710,2026-09-04,국립항공박물관,2026년 국립항공박물관 항공도서관 개편 공사(소방),경림전기(주),2208108546,김인형,12019220,90.213,13420000,590954,Y,-2.0,2.0,370
R26BK01711462,2026-09-03,한국농어촌공사 전남지역본부 장흥지사,청사 난간 및 창호 교체 공사,주식회사 공간디자인자유자재,8288703124,김행석,44400000,95.085,,,,,,1
R26BK01697846,2026-09-04,대지정공(주),평택 스마트시티 조성사업 관수설비 3차 함박산 설치공사,주식회사 계림조경개발,3168106489,신화자,161020200,90.295,179283000,9337690,Y,-3.0,3.0,47
R26BK01688717,2026-09-04,서울특별시 도봉구,초안산근린공원 내 책쉼터 조성공사,청광건설 주식회사,2148799122,허숭,1034340525,89.368,1151611000,64023102,Y,-3.0,3.0,818
R26BK01704792,2026-09-04,전북특별자치도 군산시,흥남동 서흥안길 71~축동로 128 재포장공사,유한회사 광유건설,7348800945,홍미정,35500580,90.142,39930000,1333846,Y,-3.0,3.0,51
R26BK01702686,2026-09-04,전남광주통합특별시 담양군,2026년 하반기 임도구조개량사업(대덕 입석지구),림원건설 주식회사,3018703667,이정인,36867450,90.352,41066000,679311,Y,-3.0,3.0,4
R26BK01705847,2026-09-04,전남광주통합특별시 무안군,일로읍 오룡1지구 오룡교육로1길 공영주차장 조성공사,(유)대산,1978800317,정범록,36927560,90.352,41088000,2222081,Y,-3.0,3.0,29
R26BK01706807,2026-09-04,고용노동부,고용노동부 TPS실 전산랙(B1~2F/5F~7F) 패치코드 정비공사,스마트네트웍스 주식회사,1078825334,박정옥,55935000,99.0,,,,,,3
R26BK01705523,2026-09-04,전남광주통합특별시 무안군,일로읍 오룡2지구 오룡중앙서로 공영주차장 조성공사,주식회사 한신건설,4088142810,변성율,63618030,90.221,70019000,3057435,Y,-3.0,3.0,29
R26BK01704234,2026-09-04,경기도 의정부시,"의정부시장애인종합복지관 기능보강 공사(건축, 기계)",(주)수정환경플랜트,1068166293,윤인구,199117440,91.416,215635000,5823010,Y,-3.0,3.0,21
R26BK01701280,2026-09-04,충청남도 아산시 미래도시관리사업소,2026년 하반기 탕정면 녹지 관리사업,혜찬건설 주식회사,3938702497,박철우,34335580,90.319,38150000,2060351,Y,-3.0,3.0,68
R26BK01701307,2026-09-04,충청남도 아산시 미래도시관리사업소,2026년 하반기 배방신도시 녹지 관리사업,(주)네이처조경디자인,1208660285,이종목,47680250,90.306,53170000,2876875,Y,-3.0,3.0,69
R26BK01705651,2026-09-04,전남광주통합특별시 무안군,일로읍 오룡1지구 오룡교육로5길 공영주차장 조성공사,인석건설주식회사,4128131549,조은정,42178600,90.384,46802000,2624066,Y,-3.0,3.0,29
R26BK01703583,2026-09-04,한국농어촌공사 경기지역본부 여주.이천지사,삼합지구 수리시설정비사업 토목공사,풍성종합건설(주),2248108489,남정길,92789840,90.286,102500000,5407068,Y,-2.0,2.0,589
R26BK01703652,2026-09-04,전남광주통합특별시 여수시,돌산읍 안굴전(평사리 1325-43번지)일원 도로포장 공사,주식회사 지음건설,4178117182,김외숙,71755200,90.181,80047000,2925664,Y,-3.0,3.0,58
R26BK01706409,2026-09-04,충청남도 건설본부 건설사업부 북부사무소,[당진]2026년 당진지구 하반기 풀 깎기 공사,에스엠조경 주식회사,3728103987,박영순,97208901,91.299,107492000,16136215,Y,-3.0,3.0,48
R26BK01698337,2026-09-04,서울특별시교육청 서울특별시강서양천교육지원청,"서울신기초 체육관, 급식시설, 특별교실 증축 통신공사",(주)하나윈정보기술,2068629138,도수현,145873511,90.386,160146000,10058074,Y,-3.0,3.0,1105
R26BK01713630,2026-09-04,서울특별시 도로사업소 서부도로사업소,남산3호터널 관리소 수도배관 열선 공사,(주)청강건설,1378143426,이명년,20856840,94.999,,,,,,1
R26BK01705558,2026-09-04,강원특별자치도 횡성군,둔내면 백합경로당 그린리모델링 건축공사,이레건설주식회사,2248121653,정대환,102693137,90.365,113254000,5109640,Y,-3.0,3.0,16
R26BK01706720,2026-09-04,전남광주통합특별시 광양시,광양시 청소년 문화센터 기능보강공사(건축),광림건설주식회사,4178121935,이현식,231005000,90.283,255540000,11842226,Y,-3.0,3.0,36
R26BK01702447,2026-09-04,전북특별자치도 남원시,2026년 하반기 슬레이트 처리지원사업 지붕해체·포장공사(4권역),주식회사 광동산업개발,4078130247,김정우,57591490,90.575,63481000,3495956,Y,-3.0,3.0,26
R26BK01702105,2026-09-04,충청북도 충주시 앙성면,앙성 중방곡마을 배수로 정비공사,주찬개발 주식회사,2778100268,김명호,21345753,90.317,23900000,1303845,Y,-3.0,3.0,129
R26BK01704299,2026-09-04,경상북도 영양군,남영양농공단지 가압장 설치공사,주식회사 거성건설,5088106939,김경희,30736390,90.77,33900000,3133911,Y,-3.0,3.0,25
R26BK01705593,2026-09-04,한국농어촌공사 경기지역본부 여주.이천지사,율면 기초생활거점 조성사업 소방공사,주식회사 새누리소방,1268658088,안상호,67158910,90.275,74749000,3830925,Y,-2.0,2.0,1052
R26BK01706602,2026-09-04,전남광주통합특별시 완도군,2026년 작은섬 공도방지사업(군외 양도),민영건설주식회사,5508800293,서경삼,98665960,90.074,109180000,3495295,Y,-3.0,3.0,57
R26BK01706022,2026-09-04,경기도 양평군,"2026년 가로숲길 조성사업(신론로, 용두로, 용문산로, 용천로)",주식회사 서울조경,8738802516,조성섭,100326600,90.128,111661000,4031608,Y,-3.0,3.0,21
R26BK01705942,2026-09-04,제주특별자치도,2026년 자연환경보전이용시설(행원 연대봉) 정비사업,세운건설주식회사,1748600057,강경희,60053000,90.405,66726000,4208348,Y,-3.0,3.0,172
R26BK01705275,2026-09-04,인천교통공사,인천1호선 공기조화기 인버터 설치공사(6차),부일특장 주식회사,1378157667,박재일,27958172,90.32,31319000,1728788,Y,-3.0,3.0,721
R26BK01713038,2026-09-04,국립공원공단 국립공원야생생물보전원,야생동물 계류장 CCTV 교체 설치,에스케이쉴더스 주식회사 순천지점,7518501609,민기식,21569000,99.995,,,,,,1
R26BK01704419,2026-09-04,충청북도 청주시 서원구,척산삼거리~문동리220-3번지 일원 아스콘절삭덧씌우기 공사,대현산업개발(주),3018131633,김인섭,77153510,90.337,85408000,4915732,Y,-3.0,3.0,141
R26BK01702674,2026-09-04,전남광주통합특별시 담양군,2026년 하반기 임도구조개량사업(대덕 문학지구),우성임업주식회사,4128131141,유우성,29330000,90.192,32235000,1204097,Y,-3.0,3.0,4
R26BK01705242,2026-09-04,전남광주통합특별시 해남군,청년 창업·주거공간 조성사업 통신공사,(주)큰빛전력,4108645227,선영남,26593630,90.773,29029000,1653108,Y,-3.0,3.0,17
R26BK01701845,2026-09-04,한국농어촌공사 제주지역본부,수산2리 마을단위특화개발사업 「벌라릿센터」 조성 건축공사,주식회사 한울종합건설,6158191641,정용훈,960344900,90.466,1065004000,74588970,Y,-2.0,2.0,281
R26BK01706441,2026-09-04,경상북도 구미시,산동 봉산 농어촌도로(리도205호) 확포장공사,백동건설 주식회사,7228803707,신유정,58421850,90.571,65020000,4971184,Y,-3.0,3.0,62
R26BK01704218,2026-09-04,전북특별자치도 남원시,부동 마을만들기 사업(건축공사),정하건설 주식회사,1208101073,진민용,357956000,90.724,392007000,22408219,Y,-3.0,3.0,37
R26BK01705595,2026-09-04,전남광주통합특별시 무안군,일로읍 오룡2지구 오룡남로2길 공영주차장 조성공사,(주)태평건설,6428600021,천현숙,63859100,90.248,70265000,3067428,Y,-3.0,3.0,29
R26BK01706678,2026-09-04,경기도 평택시 송탄출장소,신장동 269-111번지 일원 등 2개소 보도정비공사,(주)대영건설,1258153692,고경례,80539000,90.502,89430000,5521394,Y,-3.0,3.0,32
R26BK01701658,2026-09-04,서울고속도로주식회사,수도권제1순환(일산~퇴계원간)고속도로 2026년 호원 영업소 TG 캐노피 도장 보수 공사,주식회사 샘,5028190370,김유진,126701996,91.07,138600000,17952382,Y,-2.0,2.0,1194
R26BK01706014,2026-09-04,경상남도 밀양시,신월배수로 정비공사,주식회사 우진토건,1328127625,김인영,96735000,90.443,107450000,6917666,Y,-3.0,3.0,110
R26BK01706660,2026-09-04,경상북도 안동시,남선면 갈라산2지구(도로리) 마을기반 정비사업,명호건설(주),5088127439,김용만,59189890,90.346,66500000,3827745,Y,-3.0,3.0,114
R26BK01702903,2026-09-04,한국환경공단 대구경북환경본부,고현항 항만측정소 신축 전기공사,주식회사 신영티아이,6158136008,조주상,48569196,90.157,53444600,2149188,Y,-2.0,2.0,1351
R26BK01706408,2026-09-04,경상북도 구미시,지산 도시계획도로(소2-430호) 개설공사,진명개발 주식회사,8948700968,구선화,243397850,90.682,266470000,22906765,Y,-3.0,3.0,68
R26BK01705400,2026-09-04,강원특별자치도 횡성군,안흥면 소사2리경로당 그린리모델링 건축공사,(주)영강건설,2248146839,이만형,45757500,90.437,51014000,2429940,Y,-3.0,3.0,15
R26BK01701623,2026-09-04,전남광주통합특별시 도로관리사업소,2026년 위임국도 방호울타리 개선사업(광양),태유건설주식회사,4158113083,추인식,88305650,90.28,98440000,5099837,Y,-3.0,3.0,604
R26BK01711370,2026-09-03,서울특별시 북부공원여가센터,중랑캠핑숲 공원등 전원 교체공사,(주)민호전설,2048654266,김민희,15412800,95.0,,,,,,1
R26BK01702291,2026-09-04,전남광주통합특별시 영암군,학산 광산마을 도로 우수정비공사,세계건설 주식회사,4368801735,윤일진,55206101,90.267,61852000,3082017,Y,-3.0,3.0,91
R26BK01705271,2026-09-04,전남광주통합특별시 무안군,일로읍 공영주차장 조성공사,삼광토건(유),4128121546,김인기,91646300,90.228,102064000,4619221,Y,-3.0,3.0,28
R26BK01705517,2026-09-04,강원특별자치도 횡성군,둔내면 자포2리경로당 그린리모델링 건축공사,이레건설주식회사,2248121653,정대환,99507126,90.563,109733000,5015713,Y,-3.0,3.0,16
R26BK01705608,2026-09-04,강원특별자치도 횡성군,둔내면 궁종경로당 그린리모델링 건축공사,한얼건설 주식회사,2248122778,이경숙,119150910,90.367,132098000,6835359,Y,-3.0,3.0,15
R26BK01705128,2026-09-04,충청북도 제천시 농업기술센터,스틱 토종꿀 브랜드화 유통 활성화 사업 스틱꿀 생산시설 건축공사(입찰대행) 소액수의 안내 공고,한성건설주식회사,3048122813,한상철,120420500,90.26,134343000,6620759,Y,-3.0,3.0,37
R26BK01703828,2026-09-04,경기도 군포시,2026년 제3차 산본지역 도로조명 유지보수 및 교체공사(단가계약),주식회사 서문전기,3168121796,김기향,53900851,89.926,60000000,1055887,Y,-3.0,3.0,68
R26BK01702443,2026-09-04,전북특별자치도 남원시,2026년 하반기 슬레이트 처리지원사업 지붕해체·포장공사(2권역),유한회사서진기업,4078120787,황인성,60912900,90.324,67073000,3693806,Y,-3.0,3.0,26
R26BK01702356,2026-09-04,국토교통부 부산지방국토관리청 김해국토관리사무소,국도5호선 감천3교 시설물 보수공사,태상개발 주식회사,6098184335,조아라,320576910,90.639,354310000,30846052,Y,-2.0,2.0,322
R26BK01697865,2026-09-04,국립공원공단 변산반도국립공원사무소,2026년 변산반도국립공원 스마트 증식장 조성공사(건축·토목),유한회사 케이탑,4448600825,김현희,509624670,90.322,563068000,31541426,Y,-2.0,2.0,664
R26BK01706114,2026-09-04,서울특별시 광진구,2026년 자양한강 전통시장 폭염저감시설(차양형 그늘막 어닝) 설치 공사,주식회사 다옴건설,1428168147,이창석,128190700,90.008,140910000,3573077,Y,-3.0,3.0,418
R26BK01662013,2026-09-04,조달청 광주지방조달청,광주대성초 공간재구조화 개축 및 리모델링 통신공사,인셀 주식회사,4098178999,정창권,677946087,90.44,755180000,50488561,Y,-3.0,3.0,220
R26BK01706455,2026-09-04,충청남도 건설본부 건설사업부 북부사무소,[천안]2026년 천안지구 하반기 풀 깎기 공사,주식회사 웅산종합건설,6138156236,이주희,93747727,91.662,103312000,18891601,Y,-3.0,3.0,78
R26BK01704221,2026-09-04,경기도 의정부시,의정부시장애인종합복지관 기능보강 공사(전기),주식회사 삼영전기,6558700719,안재숙,29179861,90.499,31896000,626940,Y,-3.0,3.0,68
R26BK01705458,2026-09-04,강원특별자치도 횡성군,둔내면 화동1리경로당 그린리모델링 건축공사,주식회사 선민,2248117843,이기복,93611700,90.344,104488000,5013419,Y,-3.0,3.0,15
R26BK01705500,2026-09-04,인천환경공단,승기사업소 송도펌프장 압송관로 누수 복구 공사,거진산업개발(주),1218163728,심동호,36064000,90.398,40282000,2494631,Y,-3.0,3.0,280
R26BK01705630,2026-09-04,경기도 평택시 상하수도사업소,2026년 마을상수도 철거공사,(유)비전건설,4028182930,양원규,64792580,90.077,72780000,1189258,Y,-3.0,3.0,21
R26BK01705988,2026-09-04,경상남도 밀양시,검암용수로 정비공사,앞으로건설 주식회사,5418802318,한경아,44295520,90.301,49060000,2655839,Y,-3.0,3.0,110
R26BK01712746,2026-09-04,국가유산청 한국전통문화대학교,한국전통문화대학교 교내 보행안전조명 설치 공사,대정이엔씨주식회사,3078143985,이지환,21900000,99.826,,,,,,1
R26BK01704220,2026-09-04,전북특별자치도 남원시,부동 마을만들기 사업(전기공사),주식회사중앙쏠라텍,1428801581,전혜원,24364580,90.399,26813000,1620061,Y,-3.0,3.0,79
R26BK01704271,2026-09-04,강원특별자치도 도로관리사업소 태백지소,지방도414호선 고한지구 포장도 보수공사,주식회사 현성건설,3058609201,최영덕,49754920,90.761,54990000,5399078,Y,-3.0,3.0,575
R26BK01702704,2026-09-04,국립순천대학교,글로컬 스콜라광장 조성공사(전기),주식회사 평화,2838102669,유영복,78969963,90.359,86988000,5071276,Y,-2.0,2.0,152
R26BK01712977,2026-09-04,국립공원공단 국립공원야생생물보전원,사육곰보호센터 대방사장 행동풍부화 시설 개선 및 보강 공사,주식회사 빌드바치,6808600377,김수진,25935000,95.0,,,,,,1
R26BK01705779,2026-09-04,산림조합중앙회 충남지역 당진시산림조합,2026년 어린나무가꾸기사업,유한회사 오리,6048702742,위강희,142965335,90.016,159951000,1816571,Y,-3.0,3.0,6
R26BK01699557,2026-09-04,서울특별시,암사아리수정수센터 오존접촉조 태양광발전설비 설치 전기공사,삼창파워 주식회사,1748600800,박현규,402161170,90.189,442980000,19312976,Y,-3.0,3.0,1568
R26BK01706267,2026-09-04,충청북도 충주시,중소상인회관리모델링공사(건축),미래도시건설 주식회사,7048603063,김홍년,68547260,90.24,75573000,3571254,Y,-3.0,3.0,44
R26BK01703526,2026-09-04,경기도 군포시,2026년 제5회 산본신도시 도로포장정비(단가)공사,(주)이레토건,3108113376,라광수,90692540,90.352,100000000,4864085,Y,-3.0,3.0,12
R26BK01704050,2026-09-04,서울특별시 강서구,2026년 안양천 생태복원 및 녹화사업,에이스 나무병원 주식회사,5358602037,김민규,69541054,90.403,76006000,4813760,Y,-3.0,3.0,418
R26BK01704634,2026-09-04,고용노동부 중앙노동위원회,[수의시담] 중앙노동위원회 본관 통신공사,스마트네트웍스 주식회사,1078825334,박정옥,87450000,89.745,,,,,,3
R26BK01701133,2026-09-04,서울특별시동부교육청 휘경중학교,2026학년도 휘경중학교 환경개선 공사 수의계약 견적서 제출 안내 공고,주식회사 요토공간,7078703244,김덕수,98088018,90.027,110770000,2784461,Y,-3.0,3.0,1307
R26BK01702450,2026-09-04,전북특별자치도 남원시,2026년 하반기 슬레이트 처리지원사업 지붕해체·포장공사(5권역),주식회사 성원종합건설,4028150739,김민순,60350100,90.507,67469000,3715589,Y,-3.0,3.0,26
R26BK01705124,2026-09-04,전남광주통합특별시 해남군,2026년 전남형 새뜰하우스 지원 빈집 리모델링 공사(계곡면 사촌길 96),주식회사 서연건설,4098643059,조현주,58978000,90.398,65650000,2992159,Y,-3.0,3.0,20
R26BK01706947,2026-09-04,광주작은예수의집,광주작은예수의집 노후 승강기 교체 공사 견적 제출 공고,목송엘리베이터 주식회사,4088132030,정균수,54457200,90.104,60500000,,N,-3.0,3.0,3
R26BK01712042,2026-09-03,한국농어촌공사 전남지역본부 장흥지사,장재도 권역단위거점개발사업 해상카페 인테리어 공사,주식회사 공간디자인자유자재,8288703124,김행석,52200000,95.099,,,,,,1
R26BK01712538,2026-09-04,서울특별시 중부공원여가센터,남산 및 낙산공원 정비공사,참진조경 주식회사,7948803755,박주희,48805200,90.0,,,,,,1
R26BK01661335,2026-09-04,인천도시공사,인천경제자유구역 청라국제도시 배수관로 건설공사,봉림종합건설(주),1318164568,김석규,20583046500,83.082,24814680000,1202368651,Y,-3.0,3.0,121
R26BK01705489,2026-09-04,전남광주통합특별시 해남군,청년 창업·주거공간 조성사업 전기공사,(유)경인전력,4168161104,김경인,58001130,90.319,64130000,3594169,Y,-3.0,3.0,56
R26BK01701006,2026-09-04,중소기업은행,삼양동지점 이전 레이아웃 통신공사,(주)한국데이타통신,1258133115,최만기,36152592,91.431,39776000,1761901,Y,-2.0,2.0,10
R26BK01705403,2026-09-04,경기도교육청 경기도화성오산교육지원청,화성오산교육지원청 청사 포장 및 계단 보수공사,미성건설주식회사,8598100736,차영배,111370800,90.292,124921000,6431632,Y,-3.0,3.0,85
R26BK01701598,2026-09-04,전남광주통합특별시 도로관리사업소,2026년 위임국도 방호울타리 개선사업(해남),청원산기(주),4178123535,김길태,85872094,90.242,94570000,4560469,Y,-3.0,3.0,596
R26BK01703746,2026-09-04,충청남도 청양군,정산2농공단지 공공폐수처리시설 설치사업[토목·건축·기계],서진산업주식회사,3118106897,이강수,4496460000,89.44,5061280000,286723940,Y,-3.0,3.0,12
R26BK01704861,2026-09-04,전남광주통합특별시 영암군,2026년 전남형 만원주택 지장물 철거공사,(주)토석건설,4128131160,박경란,55642800,89.96,61495000,837115,Y,-3.0,3.0,13
R26BK01680823,2026-09-04,부산항만공사,2026년 부산항 건축시설물 유지보수공사,종남종합건설주식회사,6158174720,장도훈,2784886914,89.326,3109073000,160881816,Y,-2.0,2.0,1040
R26BK01705089,2026-09-04,전남광주통합특별시 해남군,2026년 전남형 새뜰하우스 지원 빈집 리모델링 공사(계곡면 용호길 38-6),(주)부창,4158114331,김진규,60801140,90.257,67476000,3102804,Y,-3.0,3.0,20
R26BK01702690,2026-09-04,강원특별자치도 도로관리사업소 태백지소,지방도416호선 오저지구 보도설치공사,주식회사 플렉스종합건설,5128109425,박재삼,281493750,90.323,309793000,17391802,Y,-3.0,3.0,680
R26BK01706322,2026-09-04,충청북도 충주시,대소원검단리노외주차장조성공사,주식회사 이레건설,5108111134,장재성,48855013,90.337,54080000,2330422,Y,-3.0,3.0,60
R26BK01702446,2026-09-04,전북특별자치도 남원시,2026년 하반기 슬레이트 처리지원사업 지붕해체·포장공사(3권역),유한회사우리환경건설,6348602805,최현모,57625100,90.377,63612000,3503216,Y,-3.0,3.0,26
R26BK01687374,2026-09-04,경상남도 밀양시,법흥소하천 정비사업,효진종합건설주식회사,3148181288,오종찬,3247879000,89.801,3606000000,338819446,Y,-3.0,3.0,546
R26BK01701374,2026-09-04,경상남도 통영시,통영수영장 냉각기 설치공사(기계),주식회사 그린포유,1298641965,추길호,211051190,90.066,235961000,7287884,Y,-3.0,3.0,356
R26BK01701246,2026-09-04,충청남도 아산시 미래도시관리사업소,2026년 하반기 배방읍 녹지 관리사업,(주)예원조경,1938803699,신동명,46570201,90.309,51859000,2812165,Y,-3.0,3.0,69
R26BK01704144,2026-09-04,전북특별자치도 군산시,"옥구읍(신덕, 서마산, 평유, 우치산) 안길 포장공사",드림건설 주식회사,4018146474,임후창,27363869,90.245,30470000,988210,Y,-3.0,3.0,53
R26BK01704223,2026-09-04,전북특별자치도 군산시,2026년 도시숲 및 미세먼지 차단숲 제초공사(하반기),유한회사에스제이건설,8708800862,박지영,53762535,89.867,60313000,668178,Y,-3.0,3.0,52
R26BK01702875,2026-09-04,경상북도 성주군,첨모재 보수공사(입찰대행),주식회사 동헌,5158150490,엄순종,65123360,90.869,72000000,3305338,Y,-3.0,3.0,3
R26BK01704000,2026-09-04,경기도 군포시,산본역동부사거리 교통사고 잦은 곳 개선공사(토목),주식회사 삼원엔지니어링,1238600909,신상문,68650660,90.454,75834000,4375269,Y,-3.0,3.0,10
R26BK01713835,2026-09-04,한국농어촌공사 경남지역본부 김해.양산.부산지사,한해대책 대석저수지 임시펌프 및 송수호스 설치공사,강진개발 주식회사,2278125357,강민경,49300000,90.007,,,,,,1
R26BK01706388,2026-09-04,충청남도 아산시,2026년 영인산 유아숲체험원 재해복구사업,온양산림 주식회사,2128612627,송정애,44745880,90.63,49990000,995315,Y,-3.0,3.0,4
R26BK01704202,2026-09-04,경상북도 경산시 맑은물사업본부 하수도과,가야소하천(진량 안촌)퇴적토 준설공사 소액수의계약 견적제출 안내공고,(주)칠성건설,1288161624,김은실,89434540,90.704,98200000,8159982,Y,-3.0,3.0,46
R26BK01702719,2026-09-04,경상북도 성주군,월담정사 보수사업(입찰대행),주식회사 동헌,5158150490,엄순종,81456550,90.935,90000000,4642164,Y,-3.0,3.0,3
R26BK01703543,2026-09-04,서울특별시 서초구,반포종합운동장 족구장 설치 공사,휘닉스중앙 주식회사,1208100400,전영기,78323525,90.17,85935000,3581784,Y,-3.0,3.0,395
R26BK01696406,2026-09-04,한국지역난방공사 고양사업소,고양CES 냉각탑 구동부 보수공사,주식회사 케이에스엔,1378189058,손정명,149347883,90.471,165693000,9034652,Y,-2.0,2.0,21
R26BK01703248,2026-09-04,해양경찰청 동해지방해양경찰청 강릉해양경찰서,강릉파출소 (구)청사 환경개선 공사(건축) 계약 의뢰,주식회사 에스엔,4808700930,박상훈,72881750,90.204,81139465,3483051,Y,-2.0,2.0,55
R26BK01701343,2026-09-04,충청남도 아산시 미래도시관리사업소,2026년 하반기 시내권 녹지 관리사업,주식회사 우림나무병원,5998703376,김종현,62510057,90.343,69155000,3747239,Y,-3.0,3.0,68
R26BK01701365,2026-09-04,충청남도 아산시 미래도시관리사업소,2026년 하반기 둔포테크노밸리 1단계 녹지 관리사업,주식회사 산들에,6208803546,엄정연,35326000,90.322,39240000,2125568,Y,-3.0,3.0,69
R26BK01701328,2026-09-04,충청남도 아산시 미래도시관리사업소,2026년 하반기 문화로 녹지 관리사업,주식회사 케이엘,7938701704,이규진,71357030,90.317,79397000,4339356,Y,-3.0,3.0,69
R26BK01703661,2026-09-04,한국체육대학교,2026년 한국체육대학교 소규모 보수(연간단가) 2차 건축공사,주식회사 제이피멤버스건설,1458600495,전평,45273200,90.159,49863000,2007793,Y,-2.0,2.0,359
R26BK01704954,2026-09-04,전북특별자치도 김제시,2026년 명절(추석) 대비 시내권 주요 도로변 제초작업(단가계약),주식회사 승복건설,3088115288,신윤정,969770,90.238,1085650,44878,Y,-3.0,3.0,32
R26BK01702431,2026-09-04,강원특별자치도 강릉시,강릉 남부권 수영장 건립공사(전기),주식회사다올전기,4598700111,이철희,553244850,90.396,610834000,38881361,Y,-3.0,3.0,1005
R26BK01704131,2026-09-03,전남광주통합특별시 광양시,광양하수처리장 여과설비(사여과지) 교체공사(입찰대행),광원테크(주),5058106546,김효수,139543280,90.269,154094600,7804838,Y,-3.0,3.0,52
R26BK01713624,2026-09-04,국립공원공단 동부지역본부,동부지역본부 청사 BF보완공사,주식회사 영인조경건설,4198101686,송영인,15922000,95.0,,,,,,1
R26BK01709473,2026-09-04,서한이노빌리티(주),2026년 산업계 에너지관리시스템 보급 지원사업,(주)베텍,1308149638,최영준,113008500,100.0,,,,,,1
R26BK01701952,2026-09-03,주식회사 원익피앤이,26년 전기버스 충전 인프라 구축 공사_2차,리셀파워(주),6548801288,강용석,232047200,91.633,252679900,7831039,Y,-2.0,2.0,388
R26BK01704849,2026-09-04,천안시산림조합,어린나무가꾸기사업,산림법인지인주식회사,2438603404,윤두형,135800000,98.259,136892000,1534495,Y,-3.0,3.0,6
R26BK01700859,2026-09-04,한국농어촌공사 전남지역본부 보성지사,옥전마을 취약지역 생활여건 개조사업 토목건축공사,주신건설 주식회사,4108134894,고은주,807872800,90.261,890458000,44773239,Y,-2.0,2.0,510
R26BK01704795,2026-09-04,충청남도 천안시 맑은물사업본부,서북구 성거읍 모전리 310-1 급수공사,(주)부림건설,3128158632,송지형,22345000,89.76,24785500,,Y,-3.0,3.0,52
R26BK01704359,2026-09-04,해양경찰청 동해지방해양경찰청 포항해양경찰서,포항해양경찰서 영일만항 전용부두 기반시설 정보통신공사,(주)지음이엔지,5068138454,김기성,19348500,90.059,21648000,574140,Y,-2.0,2.0,74
R26BK01704944,2026-09-04,한국농어촌공사 전남지역본부 해남.완도지사,2026년 해남 송지지구 친환경에너지보급사업(인버터) 전기공사,주식회사 남양이엔씨,4118155887,방한옥,32910850,89.96,36718000,734837,Y,-2.0,2.0,57
R26BK01705223,2026-09-04,강원특별자치도 동해시,골말경로당 그린리모델링 공사(기계),주식회사 동화스틸산업,2228130423,신애련,33691565,90.191,37223000,1338737,Y,-3.0,3.0,17
R26BK01712948,2026-09-04,한국농어촌공사 경남지역본부 함안지사,양정마을만들기 전기공사,주식회사 다함전기,6638800041,박종수,1870000,88.878,,,,,,1
R26BK01706053,2026-09-04,질병관리청 국립보건연구원,[공사] 공공백신개발지원센터 보일러 스팀·응축수 배관 교체 공사,주식회사 경성이엔지,7848102497,박찬영,54689800,90.329,60936867,679679,Y,-2.0,2.0,2
R26BK01712590,2026-09-04,경기도 용인시,2026년 서부지역 공원 전기시설물 유지보수 연간단간공사(4구역)-2차,주식회사 가나,1428101995,김병문,36000000,90.0,,,,,,1
R26BK01713659,2026-09-04,산림청 국립산림과학원 난대아열대산림연구소,2026년 제2차 정책 숲가꾸기 사업,명문사회적협동조합,5528200604,강용구,95000000,100.0,,,,,,1
R26BK01705363,2026-09-04,경상남도 의령군,부림일반산업단지 토지경계석 설치공사,케이원건설 주식회사,6088145756,김선수,76412144,90.364,84010000,4844877,Y,-3.0,3.0,59
R26BK01704366,2026-09-04,해양경찰청 동해지방해양경찰청 포항해양경찰서,포항해양경찰서 영일만항 전용부두 위험물 옥외저장소 설치공사,재헌건설주식회사,2248114846,이경애,22419000,90.214,24884000,908110,Y,-2.0,2.0,22
R26BK01704193,2026-09-04,전북특별자치도 군산시,흔옥경로당 노인보호구역 개선사업,양지해양개발주식회사,3438100468,박선희,23771000,90.215,26638000,1148196,Y,-3.0,3.0,34
R26BK01616680,2026-09-04,충청남도 홍성군,홍성군 농촌 돌봄마을 조성사업 반계거점(소방)(긴급),아이비전기 주식회사,3148660949,서영민,265752450,90.357,295793000,17190345,Y,-3.0,3.0,260
R26BK01703848,2026-09-04,(재)경남로봇랜드재단,마산로봇랜드 조성지역 노후난간 정비공사(철거공사),세광산업개발 주식회사,2758701152,조영매,10868720,89.747,12080000,,Y,-3.0,3.0,210
R26BK01701272,2026-09-04,경기도교육청 경기도용인교육지원청,(가칭)기흥1중 신축 조경공사(계속비),(주)서령조경,4118140972,황인숙,265640194,90.082,295900000,9682480,Y,-3.0,3.0,1311
R26BK01533070,2026-09-04,충청남도 홍성군,홍성군 농촌 돌봄마을 조성사업 반계거점(건축)(긴급),디엔씨건설 주식회사(DNC),4438700493,허재인,2762068000,89.317,3080471000,155046811,Y,-3.0,3.0,420
R26BK01701226,2026-09-03,전북특별자치도 전주시 완산구,2026년 완산구 가로수 뿌리정비사업(단가계약) 3차,주식회사 경원,4078114397,김용주,45072300,89.866,50000000,530826,Y,-3.0,3.0,52
R26BK01705277,2026-09-04,강원특별자치도 동해시,묵호경로당 그린리모델링 공사(기계),주식회사 현웅이엔지,3158104998,김희원,33568380,90.097,37235000,1276958,Y,-3.0,3.0,17
R26BK01702221,2026-09-04,강원특별자치도 화천군,2026년 소하천(우장골천) 소교량 가설공사(풍산리 377-1번지 일원),(주)대한건설,8888800091,안원옥,101926100,90.41,111180000,7203550,Y,-3.0,3.0,39
R26BK01706090,2026-09-04,전남광주통합특별시 진도군,2026년 지산면 소포리 아스콘 포장공사,장백산업개발주식회사,4158122904,양길순,21210790,90.297,23470000,787518,Y,-3.0,3.0,14
R26BK01705343,2026-09-04,전남광주통합특별시 진도군,2026년 조도면 당도리 배수로 정비공사,한울건설 주식회사,2148638827,유광종,32666200,90.401,36370000,1985148,Y,-3.0,3.0,62
R26BK01711334,2026-09-04,한국벤처캐피탈협회,팁스타운S5 공용공간 환경개선,주식회사 디자인해주,5898102306,엄해원,117000000,100.0,,,,,,1
R26BK01711677,2026-09-04,경기도 연천군,초성김치체험마을 리모델링 공사(통신),주식회사 이넷시스,1418115410,방은숙,1980000,,,,,,,1
R26BK01702596,2026-09-03,경상북도 경주시 맑은물사업본부,하수도 기계준설공사(2026년 하반기),(주)흥광산업,5058105552,이동철,96922370,90.417,107000000,7030033,Y,-3.0,3.0,4
R26BK01702033,2026-09-04,강원특별자치도 화천군,2026년 소규모 주민숙원사업(삼일리 1058-2번지 외 1개소) 아스콘덧씌우기,(주)대한건설,8888800091,안원옥,21668100,90.383,23957000,691102,Y,-3.0,3.0,18
R26BK01705303,2026-09-04,충청북도 괴산군,칠성초중학교안전한통학로조성사업,(주)지운건설,3018188062,조남훈,165642300,90.234,184300000,8668880,Y,-3.0,3.0,53
R26BK01702272,2026-09-04,강원특별자치도 화천군,2026년 군도 10호선 도로유지 보수사업(용담리 472-7번지 일원 외 1개소),주식회사 화인건설,5248802287,길경배,35687771,90.934,38813000,4282209,Y,-3.0,3.0,39
R26BK01713997,2026-09-04,경기도 용인시 수지구,(수의시담)샘말천 샘말4교 보수공사,(주)삼에스건설,1248640452,김명신,28170000,90.0,,,,,,1
R26BK01702051,2026-09-04,강원특별자치도 화천군,2026년 소규모 주민숙원사업(상리 9-9번지 일원) 아스팔트 포장공사,주식회사 은강,8398601814,유익환,27931500,90.303,31040000,1368110,Y,-3.0,3.0,18
R26BK01704338,2026-09-04,경상남도 거창군,2026년 임도 보수사업(북상병곡),주식회사 에덴,3268100876,강문희,65585000,90.325,72657000,3049702,Y,-3.0,3.0,5
R26BK01703116,2026-09-04,경상남도 김해시,주천강 중류부 일원 하상정비공사,에스제이건설 주식회사,4098166886,장주영,112433837,90.391,124500000,7177625,Y,-3.0,3.0,45
R26BK01700036,2026-09-04,경상북도 영덕군 시설체육사업소,창수면 족구장 조성공사 견적제출 안내 공고,(주)삼오건설,5078107139,정기춘,29538976,90.42,32700000,1780768,Y,-3.0,3.0,26
R26BK01705865,2026-09-04,전남광주통합특별시 진도군,2026년 임회면 백동리 배수로 정비공사,주식회사 정현건설,4098606336,이기숙,35631160,90.334,39360000,2216178,Y,-3.0,3.0,62
R26BK01706052,2026-09-04,강원특별자치도 화천군,2026년 화천도시계획도로 차선도색공사,(합자)수정건설,2218113057,유재열,74359000,90.703,82908000,7377382,Y,-3.0,3.0,29
R26BK01706624,2026-09-04,전남광주통합특별시 진도군,서거차도발전소 노후변압기 교체공사,(주)성원,4098113074,이애순,23874313,90.313,26877950,881505,Y,-3.0,3.0,26
R26BK01703112,2026-09-04,전라북도 남원시 대산면,금강마을 팽고개골 배수로 정비공사,유한회사 우성이엔씨,4078104093,박성봉,27005000,90.359,29865000,1738322,Y,-3.0,3.0,143
R26BK01616673,2026-09-04,충청남도 홍성군,홍성군 농촌 돌봄마을 조성사업 반계거점(통신),내포CCTV,1506200507,이지연,93496175,90.451,104450000,7070556,Y,-3.0,3.0,27
R26BK01705107,2026-09-04,전남광주통합특별시 진도군,2026년 해양쓰레기 육상집하장 설치사업(조도 맹성),주식회사 해석건설,1948602909,배미선,29746000,90.325,32770000,1656225,Y,-3.0,3.0,61
R26BK01706654,2026-09-04,전남광주통합특별시 진도군,맹골도발전소 노후변압기 교체공사,주식회사보성전력,4158132101,최경화,49947030,90.344,55466400,2622253,Y,-3.0,3.0,26
R26BK01533701,2026-09-04,충청남도 홍성군,홍성군 농촌 돌봄마을 조성사업 반계거점(전기)(긴급),주식회사 그린오엔엠,3168120012,여국동,320285505,90.437,353922000,23749871,Y,-3.0,3.0,1061
R26BK01704293,2026-09-04,경상남도 사천시,자연휴양림 숲속의집 3지구 조성공사(통신),주식회사 명천전기통신,2838100472,정복순,83233140,90.598,92235000,4985681,Y,-3.0,3.0,14
R26BK01705094,2026-09-04,전남광주통합특별시 진도군,2026년 해양쓰레기 선상집하장 설치사업(조도지구),(주)진도개발,4158134899,최재정,52972990,90.843,59257000,3100974,Y,-3.0,3.0,14
R26BK01704143,2026-09-04,전북특별자치도 군산시,2026년 대명동 일원 빈집철거공사(대명동 384-16 외 1개소),(유)성화환경건설,4018115743,이학권,35224000,90.179,39028000,1540982,Y,-3.0,3.0,35
R26BK01704695,2026-09-04,대전광역시 서구,한천리~구봉산공원 연결도로 확포장공사(3차),(주)광남토건,3148110309,김광수,205213000,90.318,227427000,12577872,Y,-3.0,3.0,125
R26BK01706766,2026-09-04,전북특별자치도 순창군,쌍치면 탕곡마을 소규모수도시설 개량사업,유한회사 한성토건,4078120773,오춘두,126767341,90.45,139989000,8113739,Y,-3.0,3.0,17
R26BK01706049,2026-09-04,전남광주통합특별시 진도군,2026년 임회면 팽목리 및 길우리 아스콘 포장공사,세광토건 주식회사,2868600670,정찬영,41814510,90.501,46900000,1591344,Y,-3.0,3.0,14
R26BK01702514,2026-09-04,서울특별시 동대문구,2026년 도로부속 교통시설물 유지보수공사(하반기),(주)두경씨앤디,1298181074,박진영,46832430,90.256,52260000,2533122,Y,-3.0,3.0,303
R26BK01705237,2026-09-04,강원특별자치도 도로관리사업소 북부지소,2026년 지방도463호선 광덕2지구 길어깨정비공사,우성건설주식회사,2258118637,우종서,56936258,90.577,62958000,5099106,Y,-3.0,3.0,435
R26BK01705245,2026-09-04,강원특별자치도 도로관리사업소 북부지소,2026년 지방도463호선 광덕1지구 도로유지 보수공사,합자회사 용화건설,2218115002,황윤정,122195400,90.861,135494000,14334928,Y,-3.0,3.0,618
R26BK01705147,2026-09-04,충청남도 예산군,2026년 하반기 생활권 위험수목 제거사업,일흥토건 주식회사,3118125555,최영묵,49118100,90.218,54988000,2484306,Y,-3.0,3.0,41
R26BK01705679,2026-09-04,충청북도 괴산군,문광유평배수로교체공사,주식회사 관성,3178103092,조규혁,26794120,90.124,29671000,1091052,Y,-3.0,3.0,89
R26BK01705941,2026-09-04,전남광주통합특별시 진도군,2026년 임회면 남동리 하천 정비공사,주식회사 제이아이건설,5808703348,배진일,41633880,90.246,46321000,2112409,Y,-3.0,3.0,60
R26BK01705994,2026-09-04,전남광주통합특별시 진도군,2026년 거제지구 흙수로 구조물화사업,주식회사 아성건설,4158124751,이계문,43677850,90.442,48300000,2807668,Y,-3.0,3.0,60
R26BK01706759,2026-09-04,전북특별자치도 순창군,복흥면 서지마을 소규모수도시설 개량사업,(유)금산토건,4078102800,신승호,74808490,90.541,81805000,4845619,Y,-3.0,3.0,17
R26BK01704964,2026-09-04,전남광주통합특별시 진도군,2026년 해양쓰레기 선상집하장 설치사업(고군지구),엠이엔씨유한회사,6378800417,장순심,38352000,90.243,42504000,1937946,Y,-3.0,3.0,14
R26BK01706575,2026-09-04,전남광주통합특별시 진도군,사천소하천 쌍계교 경관조명 설치공사,(주)삼강전력,4158149484,오원길,23149066,90.373,25476000,1196756,Y,-3.0,3.0,26
R26BK01703118,2026-09-04,경상남도 김해시,예안천 중류부 일원 하상정비공사,성구건설주식회사,6058147997,김영환,75221200,90.294,84100000,4224885,Y,-3.0,3.0,44
R26BK01705453,2026-09-04,충청남도 예산군,2026 정주환경개선 응봉면 후사리 사면정비공사,삼호건설(주),3118113836,김기범,27323110,90.222,30056000,1318493,Y,-3.0,3.0,104
R26BK01705644,2026-09-04,충청북도 괴산군,칠성외사배수로정비공사,엔케이건설주식회사,5658801896,김종철,27526258,90.223,30353000,1404011,Y,-3.0,3.0,88
R26BK01706191,2026-09-04,전남광주통합특별시 진도군,2026년 군내면 세등리 사당 정비공사,주식회사 태영,7358603053,김선희,24643878,90.507,27288000,1586174,Y,-3.0,3.0,61
R26BK01711792,2026-09-04,경기도 연천군,청산 리도203호선 경관조명 보수공사,경원전기공사,1272015198,한성욱,20440000,,,,,,,1
R26BK01704901,2026-09-04,대전광역시 서구,증촌소하천 정비사업(2차),주식회사 일조건설,3188102136,김도은,104633300,90.829,114953000,6387512,Y,-3.0,3.0,11
R26BK01705662,2026-09-04,충청북도 괴산군,청천부성1배수로정비공사,도청건설주식회사,3038137797,경재호,58201640,90.169,64501000,2526859,Y,-3.0,3.0,89
R26BK01712151,2026-09-04,경기도 연천군,초성김치체험마을 리모델링 공사(소방),(주)광동,1278120106,강승관,1430000,,,,,,,1
R26BK01712499,2026-09-04,충청북도 증평군 수도사업소,증평군 하수도 준설공사(5차),주식회사 삼보환경건설,6208160311,박근수,18990000,90.0,,,,,,1
R26BK01697414,2026-09-04,한국무역보험공사,한국무역보험공사 수출중기지원센터 업무용 사무공간 (광주전남지사) 조성 실내건축공사,주식회사 대아디자인,6878602527,고혁주,470266100,90.034,527615000,14098032,Y,-2.0,2.0,575
R26BK01702239,2026-09-04,강원특별자치도 화천군,2026년 소하천(모현천) 소교량 가설공사(유촌리 355번지 일원),(주)태창건설,4898101778,장준식,75771120,90.41,83890000,5359627,Y,-3.0,3.0,38
R26BK01705757,2026-09-04,전남광주통합특별시 진도군,2026년 지산면 월촌리 배수로 정비공사,(주)진도종합개발,4158106767,조속운,23295511,90.385,25927000,1505759,Y,-3.0,3.0,62
R26BK01702176,2026-09-04,강원특별자치도 화천군,2026년 소하천(앞골천) 소교량 가설공사(유촌리 320번지 일원),조양건설주식회사,2218130565,김중옥,67667500,90.328,74640000,4089714,Y,-3.0,3.0,39
R26BK01705596,2026-09-04,전남광주통합특별시 진도군,2026년 지산면 상고야리 배수로 개거공사,주식회사정진,4158115209,박종진,22665270,90.341,25050000,1454113,Y,-3.0,3.0,61
R26BK01705976,2026-09-04,전남광주통합특별시 진도군,가사도발전소 노후변압기 교체공사,주식회사 명덕전기,3718100314,정영희,33171670,90.2,36696820,1522473,Y,-3.0,3.0,25
R26BK01705481,2026-09-04,충청남도 예산군,2026 정주환경개선 대술면 송석리 배수로 정비공사,창명건설(주),1568702127,변창수,43043680,89.94,47761000,911035,Y,-3.0,3.0,103
R26BK01705547,2026-09-04,충청남도 예산군,2026 예산지구 공영주차장 지장물 철거공사(15주차장-2구역),주식회사 대영환경,3118120318,남기삼,118663558,90.37,131200000,7422267,Y,-3.0,3.0,8
R26BK01705449,2026-09-04,전남광주통합특별시 진도군,2026년 조도면 육동리 배수로 개거공사,다도건설(주),4118128911,정성남,26279043,90.431,28960000,1579017,Y,-3.0,3.0,62
R26BK01705161,2026-09-04,충청남도 예산군,불원-시왕간(신양103호) 도로확포장공사,광석건설(주),1328129884,김정근,62717200,90.313,69916000,3689283,Y,-3.0,3.0,44
R26BK01704443,2026-09-03,충청남도 서천군,성산천 재해복구사업 재선충병 방제사업,서천군산림조합,3098201159,이돈규,30950100,90.222,,,,,,1
R26BK01713094,2026-09-04,서울시립문래청소년수련관,시립문래청소년센터 수영장 여과기 샌딩 및 여재 교체,아이캔카본텍,1071470013,황흥교,21725000,100.0,,,,,,1
R26BK01702038,2026-09-04,한국원자력연구원,원자력연수원동 노후 냉난방시설 개선 전기공사,거성전력(주),3058153401,이송희,115102378,90.262,126432000,6382537,Y,-2.0,2.0,535
R26BK01701969,2026-09-04,한국원자력연구원,원자력연수원동 노후 냉난방시설 개선공사,주식회사 가덕건설산업,3058135489,김창현,261384973,90.238,290488000,13878604,Y,-2.0,2.0,225
R26BK01704049,2026-09-04,제주특별자치도 제주시,2026년 전국(장애인)체전 대비 포장보수(단가계약) 정비공사,에이치에스건설 주식회사,6038147458,이도원,102961600,90.43,114290000,7574698,Y,-3.0,3.0,220
R26BK01686123,2026-09-01,대구보건대학산학협력단,[앵커]주문식 교육과정 환경구축 공사,주식회사 신광하우징,7168604032,김형원,67000000,77.54,,,,,,5
R26BK01704307,2026-09-04,제주특별자치도 제주시,폭염 저감시설(에어커튼) 설치 공사,(주)삼다소방,6168602700,임상준,100595580,90.22,111513000,5127249,Y,-3.0,3.0,410
R26BK01714183,2026-09-07,한국지역난방공사 파주지사,2026년 파주지사 축열조 Sealing System 긴급보수 공사,(주)우원디아이씨,1058608034,황소엽,34177000,87.355,,,,,,1
R26BK01704943,2026-09-04,전북특별자치도 고창군,성내면 월산지구 수로관 숭상공사,유한회사 한길건설,4048116023,김영신,104643260,90.412,114642000,7455285,Y,-3.0,3.0,101
R26BK01704906,2026-09-04,전북특별자치도 고창군,성내면 부덕리 상습침수구역 배수로 정비사업,은진산업(주),4188106882,서호재,71121800,90.342,78089000,4540813,Y,-3.0,3.0,101
R26BK01704590,2026-09-04,경기도교육청 오산고등학교,오산고 도서관동 및 생활관동 내진보강공사,(주)동강건축사사무소,1068197705,김치현,326411000,90.229,357769090,16920624,Y,-3.0,3.0,1296
R26BK01703860,2026-09-07,한국환경보전원,2026년 2차 영산강·섬진강수계 지장물 철거공사(2구역),동남환경건설(주),4168139219,이재숙,367916830,90.294,405561000,21661464,Y,-2.0,2.0,207
R26BK01701662,2026-09-07,아이파킹 주식회사,창녕군 공공 및 생활거점시설 전기차 충전 Infra 구축 사업 공사 업체 선정,주식회사 타키온네트워크,6088174509,서병환,175570000,96.573,,,,,,2
R26BK01707223,2026-09-07,경기도 양평군,2026년 양평군 숲길2차 개군산 외 3개소 조성사업,양평군산림조합,1328200579,신대용,58952000,90.492,64354000,3124549,Y,-3.0,3.0,2
R26BK01704274,2026-09-07,경상북도 문경시,(민간입찰대행)2026년 공동주택시설물 지원사업(에이스아트빌라 외벽 방수공사),(주)준디자인,5118114925,제미선,84432000,90.018,93500000,1891668,Y,-3.0,3.0,13
R26BK01707639,2026-09-07,경상북도 성주군,2026년 조림지 풀베기사업(2차)(기번4),성주군산림조합,5108200764,김재국,56717150,89.973,63096000,711154,Y,-3.0,3.0,9
R26BK01705582,2026-09-07,국토교통부 원주지방국토관리청 홍천국토관리사무소,국도42호선 문막검문소 등 3개소 시설물 개선공사,(주)신풍,2258125609,박은성,1006998400,89.314,1124728000,56980199,Y,-2.0,2.0,690
R26BK01700963,2026-09-07,한국공항공사 김해공항,김해공항 조경시설 개선 공사,(주)송죽원,1568700298,조정호,396113000,90.239,436599000,20265221,Y,-2.0,2.0,178
R26BK01701999,2026-09-07,충청북도 도로관리사업소 북부지소,위임국도 19호선 영덕천교 보수공사,주식회사 화성산업개발,6118600236,김기열,157952100,90.658,176089000,15140920,Y,-3.0,3.0,305
R26BK01707989,2026-09-07,경상북도 성주군,수륜면 보월리 맞질천 소교량 개체공사,주식회사 백년건설,5038154926,백승겸,66328600,90.37,73000000,4395006,Y,-3.0,3.0,77
R26BK01703816,2026-09-07,충청남도 부여군,규암면 반산2리 경로당 신축사업 건축공사(계약대행),동우건설 주식회사,3128118552,김민환,427187000,90.26,470496000,23394030,Y,-3.0,3.0,412
R26BK01707370,2026-09-07,충청북도 단양군,단양(별곡) 풋살장 막구조물 건축공사(소방),주식회사 디케이이앤씨,3018625010,김철한,50372660,90.41,55970000,2918965,Y,-3.0,3.0,3
R26BK01708685,2026-09-07,경상북도 예천군,화지도로(군도8호선) 상습침수구역 개선사업,동도건설 주식회사,5128112177,권옥련,38035600,90.513,41900000,3108788,Y,-3.0,3.0,92
R26BK01708246,2026-09-07,충청북도교육청 충청북도충주교육지원청,세성초 공이분교(폐교) 외 1교(강천초) 옥상방수 및 바닥교체 공사 수의계약 견적제출 안내공고,주식회사 제이에이치건설이엔지,3918602058,전효진,30254200,90.545,33493000,2429072,Y,-3.0,3.0,40
R26BK01706944,2026-09-07,전북특별자치도 무주군,2026년 농어촌 빈집정비 지원사업 철거공사,주식회사 명석,5418703116,강현석,74759700,91.085,82179000,4817817,Y,-3.0,3.0,5
R26BK01703493,2026-09-07,한국공항공사 제주공항,무안공항 여객터미널 및 기타시설 보수보강공사,주식회사 다산에이앤씨,2028602118,김숙향,84209210,90.351,92576000,5492434,Y,-2.0,2.0,718
R26BK01702600,2026-09-07,전북특별자치도교육청 전북특별자치도전주교육지원청,전주한들초 식생활관 리모델링공사,지엘 주식회사,4038157827,유득한,669211000,90.301,746068000,39747236,Y,-3.0,3.0,182
R26BK01703819,2026-09-07,한국환경보전원,2026년 2차 영산강·섬진강수계 지장물 철거공사(1구역),(주)다온개발,3058609458,박영우,596152120,90.341,657399000,37995475,Y,-2.0,2.0,203
R26BK01708683,2026-09-07,(주)휴비스,2026년도 탄소중립 설비투자 프로젝트 경매사업_(주)휴비스 전주2공장 터보 공기압축기 전기공사,주식회사 경방이엔씨,8098602850,양경우,49668570,89.956,,,,,,7
R26BK01703597,2026-09-07,충청북도 보은군 삼승면,달산1리 소공원 정비사업 공사 전자입찰 공고,주식회사 한국조경건설,1458700212,김은정,25303700,90.393,28164000,948897,Y,-3.0,3.0,15
R26BK01703565,2026-09-07,한국농어촌공사 전북지역본부 군산지사,군산지사 옥구지소 사옥 신축 토목건축공사,도갑건설 유한회사,4028157654,한갑수,716436680,90.492,792033000,57418229,Y,-2.0,2.0,309
R26BK01707993,2026-09-07,경기도 과천시,2026년 은행나무 열매제거 공사,(주)예송종합조경,1238152718,박병준,27183601,90.531,29986000,2029565,Y,-3.0,3.0,20
R26BK01707478,2026-09-07,국토교통부 부산지방국토관리청 포항국토관리사무소,국도7호선 울진 기성 망양 등 2개소 비탈면 정비공사,갑일건설(주),5118110195,노정희,290852140,91.342,321200000,49385458,Y,-2.0,2.0,496
R26BK01706758,2026-09-07,충청남도 보령시,보령 문화테마파크 조성사업 해체공사,주식회사 서진산업개발,7418802714,윤평기,320583300,92.354,344430000,23189568,Y,-3.0,3.0,167
R26BK01701953,2026-09-07,충청북도 도로관리사업소 북부지소,위임국도 19호선 용산2교 보수공사,(주)삼주산업,3038111569,김계환,48768520,91.038,53818000,6745769,Y,-3.0,3.0,300
R26BK01703071,2026-09-07,한국농어촌공사 전북지역본부 부안지사,2026년 부안권역(보안수산) 친환경에너지보급사업 설치공사,주식회사 루트,3038179220,이순미,541713095,89.868,603073000,7169951,Y,-2.0,2.0,246
R26BK01707353,2026-09-07,경기도 양평군,2026년 양평군 숲길2차 용문산권역 조성사업,양평군산림조합,1328200579,신대용,43931000,91.579,47957000,2660089,Y,-3.0,3.0,2
R26BK01701868,2026-09-07,충청북도 도로관리사업소 북부지소,위임국도 19호선 동막교 보수공사,토명건설 주식회사,3038121091,신정숙,74587682,90.582,81500000,6508953,Y,-3.0,3.0,301
R26BK01714175,2026-09-07,국립공원공단 설악산국립공원사무소,2026년 희운각대피소 시설 개선 공사,(주)미진하우징,4968600369,김정희,37800500,95.0,,,,,,1
R26BK01703203,2026-09-07,경상남도 양산시 웅상출장소,덕계사거리(70번 교차로) 교통사고 잦은 곳 개선사업,주식회사 선우종합건설,4958802320,이상준,50158000,91.658,55150000,9527097,Y,-3.0,3.0,40
R26BK01707508,2026-09-07,경상북도 성주군,2026년 조림지 풀베기사업(2차)(기번1),주식회사 해수임업,8168703010,서영상,104416806,89.923,115863000,1305817,Y,-3.0,3.0,9
R26BK01702637,2026-09-07,경기도 고양시,토당동 120-1번지 일원 노후관로 정비공사,(주)성풍,1258618481,김재풍,628118560,90.522,690854000,52273676,Y,-3.0,3.0,876
R26BK01706819,2026-09-07,국토교통부 익산지방국토관리청 전주국토관리사무소,국도21호선 완주 상관 낙석산사태 정비공사,주식회사 수목토산업,7858600162,전양재,1634556000,89.332,1843600000,95138035,Y,-2.0,2.0,500
R26BK01705083,2026-09-03,에스케이일렉링크 주식회사,전기차 충전기 구축 공사 23차,주식회사 인포텔,5048173339,전후상,116600000,88.3,,,,,,3
R26BK01703182,2026-09-07,경상남도 양산시 웅상출장소,2026년 동부양산 관내 어린이보호구역 시설개선사업,주식회사  청운,4088600149,박민희,50155508,90.684,55580000,4851811,Y,-3.0,3.0,26
R26BK01701884,2026-09-07,충청북도 도로관리사업소 북부지소,위임국도 19호선 용산1교 보수공사,(유)태영건설산업,3048120983,최준묵,28926300,91.439,31700000,5214497,Y,-3.0,3.0,298
R26BK01705000,2026-09-03,에스케이일렉링크 주식회사,전기차 충전기 구축 공사 22차,(주)명진이앤티,3138135520,김진식,127600000,88.799,,,,,,3
R26BK01705122,2026-09-03,에스케이일렉링크 주식회사,전기차 충전기 구축 공사 24차,주식회사 이모션플레이스,2498603455,문병주,132000000,88.72,,,,,,3
R26BK01687167,2026-09-07,경기도교육청 경기도광명교육지원청,철산중 급식실 및 식당 증축공사,주식회사 한강이앰피,1218182555,정승훈,3176961560,89.353,3523664000,190455809,Y,-3.0,3.0,1303
R26BK01707129,2026-09-07,경기도 광명시,광명 에너지 자립 주민편의시설 콘크리트 모듈러 기반조성 공사(건축+기계),부소종합건설(주),1138131939,김수병,139253000,90.198,153087000,6680850,Y,-3.0,3.0,15
R26BK01707152,2026-09-07,경기도 화성시,황계동 비위생매립지 정비사업(공사),주식회사 한민건설,4458702750,이한성,861613300,90.123,947271600,34561537,Y,-3.0,3.0,648
R26BK01707396,2026-09-07,충청북도 단양군,단양(별곡) 풋살장 막구조물 건축공사(전기),주식회사 디케이이앤씨,3018625010,김철한,22762920,90.266,25333000,1235619,Y,-3.0,3.0,28
R26BK01708731,2026-09-07,경상남도 양산시,2026년 어린이보호구역 개선사업,주식회사 엠에스종합건설,4338103579,최혜주,78885228,90.75,87370000,7711164,Y,-3.0,3.0,39
R26BK01701649,2026-09-07,아이파킹 주식회사,안산시 공공문화시설 전기차 충전 Infra 구축 사업 공사 업체 선정,주식회사 타키온네트워크,6088174509,서병환,130930000,105.673,,,,,,2
R26BK01708437,2026-09-07,충청남도홍성의료원,"홍성의료원 장애친화 건강검진센터 리모델링 공사(건축, 기계) 소액수의 견적제출 안내 공고",주식회사 청룡건설,3128141878,인주식,74958970,90.204,82235000,3692439,Y,-3.0,3.0,317
R26BK01707613,2026-09-07,경상북도 성주군,2026년 조림지 풀베기사업(2차)(기번3),성주군산림조합,5108200764,김재국,85144930,90.114,94721000,1067555,Y,-3.0,3.0,9
R26BK01703975,2026-09-07,인천테크노파크,2026 남동산단 범죄예방 환경조성공사(조경),용두건설주식회사,1378166297,성수정,120610000,91.204,134919000,11505212,Y,-3.0,3.0,43
R26BK01703162,2026-09-07,한국농어촌공사 전북지역본부 부안지사,2026년 부안권역(현수산) 친환경에너지보급사업 설치공사,유일이앤씨 주식회사,3408103281,이현기,396915190,89.841,445638000,3506976,Y,-2.0,2.0,250
R26BK01706229,2026-09-07,전남광주통합특별시교육청 전남광주통합특별시영광교육지원청,묘량중앙초 놀이시설 개선공사 수의계약 안내 공고,주식회사 네이처아이,8858101302,김정희,78154330,90.307,86616000,4251416,Y,-3.0,3.0,18
R26BK01708337,2026-09-07,전남광주통합특별시 나주시,봉황면 시도 16호선 회전교차로 설치공사,(주)태양,4128107767,안재필,106418160,90.16,119150000,4459048,Y,-3.0,3.0,44
R26BK01703089,2026-09-07,한국농어촌공사 경남지역본부 김해.양산.부산지사,상북면 기초생활거점조성사업 전기공사,주식회사 서진기전,6218196336,서진억,136295386,90.468,150109200,10619018,Y,-2.0,2.0,92
R26BK01702849,2026-09-07,경기도 김포시,2026년 비점오염저감시설 준설 공사,주식회사 오성이엔씨,1458100656,김영식,185333512,90.296,206580000,10841949,Y,-3.0,3.0,16
R26BK01687179,2026-09-07,한국농어촌공사 경기지역본부,2026년 스마트팜ICT융복합확산(온실신축)사업 온실공사(김*규 농가),주식회사 우성바이오플랜트,5438700788,백선열,2640980000,89.124,2949712040,96619845,Y,-2.0,2.0,17
R26BK01701471,2026-09-07,진도중학교,진도중학교 다목적강당 전면보수 건축공사,(주)공감건설,4098633814,박진철,965667100,90.395,1073490000,67523290,Y,-3.0,3.0,860
R26BK01706527,2026-09-07,행정안전부 정부청사관리본부,정부세종청사 5동 이든샘 어린이집 바닥 장판 교체 공사,리드원건설(주),1918603501,조성우,80006860,90.145,88773000,3028792,Y,-2.0,2.0,60
R26BK01707940,2026-09-07,전남광주통합특별시교육청 전남광주통합특별시순천교육지원청,순천신흥초 햇빛이음학교 전기공사,(주)모든전기,4168104743,강신석,50466620,90.12,56232000,2040594,Y,-3.0,3.0,148
R26BK01706110,2026-09-07,강원특별자치도교육청 강원특별자치도고성교육지원청,간성초 다목적실 지붕보수공사 소액수의 견적제출 공고,주식회사 고성개발,3018123230,김재석,167347330,90.77,186586000,9709548,Y,-3.0,3.0,19
R26BK01708047,2026-09-07,제주특별자치도,실감나는 제주민속자연사박물관 시청각실 조성사업 전기공사,주식회사 태영전기,5808100558,김민재,50198060,90.359,55361000,3326945,Y,-3.0,3.0,407
R26BK01705638,2026-09-07,대전광역시교육청 대전광역시서부교육지원청,대전도솔초 등 2교(대전삼천중) 외부환경개선공사,주식회사 강진건설,3058149192,최태식,150288800,90.285,166672000,8353734,Y,-3.0,3.0,151
R26BK01703773,2026-09-07,한국농어촌공사 경남지역본부 거창.함양지사,금호지구 농촌공간정비사업 지장건축물 석면해체 공사,대부개발 주식회사,6088119466,김범중,199719600,90.37,221210000,13475467,Y,-2.0,2.0,226
R26BK01708540,2026-09-07,경상북도 예천군,은풍면 탑1리 경로당 신축공사,유한회사 부림개발,4078116532,서정자,163461460,90.285,182000000,9127614,Y,-3.0,3.0,17
R26BK01708992,2026-09-07,강원특별자치도 인제군,월학3리 경로당 그린리모델링공사(전기),(주)지현이엔씨,5978601190,하수진,32750804,90.295,36150000,1791924,Y,-3.0,3.0,42
R26BK01708196,2026-09-07,전남광주통합특별시교육청 전남광주통합특별시순천교육지원청,순천신흥중 햇빛이음학교 전기공사,(주)태성계전,4168106886,차영두,38432870,90.109,42713000,1508094,Y,-3.0,3.0,150
R26BK01708153,2026-09-07,제주특별자치도,실감나는 제주민속자연사박물관 시청각실 조성사업 통신공사,주식회사 아이엔티정보통신,8618101359,박건원,28002975,90.263,31243000,1566422,Y,-3.0,3.0,163
R26BK01708890,2026-09-07,충청북도 보은군,달천(길탕지구)하상정리사업,(주)부강,3028119549,백용현,115368184,90.236,130000000,5547991,Y,-3.0,3.0,58
R26BK01708870,2026-09-07,충청북도교육청 충청북도옥천교육지원청,군남초 배수로덮개 설치 및 옥상방수공사,주식회사 대광건설,6878802725,노인숙,53687400,90.615,60005000,2949063,Y,-3.0,3.0,9
R26BK01708995,2026-09-07,강원특별자치도 인제군,월학3리 경로당 그린리모델링공사(기계설비),주식회사 에이엠,8148603491,안근규,35773600,90.238,39855000,1904690,Y,-3.0,3.0,12
R26BK01703879,2026-09-07,서울특별시 북부병원,병실 발코니 난간 및 외벽 개선공사,주식회사 성민산업,4528600068,최훈재,224349765,90.29,250000000,13145030,Y,-3.0,3.0,354
R26BK01708988,2026-09-07,강원특별자치도 인제군,월학3리 경로당 그린리모델링공사(건축),주식회사 강현,1358160661,김종성,146971440,90.26,162466000,8105542,Y,-3.0,3.0,24
R26BK01706599,2026-09-07,울산광역시 울주군,2026년 울주 목도 상록수림 식생정비사업,천지나무병원,4161487441,문성철,67186300,91.014,73730000,556422,Y,-3.0,3.0,2
R26BK01706355,2026-09-07,강원특별자치도 화천군,간동 힐링공원(간동 파크골프장) 배수로 설치공사,용신건설 주식회사,2218116054,김영준,83314650,90.46,93050000,6229528,Y,-3.0,3.0,37
R26BK01705188,2026-09-07,경기도교육청 경기도용인교육지원청,용신중 급식실 현대화 기계설비공사,다온비 주식회사,2318105229,정혜진,611664700,90.213,679482000,30785433,Y,-3.0,3.0,750
R26BK01703022,2026-09-07,서울교통공사,신내차량기지 검수동 근무환경 개선공사,(주)한울디자인컴퍼니,7188803386,김성준,179395347,90.376,197986700,12173852,Y,-3.0,3.0,1071
R26BK01704334,2026-09-07,충청북도교육청 충청북도제천교육지원청,제천제일고 옥상방수 및 기타공사 입찰 공고,(주)이수건설,8728600428,김현숙,202215490,90.376,226864000,10723488,Y,-3.0,3.0,66
R26BK01691860,2026-09-07,군서농업협동조합,군서농협 2026년 전략작물산업화지원사업(두류 등 사업다각화) 콩 선별장 증축 및 리모델링 공사(건축),주식회사세진종합건설,4108135781,추진호,740000000,80.919,,,,,,23
R26BK01693505,2026-09-07,경상북도교육청 경상북도울릉교육지원청,천부초등학교 진입로포장 및 기타공사(고 이경종 스승 추모비 이전),상우산업(주),5068132130,이석태,171215000,91.623,186230000,9781802,Y,-3.0,3.0,3
R26BK01706582,2026-09-07,울산광역시 울주군,두서 내와리 1346-20번지 일원 세천정비공사,한길토건주식회사,8208801172,이상순,109677820,90.266,121990000,6159447,Y,-3.0,3.0,163
R26BK01705840,2026-09-07,대전광역시교육청 대전광역시서부교육지원청,대전버드내중 외부환경개선공사,교우토건 주식회사,4578701735,김병기,189213000,90.222,209814000,9753720,Y,-3.0,3.0,153
R26BK01709012,2026-09-07,대전광역시교육청,(가칭)대전학하중학교 신축 기계설비공사,주식회사 일조건설,3188102136,김도은,1899424500,89.297,2138490000,103606614,Y,-3.0,3.0,230
R26BK01706017,2026-09-07,강원특별자치도교육청 강원특별자치도동해교육지원청,천곡초 양궁훈련장 증축공사 소액수의견적 제출 공고,(주)영신,2228104357,박성용,292151000,90.471,323817000,22150261,Y,-3.0,3.0,34
R26BK01705795,2026-09-07,대전광역시교육청 대전광역시서부교육지원청,대전구봉중 등 2교(대전느리울초) 외부환경개선공사,주식회사 지앤에이치개발,3148649599,오순기,185122000,90.168,205634000,8064646,Y,-3.0,3.0,52
R26BK01707702,2026-09-07,제주특별자치도,실감나는 제주민속자연사박물관 시청각실 조성사업 건축공사,송우종합건설 주식회사,6168154523,송종은,234913850,90.301,260665000,13747212,Y,-3.0,3.0,291
R26BK01707668,2026-09-07,국토교통부 부산지방국토관리청 포항국토관리사무소,국도7호선 울진 연지 연지 등 4개소 비탈면 정비공사,(주)길주산업건설,5088111427,임종욱,353572410,92.125,380300000,88861583,Y,-2.0,2.0,363
R26BK01708708,2026-09-07,경기도 성남시,성남동 1573번지 외 4개소 상수관 정비공사,(주)위드건설,1298662164,김현찬,173320020,92.162,191975000,21752056,Y,-3.0,3.0,20
R26BK01704927,2026-09-07,경상북도 문경시,북부생활권 육아종합지원센터 건립 통신공사,HP정보통신,5110498851,유창근,54479270,90.333,60786000,3451651,Y,-3.0,3.0,20
R26BK01708249,2026-09-07,전남광주통합특별시교육청 전남광주통합특별시순천교육지원청,순천제일고 햇빛이음학교 전기공사,주식회사 두언전력,4128148884,김은혜,34102740,90.083,37697000,1246066,Y,-3.0,3.0,149
R26BK01701716,2026-09-07,경상남도 항만관리사업소,통영항 부잔교 연결도교 정비공사,주식회사  유성에스디,6078161957,문웅창,91778410,90.427,101500000,6718383,Y,-3.0,3.0,615
R26BK01707771,2026-09-07,국토교통부 부산지방국토관리청 포항국토관리사무소,국도7호선 울진 근남 노음 등 6개소 비탈면 정비공사,다인산업개발 주식회사,5038154872,남정석,525075190,91.66,577800000,106880478,Y,-2.0,2.0,706
R26BK01708902,2026-09-07,충청북도 보은군,보청천(성지지구) 하상정리사업(2),(합)서원건설,3028107913,이관순,182708064,90.333,200000000,8649703,Y,-3.0,3.0,58
R26BK01707208,2026-09-07,서울대학교,"서울대학교 자연과학대학(22동,23동) 가스배관 분리공사",태승엔지니어링(주),1198135383,양일환,26637850,90.335,29366000,1593388,Y,-2.0,2.0,34
R26BK01708179,2026-09-07,전남광주통합특별시 장성군,"노후 도로교량(대방교, 신촌교, 만평교, 못재육교) 정비공사",(주)부성종합건설,4088143027,이준묵,210568300,90.319,234509000,12653961,Y,-3.0,3.0,85
R26BK01702950,2026-09-04,남산기독교종합사회복지관,2026년 남산기독교종합사회복지관 기능보강(간이 스프링클러 설치)공사 전자입찰 공,주식회사 제일소방방재,5028192102,김국일,136663242,90.078,151878617,4873342,Y,-3.0,3.0,19
R26BK01708397,2026-09-07,충청북도교육청 충청북도제천교육지원청,봉양중 샌드위치패널 해소 및 기타공사 수의견적 제출 안내,주식회사 부강건설,3058173111,박영광,273851000,90.265,303980000,15031957,Y,-3.0,3.0,40
R26BK01706547,2026-09-07,울산광역시 울주군,2026년 솔찬공원 정비공사,리드케이민강 주식회사,6138128953,이영섭,167305898,90.572,183590000,9748588,Y,-3.0,3.0,15
R26BK01708300,2026-09-07,전남광주통합특별시교육청 전남광주통합특별시순천교육지원청,순천미래과학고 햇빛이음학교 전기공사,주식회사 덕운전력,4108600671,박금란,44113964,90.092,49401000,1641891,Y,-3.0,3.0,150
R26BK01708980,2026-09-07,대전광역시교육청,(가칭)대전용계중학교 신축 기계설비공사,한일통신 주식회사,3148193654,강태진,1827640000,89.317,2038124000,98656337,Y,-3.0,3.0,228
R26BK01704918,2026-09-07,경기도 동두천시,중앙지구 소규모 주택정비관리지역 기반시설 조성사업,삼중종합건설(주),1138801638,최중만,2007470594,89.349,2234793000,112932146,Y,-3.0,3.0,72
R26BK01707848,2026-09-07,대구광역시 달성군,화원읍 노인회 분회 사무실 리모델링공사,(주)효창산업,5158112521,김시태,81416000,90.283,89430000,4641317,Y,-3.0,3.0,311
R26BK01703656,2026-09-07,강원특별자치도 화천군,지방하천(풍산천) 제방도로공사,조양건설주식회사,2218130565,김중옥,135901900,90.288,149671000,7678121,Y,-3.0,3.0,39
R26BK01707087,2026-09-07,경상남도 산림환경연구원,2026년 산림사업용 종자채취사업,함양군산림조합,6118200484,정욱상,55351000,91.987,60325000,3035514,Y,-3.0,3.0,2
R26BK01707056,2026-09-07,국립창원대학교 남해캠퍼스,경남항공교육원(항공정비실습동) 태양광발전시설설치사업_옥상방수,주식회사 성광건설산업,1278660710,조용섭,98876750,89.994,110583000,2643354,Y,-2.0,2.0,476
R26BK01714368,2026-09-04,서울특별시 서북병원,서북병원 울타리 설치공사,주식회사 미진이엔씨,3018188970,이화순,16620000,91.975,,,,,,1
R26BK01708099,2026-09-07,강원특별자치도 화천군,토속어류종자 배양장 어업기반 정비공사(전기),대경전력 주식회사,5028639058,윤홍구,38451538,90.333,42391000,2237185,Y,-3.0,3.0,37
R26BK01707025,2026-09-07,충청남도 아산시,도고면 와산1리 마을안길 포장공사,주식회사 다진건설,6058635900,서은석,41549600,90.486,45803000,3177114,Y,-3.0,3.0,70
R26BK01708030,2026-09-07,강원특별자치도 횡성군,공근면 초원1리경로당 그린리모델링 기계공사,주식회사삼우이엔지,5898102780,김태은,21153584,90.766,23599000,1056904,Y,-3.0,3.0,10
R26BK01707726,2026-09-07,전남광주통합특별시 서구,구청사 배수설비 교체공사,주식회사 지엠이앤씨,1358160171,이강섭,37420000,90.054,42200000,907304,Y,-3.0,3.0,216
R26BK01706002,2026-09-07,경상남도,함양소방서 안의119안전센터 이전 신축공사(건축),(주)고명종합건설,5218803540,진재현,2460170000,89.518,2701270000,175037440,Y,-3.0,3.0,685
R26BK01703537,2026-09-07,강원특별자치도 화천군,2026년 소하천(갈구니천) 소교량 가설공사(풍산리 988-1번지 일원),주식회사 화인건설,5248802287,길경배,35987720,90.463,39760000,2660717,Y,-3.0,3.0,39
R26BK01708393,2026-09-07,전북특별자치도 정읍시,산성산등산로정비사업,유한회사 숲으로,4048122113,윤현영,157117000,90.465,175101000,11014321,Y,-3.0,3.0,9
R26BK01705330,2026-09-07,전남광주통합특별시 진도군,"2026년 전통시장 및 상점가 시설현대화사업(건축,기계) 총괄분 및 1차분",동원건설주식회사,2228125750,이은진,780657000,90.262,859936000,43461841,Y,-3.0,3.0,877
R26BK01706988,2026-09-07,한국산노프코(주),2026년 산업계 에너지관리시스템 보급 지원사업_계측인프라,엔포스 주식회사,6098188137,장병호,98588600,90.035,,,,,,2
R26BK01706103,2026-09-07,강원특별자치도 도로관리사업소,지방도494호선 석산교 외 1개소 유지보수공사,지에스산업개발(주),5058125427,한세범,132107000,90.64,145640000,12691299,Y,-3.0,3.0,576
R26BK01707269,2026-09-07,충청남도 태안군,구슬 소하천 재해복구공사,인석토건(주),3168100127,장필종,174327720,90.386,193446000,11584638,Y,-3.0,3.0,75
R26BK01714305,2026-09-07,한국농어촌공사 화안사업단,2026년 우정양수장  드레인배관 보수 등 공사,신흥기계공업,1410431777,백승희,27316000,94.094,,,,,,1
R26BK01715505,2026-09-07,한국농어촌공사 경남지역본부 김해.양산.부산지사,상북면 기초생활거점조성사업 소방공사,대호소방이엔지,4492800325,박영환,39000000,90.215,,,,,,1
R26BK01714695,2026-09-07,한국농어촌공사 충남지역본부 부여지사,2026년 임천지구 양·배수장 기계설비 보수공사,(주)대성산업기계,3088114203,송상현,18549000,90.0,,,,,,1
R26BK01714710,2026-09-07,한국농어촌공사 충남지역본부 부여지사,2026년 석성세도지구 양·배수장 기계설비 보수공사,송현건설(주),3088129730,박정은,19728000,90.0,,,,,,1
R26BK01706598,2026-09-07,전남광주통합특별시 곡성군,삼기면 연봉소하천 외 3천 수해복구사업,(유)윤담건설,4098135781,유승열,50958890,90.356,56652000,2945759,Y,-3.0,3.0,48
R26BK01707689,2026-09-07,충청북도 괴산군,광덕1경로당등3개소노인보호구역안전환경개선사업,유한회사 동인건설,4048115965,이서영,30487180,90.638,34141000,1558960,Y,-3.0,3.0,18
R26BK01708087,2026-09-07,강원특별자치도 화천군,토속어류종자 배양장 어업기반 정비공사(기계),(주)제이앤비,2218139945,김재진,71959100,90.425,79073000,3474239,Y,-3.0,3.0,8
R26BK01714758,2026-09-07,한국농어촌공사 전남지역본부 나주지사,회룡지구 수원공 수리시설개보수사업 전기공사,주식회사 다우전기,5568702856,김성주,20145000,89.993,,,,,,1
R26BK01706152,2026-09-04,전남광주통합특별시 진도군,2026년 진도읍 북치리 농로 정비공사,(주)종남건설,4118120466,이영순,34600000,90.257,38589000,1388568,Y,-3.0,3.0,17
R26BK01708923,2026-09-07,전남광주통합특별시 순천시,"2026년 은행나무 열매 조기채취 사업(5권역, 조례1길 등 7개소)",미림조경주식회사,6118104386,고용흠,30781799,89.97,34572000,367784,Y,-3.0,3.0,113
R26BK01707580,2026-09-07,경상북도 성주군,2026년 조림지 풀베기사업(2차)(기번2),주식회사 이로운산림,8638603057,김경수,93894500,90.242,104709000,1180167,Y,-3.0,3.0,8
R26BK01706509,2026-09-07,국토교통부 대전지방국토관리청 예산국토관리사무소,예산국토 관내 터널 CCTV 교체공사,조아유기술 주식회사,3468102640,박삼우,574078740,90.433,633820000,42504281,Y,-2.0,2.0,382
R26BK01707736,2026-09-07,경상북도 경주시,북경주행정복지센터 직원 휴게실 설치공사,(주)태백건설,4158114194,김은남,121094800,90.275,135000000,6234809,Y,-3.0,3.0,66
R26BK01706666,2026-09-07,법무부 대구지방교정청 경북북부제1교도소,"경북북부제1교도소 작업1팀 공장동 내부 환경개선공사(건축, 기계)",주식회사 일토종합건설,5118105407,김주윤,618424990,90.339,676126000,36554311,Y,-2.0,2.0,782
R26BK01708215,2026-09-07,강원특별자치도 횡성군,우천면 우항경로당 그린리모델링 전기공사,서울전기(주),2248121385,지덕수,20101375,90.297,22425000,1187373,Y,-3.0,3.0,36
R26BK01708960,2026-09-07,전남광주통합특별시 순천시,2026년 임도변 풀베기 유지관리사업(5권역),주식회사 다솔임업,2368101683,서인성,23759510,89.962,26357000,307454,Y,-3.0,3.0,19
R26BK01708908,2026-09-07,전남광주통합특별시 순천시,"2026년 은행나무 열매 조기채취 사업(3권역, 도장길 등 5개소)",주식회사 힐링나무병원앤조경,1228800536,김성곤,27483500,89.86,30453000,321743,Y,-3.0,3.0,112
R26BK01703806,2026-09-07,경기도 김포시,김포시추모공원 관리사무소 신축(전기공사),동광전기,2823800376,오기동,62227800,90.387,68855600,4213022,Y,-3.0,3.0,126
R26BK01707960,2026-09-07,강원특별자치도 횡성군,우천면 문암경로당 그린리모델링 전기공사,주식회사 진성,2248135929,정정환,20218932,90.375,22187000,1311676,Y,-3.0,3.0,36
R26BK01716537,2026-09-07,충청남도 계룡시,2026년 향적산 치유의 숲 보완공사,산림조합중앙회 대전세종충남지역본부,3068204818,김현호,68172000,92.0,,,,,,1
R26BK01716712,2026-09-07,한국지역난방공사 광주전남지사,2026년도 공기압축기(PB) 정기점검보수공사,유창유체기계(주),1348136775,한명자,12100000,88.274,,,,,,1
R26BK01715860,2026-09-07,한국농어촌공사 충남지역본부,용제저수지 CCTV설비 보강공사,주식회사 유앤,6168602428,김대영,18400000,,,,,,,1
R26BK01708935,2026-09-07,전남광주통합특별시 순천시,2026년 임도변 풀베기 유지관리사업(1권역),(유)우반,4168163515,송경철,23429000,90.056,26250000,305979,Y,-3.0,3.0,19
R26BK01706916,2026-09-07,경기도 화성시 공원녹지사업소,2026년 신리천공원 내 물놀이장 리모델링 공사,주식회사 한스조경,2058802445,이양근,113104980,90.15,125912000,4908275,Y,-3.0,3.0,137
R26BK01704062,2026-09-07,경기도교육청 경기도성남교육지원청,성남신흥초 구)급식실 리모델링 전기공사,대원이엔씨,7863600423,차정희,3616160,89.759,4028000,,Y,-3.0,3.0,82
R26BK01716124,2026-09-07,한국농어촌공사 전남지역본부 해남.완도지사,2026년 공공기관 대행사업 화산지구 신평 배수지거 정비사업,(주)신정토건,4158118808,김수남,20300000,92.558,,,,,,1
R26BK01707860,2026-09-07,강원특별자치도 횡성군,공근면 공근경로당 그린리모델링 건축공사,주식회사 나루,8058101913,박경찬,58725383,90.192,65048000,2602173,Y,-3.0,3.0,16
R26BK01708390,2026-09-07,전북특별자치도 정읍시,농소동상흑교가각정비공사,주식회사 국도건설,4048113287,김귀숙,35799256,90.286,39721000,2092276,Y,-3.0,3.0,153
R26BK01707050,2026-09-07,한국산노프코(주),2026년 산업계 에너지관리시스템 보급 지원사업_제어인프라,엔포스 주식회사,6098188137,장병호,24062500,90.121,,,,,,2
R26BK01715216,2026-09-07,경기도 안성시,침수 대비 빗물받이 신규 설치 공사,서일건설 주식회사,1258119675,김장우,45927000,94.998,,,,,,1
R26BK01704103,2026-09-07,경기도 용인시,2026년 수역교 외 5개소 보수공사,(주)정안건설,6088143267,김영분,227336990,90.404,248600000,16177106,Y,-3.0,3.0,459
R26BK01708945,2026-09-07,전남광주통합특별시 순천시,2026년 임도변 풀베기 유지관리사업(3권역),(유)우반,4168163515,송경철,27928000,89.951,31291000,364737,Y,-3.0,3.0,19
R26BK01708647,2026-09-07,대구광역시 서구,큰장로 노후 인도정비공사,(주)일촌,5148158000,조재원,149178439,90.35,164200000,8848858,Y,-3.0,3.0,197
R26BK01715539,2026-09-07,경기도 이천시,소규모 보도 시설물 정비 공사,티에이건설(주),2188601958,정정은,49500000,90.0,,,,,,1
R26BK01713842,2026-09-07,서울특별시 서울식물원,걸레세척기 설치 공사,주식회사 한울건설,6248803795,최수산,4866000,95.001,,,,,,1
R26BK01714152,2026-09-07,한국농어촌공사 충북지역본부,충주권역 양식장 친환경에너지 보급사업 전기공사,서진전기 주식회사,4028801445,정윤희,46120000,88.008,,,,,,1
R26BK01708881,2026-09-07,전남광주통합특별시 순천시,"2026년 은행나무 열매 조기채취 사업(1권역, 가곡길 등 4개소)",주식회사 제이트리,4828601729,조준영,33376320,89.867,37537000,399259,Y,-3.0,3.0,113
R26BK01714459,2026-09-07,서울특별시 서울아리수본부 영등포아리수정수센터,관리본관동 여자샤워실 보수공사,일진피앤에스 주식회사,1668100390,박수홍,20221600,96.842,,,,,,1
R26BK01708403,2026-09-07,전북특별자치도 정읍시,하반기마을방범용CCTV설치공사,주식회사 더블유아이,4048133911,황윤주,90273783,90.202,99877000,4153375,Y,-3.0,3.0,36
R26BK01708361,2026-09-07,전북특별자치도 정읍시,상교동한서요양병원일원배수로설치공사,유한회사 한울건설,3238801967,최미나,35966510,90.237,40446000,867403,Y,-3.0,3.0,153
R26BK01703562,2026-09-07,강원특별자치도 화천군,2026년 소하천(밤나무골천) 수해복구공사(오음리 76번지 일원),도영건설 주식회사,5748602065,길도영,30702000,90.382,34495000,1526835,Y,-3.0,3.0,31
R26BK01706727,2026-09-07,법무부 대구지방교정청 경북북부제1교도소,경북북부제1교도소 작업1팀 공장동 내부 환경개선공사(전기),주식회사 대승,7528101128,이현정,121476270,90.436,134665300,9053900,Y,-2.0,2.0,1402
R26BK01708669,2026-09-07,경상북도 포항시 맑은물사업소,2026년 포항정수장 시설 보수공사(제2수원지),(주)강진이앤씨,5108118480,김해숙,44747600,90.223,49490000,2261662,Y,-3.0,3.0,119
R26BK01708916,2026-09-07,전남광주통합특별시 순천시,"2026년 은행나무 열매 조기채취 사업(4권역, 충효로 등 5개소)",알파조경주식회사,2208158158,정철우,31460310,89.881,34588000,366309,Y,-3.0,3.0,113
R26BK01708115,2026-09-07,강원특별자치도 횡성군,공근면 초원1리경로당 그린리모델링 건축공사,(주)영강건설,2248146839,이만형,139470900,90.349,155055000,8909586,Y,-3.0,3.0,16
R26BK01707160,2026-09-07,경기도 용인시,2026년 경기 흙향기 맨발길 조성사업(함양지1호 및 한들공원),(주)에이치엠조경,4108628266,하예봉,123035101,90.127,136872000,5076026,Y,-3.0,3.0,98
R26BK01708575,2026-09-07,경상북도 안동시,와룡면 행정복지센터 승강기 설치공사,지오스건설 주식회사,7778600953,박성진,84457520,90.133,93480000,3468078,Y,-3.0,3.0,51
R26BK01703856,2026-09-07,전북특별자치도 정읍시,정읍스포츠타운조성전기공사(장기계속),유한회사 신성이엔씨,2838700756,이성만,1309425197,89.264,1448736000,66932777,Y,-3.0,3.0,1052
R26BK01703692,2026-09-07,강원특별자치도 화천군,2026년 소하천(답동천) 유지보수사업(광덕리 63번지 일원),제이에이치주식회사,2228112027,김진형,55144200,90.228,61097000,2510793,Y,-3.0,3.0,31
R26BK01703644,2026-09-07,서울특별시 동대문구,외대주차빌딩 공영주차장 보수∙보강 공사,주식회사 문디앤씨,4238601017,어연경,921277670,90.317,1033561800,56851570,Y,-3.0,3.0,859
R26BK01709715,2026-09-07,충청남도 논산시 보건소,2026년 정신요양시설(한울빌리지) 생활관·조리장 보수공사,주식회사영동건설산업,3088129555,김테레사,136475697,90.117,151640000,4253405,Y,-3.0,3.0,34
R26BK01689423,2026-09-07,한국농어촌공사 경기지역본부 여주.이천지사,율면 기초생활거점 조성사업 건축토목조경기계공사,유한회사 현성산업개발,3028106627,임은성,2665780000,89.4,2947263000,167481468,Y,-2.0,2.0,125
R26BK01693487,2026-09-07,경상북도 안동시,안동 산불피해 국가유산 복원사업(용담사 무량전),주식회사 선재,5158110111,박정환,1472635800,89.412,1639000000,73042617,Y,-3.0,3.0,59
R26BK01705515,2026-09-07,서울특별시 광진구,용곡초·중학교 앞 무지개 계단 이동편의시설 설치사업(토목·건축·기계),주식회사 이테크건설산업,1288707113,임종순,496176000,91.588,538300000,96820541,Y,-3.0,3.0,306
R26BK01703490,2026-09-07,강원특별자치도 화천군,2026년 소하천(거례천) 소교량 가설공사(거례리 72-2번지 일원),보령건설산업 주식회사,5908800684,백광열,96526800,90.426,105650000,6146735,Y,-3.0,3.0,39
R26BK01703875,2026-09-07,국회 국회사무처,국회 출입구 주차관제설비 노후 장비 교체공사,(주)에디슨전기,2068193071,하영복,86786620,90.184,96000000,4110670,Y,-2.0,2.0,1008
R26BK01707073,2026-09-07,국립창원대학교 남해캠퍼스,창원대학교 남해캠퍼스 학생회관 옥상방수공사_건축,주식회사 한길건설,6098617165,권기정,72105600,89.983,80284000,1836055,Y,-2.0,2.0,478
R26BK01708634,2026-09-07,경상남도 진주시,반지교 외 1개교 보수공사,정운건설주식회사,6138137054,최진숙,117689700,91.293,128000000,19421082,Y,-3.0,3.0,82
R26BK01707713,2026-09-07,충청북도 괴산군,불정외령(사현)낙후지역먹는물수질개선사업,두성건설(자),3158134100,이종수,109320800,90.277,122160000,6291781,Y,-3.0,3.0,45
R26BK01703605,2026-09-07,강원특별자치도 화천군,2026년 국가하천 하반기 예초 및 잡목제거공사(원천리 일원),합자회사 성현건설,2248113492,신용실,49538330,89.965,55166000,969771,Y,-3.0,3.0,9
R26BK01706096,2026-09-07,서울특별시 송파구,한가람로 외 1 가로정원 조성사업,(주) 에스지 씨앤디,1198635281,김명순,153034000,90.339,170188220,9778434,Y,-3.0,3.0,383
R26BK01707912,2026-09-07,강원특별자치도 횡성군,우천면 문암경로당 그린리모델링 건축공사,주식회사 비전종합건설,4168177528,안희영,113433000,90.316,125349000,5984871,Y,-3.0,3.0,16
R26BK01703569,2026-09-07,경기도 이천시 농업기술센터,농업기술센터 사무소 환경개선 증축 공사,주식회사 신덕종합건설,1308621066,신형섭,584054440,90.226,652588000,30261908,Y,-3.0,3.0,1393
R26BK01702438,2026-09-07,경상북도 포항시 맑은물사업소,택전배수지 개량공사(전기 및 계측제어),남경ENG,7120301990,한지원,59166990,90.228,65320000,3039631,Y,-3.0,3.0,190
R26BK01706534,2026-09-07,경상북도,2026년도 간선임도사업(성주 선남 문방~문방),(주)태광임업,5068154454,최차순,200354000,90.516,218611000,11888523,Y,-3.0,3.0,64
R26BK01706657,2026-09-07,충청북도 음성군,바위안(능산2리) 마을만들기사업 마을사랑채 신축공사(건축)(입찰대행),주식회사 세움종합건설,2678102328,김연실,357560500,90.224,395000000,16250131,Y,-3.0,3.0,32
R26BK01706318,2026-09-07,강원특별자치도 도로관리사업소,지방도494호선 한서교 유지보수공사,주식회사 세진,6138112524,전영수,59738600,90.895,65760000,7357926,Y,-3.0,3.0,650
R26BK01704739,2026-09-07,전남광주통합특별시 신안군,고이분교 복합 문화센터 리모델링공사,신우건설 주식회사,4098156113,박광인,605207000,90.284,665200000,34961441,Y,-3.0,3.0,862
R26BK01706775,2026-09-07,법무부 대구지방교정청 경북북부제1교도소,경북북부제1교도소 작업1팀 공장동 내부 환경개선공사(소방전기),도담엔지니어링,5131864204,서철식,44530158,90.302,49122920,2647417,Y,-2.0,2.0,297
R26BK01700843,2026-09-07,강원특별자치도 원주시,우산일반산업단지 활력있고 아름다운거리 조성 플러스사업,주식회사 지오나인,1918800696,고성철,775474593,90.494,869051000,62498239,Y,-3.0,3.0,739
R26BK01706723,2026-09-07,충청북도 영동군,2026년 귀농귀촌 희망둥지 만들기 사업(건축)[민간입찰대행],새롬건설(주),3118114529,박헌용,61025000,90.422,67930000,3123973,Y,-3.0,3.0,5
R26BK01706669,2026-09-07,충청북도 음성군,바위안(능산2리) 마을만들기사업 마을사랑채 신축공사(전기)(입찰대행),주식회사 다국이씨에스,6568601558,김영자,31558000,90.334,34940000,1913211,Y,-3.0,3.0,54
R26BK01716393,2026-09-07,한국농어촌공사 전남지역본부 장성지사,삼서지구 우치배수로 법면 보수공사,남부토건(주),4098149626,강현민,8000000,91.954,,,,,,1
R26BK01708579,2026-09-07,중앙아스콘(주),중앙아스콘(주)-노인친화기업 보조금사업 사업장 노인친화환경 조성공사,(주)더이음,1028145734,한기명,65152166,90.344,72050000,4073730,Y,-2.0,2.0,76
R26BK01706460,2026-09-07,강원특별자치도 도로관리사업소,국도19호선 옥동지구 포장도 보수공사,주식회사 성지건설,8848600853,정문희,75608818,90.928,83127000,9595663,Y,-3.0,3.0,385
R26BK01702801,2026-09-07,한국원자력연구원,ARA연구로 콘크리트시험실 및 철근인장시험실 전기공사,주식회사 예원전력,3138800603,신아름,86592456,90.41,95511000,6212889,Y,-2.0,2.0,1343
R26BK01702102,2026-09-04,강원특별자치도 화천군,2026년 농어촌도로 사내 201호선 도로유지 보수사업 (광덕리 산62-2번지 일원 외 1개소),산수산업 주식회사,5158801950,김영진,99154000,90.695,109144000,9537701,Y,-3.0,3.0,18
R26BK01707671,2026-09-07,경상북도 성주군,2026년 조림지 풀베기사업(2차)(기번5),(주)청야,3338103570,변주식,85943145,89.891,95084000,1071721,Y,-3.0,3.0,8
R26BK01715688,2026-09-07,한국지역난방공사 삼송지사,삼송지사 고철 처리장 설치 공사,번성산업개발(주),2828802909,이화분,18315000,89.666,,,,,,1
R26BK01706197,2026-09-07,인천광역시 영종구,2026년도 국공립어린이집(A9) 리모델링 공사,경덕 주식회사,1318666902,강덕용,77599750,89.987,86328000,1934673,Y,-3.0,3.0,294
R26BK01704237,2026-09-07,충청남도 홍성군,문당소하천 재해예방사업,주식회사 비에이치건설,2698101970,최재필,142724688,90.356,158260000,8923530,Y,-3.0,3.0,67
R26BK01706712,2026-09-07,충청북도 영동군,2026년 생태계교란종(가시박) 퇴치사업,주식회사 영지,5418801570,정의석,30098557,89.957,34000000,385260,Y,-3.0,3.0,28
R26BK01705272,2026-09-07,(재)대한불교조계종유지재단 은해사포근한집,재단법인 대한불교조계종유지재단 은해사 포근한집 요양원 개·보수공사(전기) 수의계약 안내공고,주식회사 일흥건설,7408103671,한지오,46000000,96.506,47620000,,N,-3.0,3.0,2
R26BK01704686,2026-09-07,전남광주통합특별시 신안군,하의 웅곡항 자연재해위험개선지구 정비사업,주식회사 나일건설,4098154696,최현석,649602000,90.103,716334000,25092864,Y,-3.0,3.0,906
R26BK01716559,2026-09-07,한국농어촌공사 경남지역본부 진주.산청지사,사봉(사곡)지구 시비개보수사업 토목공사,주식회사 삼안,7708102799,오미선,49250000,91.254,,,,,,1
R26BK01713904,2026-09-07,한국농어촌공사 경남지역본부 울산지사,신흥지구 취약지역 새활여건 개조사업 통신공사,대경정보통신기술,7252401012,염경옥,12300000,88.396,,,,,,1
R26BK01707280,2026-09-07,서울특별시 은평구,공중화장실(연서어린이공원) 리모델링 시행,(주)구인엔지니어링,2048140001,정민준,152269000,90.028,170440819,4216823,Y,-3.0,3.0,40
R26BK01707140,2026-09-07,충청남도 태안군,유득개 소하천 복구공사,대영산업 주식회사,3108121032,문순화,33372270,90.177,37261000,1493538,Y,-3.0,3.0,75
R26BK01703633,2026-09-07,강원특별자치도 화천군,2026년 국가하천 하반기 예초 및 잡목제거공사(하리~원천리 일원),주식회사투투조경,5788802095,이선미,28981676,90.397,32473000,570632,Y,-3.0,3.0,9
R26BK01708903,2026-09-07,전남광주통합특별시 순천시,"2026년 은행나무 열매 조기채취 사업(2권역, 이수로 등 4개소)",주식회사 인우개발,4928701965,정인웅,33435565,89.865,36978000,392536,Y,-3.0,3.0,113
R26BK01716526,2026-09-07,한국농어촌공사 경남지역본부 김해.양산.부산지사,한해대책 대석저수지 임시펌프 및 송수호스 철거공사,주식회사 국보,6158121238,주용석,13000000,90.027,,,,,,1
R26BK01708581,2026-09-07,서울특별시교육청 서울특별시서부교육지원청,[긴급]아현중 수영장 전면보수 전기공사,백송종합전력,6951300093,박경상,324627800,90.568,365685000,25132786,Y,-3.0,3.0,1532
R26BK01716674,2026-09-07,한국농어촌공사 경북지역본부 의성.군위지사,양서양수장 외 5개소 전기보수공사,주식회사 삼성기전,5048600170,임무종,19500000,,,,,,,1
R26BK01703671,2026-09-07,경기도 김포시,김포시추모공원 관리사무소 신축(건축공사),(유)광산토건,4188100307,김희진,826253659,90.28,911158000,47719260,Y,-3.0,3.0,1408
R26BK01708809,2026-09-07,국토교통부 익산지방국토관리청 광주국토관리사무소,국도1호선 장성 호남제2터널 조명시설 보수공사,(유)동화전력,4168131750,김종현,278030085,90.302,305800000,16741295,Y,-2.0,2.0,1933
R26BK01704985,2026-09-07,전북특별자치도 남원시,2026년 안전속도 5030 교통표지판 정비 단가공사(3차),주식회사 제이엠조형산업,7558603343,김재이,22602353,90.478,25000000,1736342,Y,-3.0,3.0,53
R26BK01701665,2026-09-07,경기도 포천시,포천시 도로유지관리사무소 신축공사,(주)인터피아,1268153074,KANG MAL AE,508036720,90.216,558343000,25576966,Y,-3.0,3.0,1409
R26BK01706649,2026-09-07,국립창원대학교 남해캠퍼스,경남항공교육원(항공정비실습동) 태양광발전시설설치사업_전기,부광전력 주식회사,6438101260,김영순,22123048,90.137,24798000,933690,Y,-2.0,2.0,1273
R26BK01708342,2026-09-07,충청남도 부여군,2026년 부여군 2차 슬레이트 해체공사,(주)한결건설,3088139558,이광재,59771000,90.394,66159000,3809943,Y,-3.0,3.0,12
R26BK01690726,2026-09-07,(주)한창제지,2026 한창제지 양산공장 태양광발전설비(구조물공사),주식회사 부영물산,1358644496,노덕현,166962000,90.618,184800000,11756947,Y,-2.0,2.0,35
R26BK01708940,2026-09-07,전남광주통합특별시 순천시,2026년 임도변 풀베기 유지관리사업(2권역),주식회사수성원,4168183700,박경인,21093480,89.922,23347000,272136,Y,-3.0,3.0,19
R26BK01705685,2026-09-07,전북특별자치도 남원시,운봉 동편제마을 주변 배수관로 매설공사,유한회사 건우건설,4038167174,주상규,172127000,90.324,189651000,10668955,Y,-3.0,3.0,31
R26BK01706869,2026-09-07,경기도 시흥시,안현육교 등 4개소 보수공사,(주)복문철강공업,1138179059,최용헌,152503100,90.881,168000000,11487846,Y,-3.0,3.0,4
R26BK01707198,2026-09-07,충청남도 태안군,도황1리 배수로 정비공사,해송종합건설(주),3168102881,이효정,67810500,90.217,75454000,3389675,Y,-3.0,3.0,74
R26BK01703916,2026-09-07,태양의집직업재활원,태양의집 환경개선 공사(개보수) 입찰 공고,(주)정욱디자인,8818702427,최동욱,21970040,89.872,24200000,,N,-3.0,3.0,83
R26BK01704490,2026-09-07,전남광주통합특별시 해남군,송지 송정 개거 설치공사,마루건설산업주식회사,4108672632,정민정,21645000,90.179,24270000,999703,Y,-3.0,3.0,216
R26BK01708798,2026-09-07,국토교통부 익산지방국토관리청 광주국토관리사무소,국도1호선 나주 평산검문소 등 2개소 시설물 정비공사,태강건설 주식회사,4128121207,서상인,392739999,90.124,436000000,16009730,Y,-2.0,2.0,500
R26BK01703846,2026-09-07,국립항공박물관,2026년 국립항공박물관 항공도서관 개편 공사(전기),주식회사 노하우전기통신,1058649262,양창화,53084764,90.419,58530000,3850938,Y,-2.0,2.0,1530
R26BK01707582,2026-09-07,강원특별자치도 철원군 상하수도사업소,2026년 하반기 상수도 맨홀 유지보수공사(단가계약),여명토건 합자회사,1278178893,안명근,46394270,90.369,51730000,2560643,Y,-3.0,3.0,23
R26BK01708533,2026-09-07,경상북도 안동시,관목 전정공사(중앙분리대 및 교통섬),주식회사 지형,8708700851,홍주표,22825594,89.892,25230000,291449,Y,-3.0,3.0,92
R26BK01696089,2026-09-07,충청남도 청양군,청양군 기존 소각시설 해체공사,주식회사 현우산업개발,1108178143,김지영,203008800,90.23,226688000,10604016,Y,-3.0,3.0,172
R26BK01703895,2026-09-07,전북특별자치도 정읍시,정읍스포츠타운조성통신공사,유한회사 다복,4188107810,안경춘,217440860,90.299,241982000,12680374,Y,-3.0,3.0,385
R26BK01707982,2026-09-07,한국지역난방공사,미래개발원 숙소동 실내환경개선 공사,리더스개발 주식회사,1428105730,김종기,46379920,89.962,51474500,1085575,Y,-2.0,2.0,1133
R26BK01706850,2026-09-07,순천시산림조합,2026년 조림지 2차 덩굴제거사업 별량지구,(주) 만평,4168191670,임상호,33251500,89.876,37319000,419856,Y,-3.0,3.0,19
R26BK01704145,2026-09-07,경상북도,국지도69호선 가사 N13지구 급경사지정비공사,주식회사 대정건설,1338801476,김정옥,146349600,90.339,162400000,9390169,Y,-3.0,3.0,1240
R26BK01708952,2026-09-07,전남광주통합특별시 순천시,2026년 임도변 풀베기 유지관리사업(4권역),주식회사 인우개발,4928701965,정인웅,20674076,89.995,23276000,271515,Y,-3.0,3.0,19
R26BK01708784,2026-09-07,국토교통부 익산지방국토관리청 광주국토관리사무소,국도24호선 장성 제2황룡교 등 4개소 교량보수공사,태원종합건설 주식회사,2218114416,안세웅,312148431,90.247,346400000,16924521,Y,-2.0,2.0,494
R26BK01687768,2026-09-07,경상북도,청정도로 선형개량공사,주식회사서진산업개발,6088132867,김학태,1177934000,89.498,1315400000,88042260,Y,-3.0,3.0,835
R26BK01706325,2026-09-07,(재)대한불교조계종유지재단 은해사포근한집,재단법인 대한불교조계종유지재단 은해사 포근한집 요양원 개·보수공사(정보통신) 수의계약 안내공고,큰나무 주식회사,6258800597,최일흠,14300000,,,,,,,1
R26BK01706888,2026-09-07,충청북도 단양군,매포도서관 스터디카페 조성공사,(주)은창건설,3048109197,이점순,194518830,90.426,215600000,8779927,Y,-3.0,3.0,12
R26BK01698842,2026-09-07,해양수산부 여수지방해양수산청,광양항 3단계 투기장(1구역) 항만재개발사업 연결도로 전기공사,(주)세명전력,5738800447,민영웅,154158140,90.239,171391000,8240177,Y,-2.0,2.0,1993
R26BK01701757,2026-09-04,(주)엔이티,감축설비-1차-11- 엔이티(청주공장)-폐에너지 회수 이용 설비(스팀터빈발전기) - 전기공사,정우종합건설 주식회사,1278149044,김민지,54489708,90.112,60390000,2002578,Y,-2.0,2.0,194
R26BK01708517,2026-09-07,충청남도 논산시,탑정호 안전환경 조성(무장애 나눔데크)공사,주식회사 한백건설,8748703205,윤재인,75075700,90.451,82342000,5122467,Y,-3.0,3.0,31
R26BK01704587,2026-09-07,충청남도교육청 충청남도홍성교육지원청,홍남초등학교 급식실 외벽수선공사,순양산업 주식회사,3058132240,이완복,97458484,90.471,108054000,5812449,Y,-3.0,3.0,20
R26BK01708782,2026-09-07,경상남도 진주시,대길교 외 1개교 보수공사,주식회사 제일건설,6918100111,이대영,103815061,91.262,112500000,16331607,Y,-3.0,3.0,82
R26BK01688799,2026-09-07,경상북도,지방도935호 안동 구송도로 위험도로 개량공사,신우종합건설(주),5068136761,유영준,1507459690,89.348,1690020000,90360017,Y,-3.0,3.0,725
R26BK01703194,2026-09-07,한국농어촌공사 경남지역본부 김해.양산.부산지사,상북면 기초생활거점조성사업 통신공사,주식회사 부경넷,6808602623,김맹원,59718900,90.465,66110000,3852445,Y,-2.0,2.0,36
R26BK01708227,2026-09-07,경기도 구리시,소액공사 수의계약 견적서 제출 안내 공고(2026년 구리시 주요간선도로 차선도색 공사),주식회사 맥도,6508801777,유진희,27212700,90.422,30147000,1609834,Y,-3.0,3.0,6
R26BK01708257,2026-09-07,강원특별자치도 횡성군,우천면 우항경로당 그린리모델링 건축공사,주식회사 리예,5988603565,이예지,105104914,90.966,114287000,5746219,Y,-3.0,3.0,16
R26BK01702772,2026-09-07,근로복지공단본부,수안들어린이집 그린리모델링공사(건축·기계),광진건설 주식회사,3158132188,천임기,563461800,90.232,623648000,29569925,Y,-2.0,2.0,507
R26BK01693080,2026-09-07,서울특별시교육청 서울특별시성동광진교육지원청,(구)덕수고(행당분교) 테니스장 조성 공사,대평토건,2150228512,박근호,162089420,90.003,180950000,4538453,Y,-3.0,3.0,465
R26BK01701994,2026-09-04,강원특별자치도 화천군,2026년 소규모 주민숙원사업(신읍리 658-15번지 일원) 콘크리트 포장공사,(합자)수정건설,2218113057,유재열,26224300,90.39,29370000,1291186,Y,-3.0,3.0,37
R26BK01691138,2026-09-07,(주)한창제지,2026 한창제지 양산공장 태양광발전설비 (전기공사),주식회사 명성전기,6108616322,곽옥연,293090260,90.164,324500000,13263087,Y,-2.0,2.0,109
R26BK01702521,2026-09-04,경기도 가평군,이천보고가 관람환경 조성공사(건축),선혜종합건설 주식회사,2268130070,이승준,65710000,90.761,73501040,4665554,Y,-3.0,3.0,17
R26BK01713427,2026-09-04,한국농어촌공사 전남지역본부 보성지사,보성 스마트팜 온실신축사업 전기인입공사,광성전력 주식회사,4168145327,장국도,12000000,99.8,,,,,,1
R26BK01713384,2026-09-04,(주)삼호엔지니어링,2026년 산업계 에너지관리시스템 보급 지원사업_(주)삼호엔지니어링_계측·제어인프라,주식회사 민애이엔지,3828102461,정연호,72268900,100.0,,,,,,2
R26BK01706697,2026-09-07,인천시설공단,2026년 문점교 외 2개소 균열 보수공사,세림건설 주식회사,1218120151,남기웅,129394510,91.638,142835000,25268405,Y,-3.0,3.0,108
R26BK01716835,2026-09-07,한국농어촌공사 충남지역본부 당진지사,2026년 산동양수장 외 기계설비 보수공사,(주)대아이앤씨,3118127591,김희경,33600000,94.043,,,,,,1
R26BK01708990,2026-09-07,인천광역시 옹진군,연평바다역 증축 및 리모델링 전기공사(계속비),주식회사 명전계전,1218630066,박진환,73286666,90.356,81784000,4748115,Y,-3.0,3.0,16
R26BK01703065,2026-09-04,독립기념관,관람동선 화장실 증축 및 리모델링 전기공사,유진전기 주식회사,4228800187,이봉기,63131460,90.351,69795000,4086626,Y,-2.0,2.0,228
R26BK01712822,2026-09-07,재단법인 한국동물용의약품평가연구원,동물용의약품 시제품생산지원센터 - LPG 공급 및 탱크설치 전문공사,유한회사 전주에너지,4028150286,임성훈,41510000,99.988,,,,,,1
R26BK01700438,2026-09-07,부산광역시교육청 세연고등학교,세연고등학교 공간재구조화(리모델링) 기계설비공사,경민설비건설(주),6068639592,이미영,537972183,90.623,606469000,29804831,Y,-3.0,3.0,302
R26BK01708195,2026-09-08,서울특별시교육청 예림디자인고등학교,예림디자인고 AI 융합형교실 구축 전기공사 소액수의 견적제출,주식회사 불꽃,2068119300,김재윤,46373360,89.934,51161000,952398,Y,-3.0,3.0,1515
R26BK01710852,2026-09-08,충청북도 보은군,덕동리 마을공동이용시설(운동기구 등) 설치사업,(주)삼주건설,1018193077,김복자,45318900,90.347,50900000,2650145,Y,-3.0,3.0,58
R26BK01708777,2026-09-08,충청남도교육청 충청남도공주교육지원청,충남교육청교육연수원 급수배관교체 및 기타 기계설비공사,아이케이건설 주식회사,7558700227,장익균,69602000,90.558,76308000,3996228,Y,-3.0,3.0,19
R26BK01707626,2026-09-08,경상북도 칠곡군,2026년 생활정원(실외) 조성사업 부대공사,마탑(주),3468803221,김갑성,44781143,90.1,49617000,1674534,Y,-3.0,3.0,21
R26BK01709850,2026-09-08,전북특별자치도 전주시,낙수정 새뜰마을 집수리 지원사업(2026년),주식회사 신화디자인,1438802074,이강현,129989300,90.28,142780000,7293653,Y,-3.0,3.0,146
R26BK01707364,2026-09-08,대전광역시,Y12블럭(유성대로 1707번길 일원) 노후관 개량공사,황소건설(주),3148149503,박건수,162279000,90.295,180263000,9628222,Y,-3.0,3.0,180
R26BK01703143,2026-09-08,한국철도공사 회계통합센터,★실적제한/고양차량기지 분기기개량에 따른 신호설비 철거설치공사,승아전기(주),1198107631,김태훈,388126491,90.287,431016567,22690914,Y,-2.0,2.0,231
R26BK01691092,2026-09-08,한국철도공사 회계통합센터,★직류전철실적보유★ 일산선 직류변전설비 부품단위 개량공사,주식회사 서울전기,3398600839,최영익,1356729265,89.644,1506230000,92116977,Y,-2.0,2.0,25
R26BK01708073,2026-09-08,전남대학교,예술대 1호관 등 9개동 샌드위치패널 교체공사,주식회사 우리종합건설,4128132403,장종택,185525100,90.249,206046000,10013302,Y,-2.0,2.0,1099
R26BK01709811,2026-09-08,전북특별자치도교육청 배영고등학교,배영고등학교 수변전시설개선 전기 공사,도가테크,4030622224,백선영,21964410,89.871,24354000,300977,Y,-3.0,3.0,1097
R26BK01709668,2026-09-08,전남광주통합특별시 보성군,보성읍 다함께 상생센터 전기공사,주식회사 우리전력,4948602487,천유승,168255400,90.455,185840000,12880449,Y,-3.0,3.0,1250
R26BK01709428,2026-09-08,산림청 서부지방산림청 영암국유림관리소,2026년 숲가꾸기(덩굴제거)사업(기번4),목포국유림영림단,4110563345,이승담,31300000,89.632,34817000,,Y,-2.0,2.0,2
R26BK01702570,2026-09-08,제주특별자치도개발공사,마음에온 건입2차 전기공사,주식회사 태성전력,6168621065,김수영,710997728,90.494,781935000,56965118,Y,-3.0,3.0,367
R26BK01705345,2026-09-08,경상남도교육청 경상남도진주교육지원청,정촌초등학교 본관동 옥상방수공사 수의계약 안내 공고,주식회사 유엔아이건설,8158102016,박정훈,79210900,90.296,87978000,4604667,Y,-3.0,3.0,50
R26BK01708901,2026-09-08,충청북도 증평군,2026년 덩굴제거사업(율리지구),주식회사 약산,6498601453,정길순,39413000,90.134,43493000,490011,Y,-3.0,3.0,17
R26BK01707188,2026-09-08,경북 예천군산림조합,2026년 덩굴제거사업(용문외지구),주식회사 태경,5128119243,이경희,48722900,91.034,53353000,604561,Y,-3.0,3.0,3
R26BK01708803,2026-09-08,경상북도 문경시,(입찰대행)영순보건지소 개보수공사,주식회사 규진산업,2858802572,이미화,118511970,90.609,131604000,6679029,Y,-3.0,3.0,13
R26BK01700614,2026-09-08,전북특별자치도 전주시,전미동 오수펌프장 개선공사,유한회사 정건설,4018117552,정영민,216395500,90.608,241070000,20090737,Y,-3.0,3.0,350
R26BK01703539,2026-09-08,강원특별자치도 원주시,소액수의 견적제출안내[귀래면 운남4리 법동 마을안길 정비공사],(주) 광림건설,2248153892,박향연,131982240,90.404,146985000,9384766,Y,-3.0,3.0,139
R26BK01666080,2026-09-08,조달청 인천지방조달청,서울도시철도7호선 청라국제도시 연장 006정거장 전기공사,합자회사 태성산업사,5048121485,유지연,8364223211,88.574,9252463000,515990322,Y,-3.0,3.0,388
R26BK01706413,2026-09-08,경상북도 영천시,금호 관정2리 농로개설공사,(주)지오디앤씨,7398602527,백종화,57797299,90.347,63500000,3707072,Y,-3.0,3.0,92
R26BK01708559,2026-09-08,인천광역시 상수도사업본부,2026년 2단계 응집지 응집기 오버홀 공사,삼진공영 주식회사,1318114544,한상경,28425700,89.947,31339000,582725,Y,-3.0,3.0,134
R26BK01707231,2026-09-08,강원특별자치도 춘천시 농업기술센터,2026년 임도유지관리(보수)사업(2권역),춘천시산림조합,2218200622,임동일,77080000,90.212,85319000,3789264,Y,-3.0,3.0,6
R26BK01709818,2026-09-08,충청남도 부여군,2026년 지자체도시숲(옥산면 가로수) 조성사업,영도건설 주식회사,5568801096,강규백,100525840,90.204,110483000,3755340,Y,-3.0,3.0,31
R26BK01709987,2026-09-08,경기도 김포시,2026년 김포 덕포진 이엉잇기 공사,주식회사 현영종합건설,3148157250,김호준,64184000,90.101,71504000,2456414,Y,-3.0,3.0,21
R26BK01707082,2026-09-08,국토교통부 서울지방국토관리청 수원국토관리사무소,2026년도 관내 국도42호선 차선도색 정비공사,주식회사 에스씨건설,1218164673,김정순,355353166,90.2,390192000,16538156,Y,-2.0,2.0,497
R26BK01704764,2026-09-08,환경에너지솔루션 주식회사,과천시자원정화센터 대형파쇄기 보수공사,주식회사 현성냉열,1328625336,한성호,59871970,89.959,66000000,1377343,Y,-3.0,3.0,546
R26BK01706223,2026-09-08,인천광역시교육청 재능고등학교,재능고 다목적강당 증축 정보통신공사(계속비),서부네트웍스(주),1378168164,최진호,56362187,90.314,62037000,3384279,Y,-3.0,3.0,489
R26BK01709340,2026-09-08,서울대학교,서울대학교 건축시설물 유지보수공사(2026년 연간단가 3차),(주) 다보산업관리,1138183140,정채열,99074890,90.38,110000000,6724906,Y,-2.0,2.0,546
R26BK01709822,2026-09-08,전남광주통합특별시교육청 전남광주통합특별시광양교육지원청,골약초 골프장 조성 전기공사,주식회사 포스코지와이에스테크,1468103113,정우영,39335200,90.259,43715000,2154112,Y,-3.0,3.0,128
R26BK01704385,2026-09-08,경기도 안산시,성포광장 일원 교통환경 개선사업(2구간),삼일이앤씨 주식회사,1358110424,이경백,302278092,90.295,338873020,17391074,Y,-3.0,3.0,864
R26BK01706521,2026-09-08,경기도교육청 경기도안산교육지원청,안산중앙초 교사동 옥상방수공사,주식회사 서한산업,6948702124,이정선,254755010,90.312,286640000,15402636,Y,-3.0,3.0,623
R26BK01710904,2026-09-08,경상남도 양산시,2026년 임도 풀베기사업(웅상지구),주식회사 일오삼,2578103669,노수정,21794500,90.08,24085000,265128,Y,-3.0,3.0,14
R26BK01711173,2026-09-08,전북특별자치도 장수군,누리파크 요리체험장 리모델링  (전기)공사 수의계약 안내공고,주식회사도성이엔씨,8688601471,이춘구,42946020,90.315,47645000,2522050,Y,-3.0,3.0,18
R26BK01707121,2026-09-08,경북 예천군산림조합,2026년 덩굴제거사업(보문외지구),주식회사 태경,5128119243,이경희,48891700,90.06,53748000,607647,Y,-3.0,3.0,3
R26BK01709708,2026-09-08,전남광주통합특별시 보성군,보성읍 다함께 상생센터 소방공사,동도전력 주식회사,4138100603,김동민,50378000,90.912,54908000,3102136,Y,-3.0,3.0,6
R26BK01706867,2026-09-08,전남광주통합특별시 목포시,외달도 커뮤니티센터 신축공사(전기),(유)은혜전기,4118116069,강석원,38820380,90.292,43203000,2219012,Y,-3.0,3.0,107
R26BK01708906,2026-09-08,전북특별자치도 전주시,전주 경기전 외·내신문 보수공사,주식회사 토울,4028197146,이범관,29066000,90.738,32021000,730953,Y,-3.0,3.0,2
R26BK01710725,2026-09-08,한국철도공사 회계통합센터,경부선 노량진역 등 4개소 옥상사다리 개량공사,주식회사 성호실업,3978103685,이은심,52829840,89.907,58399000,905198,Y,-2.0,2.0,863
R26BK01706906,2026-09-08,경기도 안산시,호수공원 무궁화동산 및 주변정비공사,미래조경(주),1348158274,김동수,34193460,90.095,37953000,910147,Y,-3.0,3.0,77
R26BK01708166,2026-09-08,서울특별시 마포구,염리동주민센터 이전 환경개선 인테리어 공사(소방),경창계전 주식회사,2208100563,이성욱,85786690,90.3,94506000,5112227,Y,-3.0,3.0,590
R26BK01709723,2026-09-08,경상북도 고령군,고령군 청년커뮤니티센터 리모델링 통신공사,주식회사 대광,7888602631,곽대섭,42377220,90.347,46623000,2512977,Y,-3.0,3.0,13
R26BK01710171,2026-09-08,전남광주통합특별시교육청 광주청사,광주고 체육관 전면보수 전기공사 수의계약 안내공고,(주)태양전기,4098177855,서수열,157127640,90.405,175362000,11152592,Y,-3.0,3.0,618
R26BK01709399,2026-09-08,경상남도 양산시,양산 위천 봉수 유적 수목정비공사,금명종합건설 주식회사,3038126946,박수동,98400000,90.791,107629000,4558510,Y,-3.0,3.0,7
R26BK01705597,2026-09-08,법무부 서울소년분류심사원,서울소년분류심사원 생활관 개보수 건축 공사,삼호종합건설 주식회사,6098130858,진만수,461841987,90.322,506928000,28279397,Y,-2.0,2.0,1242
R26BK01710261,2026-09-08,전남광주통합특별시교육청 광주청사,광주고 체육관 전면보수 소방공사 수의계약 안내공고,주식회사 대명기전,4098618375,박태주,45454938,90.328,50424000,2756651,Y,-3.0,3.0,184
R26BK01706044,2026-09-08,서울특별시 강남구,걷고싶은 거리 조성사업 공사(도산대로),정상개발주식회사,1058736589,정동우,1310112300,90.015,1458687000,163467935,Y,-3.0,3.0,347
R26BK01702101,2026-09-02,주식회사 케이에스티,2026년 산업계 에너지관리시스템 보급 지원사업_계측·제어인프라 구축 공사_(주)KST,주식회사 엔에스솔루션,6538601020,천정희,77000000,100.0,,,,,,2
R26BK01704588,2026-09-04,경기도 시흥시,신천복개구조물 외 1개소 신축이음 교체공사,엔에스개발 주식회사,6128132416,설윤호,77392600,90.742,85136100,8051339,Y,-3.0,3.0,12
R26BK01710382,2026-09-08,경상북도 경산시,2026년 정책 숲가꾸기사업,경산시산림조합,5158200075,석상호,66903000,90.46,74457000,4375183,Y,-3.0,3.0,2
R26BK01710059,2026-09-08,경기도교육청 경기도성남교육지원청,상원여중 외 14교 하반기 수목 전정 공사,주식회사 수피아,2628700119,정은,45081210,90.046,49400000,753706,Y,-3.0,3.0,101
R26BK01708969,2026-09-08,부산광역시교육청,부산광역시립사하도서관 외부환경개선공사,주식회사 신영티엔지,5118109645,최원형,58236000,90.151,64940000,2548720,Y,-3.0,3.0,308
R26BK01707078,2026-09-08,경북 예천군산림조합,2026년 덩굴제거사업(감천외지구),주식회사 금림,8778602421,김동수,46899000,90.12,52160000,587824,Y,-3.0,3.0,3
R26BK01710560,2026-09-08,강원특별자치도 고성군,간성도시지역(하리) 주차장 조성공사,주식회사대덕건설,2278106821,윤광희,60580900,90.454,67318000,3625270,Y,-3.0,3.0,26
R26BK01664599,2026-09-08,조달청 인천지방조달청,서울도시철도7호선 청라국제도시 연장 001정거장 전기공사,(주)경일전공,1258180919,정요진,6465920110,88.221,7386489000,424279432,Y,-3.0,3.0,418
R26BK01695306,2026-09-08,부산과학기술대학교,부산과학기술대학교 학생복지센터 냉난방용 전력간선 공사를 위한 입찰 공고,合資會社 技電社,6078106008,성환규,178819395,90.049,199177000,5283916,Y,-2.0,2.0,50
R26BK01703832,2026-09-08,전남광주통합특별시 강진군,강진군 서성지구 농촌공간 정비사업(2공구) 철거공사,유한회사 강산기초,8398600945,박상영,23125420,90.243,25575000,1134275,Y,-3.0,3.0,9
R26BK01708512,2026-09-08,전남광주통합특별시교육청 전남광주통합특별시곡성교육지원청,구-겸면초마삼분교장 외 1교(‘구‘도상초) 석면해체 제거공사,주식회사 남호토건,4088129118,조창현,52931600,90.351,59285000,3426591,Y,-3.0,3.0,3
R26BK01711119,2026-09-08,전남광주통합특별시 나주시,나주시 그라운드 골프장 조성공사,주식회사 쌍우건설,4128131699,나이철,191770880,90.251,212660000,10446370,Y,-3.0,3.0,34
R26BK01709013,2026-09-08,서울특별시 용산구,(긴급)2026년 관내 빗물펌프장 및 수문 보수·보강공사,진원피앤씨(주),1148146546,엄재열,282309740,90.303,312600000,16873422,Y,-3.0,3.0,377
R26BK01709649,2026-09-08,경상북도 고령군,고령군 청년커뮤니티센터 리모델링 전기공사,주식회사 한승전력,5148143225,오준용,55066125,90.554,60837000,3588576,Y,-3.0,3.0,32
R26BK01706900,2026-09-08,국토교통부 서울지방국토관리청 수원국토관리사무소,"2026년도 관내 국도3,17,37호선 차선도색 정비공사",주식회사 지건씨앤씨,6738702296,이재경,255536538,90.162,285659000,11523672,Y,-2.0,2.0,510
R26BK01709968,2026-09-08,충청남도 서산시,2026년 서산시 마을주민 보호구간 조성사업,(주) 세진건설,3168104332,이홍영,47339320,90.598,51998000,4297150,Y,-3.0,3.0,51
R26BK01703601,2026-09-08,제주특별자치도개발공사,마음에온 서귀1차 정보통신공사,주식회사 대은계전,6168157632,고휴환,235714900,90.438,261234000,17528040,Y,-3.0,3.0,162
R26BK01710106,2026-09-08,한국농어촌공사 전남지역본부 영광지사,2026년 영광백수지구 친환경에너지보급사업 기계설비공사,지오이앤에프 주식회사,4088160502,서철,294851890,89.865,330277000,3638536,Y,-2.0,2.0,463
R26BK01710664,2026-09-08,경상북도 성주군,국가하천(낙동강)기성제 정비공사(1지구),주식회사 성진건설,5278703686,노진훈,26067447,90.029,29110000,515823,Y,-3.0,3.0,19
R26BK01702579,2026-09-08,경기도교육청 경기도구리남양주교육지원청,(가칭)진접1중 신축 통신공사,(주)동양시스컴,6178176364,정형보,630937433,90.407,688880000,44380600,Y,-3.0,3.0,1908
R26BK01705555,2026-09-08,질병관리청,"[공사,172번][자체,적격,운영]질병관리청 1동 대회의실 리모델링 공사",주식회사 신개념,3398802092,장진욱,55452716,90.207,61502240,2740553,Y,-2.0,2.0,233
R26BK01706828,2026-09-08,경상북도교육청 오천고등학교,오천고 다목적강당 급식소 냉난방 개선 공사,디에스텍,5061089079,박효일,64040120,90.034,70950000,1935767,Y,-3.0,3.0,95
R26BK01707598,2026-09-08,서울특별시 마포구,염리동주민센터 이전 환경개선 인테리어 공사(전기),중앙하이텔 주식회사,1108131416,윤석래,198191220,90.448,218843000,14944029,Y,-3.0,3.0,1617
R26BK01690485,2026-09-08,경상남도 사천시,사천 산림레포츠시설(트리탑로드) 조성사업,주식회사 한반도건설,6138104489,유은종,3274845000,89.331,3649265000,166466182,Y,-3.0,3.0,19
R26BK01709753,2026-09-08,충청남도 서산시,도성3리 경로당(마을회관) 신축공사,(주)제이엠테크,3108113323,박성연,339396000,90.291,375280000,17671354,Y,-3.0,3.0,39
R26BK01703922,2026-09-08,경기도교육청 경기도구리남양주교육지원청,(가칭)진접1초 외 1교(진접2유) 신축 전기공사,하안전기,2830301584,원행연,2934378967,89.449,3326400000,205243059,Y,-3.0,3.0,2868
R26BK01710804,2026-09-08,충청북도 보은군,수문1리 마을안길 정비공사,한양건설(주),3028114850,김영춘,35164368,90.648,38347000,2411811,Y,-3.0,3.0,34
R26BK01710703,2026-09-08,경상북도 성주군,국가하천(낙동강)기성제 정비공사(3지구),주식회사 화림건설,8708103292,이정규,22196580,89.939,24750000,443305,Y,-3.0,3.0,19
R26BK01710147,2026-09-08,전북특별자치도 완주군,2026년 하반기 지방하천 예초 및 유수지장목제거 단가계약,주식회사 송산조경개발,6708802708,홍지영,6522650,90.292,7211900,270123,Y,-3.0,3.0,32
R26BK01692941,2026-09-08,인천광역시 경제자유구역청,청라의료복합타운 및 스타필드청라 오수관로 신설공사,(주)한국엔지니어링,1328175054,구은정,2262921646,89.422,2525945000,151673955,Y,-3.0,3.0,118
R26BK01707454,2026-09-08,경북대학교,경북대학교 의과대학 해부학실습실 환경개선공사,주식회사 이수종합건설,5148167362,김현기,298359560,90.328,332596000,18644965,Y,-2.0,2.0,424
R26BK01702479,2026-09-08,서울특별시교육청 한국삼육고등학교,"한국삼육중·고 체육관, 급식실 및 특별교실 증축 통신공사",주식회사 융창,1068681756,이재진,141783700,90.441,156994000,10627347,Y,-3.0,3.0,1233
R26BK01695269,2026-09-08,조달청 경남지방조달청,양천(2공구)재해복구사업,서한건설 주식회사,7358702255,허강일,9415105000,88.526,10526615000,872108291,Y,-3.0,3.0,103
R26BK01708285,2026-09-08,서울특별시 마포구,염리동주민센터 이전 환경개선 인테리어 공사(정보통신),(주)오경컴텍,1018178116,김종근,161907382,90.42,180780000,11698780,Y,-3.0,3.0,1114
R26BK01709246,2026-09-08,경상북도 청송군 보건의료원,농어촌의료서비스개선사업 시설공사(월정보건진료소 개보수) 견적제출 안내공고,태원건설(주),5088112862,윤종구,49380140,90.346,54789650,2286559,Y,-3.0,3.0,7
R26BK01707672,2026-09-08,경상북도 영덕군,군도24호선(영덕읍 매정리) 사면 정비공사 견적제출 안내공고,삼성이엔씨 주식회사,6208152198,김대헌,32262102,90.356,35880000,1790371,Y,-3.0,3.0,23
R26BK01708466,2026-09-08,국토교통부 서울지방국토관리청 의정부국토관리사무소,2026년 관내 제2권역 시설물 정비공사,주식회사 에치이시스템,1198687116,유상철,296162571,90.478,326500000,23228088,Y,-2.0,2.0,630
R26BK01704251,2026-09-08,충청북도 옥천군 농업기술센터,와정리 마을만들기사업 안전데크길 조성공사,대안건설(주),4088171955,김진광,132638330,90.832,145760000,9303021,Y,-3.0,3.0,12
R26BK01707631,2026-09-08,전남광주통합특별시 여수시 농업기술센터,[민간입찰대행] 2026년 여수시 맞춤형 미래 스마트팜 조성사업 공사,주식회사 명진기업,2338110427,오성규,180604430,90.184,200000000,8507825,Y,-3.0,3.0,535
R26BK01710614,2026-09-08,세종특별자치시 상하수도사업소,연서면 고복리 하수관로 정비 공사,주식회사 신우건설,1258133395,서경욱,1814252000,90.305,2040420000,168896537,Y,-3.0,3.0,32
R26BK01711211,2026-09-08,주식회사 쁘띠프랑스,쁘띠프랑스 열린관광지 조성 공사(전기) 견적제출 안내 공고,주식회사 대호이엔씨,1278634828,공아영,37893118,90.432,42130000,2301694,Y,-3.0,3.0,30
R26BK01708984,2026-09-08,경북 영주시산림조합,2026년 덩굴제거사업  (남부지구),주식회사 윤성,5128118017,이태열,72926500,90.49,79728000,977388,Y,-3.0,3.0,5
R26BK01707039,2026-09-08,국토교통부 서울지방국토관리청 수원국토관리사무소,2026년도 관내 국도39호선 차선도색 정비공사,(주)경암이앤씨,1428120750,이동철,571215200,90.175,633358000,26462276,Y,-2.0,2.0,471
R26BK01710068,2026-09-08,경상북도 성주군,성주 예산2(교촌)간이배수펌프장 설치공사,일성토건 주식회사,5108102896,이주현,140254700,90.531,154200000,11202539,Y,-3.0,3.0,52
R26BK01708468,2026-09-08,전남광주통합특별시교육청 전남광주통합특별시곡성교육지원청,‘구’겸면초 마삼분교장 천장 보수공사,주식회사케이엘건설,3078133546,이향미,43543000,90.137,48367000,1699217,Y,-3.0,3.0,10
R26BK01708993,2026-09-08,경북 영주시산림조합,2026년 덩굴제거사업  (북부지구),주식회사 두전임업,3698104132,권준희,80569000,90.216,89650000,1100914,Y,-3.0,3.0,5
R26BK01710092,2026-09-08,전남광주통합특별시교육청 광주청사,광주고 체육관 전면보수 기계설비공사 수의계약 안내공고,우주건설(주),4088614022,신암철,157457589,90.153,174867000,6934461,Y,-3.0,3.0,238
R26BK01709445,2026-09-08,제주특별자치도 서귀포시,2026년 하반기 도로시설물 유지보수 공량단가 공사,보은건설 주식회사,2398801871,강보은,178258560,90.08,196470000,6404802,Y,-3.0,3.0,156
R26BK01708154,2026-09-08,경상북도 울릉군,안전한 통학로 조성사업,상우산업(주),5068132130,이석태,64135000,91.441,70270000,5262909,Y,-3.0,3.0,3
R26BK01710466,2026-09-08,목포대학교,생활과학관 공동전산실 및 스마트회의실 PBL조성 전기공사,(주)강산전력,4118148009,곽광남,51415910,89.942,56890000,1057256,Y,-2.0,2.0,178
R26BK01709835,2026-09-08,경상북도 영주시,가흥2동 도화지구 취약지역생활여건개조사업 빈집 및 재래식화장실 철거공사,주식회사 무원산업,8828801151,박남규,30272388,90.446,33050000,1580089,Y,-3.0,3.0,10
R26BK01703862,2026-09-08,한국철도공사 회계통합센터,★실적제한및철도신호기술자보유★중앙선 고명역 전자연동장치 개량 기타공사,合資會社 技電社,6078106008,성환규,951630103,90.369,1046623000,61484348,Y,-2.0,2.0,156
R26BK01709215,2026-09-08,경기도 광명시,광명도서관 노후 화장실 시설 개선 공사,가스텍(주),1308168974,도기영,191165180,90.368,212267000,11626735,Y,-3.0,3.0,22
R26BK01710862,2026-09-08,경상남도 양산시,2026년 임도 풀베기사업(상하북지구),(주)푸른산임업,6218197392,진영혜,35734100,89.947,39503000,434843,Y,-3.0,3.0,14
R26BK01707646,2026-09-08,경상북도 칠곡군,기후대응숲 조성사업,(주)송림,5058146780,이주은,373013000,90.231,415567000,19613175,Y,-3.0,3.0,701
R26BK01707412,2026-09-08,울산광역시,두동면 봉계리 봉계시장 일원 배수관 부설공사,(주)극동엔지니어링,6108140657,서효숙,102586694,90.709,112420000,10349712,Y,-3.0,3.0,153
R26BK01708529,2026-09-08,한국보훈복지의료공단 대구보훈병원,[재공고] 대구보훈병원 노후 냉동기(왕복동) 교체 공사,나노이엔지 주식회사,5038125590,이재규,169530700,90.041,189317700,5274775,Y,-2.0,2.0,152
R26BK01709964,2026-09-08,전북특별자치도 전주시,삼천(효천교~우림교 일원) 재해예방 하도정비사업,(유)하나엔지니어링,4028131969,장현상,177112240,90.325,196005000,10850724,Y,-3.0,3.0,84
R26BK01706453,2026-09-08,경상북도 영주시,영주IC 교차로 회전교차로 설치공사,영동건설(주),5128102418,김복영,458344500,91.394,494560000,80474986,Y,-3.0,3.0,934
R26BK01698665,2026-09-08,경상북도교육청 포항제철공업고등학교,포항제철공업고등학교 웅지료 소방시설개선 전기공사,주식회사유림전기,5078108685,이유주,184551813,90.385,205634000,12638611,Y,-3.0,3.0,1308
R26BK01710052,2026-09-08,국토교통부 서울지방국토관리청 의정부국토관리사무소,국도3호선 민락1교(하) 등 포장 및 시설물 보수공사,주식회사 한결아스콘,4148800148,이해영,284579670,90.649,313700000,27645865,Y,-2.0,2.0,328
R26BK01704947,2026-09-08,한국농어촌공사 충남지역본부 서천지사,봉선저수지 물버들길 조성사업 조경공사,주식회사 더드림조경건설,3128661845,이대윤,562814663,90.521,626386000,46559786,Y,-2.0,2.0,194
R26BK01704295,2026-09-08,경상남도 사천시,자연휴양림 숲속의집 3지구 조성공사(건축+기계설비),에코시티 주식회사,4088181211,김석형,250505000,90.911,279455000,14095703,Y,-3.0,3.0,12
R26BK01709579,2026-09-08,전남광주통합특별시 보성군,보성읍 다함께 상생센터 통신공사,주식회사 모아,4098613235,김세화,74166939,90.905,82610000,4722066,Y,-3.0,3.0,11
R26BK01703380,2026-09-08,제주특별자치도개발공사,마음에온 동홍2차 정보통신공사,부원전기통신 주식회사,6168127986,강봉수,411426860,90.424,452220000,29214813,Y,-3.0,3.0,157
R26BK01708616,2026-09-08,과학기술정보통신부 우정사업본부 강원지방우정청,지방정부 공간 공동이용 미로우체국 조성 건축공사,대아건설 주식회사,6178801858,김정동,44726160,89.978,49656000,1102461,Y,-2.0,2.0,295
R26BK01704127,2026-09-08,경기도교육청 경기도평택교육지원청,(가칭)도일2초 신축 통신공사,가온테크 주식회사,4978602360,이송,880102460,90.402,972020000,62386395,Y,-3.0,3.0,1842
R26BK01705172,2026-09-08,경상북도 고령군,고령 주산성 조경공사,우석건설 주식회사,1108195822,김정희,209010373,90.38,230000000,12581715,Y,-3.0,3.0,18
R26BK01705971,2026-09-08,인천광역시 상수도사업본부,2026년 영종2지역 급수공사(2차)(연간계약),주식회사 정수종합개발,1228170256,송선희,107690400,90.753,118855000,11642620,Y,-3.0,3.0,312
R26BK01709189,2026-09-08,제주특별자치도 서귀포시,2026년 하반기 주요도로변 가로수 정비공사,주식회사 도담,2578700984,송상훈,114556080,91.152,126593000,17210165,Y,-3.0,3.0,180
R26BK01706179,2026-09-08,강원특별자치도 춘천시 농업기술센터,화동 2571 진출입로 등 확장 공사,주식회사 성민건설,2218130639,이상학,219002430,90.662,245283000,17705158,Y,-3.0,3.0,87
R26BK01688076,2026-09-08,인천광역시교육청 재능고등학교,재능고 다목적강당 증축 전기공사(계속비),금성전기공사,7841300831,문옥순,181498900,90.34,202246000,11516352,Y,-3.0,3.0,756
R26BK01705289,2026-09-08,한국철도공사 회계통합센터,경부선 세류역사 내진보강공사,주식회사 씨에스종합건설,1128701190,박찬석,297572200,90.148,329945000,12866444,Y,-2.0,2.0,590
R26BK01710329,2026-09-08,경상남도교육청 경상남도창원교육지원청,마산용마고등학교 실내훈련장(씨름장) 개축 기계설비공사 수의계약 안내 공고,주식회사 덕성이앤티,6178177835,김의겸,164388970,90.307,180851000,9813454,Y,-3.0,3.0,159
R26BK01710385,2026-09-08,국토교통부 서울지방국토관리청 의정부국토관리사무소,국도6호선 용담대교 등 시설물 보수공사,성복공영(주),1258113647,김연진,758825800,90.578,841400000,68008477,Y,-2.0,2.0,389
R26BK01704301,2026-09-08,서울특별시 양천구,신월2동 주민센터 건립 소방전기공사,엔텍월드주식회사,1198181214,안병립,198944132,90.28,220740000,11501488,Y,-3.0,3.0,651
R26BK01708256,2026-09-08,국토교통부 서울지방국토관리청 의정부국토관리사무소,2026년 관내 제1권역 시설물 정비공사,(주)진흥알에프씨,2208673571,장인권,291301120,90.473,319800000,22841494,Y,-2.0,2.0,622
R26BK01665938,2026-09-08,조달청 인천지방조달청,서울도시철도7호선 청라국제도시 연장 송변전공사(1~3공구),주식회사 완일이앤씨,2388100109,김태완,8075730665,87.95,9110842000,333041587,Y,-3.0,3.0,390
R26BK01693340,2026-09-08,조달청 경남지방조달청,양천(1공구)재해복구사업,대호산업 주식회사,6138107040,박재효,11601360160,88.224,13025239000,976161541,Y,-3.0,3.0,62
R26BK01705222,2026-09-08,한양여자대학교,[재공고]한양여자대학교 학생생활관 공사,주식회사 디자인하디,1148639152,이창수,1692378645,88.817,1900000000,,N,-2.0,2.0,27
R26BK01709480,2026-09-08,경상북도 청송군,청송 보광사 극락전 소방시설 설치공사,주식회사 아진소방전기,4748803434,박진아,35562500,90.689,39000000,1985721,Y,-3.0,3.0,4
R26BK01705416,2026-09-08,경기도,2026년 안성시 국지도23호선(명당~모선) 재포장공사,주식회사 해송건설,3268801156,서오순,344716054,90.672,380830000,34336315,Y,-3.0,3.0,462
R26BK01710190,2026-09-08,국토교통부 부산지방국토관리청 포항국토관리사무소,국도36호선 울진 금강송 하원지구 도로비탈면 정비공사,주식회사 홍익인간,5668600595,이선희,1090386120,89.803,1218000000,113776639,Y,-2.0,2.0,678
R26BK01702603,2026-09-08,경기도교육청 경기도구리남양주교육지원청,(가칭)진접1초 외 1교(진접2유) 신축 통신공사,주식회사 서포전기통신,4098181403,김영강,886760700,90.412,991120000,63801307,Y,-3.0,3.0,1839
R26BK01708766,2026-09-08,과학기술정보통신부 우정사업본부 강원지방우정청,지방정부 공간 공동이용 나전우체국 조성 건축공사,주식회사 장군,1548800080,장충식,36761349,89.972,40654000,901349,Y,-2.0,2.0,292
R26BK01705545,2026-09-08,중소기업은행,호계동지점 전체 레이아웃 설비공사,(주)신아이엔지,1198155133,정영선,132939549,90.478,146927000,8624574,Y,-2.0,2.0,9
R26BK01710690,2026-09-08,경상북도 성주군,국가하천(낙동강)기성제 정비공사(2지구),주식회사 화림건설,8708103292,이정규,25675720,90.034,28630000,507250,Y,-3.0,3.0,19
R26BK01710774,2026-09-08,전북특별자치도 전주시,전주시 에너지기금 제7호 태양광발전시설 설치 전기공사,유한회사 신진에너지,4048108009,김진수,92700759,90.184,102455000,4398052,Y,-3.0,3.0,339
R26BK01710016,2026-09-08,충청남도 서산시,명천2리 농로포장공사,대신토건(합),3168101655,오봉석,31200270,89.975,34760000,767021,Y,-3.0,3.0,124
R26BK01686574,2026-09-08,인천광역시교육청 재능고등학교,재능고 다목적강당 증축공사(계속비),주식회사 구산종합건설,3018135454,이규웅,2779047000,89.236,3105401500,131323429,Y,-3.0,3.0,283
R26BK01710332,2026-09-08,국토교통부 부산지방국토관리청 포항국토관리사무소,"[등록기준 사실조사 대상사업]국도7,36호선 울진관내 도로시설물 정비공사",주식회사 신광건설,5048126549,정은박,299028300,91.054,329000000,41717531,Y,-2.0,2.0,368
R26BK01710062,2026-09-08,충청남도 금산군 진산면,지방2리(재실말길) 암거확장공사,수목토건설 주식회사,3058185465,김민수,34647000,90.411,38400000,2402702,Y,-3.0,3.0,60
R26BK01705957,2026-09-08,한국철도공사 회계통합센터,전남본부 관내 교량 안전난간 및 비탈사면점검로 설치 및  개량공사,주식회사 모음건설,7828800944,조은선,284219100,90.328,312050000,17695774,Y,-2.0,2.0,517
R26BK01708840,2026-09-08,경기도 수원시,광교산 버스종점 회차로 개선공사,신화자원개발 주식회사,3328801898,이상화,33919058,90.927,37290000,3114090,Y,-3.0,3.0,3
R26BK01705861,2026-09-08,인천광역시교육청 재능고등학교,재능고 다목적강당 증축 기계설비공사(계속비),주식회사 대산파워텍,1378614339,조기영,147745790,90.178,162358000,6440570,Y,-3.0,3.0,271
R26BK01705559,2026-09-08,중소기업은행,호계동지점 전체 레이아웃 통신공사,대신네트웍스(주),4088113289,김정곤,45036870,91.22,49280000,2499672,Y,-2.0,2.0,10
R26BK01707100,2026-09-08,국토교통부 서울지방국토관리청 수원국토관리사무소,"2026년도 관내 국도43,82호선 차선도색 정비공사","성우방수,방염",1273164716,안기종,289542600,90.162,320551000,12982794,Y,-2.0,2.0,510
R26BK01708910,2026-09-08,충청북도 증평군,2026년 덩굴제거사업(기타지구),주식회사 혜원임산,8628601755,반기수,26630700,90.09,29711000,344361,Y,-3.0,3.0,17
R26BK01709725,2026-09-08,경상북도교육청 경상북도경산교육지원청,평산초등학교 진입로포장 및 태양광발전설비 부대토목공사 수의계약 안내 공고,삼동건설주식회사,1328143528,조명애,125390520,90.774,140275000,7531275,Y,-3.0,3.0,19
R26BK01708052,2026-09-08,서울특별시교육청 예림디자인고등학교,예림디자인고 AI 융합형교실 구축 건축공사 소액수의 견적제출,디자인멘토 주식회사,4538102443,박세림,90260700,89.954,100153000,2046467,Y,-3.0,3.0,1245
R26BK01709732,2026-09-08,충청남도 서산시,정자2리 경로당(마을회관) 신축공사,주식회사 비제이종합건설,2358101787,김병주,259669000,90.303,288480000,14606334,Y,-3.0,3.0,39
R26BK01692320,2026-09-08,경기도 동두천시,동두천시 생활폐기물 적환장 조성공사,에스엘건설(주),1358159790,김성률,1116431000,89.34,1257089000,65220273,Y,-3.0,3.0,498
R26BK01706865,2026-09-08,대전광역시 유성구,2026년 노인보호구역 개선사업,페인트마트 주식회사,3058152718,김구만,86173327,90.866,95640000,10326062,Y,-3.0,3.0,136
R26BK01704312,2026-09-08,서울특별시 영등포구,서울형 키즈카페 대림3동점 조성 공사(건축‧기계),(주)엘엠종합건설,6028802312,정상희,285691900,90.238,313500000,15159621,Y,-3.0,3.0,788
R26BK01704107,2026-09-08,(재)광주미래차모빌리티진흥원,자율주행 전기차량용 충전기 설치 전기공사,주식회사 투라인,3078136242,정재진,432595859,90.242,485116000,22966097,Y,-3.0,3.0,557
R26BK01690573,2026-09-08,조달청 전북지방조달청,전주시관내 국도대체우회도로(용진-우아) 소방공사,(주)삼승엔지니어링,4028180140,이도희,2462083300,89.312,2776570000,128773393,Y,-2.0,2.0,242
R26BK01705375,2026-09-08,경기도교육청 경기도광명교육지원청,하일초 교사동 노후교실 환경개선공사,성림종합건설 주식회사,1388115961,정대영,591050700,90.323,651950000,36752395,Y,-3.0,3.0,199
R26BK01706567,2026-09-08,경기도교육청 경기도안산교육지원청,성안초 옥상 방수공사,진흥건설 주식회사,2178144930,노대일,209607910,90.341,230589000,13370870,Y,-3.0,3.0,630
R26BK01706285,2026-09-08,경상북도 영천시,대창 운천1리 농로보수공사,영지토건(주),5058116535,이정숙,40584500,90.245,44800000,2128993,Y,-3.0,3.0,93
R26BK01705511,2026-09-08,중소기업은행,호계동지점 전체 레이아웃 전기공사,육일전력(주),2098140724,박봉기,165080510,90.359,182380000,10574415,Y,-2.0,2.0,11
R26BK01707691,2026-09-08,경상북도 칠곡군,구야천 송림 제방정비공사,주식회사 일백건설,4728602906,주명중,77741894,90.253,85800000,4216790,Y,-3.0,3.0,54
R26BK01710205,2026-09-08,한국농어촌공사 전남지역본부 영광지사,2026년 영광홍농지구 친환경에너지보급사업 기계설비공사,유한회사 화수이앤티,8318101095,김화순,351042794,89.896,392384000,5703564,Y,-2.0,2.0,463
R26BK01705466,2026-09-08,중소기업은행,호계동지점 전체 레이아웃 건축공사,(주)다옴디앤아이,1108168913,한병찬,415853347,90.47,461340000,24563138,Y,-2.0,2.0,11
R26BK01708944,2026-09-08,대전광역시교육청,대전도안고 다목적강당 지붕방수 및 기타공사 수의계약 견적제출 안내공고,용산조경(주),4158130234,박현미,138579723,90.946,154715000,8692189,Y,-3.0,3.0,31
R26BK01703207,2026-09-08,조달청 서울지방조달청,서울회생법원 청사이전 리모델링 공사(네트워크공사 - 통신),(주)융시스템,2148132740,박진기,383328620,90.432,423186000,28386502,Y,-2.0,2.0,1055
R26BK01716974,2026-09-08,서울특별시 물재생센터 난지물재생센터,수1처리장 스컴반출실 개선공사,창운설비,3611800822,김윤남,36591000,35.581,,,,,,1
R26BK01705948,2026-09-08,경기도,2026년 이천시 지방도325호선 외 2개 노선 재포장공사,다해건설 주식회사,2268124388,김윤호,460362125,90.701,513917000,46495745,Y,-3.0,3.0,440
R26BK01703535,2026-09-08,경기도 포천시,2026년 조림지가꾸기사업[2차-2권역],주식회사 산림법인산,1248760339,소혜리,28955099,90.442,32178000,361215,Y,-3.0,3.0,4
R26BK01703971,2026-09-08,서울특별시교육청 한국삼육고등학교,"한국삼육중·고 체육관, 급식실 및 특별교실 증축 소방공사",(주)건창기술단,2048148871,김영규,152428379,90.348,170660000,9895731,Y,-3.0,3.0,687
R26BK01705535,2026-09-08,경기도 의정부시,"실내빙상장 휠체어리프트 설치 및 관중석 개선공사(건축, 기계)",태산건축,3127200351,이재찬,30703400,90.45,34171000,1489798,Y,-3.0,3.0,17
R26BK01708356,2026-09-08,전남광주통합특별시교육청 전남광주통합특별시곡성교육지원청,구-도상초 교실 보수공사,남현건설 주식회사,3808101049,김형목,151514000,90.34,166780000,6564656,Y,-3.0,3.0,10
R26BK01710114,2026-09-08,전북특별자치도 완주군,2026년 하반기 완주군 공공하수도 유지보수공사 단가계약,유한회사 성우건설,4028124978,김락훈,19224000,90.246,21140000,978100,Y,-3.0,3.0,22
R26BK01708614,2026-09-08,충청남도교육청 충청남도공주교육지원청,봉황중학교 운동장 개선공사,주식회사 승지건설,2998803565,임경미,55295217,90.002,61400000,1527895,Y,-3.0,3.0,49
R26BK01709598,2026-09-08,경상북도 청송군 보건의료원,농어촌의료서비스개선사업 시설공사(지소보건진료소 개보수) 견적제출 안내공고,(주)금아,3668602810,송철호,38512340,90.374,43000000,1564540,Y,-3.0,3.0,7
R26BK01703312,2026-09-08,제주특별자치도개발공사,마음에온 동홍1차 정보통신공사,주식회사 명원전기,5648702110,조태만,470666680,90.438,515661000,33718791,Y,-3.0,3.0,155
R26BK01704276,2026-09-08,경상북도 문경시,문경시 교통장애인회관 리모델링 공사,주식회사 구일,5118120617,최병대,54339692,90.256,60190000,2622288,Y,-3.0,3.0,14
R26BK01706987,2026-09-08,국토교통부 서울지방국토관리청 수원국토관리사무소,2026년도 관내 국도38호선 차선도색 정비공사,주식회사 정석이엔지,4888602293,김임순,404599230,90.183,451099000,18934204,Y,-2.0,2.0,493
R26BK01708523,2026-09-08,경기도 이천시 율면,공사 소액수의 견적제출 안내 공고[산성리(74) 배수로 정비공사],주식회사 한신토건,4758700864,반현신,65557400,90.122,73150000,2052929,Y,-3.0,3.0,57
R26BK01711164,2026-09-08,충청북도교육청 충청북도옥천교육지원청,동이초 외 1교(삼양초) 외부포장 및 기타공사,주식회사 상민건설,6038193710,김상진,131484900,90.305,146117000,7526268,Y,-3.0,3.0,66
R26BK01709831,2026-09-08,함안군산림조합,2026년 산불예방숲가꾸기사업(군북명관지구),주식회사 나무와 숲,6088189531,김대곤,144924960,90.597,159773000,10448817,Y,-3.0,3.0,10
R26BK01698045,2026-09-08,코레일유통(주),코레일유통 목포사옥 철거공사,엔에스산업 주식회사,2388800108,홍순묵,85764290,90.263,94000000,4758792,Y,-2.0,2.0,253
R26BK01710719,2026-09-08,경상남도 양산시,2026년 임도 풀베기사업(원동지구),주식회사더숲,2678102143,김은하,26000000,95.304,26921000,296342,Y,-3.0,3.0,14
R26BK01709054,2026-09-08,전북특별자치도 무주군,마산괴목지구(상조) 농어촌생활용수 개발사업,주식회사 케이엘탑,1278172865,김형종,330291000,90.444,367895000,18545629,Y,-3.0,3.0,10
R26BK01710594,2026-09-08,충청북도 음성군,군청 소나무 이식공사,주식회사 대한산업개발,1558801549,최춘남,36838500,90.21,41000000,1575548,Y,-3.0,3.0,21
R26BK01710925,2026-09-08,경기도 김포시,풍무국민체육센터 사물함 전자시스템 통신공사,주식회사 신성정보통신,2698800193,김은철,47759400,90.032,53450000,1163857,Y,-3.0,3.0,65
R26BK01703487,2026-09-08,경기도 포천시,2026년 조림지가꾸기사업[2차-1권역],주식회사 산림법인산,1248760339,소혜리,27612534,90.491,30686000,344447,Y,-3.0,3.0,4
R26BK01710629,2026-09-08,경상북도 성주군,2026년 성주군 관내 도로 차선도색공사,(주)대민건설,5108127048,김현희,66966572,90.1,74500000,2496137,Y,-3.0,3.0,13
R26BK01707810,2026-09-08,전북특별자치도교육청 전북특별자치도전주교육지원청,전주한들초 식생활관 수선 기계설비공사,(주)현대에너지,4048136863,장희근,444587929,90.275,500155000,23577454,Y,-3.0,3.0,269
R26BK01711032,2026-09-08,전북특별자치도 장수군,죽산자연재해 위험개선지구 정비사업(전체분 및 1차분)입찰공고(긴급공고),주식회사 명신종합건설,2058135030,황태봉,1610971000,89.675,1819070000,148415308,Y,-3.0,3.0,555
R26BK01710436,2026-09-08,경기도 하남시,학암천 전기공사,더위드전설 주식회사,5238801820,홍경열,117652580,90.402,130540000,7925214,Y,-3.0,3.0,90
R26BK01709681,2026-09-08,경상남도 창원시 마산합포구,무학로 및 청량산 법면 정비공사,주식회사 현진디에스,6098168373,박윤정,151514778,90.562,166800000,13158630,Y,-3.0,3.0,194
R26BK01709772,2026-09-08,영월군산림조합,2026년 산불예방 숲가꾸기사업 3차 1지구,주식회사 다솔,1428601011,김지현,157025000,90.603,175385634,8040750,Y,-3.0,3.0,9
R26BK01709401,2026-09-08,경상북도교육청 경상북도경산교육지원청,경산과학고등학교 외 1교(삼성현중) 햇빛이음 태양광발전설비 부대토목공사 수의계약 안내 공고,동해건설(주),5088127365,권미경,72541000,90.503,79707000,3650528,Y,-3.0,3.0,18
R26BK01710715,2026-09-08,경상북도 성주군,국가하천(낙동강)기성제 정비공사(4지구),주식회사 예안,5108125002,배건율,22153900,90.04,24520000,439130,Y,-3.0,3.0,19
R26BK01708930,2026-09-08,대전광역시교육청,대전학생해양수련원 내진보강공사 수의계약 견적제출 안내공고,대림종합건설 주식회사,3098105463,이광섭,67648000,90.218,74451000,3415282,Y,-3.0,3.0,286
R26BK01710609,2026-09-08,충청북도 음성군,음성 품바 문화거리 보행환경 조성사업 아치조형물 기초시설공사,주식회사 다온건설,5048601596,박은숙,265148490,90.295,297710000,15183194,Y,-3.0,3.0,42
R26BK01711235,2026-09-08,주식회사 쁘띠프랑스,쁘띠프랑스 열린관광지 조성 공사(건축),두원종합건설 주식회사,7298701998,염순희,314835270,90.489,348924000,17993874,Y,-3.0,3.0,12
R26BK01708939,2026-09-08,대전광역시교육청,대전특수교육원 내진보강공사 수의계약 견적제출 안내공고,호원건설주식회사,6108160314,이종필,103516890,90.274,114914000,5863552,Y,-3.0,3.0,294
R26BK01709739,2026-09-08,전남광주통합특별시 보성군,보성읍 다함께 상생센터 건축공사,용천산업(주),4088146382,나명균,2216071012,89.371,2479698000,137251500,Y,-3.0,3.0,468
R26BK01710227,2026-09-08,전남광주통합특별시교육청 광주청사,광주고 체육관 전면보수 통신공사 수의계약 안내공고,주식회사정원이알텍,7168800781,채인옥,31174860,90.247,34551000,1680433,Y,-3.0,3.0,264
R26BK01703145,2026-09-04,한국공항공사 김포공항,김포공항 SGBAC 국내선 전용 출도착 통로 신설공사,주식회사 두하디자인그룹,2078603669,구해옥,40452830,90.385,44330000,2738754,Y,-2.0,2.0,164
R26BK01701821,2026-09-08,제주특별자치도교육청 제주시교육지원청,평대초 다목적강당 외단열 교체공사 수의계약 안내공고,주식회사 서우기업,6168618425,박창옥,197411000,90.524,217544000,15953040,Y,-3.0,3.0,92
R26BK01699187,2026-09-08,조달청 강원지방조달청,국도42호선 정선 임계-동해 신흥 도로건설공사(전기공사),주식회사 부강,5028176024,이전우,9050661560,88.221,10187572000,589905439,Y,-2.0,2.0,531
R26BK01707686,2026-09-08,경상북도 칠곡군,낙동강 둔치 예초 및 환경정비공사,삼원건설(주),6048130168,성태석,87816282,89.927,99000000,1158272,Y,-3.0,3.0,24
R26BK01710808,2026-09-08,울산광역시 북구,2026년 숲길관리사업,주식회사 대경임업,6208142443,김정훈,55873000,90.139,62274000,715288,Y,-3.0,3.0,35
R26BK01711131,2026-09-08,충청북도교육청 충청북도옥천교육지원청,죽향초 본관 옥상방수 및 기타공사,주식회사 대광건설,6878802725,노인숙,114366190,90.438,126764000,7502766,Y,-3.0,3.0,3
R26BK01711030,2026-09-08,강원특별자치도 양구군,양구명품관 신축(이전) 인테리어 공사,(주) 스케치디자인,7988801138,김정욱,85722200,90.633,94541000,5234359,Y,-3.0,3.0,8
R26BK01702621,2026-09-08,제주특별자치도개발공사,마음에온 건입2차 소방시설공사,주식회사 세경,6168108882,서창덕,812996000,90.367,904402000,51735749,Y,-3.0,3.0,88
R26BK01702590,2026-09-08,제주특별자치도개발공사,마음에온 건입2차 정보통신공사,(주)동양파킹시스템,6288100715,김성용,647786022,90.673,728453000,47589321,Y,-3.0,3.0,149
R26BK01708551,2026-09-08,충청남도교육청 충청남도공주교육지원청,공주정명학교 햇빛이음학교 조성 전기공사,티에이치산업개발주식회사,5668700404,황선영,43615014,90.204,48409000,2165132,Y,-3.0,3.0,87
R26BK01707737,2026-09-08,인천광역시 제물포구,송현로 외 2개소 노후도로 및 보도블럭 정비공사,(주)광성토건,1318138740,김수득,175490000,90.432,195371000,12749324,Y,-3.0,3.0,189
R26BK01688193,2026-09-08,인천광역시교육청 재능고등학교,재능고 다목적강당 증축 소방공사(계속비),남광기업 주식회사,1228107622,최동호,192331923,90.257,212732000,10545937,Y,-3.0,3.0,277
R26BK01709059,2026-09-08,전북특별자치도 무주군,적상면 성도마을 배수로 정비사업,(유)성환건설,4068102942,김진국,39000000,94.394,40667000,2224706,Y,-3.0,3.0,64
R26BK01708518,2026-09-08,과학기술정보통신부 우정사업본부 강원지방우정청,기린우체국 내진보강 전기공사,주식회사 대해전설,7388103455,이유경,15691140,90.09,17455000,586099,Y,-2.0,2.0,930
R26BK01710682,2026-09-08,충청북도 음성군,음성천 복개구간 경관개선사업 전기공사,주식회사 정동전력,3018159117,이현호,353562680,90.292,388900000,20810234,Y,-3.0,3.0,803
R26BK01707347,2026-09-08,대전광역시 유성구,대동 375-2번지 일원(신동천) 제방도로 포장공사,동해건설(주),4538603428,오정석,25810300,90.171,28760000,1156903,Y,-3.0,3.0,116
R26BK01710734,2026-09-08,강원특별자치도 횡성군,횡성읍 옥동경로당 그린리모델링 건축공사,주식회사 비전종합건설,4168177528,안희영,67081200,90.349,74742000,3077485,Y,-3.0,3.0,16
R26BK01712576,2026-09-08,국토교통부 부산지방국토관리청 진주국토관리사무소,국도5호선 거제 동부 오송지구등 3개소 수해복구공사,태원종합건설 주식회사,6168129683,강가영,338150000,89.742,,,,,,1
R26BK01712974,2026-09-08,국토교통부 부산지방국토관리청 진주국토관리사무소,국도14호선 거제 양정터널 등 2개소 수해복구공사,주식회사 대봉토건,7498101554,강수민,297523000,89.692,,,,,,1
R26BK01711141,2026-09-08,대구광역시 북구,사수동 주민어울마당 조성사업 입찰공고(긴급),한림유한책임회사,5488803564,신이도,504691895,89.999,560070000,13478163,Y,-3.0,3.0,217
R26BK01711088,2026-09-08,전북특별자치도 고창군,공음 칠암 공영주차장 조성을 위한 건축물 해체 및 철거 공사,(유)대산건설,4048132775,강민호,96365600,90.023,106828000,2741928,Y,-3.0,3.0,11
R26BK01705874,2026-09-08,전북특별자치도 고창군,(입찰대행)부안면 용흥마을회관 신축공사,유한회사 예건,4108172224,이경엽,105480300,90.579,115483000,5534333,Y,-3.0,3.0,35
R26BK01702742,2026-09-08,경상남도 밀양시,밀양연극교육체험관 건립사업 소방공사,주식회사 동일소방,5718700255,김금동,548441630,90.3,604349000,32669340,Y,-3.0,3.0,341
R26BK01704493,2026-09-08,서울특별시교육청 서울특별시강남서초교육지원청,[집행대행]서울청담초 구급식실 안전시설개선공사(학생체력증진시설),(주)경동하우징,1118117606,양승원,281172090,90.274,314944000,13923056,Y,-3.0,3.0,37
R26BK01707270,2026-09-08,국토교통부 서울지방국토관리청 수원국토관리사무소,2026년도 관내 국도42호선 돌출형 차선도색 정비공사,주식회사 창성종합건설,1348635693,이한철,372781570,90.178,413116000,17469342,Y,-2.0,2.0,497
R26BK01716423,2026-09-08,한국농어촌공사 경북지역본부 의성.군위지사,팔등양수장 긴급 보수공사,주식회사 라온건설,2758602815,김나현,47000000,94.35,,,,,,1
R26BK01712598,2026-09-08,국토교통부 부산지방국토관리청 진주국토관리사무소,국도5호서 거제 고현지구 등 2개소 수해복구공사,서호건설 주식회사,4168131008,안태원,270000000,89.7,,,,,,1
R26BK01712922,2026-09-08,국토교통부 부산지방국토관리청 진주국토관리사무소,국도5호선 거제 명진터널 긴급복구공사,(주)다올건설,7058800777,남기청,296000000,89.778,,,,,,1
R26BK01709017,2026-09-08,충청북도교육청 충청북도제천교육지원청,[새로공고] 봉양초 외 1교(화당초) 화장실 보수 및 기타공사,한결산업개발 주식회사,4128129738,류광현,223104252,90.273,245105000,12570610,Y,-3.0,3.0,66
R26BK01707125,2026-09-08,국토교통부 서울지방국토관리청 수원국토관리사무소,2026년도 관내 국도45호선 차선도색 정비공사,주식회사 드림이엔지,5628800883,유효승,305935000,90.157,339768000,13619645,Y,-2.0,2.0,505
R26BK01711076,2026-09-08,전북특별자치도 고창군,고창읍 교신공영주차장 조성공사,주식회사 연우건설,2268123259,이희주,105467000,90.209,115808000,5140437,Y,-3.0,3.0,25
R26BK01717743,2026-09-08,한국농어촌공사 충남지역본부 서천지사,축동수질개선사업지구 인공습지 정비공사,유한회사 원창건설,4018120042,전율영,15000000,89.637,,,,,,1
R26BK01710813,2026-09-08,강원특별자치도 횡성군,서원면 풍수원경로당 그린리모델링 건축공사,한얼건설 주식회사,2248122778,이경숙,85584600,90.174,94598000,3656007,Y,-3.0,3.0,16
R26BK01709942,2026-09-08,전남광주통합특별시 순천시,서면 강청수변공원 주차장 조성 사업 전기공사,주식회사코리아넷,4168121437,채강석,51794170,90.345,57785000,3220793,Y,-3.0,3.0,151
R26BK01703557,2026-09-08,경기도 포천시,2026년 조림지가꾸기사업[2차-3권역],주식회사 산림법인산,1248760339,소혜리,28135337,90.314,31267000,350929,Y,-3.0,3.0,4
R26BK01710434,2026-09-08,충청북도 음성군,대소읍 박장대소 복합거점센터 및 상상공연장 조성사업 전기공사,주식회사 엘케이에너지플러스,5818101021,유소형,1090562200,89.435,1225683000,74634357,Y,-3.0,3.0,825
R26BK01707143,2026-09-08,국토교통부 서울지방국토관리청 수원국토관리사무소,2026년도 관내 국도77호선 차선도색 정비공사,(주)해담에이앤씨,1108181968,유연옥,331863200,90.165,367334000,14946902,Y,-2.0,2.0,505
R26BK01709160,2026-09-08,전북특별자치도 남원시,남원시립김병종미술관 리모델링 전기공사,(주) 서남이앤씨,2128179579,송미순,25286000,90.506,28288700,1646587,Y,-3.0,3.0,79
R26BK01707099,2026-09-08,충청북도 청주시 서원구,척북삼거리 일원 아스콘절삭 덧씌우기공사,길우건설(주),3158134304,이상춘,158379000,90.635,176310000,15028621,Y,-3.0,3.0,145
R26BK01708824,2026-09-08,전북특별자치도 군산시,무녀지구 연안정비공사,(유)장암건설,4078120981,전래열,662748900,90.344,739457000,42691329,Y,-3.0,3.0,587
R26BK01707216,2026-09-08,국토교통부 서울지방국토관리청 수원국토관리사무소,2026년도 관내 국도3호선 돌출형 차선도색 정비공사,선일건설(주),1338114782,박영일,515724802,90.186,572429000,24448921,Y,-2.0,2.0,476
R26BK01709952,2026-09-08,대구광역시 달서구,호산동로35북길 녹지공간 경관개선사업(조경),한보건설 주식회사,5148171570,김종수,129594205,90.254,143300000,6515072,Y,-3.0,3.0,271
R26BK01708831,2026-09-08,경상남도 창녕군,창녕 사리 석조광배 보호각 단청공사,주식회사 고영문화재,6088191056,박영윤,22905000,90.476,25200000,1308305,Y,-3.0,3.0,3
R26BK01711138,2026-09-08,인천광역시 옹진군,연평바다역 증축 및 리모델링 공사(계속비),인성실업 주식회사,1318627613,이순직,684929900,90.319,764610000,39420482,Y,-3.0,3.0,249
R26BK01710538,2026-09-08,강원특별자치도 횡성군,횡성읍 내지리경로당 그린리모델링 건축공사,한얼건설 주식회사,2248122778,이경숙,73222190,90.238,81050000,3608656,Y,-3.0,3.0,16
R26BK01707240,2026-09-08,국토교통부 서울지방국토관리청 수원국토관리사무소,"2026년도 관내 국도37,43호선 돌출형 차선도색 정비공사",에스알산업 주식회사,7258800811,김정곤,709091000,90.173,785202000,32690614,Y,-2.0,2.0,449
R26BK01711116,2026-09-08,충청북도교육청 충청북도제천교육지원청,봉양중 샌드위치패널 해소 및 기타 전기공사 소액수의 견적 공고,태산전력 주식회사,3048129043,조경미,44571221,90.301,49596000,2659312,Y,-3.0,3.0,82
R26BK01709040,2026-09-08,경상북도 영양군,공설운동장 내 주차장 설치공사,(주)임하건설,7138702901,양지현,39050434,90.303,43090000,1634962,Y,-3.0,3.0,37
R26BK01702421,2026-09-03,과학기술정보통신부 우정사업본부 경인지방우정청,수원영통동우체국 내진보강공사,주식회사 근휘,5138123959,안도겸,95486120,90.348,105992880,6206963,Y,-2.0,2.0,305
R26BK01706583,2026-09-08,전북특별자치도 고창군,갈곡천 지방하천 준설사업,유한회사 공영건설,4038147125,이세영,238182000,90.207,266408710,11654261,Y,-3.0,3.0,460
R26BK01705755,2026-09-08,세운산업(주),인천 가좌 수소충전소 증설공사(토목건축),주식회사 다원종합개발,1398133491,이재인,85749520,90.713,93206000,3585096,Y,-2.0,2.0,154
R26BK01710915,2026-09-08,충청북도교육청 충청북도제천교육지원청,용두초 실내환경개선 및 기타공사 수의견적 제출 안내 공고,주식회사신우건설,3048116058,박미선,65834800,90.267,73526000,3470972,Y,-3.0,3.0,8
R26BK01705785,2026-09-08,경기도교육청 경기도안산교육지원청,(가칭)대부도 초3교 통합학교 신축 통신공사,주식회사 화진,1248174826,이경희,512512854,90.394,565510000,35922061,Y,-3.0,3.0,1921
R26BK01691462,2026-09-08,서울특별시,서소문청사 후생동 강당 리모델링공사(장기계속),주식회사 부광산업개발,3688701134,신영훈,1002124000,89.363,1110115000,61264252,Y,-3.0,3.0,631
R26BK01711174,2026-09-08,전남광주통합특별시 순천시,동천하구 흑두루미 서식지 안풍들 전봇대 철거 및 전선 지중화 공사,주식회사기경,1268196020,김동화,144552960,90.319,158754000,8344810,Y,-3.0,3.0,149
R26BK01716818,2026-09-08,경기도 안성시,가로변 위험가로수 제거사업,(주)에코이엔씨,1258197026,최미경,41037000,94.999,,,,,,1
R26BK01717219,2026-09-08,국립공원공단 주왕산국립공원사무소,월외지구 산불피해 복구지역 달기폭포 전망대 정비공사,광성토건(주),5088102248,김동익,45029050,95.0,,,,,,1
R26BK01717108,2026-09-08,국가유산청 한국전통문화대학교,학술정보관 연결 통로 개선 사업,(주)이공간,6108619519,최연숙,15500000,99.704,,,,,,1
R26BK01711123,2026-09-08,충청북도교육청 충청북도제천교육지원청,봉양초 화장실 보수 및 기타 전기공사 소액수의 견적 공고,현대전기시스템,3041024446,신춘식,45581346,90.334,49972000,2701802,Y,-3.0,3.0,82
R26BK01710838,2026-09-08,경기도 김포시,풍무국민체육센터 사물함 정비공사,지유플레이 주식회사,8288101764,문중숙,42099883,90.63,47220000,919808,Y,-3.0,3.0,51
R26BK01708845,2026-09-08,경상남도 창녕군,창녕 경모당 대문채 지붕 해체보수 및 배수로 정비공사,주식회사 대아,6088193919,박종철,58420120,90.611,64500000,3070376,Y,-3.0,3.0,3
R26BK01710974,2026-09-08,충청북도교육청 충청북도제천교육지원청,용두초 실내환경개선 및 기타 전기공사 소액수의 견적 공고,금성전기공사,1172501620,임덕규,25871765,90.337,28919000,1582823,Y,-3.0,3.0,81
R26BK01709047,2026-09-08,경상북도 영양군,2026년 산림재해예방사업(3차),영양임업 주식회사,5088123715,정태용,32355000,90.367,35900000,1724994,Y,-3.0,3.0,5
R26BK01711054,2026-09-08,충청북도교육청 충청북도제천교육지원청,제천제일고 옥상방수 및 기타 전기공사 소액수의 견적 공고,미래전력 주식회사,3048122619,장승환,28881807,90.291,31896000,1650532,Y,-3.0,3.0,82
R26BK01704136,2026-09-08,가람,가람 외부 안전난간 및 목재데크 정비공사 입찰 공고(제2차),주식회사 티엘테크,3078117605,김유겸,128079600,90.295,140814315,7513581,Y,-3.0,3.0,101
R26BK01704879,2026-09-08,부산광역시교육청 부산광역시북부교육지원청,금명초등학교 화장실개량 기계설비공사,(주)국제플랜트,6218120398,최진영,347022000,90.333,384197000,21187489,Y,-3.0,3.0,309
R26BK01702734,2026-09-08,경상남도 밀양시,밀양아리나 청년연극인쉼터 조성사업 통신공사,주식회사 한길정보통신,6138152467,김태영,230945532,90.493,254725000,18585560,Y,-3.0,3.0,463
R26BK01710757,2026-09-08,인천환경공단,송도하수처리장 송도5펌프장 특고압 전력 안전체계 개편 전기공사,주식회사 대승전력소방건설,1478800011,이공순,80966490,90.152,89859000,3553313,Y,-3.0,3.0,788
R26BK01709507,2026-09-08,대원알텍 주식회사 전주지점,배출권거래제 온실가스 감축사업-전기공사-대원알텍(주)전주지점,에스피앤지(주),6068140018,이정림,5500000,100.0,,,,,,2
R26BK01709926,2026-09-08,전북특별자치도 군산시,파쇄기동 지붕판넬 및 창호 보수공사,유한회사성지산업,4018108432,김영임,133614880,90.258,146740000,7349004,Y,-3.0,3.0,14
R26BK01709140,2026-09-08,제천산림조합,2026년 큰나무가꾸기사업,바른임업주식회사,2248152952,김용욱,113600000,90.712,124629000,6502729,Y,-3.0,3.0,10
R26BK01718215,2026-09-08,한국농어촌공사 경남지역본부 밀양지사,성암지구 한해대책 수중펌프 설치공사,미르이엔지주식회사,8478803215,이서호,16658000,89.747,,,,,,1
R26BK01707801,2026-09-08,경상북도 포항시,산단지역 저탄소 녹색거리 조성사업(장흥동사거리 ~ 제내사거리),엔스케이프주식회사,3028114656,권혜진,115755700,90.109,130000000,4122320,Y,-3.0,3.0,70
R26BK01710576,2026-09-08,강원특별자치도 횡성군,횡성읍 내지리경로당 그린리모델링 전기공사,주식회사 광명전기,5998802767,한만득,27849400,90.375,30498000,1700656,Y,-3.0,3.0,36
R26BK01711090,2026-09-08,경상북도 안동시,길안면 용계리 군도21호선(산불피해 지역) 급경사지 정비공사,주식회사 하나건설,2168701401,김하나,183363060,90.662,205800000,14005339,Y,-3.0,3.0,142
R26BK01711142,2026-09-08,충청북도교육청 충청북도제천교육지원청,제천상업고 햇빛이음학교 조성 전기공사 소액수의 견적 제출 안내,주식회사 한빛전력,5868701052,정혜경,37926557,90.215,42361000,1790603,Y,-3.0,3.0,82
R26BK01717828,2026-09-08,서울도시철도엔지니어링(주),"유인보관소(서울역, 명동) 전기용량 증설 공사계약",오성이엔씨,4243101174,송지연,48690000,97.575,,,,,,1
R26BK01717751,2026-09-08,한국농어촌공사 전남지역본부 순천.광양.여수지사,관기배수갑문 갯벌퇴적 방지시스템 설치 기계공사,주식회사 양현이엔지,5328601494,임윤자,45692000,92.0,,,,,,1
R26BK01717519,2026-09-08,산림청 국립자연휴양림관리소,2026년 국립백운산자연휴양림 연립동(A~C) 및 관사 보수공사(전기),(주)다인오엠,2178124797,이경숙,50568000,94.999,,,,,,1
R26BK01717583,2026-09-08,산림청 국립자연휴양림관리소,2026년 국립유명산자연휴양림 숲 체험시설 조성사업(토목),산림조합중앙회 북부산림사업본부,2218204593,김성근,247293000,89.999,,,,,,1
R26BK01711188,2026-09-08,전남광주통합특별시 순천시,소나무재선충병 수종전환사업(서면죽평지구),황월원목,4809300061,장영일,152890670,90.419,168975000,7891606,Y,-3.0,3.0,19
R26BK01708269,2026-09-08,식품의약품안전처,식약처 열차단 필름 및 금속제패널 설치공사(일사차단 개선공사),주식회사 건승테크,4458602087,박종순,101575713,90.304,112717640,6097506,Y,-2.0,2.0,400
R26BK01621097,2026-09-08,한국폴리텍대학반도체융합캠퍼스,한국폴리텍대학 반도체융합캠퍼스 학생회관 증축 통신공사(장기계속공사),주식회사 제이원아이엔씨,2558102359,장경원,143655370,90.443,159997000,10782913,Y,-2.0,2.0,2174
R26BK01717303,2026-09-08,한국농어촌공사 경남지역본부 밀양지사,"숭진지구, 요고지구 한해대책 수중펌프 설치공사",주식회사 혜성이엔지,5598101382,이성헌,15101000,89.748,,,,,,1
R26BK01718138,2026-09-08,산림청 국립자연휴양림관리소,2026년 국립유명산자연휴양림 숲 체험시설 조성사업(전기),주식회사 세움전력,6928702259,이지현,32068000,94.999,,,,,,1
R26BK01706662,2026-09-08,경기도 성남시 분당구,2026년 분당구 지하차도(터널) 보수보강공사,(주)정건,1328135519,정성준,436855200,90.8,484594000,49407394,Y,-3.0,3.0,603
R26BK01710778,2026-09-08,경기도 구리시,소액공사 수의계약 견적서 제출안내 공고(2026년 둘레길 정비사업),김포시산림조합,1368200061,권오철,28325000,90.442,31387800,2002086,Y,-3.0,3.0,35
R26BK01714598,2026-09-08,강원특별자치도,2026년 사방시설 안전조치(고성 죽왕 구성),고성군산림조합,2278203520,김영석,24500400,89.745,,,,,,1
R26BK01709981,2026-09-08,경기도 남양주시 공원녹지관리사업소,2026년 경기도 마을정원 조성사업(진접 해밀마을정원),주식회사 혜성엘앤씨,2758603551,지성근,83159268,90.152,91000000,3600027,Y,-3.0,3.0,50
R26BK01709667,2026-09-08,서울특별시,수안보연수원 솔숲관 객실 환경개선공사(소방),금평전설(주),3038118112,김순희,34480740,90.367,38372000,1821377,Y,-3.0,3.0,23
R26BK01708957,2026-09-08,양양속초산림조합,2026년 숲가꾸기사업(풀베기 2차)3임반,국토임업개발주식회사,2278112357,김소중,26482800,89.951,29504000,331440,Y,-3.0,3.0,7
R26BK01706248,2026-09-08,서울특별시,2026년 한강 차집관거 보수공사,호용종합건설(주),1178151238,김익관,4951424500,88.11,5600000000,269554313,Y,-3.0,3.0,12
R26BK01711066,2026-09-08,경상북도 안동시,임동면 마령리 군도16호선(산불피해 지역) 급경사지 정비공사,주식회사 백천건설,6308603909,조은미,40027628,90.869,43800000,4826477,Y,-3.0,3.0,142
R26BK01709962,2026-09-08,전남광주통합특별시 여수시,삼산면 유촌 구거 정비공사,우림건설 유한회사,4178115637,박종일,35885447,90.094,39568000,1239295,Y,-3.0,3.0,65
R26BK01711205,2026-09-08,경상남도 하동군,화개 가탄마을 안길 확장공사,주식회사 자인,1348126525,김태경,49887850,89.933,55571000,907431,Y,-3.0,3.0,61
R26BK01696429,2026-09-08,한국석유공사,여수지사 1공동 Pipe Way 지반 보강공사,(주)성우건설,4118111517,박성태,180133990,90.325,198275000,11193886,Y,-2.0,2.0,1237
R26BK01704500,2026-09-08,국가유산청 국립해양유산연구소,전시선박 보관 시설물 유지보수 공사,(주)광진건설,4178114924,김은실,36197465,90.835,39494000,1325144,Y,-2.0,2.0,34
R26BK01707132,2026-09-08,경상남도 창원시 하수도사업소,진해물재생센터 최초침전지(6지) 보수공사,성도건설(주),6098107662,오진열,144523050,90.31,160700000,8662806,Y,-3.0,3.0,89
R26BK01700726,2026-09-08,한국전기안전공사,전기설비 원격관제센터 및 백업시설 자동크린넷 시설공사,세운종합건설 주식회사,3098104765,김태식,239446690,90.173,264559080,9429938,Y,-2.0,2.0,30
R26BK01702771,2026-09-08,경상남도 밀양시,밀양연극교육체험관 건립사업 전기공사,신성전력,6120685522,김기현,835983640,90.403,925468000,59303703,Y,-3.0,3.0,1199
R26BK01711192,2026-09-08,전남광주통합특별시 순천시,소나무재선충병 수종전환사업(별량무풍지구),주식회사 더푸른산림,1998701241,김기호,120415770,90.327,133179000,5751951,Y,-3.0,3.0,17
R26BK01711078,2026-09-08,경상북도 안동시,임동면 수곡~박곡리 군도21호선(산불피해 지역) 급경사지 정비공사,우림건설(주),5018122108,임미향,59304200,90.85,65600000,7026962,Y,-3.0,3.0,142
R26BK01711184,2026-09-08,전남광주통합특별시 순천시,소나무재선충병 수종전환사업(첨산지구),더숲조경 주식회사,2678701980,정진경,70784300,90.382,78569000,3667796,Y,-3.0,3.0,14
R26BK01718277,2026-09-08,한국농어촌공사 경북지역본부 경산청도지사,풍각지구 풍수해생활권종합정비사업 지정폐기물(석면) 해체철거공사,주식회사 일류건설,5088131933,한외국,12000000,91.603,,,,,,1
R26BK01710026,2026-09-08,전남광주통합특별시 여수시,여수산단 교통신호기 개선 및 봉계동 이설공사,주식회사 선두전력,4168179865,서남일,51349393,90.308,56338000,2811855,Y,-3.0,3.0,127
R26BK01710256,2026-09-08,경기도 용인시 수지구,2026년 수지구 교통안전시설물(전기) 유지보수 연간단가공사 2차,매일전기,1350991509,홍대월,90454670,90.339,100000000,5793053,Y,-3.0,3.0,276
R26BK01709088,2026-09-08,어업회사법인오바다푸드팩토리주식회사,2024년 수산물산지거점유통센터(FPC)건립사업 HACCP시설[소방],백운전력 주식회사,5078111292,김용팔,96890268,90.748,106634000,5442752,Y,-3.0,3.0,5
R26BK01706740,2026-09-04,전북특별자치도 순창군,2026년 구림금창 임도구조개량사업,순창군산림조합,4078200115,김정생,29806000,90.621,32861000,1778536,Y,-3.0,3.0,2
R26BK01711136,2026-09-08,충청북도교육청 충청북도제천교육지원청,봉양초 화장실 보수 및 기타 기계설비공사 소액수의 견적 제출 안내,주식회사 제이피정공,1068714593,변승무,152283979,90.396,169293000,8373278,Y,-3.0,3.0,15
R26BK01710738,2026-09-08,부산광역시해운대교육청 해운대여자중학교,해운대여중 특별교실동 화장실개량 전기공사 소액수의 전자견적 공고,주식회사 진성이엔지,8888102862,진창환,20373900,90.302,22448000,1211121,Y,-3.0,3.0,834
R26BK01702653,2026-09-08,관세청 관세국경인재개발원,관세국경인재개발원 급경사지 보강 공사(2차),주식회사 삼보이엔씨,3058121817,김종길,234064050,90.334,259270000,14655770,Y,-2.0,2.0,32
R26BK01700938,2026-09-08,충청남도 천안시,태학산 자연휴양림 확장사업(숲속의집)(전기),주식회사 연희전기산업,5158155229,황관연,373066500,90.438,413510000,27872549,Y,-3.0,3.0,1061
R26BK01711155,2026-09-08,충청북도교육청 충청북도제천교육지원청,제천상고 외 1교(용두초) 화장실 보수 및 기타 기계설비공사 소액수의 견적 제출 안내,우진건설 주식회사,3048127157,이상숙,98944835,90.339,109285000,5430342,Y,-3.0,3.0,15
R26BK01717770,2026-09-08,서울특별시 동부공원여가센터,매헌시민의숲 생물서식처 복원사업,(주)송림원,2148746630,임상규,19000000,90.278,,,,,,1
R26BK01711228,2026-09-08,경상남도 하동군,내수면 부잔교 부유쓰레기 차단시설 설치사업,대한개발공사 주식회사,6738100224,전미옥,25737900,90.399,28340000,1750702,Y,-3.0,3.0,14
R26BK01710768,2026-09-08,경기도 남양주시 공원녹지관리사업소,오남호수공원 산책로 환경개선사업(전기),주식회사 유화전력,6788601806,이정화,24671180,90.164,27461000,1016412,Y,-3.0,3.0,211
R26BK01704598,2026-09-08,서울주택도시개발공사,공공한옥(가회동 11-22 외 1필지) 수선공사,주식회사 공간기록,8668101126,전현우,305912635,90.283,334304000,16842673,Y,-3.0,3.0,710
R26BK01706937,2026-09-08,전북특별자치도 군산시,2026년 남군산로 2권역 가로수 조성사업,유한회사 초지조경,6718601066,조양익,210251361,90.115,236258000,7587147,Y,-3.0,3.0,381
R26BK01708728,2026-09-08,전남광주통합특별시교육청 전남광주통합특별시광주서부교육지원청,대촌중앙초 등 10교 예초 지원사업 공사 수의계약 안내공고,초원조경(주),4098181873,정명하,16641600,89.749,18502000,,Y,-3.0,3.0,128
R26BK01705888,2026-09-08,서울특별시 강북구,정밀안전점검 결과에 따른 2026 도로시설물 보수보강공사,(주)정승건설,2158613659,조인형,488592893,90.356,540980000,31992719,Y,-3.0,3.0,376
R26BK01704696,2026-09-08,부산광역시교육청 부산광역시북부교육지원청,백양중학교 급식실현대화 및 기타 전기공사,(주)원남전기,6028146908,최효원,290269740,90.389,316919000,20040811,Y,-3.0,3.0,840
R26BK01717327,2026-09-08,한국농어촌공사 경남지역본부 밀양지사,한발대비 웅동저수지 송수관로 설치공사,재신건설 주식회사,6098132142,이진,48698000,89.744,,,,,,1
R26BK01704753,2026-09-08,부산광역시교육청 부산광역시북부교육지원청,덕문중학교 등 2교(덕문고) 사택보수 전기공사,대성전력 주식회사,3598102632,이제근,293644600,90.416,323577000,21190235,Y,-3.0,3.0,842
R26BK01705974,2026-09-08,경상남도 밀양시,단장지구 자동우량경보시스템 고도화사업,드림에스앤아이,1466100078,홍현한,187983590,90.018,209792170,5440726,Y,-3.0,3.0,433
R26BK01710531,2026-09-08,충청북도 충주시,충주지방정원조성사업(통신),금강전기산업(주),3038112646,안재환,134747490,90.352,148824000,7926593,Y,-3.0,3.0,38
R26BK01704238,2026-09-08,강원특별자치도 글로벌본부,알펜시아 스포츠파크 정설장비 정비고 신축공사(전기),주식회사 명일이엔지,1218199721,김영화,50085600,90.249,55729000,2716454,Y,-3.0,3.0,1063
R26BK01711194,2026-09-08,경상남도 하동군,적량 군도7호선(관리지구) 선형개량사업,주식회사 우림건설,6138177323,신현희,78963760,90.19,87690000,3733960,Y,-3.0,3.0,20
R26BK01711160,2026-09-08,충청북도교육청 충청북도제천교육지원청,제천상고 외 1교(제천산업고) 화장실 보수 및 기타 전기공사 소액수의 견적 제출 안내,주식회사 이에스전력,7178601528,신승열,20728997,90.326,22753000,1254237,Y,-3.0,3.0,81
R26BK01709077,2026-09-08,어업회사법인오바다푸드팩토리주식회사,2024년 수산물산지거점유통센터(FPC)건립사업 HACCP시설[전기],주식회사 우리기업,4588601819,김민정,340111500,90.251,380050000,18525355,Y,-3.0,3.0,1328
R26BK01710006,2026-09-08,전남광주통합특별시 여수시,삼산면 죽촌 동도로 농로포장공사,진응건설(주),4178102317,백종원,72052100,90.135,79280000,2392058,Y,-3.0,3.0,66
R26BK01711058,2026-09-08,충청북도 청주시,2026년 무심천 자전거전용도로 수해복구공사,주식회사 태현건설,3028113564,이현숙,36756600,90.996,40160000,4804524,Y,-3.0,3.0,136
R26BK01702664,2026-09-08,경상남도 밀양시,밀양아리나 청년연극인쉼터 조성사업 소방공사,주식회사 두인엠이씨,8168100739,최용석,293735900,90.53,329542000,20226326,Y,-3.0,3.0,370
R26BK01718247,2026-09-08,한국농어촌공사 경남지역본부 밀양지사,한발대비 요고저수지 송수관로 설치공사,재신건설 주식회사,6098132142,이진,49252000,89.744,,,,,,1
R26BK01709149,2026-09-08,부산환경공단해운대사업단,2026년 하반기 소각시설 설비별 세정작업,동해인더스트리(주),6078134940,김대우,34490000,96.619,35700000,637766,Y,-3.0,3.0,7
R26BK01716855,2026-09-07,한국농어촌공사 충남지역본부 논산지사,연산8-1 배수지거 정비공사,주식회사 신성건설,4838103119,백영창,19684000,89.815,,,,,,1
R26BK01717558,2026-09-08,산림청 국립자연휴양림관리소,2026년 국립무의도자연휴양림 옥상시설 및 유휴공간 개선사업,산림조합중앙회 북부산림사업본부,2218204593,김성근,325630000,90.0,,,,,,1
R26BK01708964,2026-09-08,양양속초산림조합,2026년 숲가꾸기사업(풀베기 2차)4임반,"주식회사 우드랜드(WOODLAND. CO. , LTD)",2278118439,박병로,43635600,90.005,48645000,546520,Y,-3.0,3.0,7
R26BK01709141,2026-09-08,충청북도 청주시 서원구,2026년 서원구 보안등 신규 설치 공사(3차),주식회사 주온,2068802598,이준철,44008076,90.226,48585000,2279042,Y,-3.0,3.0,401
R26BK01705068,2026-09-08,충청남도 천안시,송골공원 리모델링사업 조경공사,한빛종합건설 주식회사,3058123362,김동환,586430000,90.245,643900000,29435011,Y,-3.0,3.0,85
R26BK01714565,2026-09-08,강원특별자치도,2026년 사방시설 안전조치(강릉 강동 모진),강릉시산림조합,2268200189,이대용,26115800,89.745,,,,,,1
R26BK01710642,2026-09-08,경기도교육청 경기도성남교육지원청,하원초 외 11교 하반기 수목 전정공사,주식회사 거목조경개발,8538100233,김영주,33723100,89.907,37341000,554603,Y,-3.0,3.0,100
R26BK01711218,2026-09-08,대구광역시 북구,2026년 은행나무 열매채취공사(노원로 등 19개 노선),주식회사 해림,7898103375,이준직,51850325,90.311,57580000,3136545,Y,-3.0,3.0,271
R26BK01708169,2026-09-08,재단법인 포항테크노파크,(재)포항테크노파크 본부동 옥상층 도막방수공사,주식회사 황금이엔씨,4628102146,안애선,164418728,90.388,180976000,11085163,Y,-3.0,3.0,46
R26BK01709982,2026-09-08,대구광역시 달서구,2026년 은행나무 열매제거공사,주식회사 거성조경,5028608195,이수인,89215400,90.287,99300000,5199844,Y,-3.0,3.0,271
R26BK01710711,2026-09-08,강원특별자치도 횡성군,횡성읍 생운경로당 그린리모델링 건축공사,주식회사 비전종합건설,4168177528,안희영,60356000,90.271,67200000,2780137,Y,-3.0,3.0,16
R26BK01704512,2026-09-08,서울주택도시개발공사,공공한옥(계동 2-31) 증축 및 수선공사,주식회사 다한다종합건설,2538100490,문양선,307188100,90.234,337700000,16224155,Y,-3.0,3.0,692
R26BK01709267,2026-09-08,서울특별시,수안보연수원 솔숲관 객실 환경개선공사(전기),(주)진광전력,3018197367,강호경,233869228,90.445,261681000,17430630,Y,-3.0,3.0,805
R26BK01708938,2026-09-08,양양속초산림조합,2026년 숲가꾸기사업(풀베기 2차)1임반,주식회사 그린,2268131860,이원철,54041000,90.021,59879000,672643,Y,-3.0,3.0,7
R26BK01696404,2026-09-08,서울주택도시개발공사,홍릉 스타트업 랩 건설공사,신동종합건설(주),5348801586,신익철,3943131376,89.589,4428179000,328963314,Y,-3.0,3.0,696
R26BK01711159,2026-09-08,충청북도교육청 충청북도옥천교육지원청,죽향초 본관 옥상방수 및 기타 전기공사,주식회사 경근이엔씨,4088182729,최경철,37231852,90.503,40931000,2306077,Y,-3.0,3.0,40
R26BK01710936,2026-09-08,강원특별자치도 철원군,"2026년 하반기 차선도색공사(갈말,김화권역)",(자)일정건설,2218107725,임학순,113800226,92.229,125200000,23662358,Y,-3.0,3.0,17
R26BK01710259,2026-09-08,전남광주통합특별시 화순군,[계약대행]2026년 아동양육시설(화순자애원) 엘리베이터 설치공사,한국기술개발 주식회사,4088100144,임형택,188184410,90.221,208871000,9179719,Y,-3.0,3.0,46
R26BK01706107,2026-09-08,경기도 용인시,보평역 일원 노후관 정비공사,해내리토건(주),1248688077,서재형,369863200,91.269,402036000,60178813,Y,-3.0,3.0,1006
R26BK01702035,2026-09-02,주식회사전유산업,2026년 산업계 에너지관리시스템 보급 지원사업_계측·제어인프라 구축 공사_(주)전유산업,주식회사 엔에스솔루션,6538601020,천정희,77009900,100.0,,,,,,2
R26BK01711169,2026-09-08,경상남도 하동군,신기천 재해복구사업(잔여분),대흥건설주식회사,6138131180,황해연,48781950,90.264,54254000,2734407,Y,-3.0,3.0,60
R26BK01709544,2026-09-08,서울특별시,수안보연수원 솔숲관 객실 환경개선공사(통신),주식회사 제이디,4668101528,강영진,104475700,90.7,117051000,7589602,Y,-3.0,3.0,38
R26BK01708950,2026-09-08,양양속초산림조합,2026년 숲가꾸기사업(풀베기 2차)2임반,국토임업개발주식회사,2278112357,김소중,54147700,89.945,60325000,678176,Y,-3.0,3.0,7
R26BK01711175,2026-09-08,충청북도교육청 충청북도옥천교육지원청,동이초 본관 실내환경조성 및 기타 전기공사,서원건설(주),3028108381,이철순,20022500,90.38,21945000,1229681,Y,-3.0,3.0,42
R26BK01702722,2026-09-08,경상남도 밀양시,밀양아리나 청년연극인쉼터 조성사업 전기공사,진광전력(주),6158192131,이상환,438631370,90.431,488624000,32417187,Y,-3.0,3.0,1288
R26BK01710965,2026-09-08,강원특별자치도 철원군,"2026년 하반기 차선도색공사(철원,동송권역)",(자)일정건설,2218107725,임학순,107561029,91.809,118300000,22675596,Y,-3.0,3.0,17
R26BK01710847,2026-09-08,강원특별자치도 철원군,군도1호선(신강포교~전차훈련장) 도로확포장사업,(주)대성에코텍,2248133009,권혁종,3954577800,89.765,4359190000,394530385,Y,-3.0,3.0,509
R26BK01704857,2026-09-04,서울특별시교육청 서울특별시교육청교육시설관리본부,강월초 외 9교 태양광 모니터링 선로 포설공사,주식회사 이맥스시스템,1058665715,이종욱,19690000,90.766,,,,,,1
R26BK01710956,2026-09-08,경기도 구리시,북부간선도로 진입구간 보행환경 개선공사,성진토건(주),1328127042,김종숙,116621720,91.319,128700000,15211825,Y,-3.0,3.0,11
R26BK01701553,2026-09-08,국립공주대학교,국립공주대학교 천안캠퍼스 둘레길 조성사업(2구역),대일레저개발(주),5218601645,김호석,235467126,90.087,258840000,8590559,Y,-2.0,2.0,250
R26BK01701294,2026-09-08,강원특별자치도 원주시,호저면 행정복지센터 및 주민자치센터 신축공사(소방),에스원건설(주),1418108262,김동필,102759000,90.377,112594000,7005166,Y,-3.0,3.0,64
R26BK01710648,2026-09-08,울산광역시강남교육청 무거초등학교,무거초등학교 학교시설 및 교육환경 개선공사 수의계약 안내공고,유한회사 가원,4048112430,제해득,81095433,89.948,89991000,1761975,Y,-3.0,3.0,149
R26BK01715954,2026-09-07,(주)이지켐,2026년 산업계 에너지관리시스템 보급 지원사업_(주)이지켐_계측·제어인프라,주식회사 민애이엔지,3828102461,정연호,119029900,100.0,,,,,,2
R26BK01706475,2026-09-08,경상북도 안동시,남선면 신흥지구(신흥리) 마을기반 정비사업,고은건설(주),5128114608,이성식,492023110,90.6,545620000,45296373,Y,-3.0,3.0,847
R26BK01701751,2026-09-08,강원특별자치도 원주시,호저면 행정복지센터 및 주민자치센터 신축공사(전기),주식회사 우리통일전기소방,6768802555,김현식,545116320,90.402,609173000,38140194,Y,-3.0,3.0,1017
R26BK01708241,2026-09-08,전남광주통합특별시 수목원.정원사업소,2026년 양묘장 유지관리 공사,현대아이엔지건설 주식회사,6478801413,김경수,29226400,89.869,32777000,381225,Y,-3.0,3.0,145
R26BK01709574,2026-09-08,전남광주통합특별시교육청 전남광주통합특별시여수교육지원청,여선중 급식실 부대 시설공사,(주)주영건설,4178128578,강지원,355315951,90.146,399872000,14029387,Y,-3.0,3.0,72
R26BK01716888,2026-09-07,한국농어촌공사 충남지역본부 논산지사,왕암 및 산턱골저수지 제방 잡목제거공사,주식회사 바른조경,3038140574,박정자,19287000,88.839,,,,,,1
R26BK01705836,2026-09-08,경기도 안성시,설동-한실간 도로확포장공사,유창건설주식회사,1358610716,원유명,2489459000,89.472,2791000000,179522266,Y,-3.0,3.0,591
R26BK01717134,2026-09-08,한국지역난방공사 판교지사,판교지사 폐수처리실 오수펌프조 준설공사 시행,티엔제이환경주식회사,6268102639,정인선,13810500,93.0,,,,,,1
R26BK01704417,2026-09-08,전북특별자치도 익산시,익산 문화체육센터 파크골프장 조성사업,청목건설 주식회사,4188107523,박건희,884325500,90.164,976382000,39010060,Y,-3.0,3.0,65
R26BK01711196,2026-09-08,전남광주통합특별시 광산구,무양근린공원 노후시설 정비사업,효림건설 주식회사,2248139449,배상수,83579800,90.191,93296000,3955738,Y,-3.0,3.0,137
R26BK01711074,2026-09-08,전남광주통합특별시 해남군,남창5일시장 환경개선사업,성주종합개발 주식회사,3248100579,김성윤,325368000,90.273,363075000,18436597,Y,-3.0,3.0,32
R26BK01707324,2026-09-08,강원특별자치도 홍천군,2026년 홍천군 내면 율전리 마을쉼터 조성사업,주식회사 금강건설,6138156124,한혜진,39561900,90.613,43167000,1667754,Y,-3.0,3.0,15
R26BK01718382,2026-09-08,함안군산림조합,2026년 덩굴제거사업(가로변),주식회사계림,6088160081,강용중,10110000,89.683,,,,,,1
R26BK01705392,2026-09-08,충청북도 충주시,충주장미산성보축설치공사,주식회사 홍대건설,1878700614,장홍대,308336900,90.349,342787000,14536755,Y,-3.0,3.0,13
R26BK01710295,2026-09-08,전북특별자치도 익산시,2026년 하반기 만경강 산책로 풀깎기 공사,유한회사 신흥건설산업,6378700496,김복환,38941900,89.875,43452000,475768,Y,-3.0,3.0,46
R26BK01710285,2026-09-08,전북특별자치도 익산시,"2026년 하반기 만경강 제방 및 자전거도로 풀깎기 공사 (춘포,화전지구)",(유)산야이앤지,4038152569,김정옥,26580000,89.87,29504000,323044,Y,-3.0,3.0,46
R26BK01710963,2026-09-08,전남광주통합특별시 해남군,송호항권역 어업지원시설 신축공사(통신),주식회사 환경전력,4158153765,김춘단,24283300,90.446,26741000,1562338,Y,-3.0,3.0,17
R26BK01710799,2026-09-08,경상북도 김천시,율곡동 용전교차로 사면정비공사,휴먼조경 주식회사,2368800290,이춘기,458134970,90.475,515000000,22531599,Y,-3.0,3.0,260
R26BK01705671,2026-09-08,동부엔텍 주식회사,광명시 자원회수시설 송풍기 정기 보수공사,주식회사 힉스,1098161787,최철,51823403,90.036,57464000,1174234,Y,-3.0,3.0,28
R26BK01705324,2026-09-08,충청남도 아산시 미래도시관리사업소,2026년 배방(장재리) 공원 하반기 제초사업,아산나무병원조경주식회사,5138173935,장영운,69850200,90.316,77630000,4213366,Y,-3.0,3.0,68
R26BK01705344,2026-09-08,충청남도 아산시 미래도시관리사업소,2026년 동지역(온양1~2동 및 아산문화) 공원 하반기 제초사업,미래조경 주식회사,5128117279,최진영,88269180,90.329,98414000,5362264,Y,-3.0,3.0,68
R26BK01706772,2026-09-08,대구광역시 군위군,봉림2리 봉림천 정비공사,대성건설주식회사,5548702694,김명진,131771120,90.363,145000000,8780386,Y,-3.0,3.0,167
R26BK01706762,2026-09-08,대구광역시 군위군,삼산1리 영위천 정비공사,주식회사 건보건설,7098601513,김동림,132269000,90.331,145000000,8218506,Y,-3.0,3.0,168
R26BK01711198,2026-09-08,경상남도 합천군,해곡세천 (평산리540) 재해복구사업 (2공구),상원건설주식회사,6118106249,백란경,58905400,90.411,64570000,3173384,Y,-3.0,3.0,81
R26BK01705566,2026-09-08,동부엔텍 주식회사,광명시 자원회수시설 소각로 내화물 보수공사,주식회사 케이아이,1388188595,한미선,107115000,90.006,119350000,2505570,Y,-3.0,3.0,13
R26BK01711204,2026-09-08,전남광주통합특별시 광산구,평동로803번길 노후가로등 밝기개선사업,주식회사 골든썬,4098641352,정형렬,64550950,90.019,70770000,1836175,Y,-3.0,3.0,612
R26BK01710252,2026-09-08,전북특별자치도 익산시,2026년 하천유지보수 단가계약(4차),유한회사 세진건설,4118129623,최미옥,5479135,90.182,6027491,252339,Y,-3.0,3.0,86
R26BK01705365,2026-09-08,충청남도 아산시 미래도시관리사업소,2026년 동지역(온양3~6동 및 어린이) 공원 하반기 제초사업,주식회사 다림디자인조경,7178600607,이시영,79061381,90.322,87334000,4764080,Y,-3.0,3.0,68
R26BK01709993,2026-09-08,부산교통공사,노포 모터카선 연장 및 궤도 야적장 정비 공사,가산조경개발,6060619459,조성민,46226600,90.012,50910000,1003084,Y,-3.0,3.0,226
R26BK01711210,2026-09-08,전남광주통합특별시 광산구,임곡교 보수보강공사,밀라트건설 주식회사,5128104167,차재원,180205310,90.199,199177000,8113666,Y,-3.0,3.0,104
R26BK01705434,2026-09-08,충청남도 아산시 미래도시관리사업소,"2026년 인주, 도고, 신창면 공원 하반기 제초사업",대호건설산업(주),3128140001,전병옥,53593040,90.345,60033000,3263357,Y,-3.0,3.0,68
R26BK01706056,2026-09-08,서울교통공사,2026년 3호선 궤도도상개량(대치~학여울) 전기공사(전차선분야),(주)태림전력,1198127694,신시호,114396271,90.427,126100000,7792718,Y,-3.0,3.0,34
R26BK01705465,2026-09-08,동부엔텍 주식회사,광명시 자원회수시설 반응흡수탑 보수공사,주식회사 승진이엔씨,1408191981,이상철,177802990,90.314,199452000,3789128,Y,-3.0,3.0,30
R26BK01704239,2026-09-08,조달청 대전지방조달청,IITP 본관 사무실 환경개선 정보통신공사,주식회사 대원정보기술,3058174124,이상윤,213502350,90.439,235394000,15791042,Y,-2.0,2.0,316
R26BK01711200,2026-09-08,전남광주통합특별시 광산구,이야기꽃도서관 시설물 보수보강공사,주식회사 진송이엔씨,8798803662,한흥섭,39605335,90.279,43856000,2285415,Y,-3.0,3.0,240
R26BK01705526,2026-09-08,동부엔텍 주식회사,광명시 자원회수시설 여과집진기 보수공사,주식회사 이에스엘,3128174253,송석재,130770700,90.05,145112000,3161770,Y,-3.0,3.0,29
R26BK01705307,2026-09-08,충청남도 아산시 미래도시관리사업소,"2026년 배방탕정(공수, 갈산)공원 하반기 제초사업",주식회사 로앤그린,7328103404,박미진,68787080,90.317,76362000,4144994,Y,-3.0,3.0,68
R26BK01705405,2026-09-08,충청남도 아산시 미래도시관리사업소,2026년 둔포면 공원 하반기 제초사업,청송조경건설(주),3128135584,박원근,82450026,90.381,90870000,4937282,Y,-3.0,3.0,68
R26BK01705273,2026-09-08,충청남도 아산시 미래도시관리사업소,2026년 탕정3공구 공원 하반기 제초사업,주식회사 순안,5088121376,차혜정,67178800,90.304,74228000,4028760,Y,-3.0,3.0,68
R26BK01707436,2026-09-08,대구광역시 군위군,군위전통시장 상인회사무실 상부 증축공사,태석건설 주식회사,5148146635,권기석,383842700,90.224,426564000,19537650,Y,-3.0,3.0,435
R26BK01705369,2026-09-08,동부엔텍 주식회사,광명시 자원회수시설 소각로 정기 보수공사,주식회사 거산이앤지,1088178489,이용철,117402150,90.037,131076000,2719489,Y,-3.0,3.0,29
R26BK01704224,2026-09-08,조달청 대전지방조달청,IITP 본관 사무실 환경개선 전기공사,성광전력(주),3148640977,이동욱,239028400,90.451,264434000,18158737,Y,-2.0,2.0,535
R26BK01703699,2026-09-08,조달청 대구지방조달청,신성지구 배수개선사업 전기공사,명진전력(주),1218134276,장영근,541259666,90.394,595573000,37925646,Y,-2.0,2.0,1365
R26BK01711166,2026-09-08,전북특별자치도 장수군,공사수의견적공고-누리파크 요리 체험장 리모델링 (통신)공사 수의계약 안내공고,유한회사 대명티앤에스,4678601467,김상희,24168323,90.515,26730000,1613944,Y,-3.0,3.0,5
R26BK01708671,2026-09-08,경상북도 포항시 맑은물사업소,"2026년 포항정수장 시설 보수공사(유강, 공단)",이화건설 주식회사,1258123766,김동현,83311000,90.225,91610000,4099227,Y,-3.0,3.0,122
R26BK01711118,2026-09-08,경상북도 안동시,시내버스 승강장(미세먼지쉼터) 설치공사,명호건설(주),5088127439,김용만,44338960,89.993,49950000,945131,Y,-3.0,3.0,73
R26BK01705288,2026-09-08,충청남도 아산시 미래도시관리사업소,2026년 동부권 어린이공원 및 음봉 공원 하반기 제초사업,남산조경주식회사,6038601312,이동준,39000000,95.88,39900000,2165603,Y,-3.0,3.0,68
R26BK01706263,2026-09-08,서울교통공사,"2026년 1,  2호선 강북구간 궤도시설 보수보강공사에 따른 신호설비공사",금호이엔지 주식회사,2098160768,김승규,157526380,90.745,173276920,13760626,Y,-3.0,3.0,12
R26BK01710497,2026-09-08,전남광주통합특별시 광산구,원임곡고가교 하부도로 개선공사,(주)삼호토건,4108647263,이차용,41266000,90.233,45298000,1946772,Y,-3.0,3.0,134
R26BK01706146,2026-09-08,우주항공청 국가위성운영센터,국가위성운영센터 중요장비실 가스소화설비 설치,주식회사장원전기조명,1228625907,이태금,153722199,90.128,171292000,6081933,Y,-2.0,2.0,218
R26BK01705395,2026-09-08,한국기계연구원,L5동 후면 주차장 S8동 및 S9동 옥상 태양광발전설비 설치 전기공사,대덕기전,3051684401,도형환,165492470,90.179,182292687,7699619,Y,-2.0,2.0,537
R26BK01705250,2026-09-08,충청남도 아산시 미래도시관리사업소,"2026년 배방4공구(세교, 휴대리) 공원 하반기 제초사업",정진건설조경 주식회사,2388703428,전순영,78076977,90.321,86438000,4691975,Y,-3.0,3.0,68
R26BK01711073,2026-09-08,경기도 평택시,객사리 179-2번지 일원 보도정비공사,티에스건설주식회사,3148122294,김경미,151996600,90.488,166562000,8747932,Y,-3.0,3.0,48
R26BK01718282,2026-09-08,한국농어촌공사 경남지역본부 밀양지사,한발대비 서가정저수지 간이양수장 외 2개소 보강공사,진보건설주식회사,6088168273,이외순,13426000,89.745,,,,,,1
R26BK01718653,2026-09-08,경상남도 양산시,2026년 하반기 생활권 주변 소나무재선충병 위험목 정비사업(서부지구),주식회사 아마존,6108635687,이은영,69017000,90.999,,,,,,1
R26BK01710440,2026-09-08,경기도 화성시 맑은물사업소,남양읍 신남리 1511번지 일원 우수관로 정비공사,(주)동남이엔지,1248626993,심은선,152423982,91.091,169210000,21183423,Y,-3.0,3.0,97
R26BK01715521,2026-09-08,경기도 용인시 처인구,이동 평온의 숲 진입로 재포장공사,(주)삼에스건설,1248640452,김명신,44991000,90.0,,,,,,1
R26BK01718522,2026-09-08,경상남도 양산시,2026년 하반기 생활권 주변 소나무재선충병 위험목 정비사업(동남부지구),주식회사 산림법인에코트리,6158610833,김영식,67784000,90.998,,,,,,1
R26BK01718561,2026-09-08,경상남도 양산시,2026년 하반기 생활권 주변 소나무재선충병 위험목 정비사업(동부지구),주식회사 태성산림,6218184602,류근배,68512000,90.999,,,,,,1
R26BK01718350,2026-09-08,한국농어촌공사 경남지역본부 밀양지사,한발대비 숭진저수지 송수관로(2차) 설치공사,(주)바우테크,5138109597,송석민,18974000,89.745,,,,,,1
R26BK01718680,2026-09-08,경상남도 양산시,2026년 하반기 생활권 주변 소나무재선충병 위험목 정비사업(서중부지구),주식회사 웰우드,4108656379,신소연,63700000,91.0,,,,,,1
R26BK01706887,2026-09-08,충청남도 홍성군,2026년 신설임도 보완사업(녹화),한수플라워,2955100240,이영미,82929984,90.314,92178000,4935464,Y,-3.0,3.0,47
R26BK01706439,2026-09-08,충청남도 공주시,유구읍 직물폐공장 문화예술공간 조성부지 석면 철거공사,성우건설 주식회사,1328198488,김대한,129625949,90.729,143912000,9476551,Y,-3.0,3.0,9
R26BK01711229,2026-09-08,대구광역시 북구,2026년 은행나무 열매채취공사(서변로 등 10개 노선),주식회사 스카이건설,4338601090,강미애,59852785,90.307,66367000,3617130,Y,-3.0,3.0,270
R26BK01711222,2026-09-08,대구광역시 북구,2026년 은행나무 열매채취공사(구암로 등 21개 노선),주식회사 네이처건설,1678603134,배상혁,57179000,90.305,63000000,3434680,Y,-3.0,3.0,271
R26BK01707915,2026-09-08,국토교통부 익산지방국토관리청 순천국토관리사무소,국도2호선 장흥 부춘교 시설물 보수공사,(주)태성기술개발,4098626569,김종국,329059000,90.357,362428000,21666945,Y,-2.0,2.0,508
R26BK01704780,2026-09-08,인천광역시 경제자유구역청,청라의료복합타운 북측도로(대2-95호선) 정비공사(전기),주식회사 월드인텍,1228644239,김활란,475821931,90.36,520982000,31584708,Y,-3.0,3.0,728
R26BK01718368,2026-09-08,한국농어촌공사 경남지역본부 밀양지사,한발대비 파서2구역 송수관로 설치공사,주식회사 백석건설,3268100920,허영규,19717400,89.744,,,,,,1
R26BK01718506,2026-09-08,한국농어촌공사 경기지역본부 양평.광주.서울지사,하남상가 신상가 옥상방수공사,주식회사엔지디,4268702725,김승우,43313600,92.0,,,,,,1
R26BK01718575,2026-09-08,경상남도 양산시,2026년 하반기 생활권 주변 소나무재선충병 위험목 정비사업(동중부지구),주식회사아름다운,6218155728,박명숙,67625000,90.999,,,,,,1
R26BK01710054,2026-09-08,경기도 오산시,원1저수지 제방 그라우팅 공사,장우건설(주),1248154378,권오철,78169000,90.088,86518000,1781435,Y,-3.0,3.0,12
R26BK01705247,2026-09-08,한국도로교통공단 남부운전면허시험장,남부운전면허시험장 본관 화장실 환경개선 공사 소액수의 견적입찰,주식회사 제이디스,1158600999,조석준,60437188,89.946,66759000,1310672,Y,-2.0,2.0,489
R26BK01718613,2026-09-08,경상남도 양산시,2026년 하반기 생활권 주변 소나무재선충병 위험목 정비사업(북부지구),주식회사우양,6218168844,김현수,69757000,90.998,,,,,,1
R26BK01718631,2026-09-08,경상남도 양산시,2026년 하반기 생활권 주변 소나무재선충병 위험목 정비사업(서남부지구),주식회사더숲,2678102143,김은하,68128000,90.998,,,,,,1
R26BK01704350,2026-09-08,제주특별자치도 제주시 애월읍,(입찰대행)납읍리 경로당 증축 및 리모델링 공사,주식회사 대웅건설,6168127972,김태문,262460000,90.303,285389000,12949730,Y,-3.0,3.0,297
R26BK01717900,2026-09-08,서울교통공사,남부터미널역 스마트팜 출입구 누수 보완공사,유비건설주식회사,2118855476,이재옥,17270000,100.0,,,,,,1
R26BK01710784,2026-09-08,강원특별자치도 횡성군,횡성읍 영영포리경로당 그린리모델링 건축공사,주식회사 시현종합건설,7718703643,김시현,115439420,90.272,128306000,6098107,Y,-3.0,3.0,16
R26BK01703744,2026-09-08,경기도 경기도건설본부,2026년 여주시 국지도 및 지방도 상시보수공사 단가계약 2차,대옥건설주식회사,1268192738,김재성,178707350,90.245,197731000,9637101,Y,-3.0,3.0,33
R26BK01704086,2026-09-08,강원특별자치도 화천군,2026년 지방하천(간척천) 하천정비사업(간척리 843-1번지 일원),미림에코솔루션 주식회사,6978801155,안병회,53285230,90.01,59060000,1448155,Y,-3.0,3.0,18
R26BK01704071,2026-09-08,강원특별자치도 화천군,2026년 소하천(광산교) 유지보수사업(명월리 247-3번지 일원),산수산업 주식회사,5158801950,김영진,33086000,90.735,36152000,3021551,Y,-3.0,3.0,39
R26BK01704082,2026-09-08,강원특별자치도 화천군,2026년 지방하천(간척천) 하도정비사업(유촌리 24-2번지 일원),(합)상록토건,2218117198,김성영,163054450,90.476,183320000,3265941,Y,-3.0,3.0,18
R26BK01708858,2026-09-08,경상남도 김해시,삼계정수장 정수지  태양광 발전설비 설치공사,주식회사 엠씨전력,3398800532,문운찬,155986900,90.253,173833000,8346367,Y,-3.0,3.0,151
R26BK01691376,2026-09-08,한국광해광업공단,상동광산 광물찌꺼기저장시설 개보수사업,(주)소암컨설턴트,3148153064,김중열,1120090000,89.443,1250740000,75819420,Y,-2.0,2.0,10
R26BK01710681,2026-09-08,강원특별자치도 횡성군,횡성읍 내지리경로당 그린리모델링 기계공사,주식회사삼우이엔지,5898102780,김태은,24148375,90.197,26971000,961239,Y,-3.0,3.0,9
R26BK01704021,2026-09-08,중부대학교 중부대학교고양캠퍼스,(긴급 )[2026년 경기도 앵커 (RISE)사업]창의캠퍼스  RISE 사업 운영 공간 및 실습실 구축을 위한 환경개선 실내건축 공사,(주)은성이앤씨,2208119612,윤은옥,146000000,99.265,,,,,,2
R26BK01704065,2026-09-08,강원특별자치도 화천군,2026년 소하천(동막천) 소교량 가설공사(오음리 230번지 일원),제이에이치주식회사,2228112027,김진형,68100700,90.405,75490000,4738138,Y,-3.0,3.0,39
R26BK01706464,2026-09-08,거제해양관광개발공사,거제시 소각시설 SCR BY-PASS DUCT 교체공사,한일지하수모타펌프,6120295018,심명섭,165638700,90.746,181071000,11526589,Y,-3.0,3.0,19
R26BK01708978,2026-09-08,경상남도 의령군,의령군 의회청사 승강기 설치공사(건축),대림개발 주식회사,5148123234,하원이,125481000,90.231,140217000,6436445,Y,-3.0,3.0,11
R26BK01704075,2026-09-08,강원특별자치도 화천군,2026년 소하천(햇골천) 유지보수사업(사창리 258-8번지 일원),화성건설 주식회사,2048145613,박병규,91856000,90.355,101222000,5880371,Y,-3.0,3.0,31
R26BK01708873,2026-09-08,경상남도 김해시,대감배수장 노후 수전설비 교체사업 건축공사(구조보강공사),주식회사 주원에너지,6058169540,이다건,50579165,90.056,55726000,1010828,Y,-3.0,3.0,63
R26BK01719015,2026-09-08,경기도 이천시,산촌 중계펌프장 오수(원형)맨홀 인상공사,주식회사 태경건설,3158800633,박정화,44837100,90.0,,,,,,1
R26BK01709128,2026-09-08,전남광주통합특별시 고흥군,우주발사체 복합문화센터 문화공간(1층) 인테리어 공사,지에스건설 주식회사,4168191520,박준석,116732000,99.16,116732000,3063360,Y,-3.0,3.0,10
R26BK01703716,2026-09-08,국토교통부 부산지방국토관리청 김해국토관리사무소,국도35호선 용연교 시설물 보수공사,유한회사 신흥건설,4038126324,권성근,709482250,90.412,790350000,51068571,Y,-2.0,2.0,333
R26BK01706847,2026-09-08,터보파워텍(주),소음저감 보강공사,대호종합건설 주식회사,7018702887,김종민,42800000,99.493,42900000,108870,Y,-2.0,2.0,12
R26BK01703082,2026-09-08,독립기념관,관람동선 화장실 증축 및 리모델링 공사,대승종합건설주식회사,3128625155,정재원,645146700,90.374,709895000,43529257,Y,-2.0,2.0,89
R26BK01717954,2026-09-08,서울특별시 농업기술센터,서울특별시농업기술센터 3층 옥상 바닥 방수 보강 공사,(주)아키텍건설,1078776364,이은주,25042000,95.0,,,,,,1
R26BK01710480,2026-09-08,충청북도 도로관리사업소 남부지소,옥천 궁촌도로(지방도505호선) 유지보수공사,태훈건설 주식회사,2418801160,윤영숙,158329520,90.679,176520000,15011198,Y,-3.0,3.0,30
R26BK01712241,2026-09-04,주식회사삼화기업,2026년 산업계 에너지관리시스템 보급 지원사업_(주)삼화기업_계측·제어인프라,주식회사 민애이엔지,3828102461,정연호,78624700,100.0,,,,,,2
R26BK01703812,2026-09-04,삼보모터스주식회사,2026년 산업계 에너지관리시스템 보급 지원사업_계측인프라 구축 공사_삼보모터스(주),주식회사 엔에스솔루션,6538601020,천정희,169419800,100.0,,,,,,1
R26BK01717899,2026-09-08,국립청주해양과학관,국립청주해양과학관 독서 및 휴게공간 조성,(주)예람,3018161097,민지현,35000000,100.0,,,,,,1
R26BK01716874,2026-09-09,서울특별시 서울아리수본부 북부수도사업소,청사 본관 오수·하수 배관 교체 공사,(주)퍼스트종합건설,6178628697,김은영,20691000,97.938,,,,,,1
R26BK01706159,2026-09-08,(재)한국조선해양기자재연구원,대체연료본부 해양환경센터(거제) 외벽 보수공사,주식회사 용진,6138146081,김연호,601548340,90.301,663894000,29619011,Y,-2.0,2.0,72
R26BK01715309,2026-09-08,한국지역난방공사 동탄지사,FGC(연료압축기) 통신장치 이설공사,주식회사 시소,5608101780,김진관,5328400,,,,,,,1
R26BK01718309,2026-09-09,한국농어촌공사 경남지역본부 밀양지사,2026년 한해대비 마흘저수지 취수문 정비공사,진성수기,6150893684,나창균,19724000,89.744,,,,,,1
R26BK01712816,2026-09-09,경상남도 진주시,2026 진주국제농식품박람회 전시장 임시 전기시설 설치공사,주식회사 유성전기,1328189373,오기정,78817130,90.008,89000000,1544527,Y,-3.0,3.0,155
R26BK01702846,2026-09-09,경상남도교육청 경상남도진주교육지원청,"가좌초등학교 외 2교(문산초등학교, 서진초등학교) 옥상방수공사 입찰 공고",승진건설 주식회사,6098140190,서호상,295717950,90.405,326975000,20866305,Y,-3.0,3.0,347
R26BK01712217,2026-09-09,국토교통부 부산지방국토관리청 진주국토관리사무소,국도33호선 양전IC교 등 5개소 시설물 보수공사,주식회사 한마토건,7258600331,김영규,258671085,91.218,282500000,40702000,Y,-2.0,2.0,746
R26BK01712873,2026-09-09,충청북도교육청,단재교육연수원 단재관 강당 보수공사 수의계약 견적제출 안내 공고,림디자인 주식회사,2338800326,차동하,26783366,90.197,29590000,1311586,Y,-3.0,3.0,232
R26BK01712303,2026-09-09,경기도 동두천시,"아동보호전문기관 설치공사(건축,기계)",주식회사 재진산업개발,1198158391,곽민주,238108500,91.108,259350000,12824632,Y,-3.0,3.0,3
R26BK01717130,2026-09-09,주식회사 원태,2026년 산업계 에너지관리시스템 보급 지원사업_(주)원태_계측·제어인프라,주식회사 민애이엔지,3828102461,정연호,125187700,100.0,,,,,,2
R26BK01711838,2026-09-09,한국농어촌공사 경기지역본부,고양권역 농업에너지이용효율화사업 기계설비공사,주식회사 동광씨앤에스,1348197976,김경식,274674080,90.244,303556000,14761840,Y,-2.0,2.0,689
R26BK01707502,2026-09-09,경상남도 거제시,소동천 긴급복구공사,주식회사 삼양건설,6128116319,김점수,153351887,90.558,167355540,10815417,Y,-3.0,3.0,41
R26BK01712185,2026-09-09,부산광역시교육청 부산광역시동래교육지원청,창신초등학교 옥상방수 및 기타공사,주식회사 제이제이이엔지,1488700074,한수민,142417860,90.322,159269000,8519402,Y,-3.0,3.0,229
R26BK01707501,2026-09-09,한국농어촌공사 경기지역본부 김포지사,동을산지구 태양광발전사업 전기공사,미래전기 주식회사,5908701293,박길수,455521983,90.201,505160000,22449025,Y,-2.0,2.0,534
R26BK01698892,2026-09-09,강원특별자치도 동해시 상하수도사업소,지방상수도 현대화사업 이원정수장 이전·개량사업(1단계 : 통합송수관로) 전기방식공사,(주)태경,2218135124,이경열,310465770,91.554,343029220,16365941,Y,-3.0,3.0,4
R26BK01711441,2026-09-09,경기도교육청 경기도성남교육지원청,금빛초 외 11교 하반기 수목 전정 공사,주식회사 문일종합관리,1298127143,신희남,43018600,89.915,47549000,708476,Y,-3.0,3.0,103
R26BK01707130,2026-09-09,서울특별시 강동구,밤송이 유아숲 체험원 정비공사,서울시산림조합,2198201782,박인규,304992900,90.528,339767000,14642063,Y,-3.0,3.0,5
R26BK01712459,2026-09-09,국토교통부 부산지방국토관리청 진주국토관리사무소,국도33호선 관동교 시설물 개선공사,주식회사 비앤비건설,6098184918,석우택,287243865,90.576,315000000,25641953,Y,-2.0,2.0,473
R26BK01712398,2026-09-09,대전광역시 동구,관동묘려 문간채 등 보수정비,여원건설 주식회사,3168126490,노재은,61140900,90.239,68200000,3140625,Y,-3.0,3.0,40
R26BK01705997,2026-09-09,강원특별자치도교육청 강원특별자치도태백교육지원청,태백초 교사2동 외벽보수 및 내진보강공사,(주)창조,2218116239,남궁탁,562721349,90.606,627020000,37960889,Y,-3.0,3.0,59
R26BK01707479,2026-09-09,경상남도 거제시,송진포항 외 2개소 복합다기능 부잔교 설치공사,주식회사 제이제이건설,6128130965,장재석,95862941,90.137,106971000,3415596,Y,-3.0,3.0,26
R26BK01713014,2026-09-09,충청북도교육청 충청북도제천교육지원청,제천상고 화장실 보수 공사 소액수의 견적 제출 안내,주식회사 더조은,8548801592,조민균,29326630,90.364,32384000,1636962,Y,-3.0,3.0,16
R26BK01706976,2026-09-09,서울시설공단,강동공영차고지 석면해체제거 및 마감공사,주식회사 다옴산업개발,4168193659,김경진,156474910,90.749,174317000,10822051,Y,-3.0,3.0,18
R26BK01713103,2026-09-09,경상북도 청도군,안산1리기살들농로및수로설치공사,주식회사 영지건설,1968701510,우경일,71992500,90.426,78600000,4537572,Y,-3.0,3.0,39
R26BK01707644,2026-09-09,제주특별자치도,신창항외 1개소 공공 요트계류시설 보수보강공사,대원종합건설주식회사,6168113032,김택주,259858000,90.178,285000000,11652786,Y,-3.0,3.0,198
R26BK01708497,2026-09-09,경상남도 거제시,2026년 산불예방 숲가꾸기사업(석유시설),주식회사 송담,3168129274,최진호,176406300,90.175,193558000,8155116,Y,-3.0,3.0,138
R26BK01712175,2026-09-09,경기도 광명시,현대어린이공원 개선공사,주식회사 파크조경,5598800873,박선주,37112920,90.451,41470000,2098956,Y,-3.0,3.0,16
R26BK01713109,2026-09-09,충청북도교육청 충청북도제천교육지원청,제천동중 샌드위치패널 해소 및 기타공사 소액수의 견적 제출 안내,대륙산업(주),3048121982,이미원,148626840,90.524,165037000,9861533,Y,-3.0,3.0,20
R26BK01711995,2026-09-09,경기도 광명시,2026년 광명시 요철맨홀 누수복구공사(단가계약),에스알포장건설(주),1308195772,전찬영,72223000,90.26,80000000,2573584,Y,-3.0,3.0,12
R26BK01710826,2026-09-09,인천광역시 계양구,계양구노인복지관 환경개선 지원 사업 건축공사(천장설치),비엘건설(주),4918803050,박귀란,125012600,90.383,138655000,8474080,Y,-3.0,3.0,303
R26BK01710318,2026-09-09,국립공원공단 다도해해상국립공원서부사무소,2026년 관매도 해안사구 침식지(소하천) 복원 공사,주식회사 백두산업개발,8268701440,황인철,105503000,90.13,116388000,4287421,Y,-2.0,2.0,701
R26BK01708261,2026-09-09,충청북도교육청 충청북도음성교육지원청,동성고 교실 증축  소방공사,주식회사 진정보,3178122949,김소진,236458670,90.276,263307000,13342446,Y,-3.0,3.0,216
R26BK01708808,2026-09-09,충청북도교육청 충청북도옥천교육지원청,동이초 본관 실내환경조성 및 기타공사,(주)퍼스트건설,3048116586,최김해,328571738,90.098,364793000,12337341,Y,-3.0,3.0,45
R26BK01712943,2026-09-09,경상북도 영주시,남악정 보수공사(민간입찰대행),태창종합건설 주식회사,5138122080,이주돈,82295800,90.499,90708000,5303580,Y,-3.0,3.0,5
R26BK01712160,2026-09-09,국토교통부 부산지방국토관리청 진주국토관리사무소,국도20호선 봉두교 등 5개소 시설물 보수공사,대호건설 주식회사,1708100201,김현재,257827280,91.43,285000000,45749095,Y,-2.0,2.0,746
R26BK01707902,2026-09-09,서울특별시 용산구,(긴급)문화체육센터 노후설비 교체공사(소방),태성전기통신(주),2018147460,이덕우,117656149,89.968,132014000,2809710,Y,-3.0,3.0,640
R26BK01708866,2026-09-09,한국환경보전원,2026년 왕피천유역 지장물 철거공사,대림산업(주),5058112975,이경호,85493110,90.394,95570000,5223830,Y,-2.0,2.0,241
R26BK01708444,2026-09-09,울산광역시 북구,하천구역 내(동천 등 13개소) 불법점용시설 철거공사(농소권),강산토건 주식회사,6958800669,제주선,266445310,90.335,292160000,16460661,Y,-3.0,3.0,76
R26BK01711133,2026-09-09,경상북도 청도군,매전면송원리세천수해복구공사,태성개발(주),3318802953,남태동,116349800,90.639,128890000,8032254,Y,-3.0,3.0,27
R26BK01712762,2026-09-09,경상북도 경주시 맑은물사업본부,감포4리 고대안마을 상수도 보급공사(4차),한서건설(주),5058111748,김한서,156103900,90.973,170910000,19682447,Y,-3.0,3.0,46
R26BK01707795,2026-09-09,충청북도교육청 충청북도음성교육지원청,동성고 교실 증축 통신공사,하나통신,3031322941,길은경,210394940,90.4,235070000,14312847,Y,-3.0,3.0,347
R26BK01706076,2026-09-09,강원특별자치도 춘천시 농업기술센터,(입찰대행) 2026년 딸기 안정생산 기반조성 지원사업(천창개폐시설 및 쿨네트 설치 공사),(주)대동산업,2218114361,오석제,360817500,90.196,399350000,17565415,Y,-3.0,3.0,413
R26BK01708189,2026-09-09,서울특별시교육청 서울특별시동부교육지원청,[긴급]성일중 담장개선공사,한산건설주식회사,7308101171,김정현,100147200,90.138,111298000,4212912,Y,-3.0,3.0,529
R26BK01702156,2026-09-04,(주)현대포리텍 김해,2026년 산업계 에너지관리시스템 보급 지원사업_계측·제어인프라 구축 공사_(주)현대포리텍 김해,주식회사 엔에스솔루션,6538601020,천정희,77006600,100.0,,,,,,1
R26BK01701615,2026-09-09,부산대학교 산학협력단,휴머노이드후각디스플레이센터 바이오파운더리 연구시설 건축공사,강림종합건설 주식회사,1088116315,차은봉,745203600,90.201,821062000,36633165,Y,-2.0,2.0,764
R26BK01710623,2026-09-09,전남광주통합특별시 북구,2026년 빈집 철거 정비사업,(주)보현건설,4088129888,한용옥,113922940,90.27,125664000,6348440,Y,-3.0,3.0,50
R26BK01712936,2026-09-09,경상북도 포항시,중앙동 통양포 경로당 신축공사(건축),주식회사 덕산,4938102290,최광목,239980210,90.365,264550000,15832959,Y,-3.0,3.0,108
R26BK01712261,2026-09-09,국토교통부 부산지방국토관리청 진주국토관리사무소,국도33호선 신월교 등 3개소 시설물 보수공사,(주)금봉건설,6138142917,강윤주,297441800,91.115,328000000,43571265,Y,-2.0,2.0,733
R26BK01705615,2026-09-09,경기도 고양시,주교배수지 증설 및 송수관로 안정화공사 전기방식공사,삼상이엔지 주식회사,1248128623,김은수,267586991,90.137,296241000,11322870,Y,-3.0,3.0,3493
R26BK01709052,2026-09-09,경상남도교육청 경상남도진주교육지원청,폐)반성초등학교 남산분교장 석면철거공사 수의계약 안내 공고,주식회사 그린환경,6138150358,김홍연,12200250,89.848,13596000,,Y,-3.0,3.0,25
R26BK01708077,2026-09-09,경상북도 경주시,경주 분황사지 종무소 건립공사,주식회사 세왕종합건설,5028169561,김상해,232260000,90.35,259000000,9931687,Y,-3.0,3.0,53
R26BK01712176,2026-09-09,경상남도 고성군 고성읍,신부마을 재해위험요인 제거 사업 소액수의 견적제출 공고,공룡건설 주식회사,4088160900,김주헌,27580910,90.19,30350000,1242759,Y,-3.0,3.0,42
R26BK01708405,2026-09-09,울산광역시 북구,미포국가산단 간선도로 내 오수관로 부설공사,주식회사 삼현이앤씨,8578800874,김종국,207028578,91.428,228040000,36789970,Y,-3.0,3.0,140
R26BK01710008,2026-09-09,경상남도 거제시,연초면 신우마을 방범용 CCTV 교체공사,일성정보통신,6120175747,장길호,60542300,90.082,67904100,794866,Y,-3.0,3.0,19
R26BK01707246,2026-09-09,한국폴리텍대학반도체융합캠퍼스,한국폴리텍대학 반도체융합캠퍼스 학생회관 증축 소방공사(장기계속공사),주식회사 티움코리아,1198685476,장유진,111301131,90.367,122463000,7470304,Y,-2.0,2.0,1163
R26BK01712035,2026-09-09,경상남도 창원시 마산회원구,내서 안성마을 도시계획도로(소로2-31호선) 개설공사,주식회사 이산건설,4548101146,송희숙,90474550,90.796,99750000,10174836,Y,-3.0,3.0,101
R26BK01710851,2026-09-09,경기도교육청 경기도시흥교육지원청,배곧새봄유 외벽 방수공사 2인 이상 견적제출 수의계약 안내공고,(주)성창알앤에스,7418602419,신명숙,76954960,90.141,85880000,1490678,Y,-3.0,3.0,32
R26BK01660950,2026-09-09,조달청 광주지방조달청,거금대교 등 18개교 교통정보 전광시설물 보수공사,건영전기(주),4178120877,김병곤,659051660,90.102,732689000,25488067,Y,-2.0,2.0,1036
R26BK01687430,2026-09-09,경상북도교육청 포항제철공업고등학교,포항제철공업고등학교  웅지료 소방시설 개선 공사,주식회사영진,3078147356,이현섭,1179339460,89.226,1316227000,55030300,Y,-3.0,3.0,338
R26BK01706753,2026-09-09,충청북도교육청 충청북도음성교육지원청,동성고 교실 증축 전기공사,우성전력,3040980554,권혁인,814716349,90.328,896720000,51135163,Y,-3.0,3.0,740
R26BK01711336,2026-09-09,대전광역시교육청,대전학생해양수련원 내진보강 및 기타 전기공사 수의계약 견적제출 안내공고,주식회사 놀뫼기업,3078146279,조옥연,26373500,90.274,28952000,1505024,Y,-3.0,3.0,965
R26BK01704768,2026-09-09,경상남도 거창군 남하면,월곡양수장 노후 송수관로 정비공사,동아건설 주식회사,6118126546,이주진,117755000,90.32,130080000,6918581,Y,-3.0,3.0,24
R26BK01707547,2026-09-09,경상남도 함양군,서상소하천 정비사업,도영산업 주식회사,6138136676,이종도,589916890,90.576,660650000,51899095,Y,-3.0,3.0,790
R26BK01707540,2026-09-09,경상남도 함양군,서상 생활체육공원 조성사업（건축，기계공사）,티에스건설 주식회사,7818803083,강태규,502096985,90.338,550783000,32089126,Y,-3.0,3.0,771
R26BK01710459,2026-09-09,서울주택도시개발공사,2026년 하반기 재도장공사(마장SH빌 외 2개단지),주식회사 케이엔지기업,2048647839,임정진,1167129497,89.538,1295026000,91798025,Y,-3.0,3.0,431
R26BK01702677,2026-09-09,조달청 광주지방조달청,한국폴리텍대학 전력기술교육원 복지관 증축 공사(소방) 계약,주식회사 이남성,4118150937,김경아,153858300,90.392,171597000,10721245,Y,-2.0,2.0,509
R26BK01709712,2026-09-08,(주)모팜,2026년 산업계에너지관리시스템보급지원사업 인프라공사,(주)유씨네트웍스,6058627147,이수빈,74839600,100.0,,,,,,2
R26BK01711557,2026-09-09,해양경찰청 동해지방해양경찰청 동해해양경찰서,동해해양경찰서 묵호파출소 (구)청사 환경개선공사(건축),(주)예건인테리어,2228113405,박춘목,68963866,90.251,76867000,3342559,Y,-2.0,2.0,19
R26BK01699518,2026-09-09,부산대학교 산학협력단,휴머노이드후각디스플레이센터 바이오파운더리 연구시설 전기공사,주식회사 혜광전기감리,6158150257,최봉호,271283576,90.364,298925000,18107841,Y,-2.0,2.0,1268
R26BK01710175,2026-09-09,서울교통공사,"[실적제한]2026년 3,  4호선 노후레일 교환공사에 따른 신호설비공사",태승전력주식회사,2108146320,김태민,40508030,90.571,45061350,2800509,Y,-3.0,3.0,30
R26BK01709766,2026-09-09,강원특별자치도교육청 강원특별자치도속초양양교육지원청,2026년 2권역(강현초 외 14교) 수목전정 및 벌목공사,푸른조경건설 주식회사,2278117672,최세희,76171000,90.251,84480000,3892872,Y,-3.0,3.0,25
R26BK01704706,2026-09-09,제주특별자치도개발공사,마음에온 서귀1차 소방시설공사,주식회사 세경,6168108882,서창덕,444410000,90.34,495951000,28345264,Y,-3.0,3.0,91
R26BK01693729,2026-09-09,충청남도 서천군,서천군 유소년 축구장 관리동 건립공사(건축),천공종합건설 주식회사,3128155955,최광현,1021272000,89.22,1145709000,48320438,Y,-3.0,3.0,457
R26BK01711752,2026-09-09,서울특별시교육청 서울특별시서부교육지원청,[긴급]서울북가좌초 다목적강당 방수공사 전자입찰 공고,우리피앤씨건설주식회사,3068129340,강준호,74449970,89.943,83094000,1592677,Y,-3.0,3.0,348
R26BK01708023,2026-09-09,경기도 성남시 분당구,봉우재어린이공원 화장실 설치공사,(주)토담건설,1308610894,유혜련,51599000,90.348,57902000,2330419,Y,-3.0,3.0,12
R26BK01709146,2026-09-09,충청남도 예산군,2026년 예산정수장 포장공사,주식회사 성신,3138120522,정영선,70441920,90.001,77900000,1683270,Y,-3.0,3.0,43
R26BK01711511,2026-09-09,서울특별시 강남구,신사근린공원 등 2개소 환경개선공사,엘림종합조경(주),7468700937,한정미,49482120,90.69,54581000,4936973,Y,-3.0,3.0,374
R26BK01710877,2026-09-09,경기도교육청 경기도시흥교육지원청,시흥가온초 옥상 방수공사 2인 이상 견적제출 수의계약 안내공고,주식회사 비에스건업,2178701495,함순종,127231541,90.106,141404000,3731910,Y,-3.0,3.0,35
R26BK01711639,2026-09-09,경기도 고양시 덕양구,은행나무 열매 수거사업(덕양북부),버드아이,1210482457,최현철,37153650,90.321,41460000,2207823,Y,-3.0,3.0,117
R26BK01707297,2026-09-09,부산광역시 남구,문현배수지 족구장 정비공사,주식회사 나원,6058137261,권순영,65714000,90.097,72250000,2412310,Y,-3.0,3.0,259
R26BK01706935,2026-09-09,한국농어촌공사 충북지역본부 괴산.증평지사,감물면 상미전지구 농촌공간정비사업 전기공사,성일전기(주),1198141788,임금분,215562962,90.401,239636000,15239912,Y,-2.0,2.0,802
R26BK01707084,2026-09-09,전남광주통합특별시 나주시,세지왕곡 만봉천 하천정비사업,정남건설 주식회사,7718601968,심정남,641572600,90.415,700000000,45410116,Y,-3.0,3.0,416
R26BK01710834,2026-09-09,전남광주통합특별시 북구,각화저수지 석축 보수공사,주식회사 지지테크,8178800110,강석기,44592970,90.439,49389000,2626071,Y,-3.0,3.0,55
R26BK01687176,2026-09-09,조달청 인천지방조달청,서울도시철도7호선 청라국제도시 연장 001정거장 소방전기공사,옹진전력 주식회사,1218196573,김수연,1716916600,89.407,1930143000,112312713,Y,-3.0,3.0,300
R26BK01706396,2026-09-09,충청남도교육청 충청남도홍성교육지원청,홍성중학교 체육관 지붕방수 및 외벽수선공사,순양산업 주식회사,3058132240,이완복,203699267,90.436,225011000,14946221,Y,-3.0,3.0,367
R26BK01718818,2026-09-09,국가유산청 국립해양유산연구소,태안해양유물전시관 냉난방기 성능개선 공사,(주)대유,3078126894,문미심,49740000,97.013,,,,,,1
R26BK01713009,2026-09-09,충청북도 단양군,에코순환루트 PM도로 조성사업(1구간),티와이건설주식회사,5048173227,김영성,631278000,91.472,695375000,116018149,Y,-3.0,3.0,454
R26BK01708621,2026-09-09,서울특별시 종로구,인왕산근린공원 생활밀착형 공원 조성사업(전기),주식회사 대흥전력,6358600246,오종길,166164509,90.273,183825700,9469173,Y,-3.0,3.0,1571
R26BK01711539,2026-09-09,대전교통공사,대전교통공사 관제동 중앙홀 지붕 개량 공사,주식회사 월드텍,4378700218,오갑근,57762250,90.254,64193000,3116568,Y,-3.0,3.0,137
R26BK01670142,2026-09-09,조달청 충북지방조달청,"맹동 종합스포츠타운 조성사업(토목공사-조경, 건축, 기계)",대윤종합건설 주식회사,1278134084,윤홍기,4455494000,89.437,4993204000,305370164,Y,-3.0,3.0,291
R26BK01707865,2026-09-09,부산광역시 영도구,태종대초등학교 일원 하수시설 보수보강공사,(주)태황건설,4148102716,김장환,180523800,90.254,198500000,9691162,Y,-3.0,3.0,256
R26BK01712264,2026-09-09,충청남도 부여군,장암면 석동리 농로 확포장공사,주식회사 삼익토건,3088103953,김인식,53454700,90.27,59610000,3004655,Y,-3.0,3.0,117
R26BK01712030,2026-09-09,인천광역시 계양구,계양아라온 주차환경 개선사업(통신),주식회사 동진전력,1228623516,김유인,110680581,90.448,123530000,8340945,Y,-3.0,3.0,443
R26BK01711576,2026-09-09,대전광역시 서구,"2026년 월평, 갈마초 일원 어린이보호구역 개선사업",(주)국도안전,3068131491,이성갑,68338300,90.211,75330000,3403504,Y,-3.0,3.0,137
R26BK01712103,2026-09-09,국토교통부 부산지방국토관리청 진주국토관리사무소,국도3호선 운계교 등 5개소 시설물 보수공사,명성건설 주식회사,5088108183,허명식,291536420,91.141,320000000,43534091,Y,-2.0,2.0,744
R26BK01707864,2026-09-09,전북대학교,"2026년도 전북대학교 2차 소규모 보수공사(연간단가, 소방)",(유)전북소방,4018116892,오희석,45267350,90.263,50000000,2518784,Y,-2.0,2.0,245
R26BK01712242,2026-09-09,충청남도 부여군,세도면 가회지구 농도 아스콘 포장공사,(주)동서건설,4088127880,이은숙,56253600,90.316,62400000,3304915,Y,-3.0,3.0,39
R26BK01709622,2026-09-09,강원특별자치도교육청 강원특별자치도속초양양교육지원청,2026년 1권역(교동초 외 12교) 수목전정 및 벌목공사,양양속초산림조합,2278201779,전도영,98050000,90.594,109150000,4541378,Y,-3.0,3.0,25
R26BK01693846,2026-09-09,전남광주통합특별시교육청 광주청사,광주고 체육관 전면보수 공사 제한경쟁 입찰 공고,주식회사 대동종합건설,2138642008,박성범,1709136010,89.245,1915045000,80180357,Y,-3.0,3.0,253
R26BK01706835,2026-09-09,한국철도공사 회계통합센터,경부고속선 광명-오송 화성보수기지외 3개소 방호울타리 개량 기타공사,주식회사 창명건설,3028117712,노진호,393797696,90.407,431602000,27201566,Y,-2.0,2.0,816
R26BK01708578,2026-09-09,경기도 부천시 원미구,2026년 원미구(3권역) 1차 하수관로 준설공사(단가계약),(주)세진건설,1308171649,나형찬,196456550,90.624,218089000,11533312,Y,-3.0,3.0,13
R26BK01704691,2026-09-09,조달청 서울지방조달청,2026년 고양 서오릉 수계정비사업(1차),주식회사 대림종합건설,1268670006,곽윤규,196562040,90.278,217947000,11056912,Y,-2.0,2.0,139
R26BK01711289,2026-09-09,경기도 가평군,항사 총인처리시설 재해복구사업 전기 및 계측제어 설치공사 전자입찰 공고(입찰대행),(주)청석엔지니어링,1288185780,조은자,221328120,90.362,246693000,14710853,Y,-3.0,3.0,3434
R26BK01711003,2026-09-09,경상북도 문경시 상하수도사업소,신기제2일반산업단지 폐수처리장 탈취기 교체공사,주식회사맥스시스템,3208100183,오세헌,36576780,90.401,40760000,1206916,Y,-3.0,3.0,9
R26BK01708892,2026-09-09,경기도 수원시,북수원시장 주차환경개선사업 공영주차장 확장 공사,(주)정호개발,1248165555,장재연,40867790,90.074,45713000,1391588,Y,-3.0,3.0,52
R26BK01710518,2026-09-09,서울주택도시개발공사,2026년 하반기 재도장공사(월곡두산 외 4개단지),건설플러스(주),2158706136,황판용,1491935600,89.534,1657117000,116684480,Y,-3.0,3.0,400
R26BK01704460,2026-09-09,제주특별자치도개발공사,마음에온 동홍2차 소방시설공사,주식회사 그린소방,6168195198,김재연,459375500,90.325,504335000,28726166,Y,-3.0,3.0,91
R26BK01710561,2026-09-09,인천광역시 상수도사업본부,백령면 가을3리 물탱크 설치공사,(주)용성토건,4048118429,문경철,49460000,90.128,54670000,1983531,Y,-3.0,3.0,262
R26BK01710238,2026-09-09,강원특별자치도교육청 강원특별자치도속초양양교육지원청,청대초 별관동 철거공사,세진산업 주식회사,2278116407,이종균,106807778,90.566,118329000,9091339,Y,-3.0,3.0,13
R26BK01701754,2026-09-02,주식회사 케이에스엠,2026년 산업계 에너지관리시스템 보급 지원사업_계측·제어인프라 구축 공사_(주)케이에스엠,주식회사 엔에스솔루션,6538601020,천정희,126247000,100.0,,,,,,2
R26BK01712520,2026-09-09,충청북도 제천시,장락제1근린공원 산책로 정비사업,(주)청운건업,3048111179,방미란,51931640,90.188,58000000,2456584,Y,-3.0,3.0,55
R26BK01711292,2026-09-09,대구광역시 시설안전관리사업소,소액수의 견적제출 공고[2026년도 낙동강 예초공사],(주)양신농원개발,5038139376,양삼조,45262200,89.873,51080000,560375,Y,-3.0,3.0,268
R26BK01707344,2026-09-09,대구광역시,대구국제사격장 매립 소화설비배관 교체공사,백석기업 주식회사,5148185813,사공정애,167447500,90.351,184079000,10590574,Y,-3.0,3.0,226
R26BK01712512,2026-09-09,국토교통부 부산지방국토관리청 진주국토관리사무소,국도20호선 법평교 등 2개소 시설물 보수공사,주식회사 지성건설,4928100585,김연주,298059000,90.944,330000000,38286000,Y,-2.0,2.0,798
R26BK01704430,2026-09-09,제주특별자치도개발공사,마음에온 동홍1차 소방시설공사,(주)태종전력,6168160423,정현주,559857870,90.366,622815000,36163899,Y,-3.0,3.0,90
R26BK01711712,2026-09-09,경기도 고양시 덕양구,덕양구 녹지대 시설 개선사업(전기),(주)동일이앤드엘,1018625424,강점임,73292653,90.348,81614000,4722246,Y,-3.0,3.0,245
R26BK01711706,2026-09-09,국토교통부 서울지방국토관리청 수원국토관리사무소,국도3호선 광주1터널 등 3개소 비상방송 개선공사,청명전기주식회사,1288612206,안상연,612047306,90.393,673675000,42820069,Y,-2.0,2.0,1889
R26BK01718844,2026-09-09,국가유산청 국립해양유산연구소,냉난방기 성능개선 등 공사에 따른 제반 전기공사,주식회사 중앙전력,3168106330,최진서,12500000,95.814,,,,,,1
R26BK01708675,2026-09-09,부산광역시,사상숲체험교육관 건립 정보통신공사,주식회사 티엔에스파크,2058702453,양미연,200717550,90.49,223274000,16101095,Y,-3.0,3.0,454
R26BK01705732,2026-09-09,강원특별자치도 동해시 상하수도사업소,전문공사 수의견적제출 안내공고(도화마을 외 1개소 소규모수도시설 급수공사),주식회사 동방이앤씨,5108109472,김현수,88877290,90.459,97909000,5453096,Y,-3.0,3.0,13
R26BK01712982,2026-09-09,경상북도 영주시,부석면 소천6리 호병골 인근 송배수관로 설치공사,주식회사 진현건설,5668702101,이종현,51522340,90.363,56500000,2799416,Y,-3.0,3.0,40
R26BK01701524,2026-09-08,강원특별자치도 원주시,호저면 행정복지센터 및 주민자치센터 신축공사(통신),주식회사 정한,2218144939,신정림,330281645,90.442,361633000,24452655,Y,-3.0,3.0,428
R26BK01704930,2026-09-09,경기도교육청,(가칭)왕숙1유 신축 소방공사,주식회사 백풍,7648102547,장재혁,845165810,90.339,944775000,53883401,Y,-3.0,3.0,908
R26BK01712309,2026-09-09,국토교통부 부산지방국토관리청 진주국토관리사무소,국도20호선 송계교 시설물 개선공사,대도기공 주식회사,6158147766,정명기,296345748,90.452,328000000,22440148,Y,-2.0,2.0,473
R26BK01711770,2026-09-09,국토교통부 서울지방국토관리청 수원국토관리사무소,국도3호선 정개터널 등 2개소 비상방송 개선공사,(주)그리마건설,1108132720,김부휘,672504500,90.366,749343500,44777615,Y,-2.0,2.0,1867
R26BK01712157,2026-09-09,충청남도 부여군,홍산농공단지 실내체육관 설치사업(전기),(주)은광,1228199651,성낙영,40670660,90.254,45257000,2168603,Y,-3.0,3.0,55
R26BK01711525,2026-09-09,국토교통부 부산지방국토관리청 진주국토관리사무소,국도2호선 삼계교 등 3개소 시설물 보수공사,정인종합건설 주식회사,6708600685,이은정,299577000,91.159,329500000,45324045,Y,-2.0,2.0,745
R26BK01705265,2026-09-09,인천광역시 계양구,계양아라온 주차환경 개선사업(전기),주식회사 부광전력,1228605667,임미자,50954833,90.262,56034000,2821139,Y,-3.0,3.0,688
R26BK01707863,2026-09-09,충청남도 예산군,2026년 예산정수장 담장 철거 및 신축공사,(주)강산건설,3108128883,황은경,57305860,90.257,63335000,2878085,Y,-3.0,3.0,22
R26BK01704851,2026-09-09,경기도교육청,(가칭)왕숙1유 신축 통신공사,주식회사 올댓이엔티,1288692398,이은애,389189754,90.411,429000000,27934026,Y,-3.0,3.0,1954
R26BK01712031,2026-09-09,부산광역시교육청 부산광역시북부교육지원청,백양중학교 급식실현대화 및 기타 정보통신공사,(주)미주정보통신,6728701144,장성연,26091696,90.305,28479000,1553857,Y,-3.0,3.0,478
R26BK01713073,2026-09-09,충청남도 보령시,원산스테이션 조성사업(전기),주식회사 디와이,3108108548,신대섭,30338150,90.247,33790000,1563458,Y,-3.0,3.0,85
R26BK01709362,2026-09-09,국토교통부 서울지방국토관리청 수원국토관리사무소,국도3호선 광주1터널 등 2개소 제연설비 설치공사(소방),주식회사 에이스방재,5508601978,전지혜,1461407000,89.179,1635484161,63079688,Y,-2.0,2.0,1010
R26BK01711773,2026-09-09,경기도 고양시 덕양구,2026년 경로당 시설 보수 공사(강매1경로당 등 6개소),주식회사 우리집열린마당,1288137105,권칠문,59621420,89.954,66154000,1295884,Y,-3.0,3.0,96
R26BK01711586,2026-09-09,국토교통부 서울지방국토관리청 수원국토관리사무소,국도3호선 광주1터널 등 2개소 제연설비 설치공사(전기),대명전기공사,1260816644,김낙운,1902924412,89.321,2124452000,109071609,Y,-2.0,2.0,3439
R26BK01706813,2026-09-09,한국철도공사 회계통합센터,경부고속선 동대구-신경주 신광제1고가외 5개소 교대부 안전난간 설치공사,명성이엔지(주),5068164781,석영진,258287600,90.236,285159000,13688719,Y,-2.0,2.0,385
R26BK01705835,2026-09-09,강원특별자치도 동해시 상하수도사업소,전문공사 수의견적제출 안내공고(서학골마을 외 2개소 소규모수도시설 급수공사),합자회사 미래산업,2228107562,윤덕희,74316230,90.415,82357000,3842979,Y,-3.0,3.0,13
R26BK01711671,2026-09-09,인천광역시 강화군,북성리 기반시설 개선사업,경화건설 주식회사,1378110788,박창완,332095040,90.605,368302000,18942195,Y,-3.0,3.0,8
R26BK01719259,2026-09-09,국립공원공단소백산국립공원사무소,2026년 소백산 자생식물증식장 야외포장 정비사업,주식회사 대덕온실,2828603296,변미선,26400000,97.777,,,,,,1
R26BK01695554,2026-09-09,경기도교육청 경기도수원교육지원청,(가칭)이의8초중 신축 전기공사[계속비],주식회사 에스제이이,5148600181,권기욱,2031803200,89.434,2285630000,139085067,Y,-3.0,3.0,3494
R26BK01706262,2026-09-09,중부대학교 중부대학교고양캠퍼스,「긴급」[2026년 앵커사업]고양창의캠퍼스 인농홀(대강당)LED 설치 공사,주식회사 이투워크솔루션,2158725619,이원희,147000000,99.324,,,,,,3
R26BK01717914,2026-09-09,서울특별시 물재생센터 중랑물재생센터,제3·4처리장 외부반송슬러지 조절밸브 감시제어 구축 공사,한양기전공업 주식회사,4918701002,호은선,29792000,95.0,,,,,,1
R26BK01703201,2026-09-04,농업회사법인 주식회사 아침고요수목원,"아침고요수목원 열린관광지 조성 공사(건축,토목) 입찰 안내 공고",금정건설 주식회사,5368600712,김병수,359412550,90.833,394954000,16609722,Y,-3.0,3.0,5
R26BK01711162,2026-09-09,경상북도 고령군,2026년 임도 풀베기사업(산서),푸른솔 주식회사,5038614991,이재천,22098900,89.98,24526000,433593,Y,-3.0,3.0,7
R26BK01718210,2026-09-09,강원특별자치도 강릉시 농업기술센터,독골저수지 그라우팅 정비공사,삼수개발(주),2048124831,김길수,46500000,91.248,,,,,,1
R26BK01711734,2026-09-09,경상남도 창녕군,2026년 창녕군 교통신호기 및 경보등 유지보수[단가계약-2차분],주식회사 동성전기,3088145365,김성기,66004800,89.947,72975580,1340705,Y,-3.0,3.0,39
R26BK01712368,2026-09-09,경기도 동두천시,아동보호전문기관 설치공사(소방),신화전력,5341301064,김태웅,29100740,90.235,31932000,1473686,Y,-3.0,3.0,6
R26BK01707444,2026-09-09,경상북도교육청 경상북도영천교육지원청 산자연학교,산자연중학교 기숙사 외벽개선공사,(주)한다올디자인건축,3298602790,신보경,122335700,90.23,135157000,6403929,Y,-3.0,3.0,123
R26BK01712174,2026-09-04,한국농어촌공사 영산강사업단,문내간선 제2호 제수밸브실 외 2개소 액추에이터 교체공사,주식회사 양현이엔지,5328601494,임윤자,17300000,89.525,,,,,,1
R26BK01712169,2026-09-09,경상남도 하동군,호계천(궁항지구) 재해복구사업(추가),주식회사 동현테크산업,4098160242,곽동현,90861700,90.294,101308000,5215888,Y,-3.0,3.0,60
R26BK01712814,2026-09-09,충청남도 보령시 경제도시국 수도과,주포면 마강리 상수관로 정비공사,부국건설(주),3138105609,정지식,29831285,90.127,33000000,1212177,Y,-3.0,3.0,34
R26BK01712805,2026-09-09,한국철도공사 회계통합센터,경의선 문산역 화장실 개량 기타공사,(주)대한기전,1408180086,김주희,360638230,90.315,399973000,22150228,Y,-2.0,2.0,654
R26BK01720549,2026-09-09,한국농어촌공사 충남지역본부 당진지사,석문간척지 송산면 884-6외 7개소 용수관로 보수공사,주식회사 강산토건,7708801144,최동현,19000000,90.909,,,,,,1
R26BK01713116,2026-09-09,경상남도 하동군,하동 운암영당 최치원 초상 주변정비공사,주식회사해진,4548802770,정창호,51763000,91.246,57000000,2478392,Y,-3.0,3.0,5
R26BK01718022,2026-09-09,서울특별시 물재생센터 중랑물재생센터,2소화조 5조 소화조 배관 및 밸브 교체 공사,(주)명심씨엔씨,1108184612,정희환,7011000,95.0,,,,,,1
R26BK01713059,2026-09-09,경상북도 예천군,효자 사곡리(하사) 배수로 정비공사,주식회사 덕운건설,4088612271,최문경,67122300,90.426,75000000,4514457,Y,-3.0,3.0,96
R26BK01712253,2026-09-09,한국농어촌공사 전남지역본부 장성지사,장성군 귀농귀촌 체류형지원센터 조성사업 건축토목기계공사,주식회사 지디건설,1198122118,송미진,1798052312,89.414,2005619000,119430570,Y,-2.0,2.0,523
R26BK01707861,2026-09-09,서울고속도로주식회사,수도권제1순환(일산~퇴계원간)고속도로 2026년 원인자 미확인 피해시설 보수 공사,원진산업,1211489691,박용규,30574630,92.244,32989000,8076783,Y,-2.0,2.0,841
R26BK01711213,2026-09-09,충청북도 단양군,농촌활력센터 인테리어 공사(전기),가람전기 주식회사,6308602889,서연화,30821549,90.386,33803000,2097334,Y,-3.0,3.0,29
R26BK01708509,2026-09-09,서울특별시 서울아리수본부 동부수도사업소,(재공고)동부수도사업소 본관 2층 리모델링 공사(건축),세린씨앤디 주식회사,8728600729,김은영,148512885,90.184,165198000,7043939,Y,-3.0,3.0,868
R26BK01711217,2026-09-09,충청북도 단양군,매포도서관 스터디카페 조성공사(전기),주식회사 명서전기,7608800207,황상준,44752660,90.35,49200000,2309044,Y,-3.0,3.0,29
R26BK01712493,2026-09-09,한국철도공사 회계통합센터,영주차량 동력차 여직원 숙직실 개량공사,한울빛리빙 주식회사,5138182152,이경원,197356710,90.428,219142000,10916406,Y,-2.0,2.0,9
R26BK01712406,2026-09-09,전북특별자치도 전주시,건지도서관 계약용량 증설 및 냉난방 전기공사,주식회사 희앤정,4098608708,이형화,48046990,90.277,53319000,2765132,Y,-3.0,3.0,330
R26BK01711434,2026-09-09,충청북도 청주시 서원구,제1운천교 보수보강공사(특허공법 적용),주식회사 태현건설,3028113564,이현숙,68485600,90.772,76120000,7417262,Y,-3.0,3.0,107
R26BK01698996,2026-09-09,울산광역시교육청 울산제일고등학교,울산제일고등학교 외벽개선 및 장애인승강기 설치 공사,주식회사 대운종합건설,6078131792,고진호,575718759,90.813,646314000,37241434,Y,-3.0,3.0,161
R26BK01720081,2026-09-09,경기도 이천시 환경수자원국 하수과,단월하수 표면포기기 가이드보강,열린,1262326164,양인숙,34848000,90.909,,,,,,1
R26BK01719609,2026-09-09,한국농어촌공사 충남지역본부 당진지사,도비도 농어촌휴양단지 출입통제 및 안전시설 설치공사,진산업 주식회사,3078127705,백수진,30500000,92.424,,,,,,1
R26BK01717497,2026-09-09,경상북도 영양군,2026년 산불피해지 산지사방사업(포산 4지구),영양군산림조합,5088200780,김성웅,46323000,92.785,,,,,,1
R26BK01712904,2026-09-09,충청남도 아산시,곡교천로(교) 경관개선사업 유지보수 경관조명 공사(전기),인광엔지니어링 주식회사,8998601854,박주찬,103977977,89.915,116048000,1751053,Y,-3.0,3.0,123
R26BK01711145,2026-09-09,경상북도 고령군,2026년 임도 풀베기사업(산동),주식회사 진명임업,1168800846,김수민,25599373,90.257,28470000,503428,Y,-3.0,3.0,7
R26BK01710874,2026-09-09,충청북도 청주시,가덕생활체육공원 게이트볼장 증축 공사,(주)가온종합건설,6108147252,정유정,101501400,90.227,113322000,4876332,Y,-3.0,3.0,280
R26BK01707589,2026-09-09,전남광주통합특별시 무안청사,무안 항공특화산단 진입도로 공항 편입시설 전기공사,주식회사 용산전력,4098132649,송경종,291101960,90.264,322100000,16278722,Y,-3.0,3.0,1364
R26BK01715365,2026-09-09,서울특별시 영등포소방서,영등포소방서 식당 출입구 및 벽면 등 노후시설 보수공사,주식회사 혜암,2158647144,오정환,6400000,96.969,,,,,,1
R26BK01706738,2026-09-09,경상북도 고령군,고령군 청년 커뮤니티센터 리모델링 공사(건축),주식회사정현건설,7958103915,여수정,174717300,90.648,194060000,8315198,Y,-3.0,3.0,10
R26BK01720094,2026-09-09,한국농어촌공사 전남지역본부 순천.광양.여수지사,2026년 사옥 태양광발전시설 철거 및 가로등 정비공사,주식회사 대원이엔씨,1398701915,김점석,16314000,92.003,,,,,,1
R26BK01719492,2026-09-09,국립공원공단 국립공원야생생물보전원,생태학습장 전기 증설 공사,주식회사 속초전력,8058102440,김영화,32091950,95.0,,,,,,1
R26BK01712341,2026-09-09,경기도 동두천시,아동보호전문기관 설치공사(전기),주식회사 경진전력,1278641445,조근희,22067440,90.432,24510000,1352197,Y,-3.0,3.0,29
R26BK01712226,2026-09-09,충청북도 청주시 청원구,북이면 석성2리 구거정비공사,주식회사 두림건설,2768600445,박종윤,35741403,90.336,39180000,2164736,Y,-3.0,3.0,106
R26BK01712056,2026-09-09,경상남도 하동군,유기동물보호소 개보수 공사,주식회사 피앤티이엔지,5888801604,천정남,140199900,90.477,155507000,6823314,Y,-3.0,3.0,15
R26BK01711700,2026-09-09,경기도교육청 경기도성남교육지원청,성남신흥초 구)급식실 리모델링 기계설비(전열교환기 외 1종)개선공사,(주)케이씨피이,7878800634,이승현,67646560,90.027,75884000,1637628,Y,-3.0,3.0,58
R26BK01719117,2026-09-09,국립공원공단 중부지역본부,국립공원교육원 중부교육센터 주차장 정비공사,전진산업주식회사,8418802241,양은미,48800000,98.985,,,,,,1
R26BK01712246,2026-09-09,경기도 동두천시,유림사거리 교통개선공사,주식회사 대원산업,1278193138,이종희,38033050,90.464,42240000,1761049,Y,-3.0,3.0,6
R26BK01712478,2026-09-09,전북특별자치도 순창군,순창 고추장마을 K-발효관광 명소화 사업(골목갤러리) 전기공사,주식회사새만금테크,6728101308,양병선,417498940,90.342,462504000,26930907,Y,-3.0,3.0,1064
R26BK01712965,2026-09-09,강원특별자치도 인제군,원통 오로라길 조성사업,주식회사 풍산토건,4088144953,김성도,116144900,90.869,128056000,6195890,Y,-3.0,3.0,5
R26BK01709581,2026-09-09,충청남도 아산시,2026년 읍면동 보안등 설치공사(3차),(주) 태명전기,3128176829,이상영,55415700,90.324,61849000,3382938,Y,-3.0,3.0,119
R26BK01693143,2026-09-09,새마을운동중앙회,새마을운동중앙연수원 시설 개보수 본관 창호 교체 공사 변경공고,주식회사 덕유이앤씨,4658600860,유동현,423898000,90.197,473600000,20506836,Y,-3.0,3.0,725
R26BK01711687,2026-09-09,전북특별자치도 부안군,서해안 선셋드라이브 명소화 정비사업 전기공사,성우전력공사,2630900695,성일영,202505833,90.243,223685000,10901985,Y,-3.0,3.0,1103
R26BK01702202,2026-09-02,주식회사 세영테크놀러지,2026년 산업계 에너지관리시스템 보급 지원사업_계측·제어인프라 구축 공사_(주)세영테크놀러지,주식회사 엔에스솔루션,6538601020,천정희,77188100,100.0,,,,,,2
R26BK01712611,2026-09-09,한국농어촌공사 경기지역본부 여주.이천지사,신지지구 수리시설정비사업 토목공사,(주)에이케이건설,1378170938,김명동,104451700,90.304,116175000,6296184,Y,-2.0,2.0,691
R26BK01708007,2026-09-09,분당서울대학교병원,1동 지하1층 핵의학과 SPECT-CT 이전 리모델링 공사(전기),주식회사 성산전기,3868800969,한용희,102955427,90.34,113902460,6619922,Y,-2.0,2.0,3483
R26BK01711187,2026-09-09,충청남도 아산시,도고면 신언3리 농로포장공사,주식회사 강토건설,1358175539,정연호,44976490,90.301,49329000,2430240,Y,-3.0,3.0,75
R26BK01707839,2026-09-09,분당서울대학교병원,1동 지하1층 핵의학과 SPECT-CT 이전 리모델링 공사(건축),미창건설(주),1248117941,강두영,131293374,90.149,145300680,5745346,Y,-2.0,2.0,1089
R26BK01703872,2026-09-04,삼보모터스주식회사,2026년 산업계 에너지관리시스템 보급 지원사업_제어인프라 구축 공사_삼보모터스(주),주식회사 엔에스솔루션,6538601020,천정희,52802200,100.0,,,,,,1
R26BK01709152,2026-09-08,전북특별자치도 남원시,남원시립김병종미술관 리모델링 소방공사,(유)남양전기,4078108522,박종일,57507280,90.218,64249000,2632948,Y,-3.0,3.0,12
R26BK01711878,2026-09-09,전북특별자치도 부안군,2026년 농어촌 빈집정비 지원사업 빈집 철거공사,유한회사 비티에스,6268803108,김미옥,110000000,96.407,113502000,3208161,Y,-3.0,3.0,10
R26BK01708919,2026-09-09,경상북도 안동시,중앙선1942 안동역 기후대응 도시숲 조성사업 전기공사,다인전력주식회사,7348801245,박지영,290711674,90.307,318759000,17364274,Y,-3.0,3.0,1424
R26BK01708223,2026-09-07,재등영농조합법인,2026년 벼 조기재배 및 이모작 원예작물 안정생산 기반 조성사업,길우종합건설 주식회사,2278109793,김민희,213899330,90.294,238425000,10160651,Y,-3.0,3.0,17
R26BK01694259,2026-09-09,서울특별시동작교육청 삼성중학교,삼성중 텃밭 등 생태체험공간 조성을 위한 시설공사 소액수의 견적제출 안내 공고서,주식회사 수안조경,2138701120,김선영,85604108,90.188,93943000,4094749,Y,-3.0,3.0,400
R26BK01709520,2026-09-09,충청남도 아산시,배방 중로3-3호(한라비발디) 개설 전기공사,광동이엔지 주식회사,6218614979,임의빈,182620508,90.372,201472260,12367036,Y,-3.0,3.0,1028
R26BK01710918,2026-09-09,(재)경남로봇랜드재단,서비스로봇 공통 플랫폼 제작‧실증 사업 시범운영환경(험지) 전기 공사,성우전기,8801700952,서문혜옥,57962936,90.18,65042000,2705770,Y,-3.0,3.0,1362
R26BK01708696,2026-09-09,한국농어촌공사 경기지역본부 여주.이천지사,율면 기초생활거점 조성사업 전기공사,창성비케이(주),1428135044,김욱종,286423617,90.397,317503800,20162558,Y,-2.0,2.0,3539
R26BK01710335,2026-09-09,경기도 평택시 상하수도사업소,서정동 278-5번지 일원 노후관 교체공사,피에스개발(주),3018168580,한기미,175581250,90.335,195560000,10344855,Y,-3.0,3.0,76
R26BK01712353,2026-09-09,한국농어촌공사 경기지역본부 여주.이천지사,흥천지구 수리시설정비사업 토목공사,주왕산업개발 주식회사,5068177326,박신득,208282900,90.338,230584000,13285482,Y,-2.0,2.0,676
R26BK01707653,2026-09-09,서울특별시교육청 서울특별시강동송파교육지원청,[긴급](가칭)둔촌동중 도시형캠퍼스 외 1교(둔촌초병유) 신축 1단계 공사,창성건설주식회사,2118827776,신기섭,1177969000,89.696,1298341000,94626615,Y,-3.0,3.0,116
R26BK01711098,2026-09-08,경상북도 안동시,안동 도산서원 소나무 재선충병 방제사업,화랑나무병원,2020397742,김준석,49990000,90.225,55116830,797745,Y,-3.0,3.0,5
R26BK01710368,2026-09-09,전북특별자치도 군산시,K-관광섬 명도 해안산책로(데크) 조성공사,주식회사 지은건설,2968102044,최창용,973776800,90.398,1066030000,51316026,Y,-3.0,3.0,154
R26BK01720020,2026-09-09,한국농어촌공사 경북지역본부 영천지사,가뭄에 따른 삼부지구 외 4지구 양수기 및 송수호스 설치 공사,주식회사 제영,2128701262,김경영,19000000,88.018,,,,,,1
R26BK01712916,2026-09-09,강원특별자치도 인제군,원통 오로라길 조성사업(전기),주식회사 대양이엔지,7278602844,손윤주,183400700,90.328,201850000,11532726,Y,-3.0,3.0,1010
R26BK01708036,2026-09-09,울산광역시 중구,2026년 빈집정비사업 해체 및 조성공사,(주)동부,6108112864,김재홍,233500000,90.447,254958000,16369913,Y,-3.0,3.0,59
R26BK01702115,2026-09-09,충청남도 당진시,정미면 행정복지센터 신축공사(건축)(계속비),동성건설주식회사,3088104379,신장섭,4667942700,89.433,5226837000,319364127,Y,-3.0,3.0,390
R26BK01711190,2026-09-09,충청남도 아산시,음봉면 산정1리 마을안길 정비공사,주식회사 석영건설,6478102859,김희숙,91192670,90.375,101158000,6085143,Y,-3.0,3.0,35
R26BK01719094,2026-09-08,서울특별시 서울아리수본부 동부수도사업소,흡수식 냉온수기 교체 전기공사,주식회사 거성전력,1788103309,김봄,19701000,92.783,,,,,,1
R26BK01712858,2026-09-09,국방과학연구소,본관동 자료실 환경개선공사,아도건설 주식회사,3128196373,김진희,54973220,90.181,60900000,2551143,Y,-2.0,2.0,295
R26BK01711108,2026-09-08,경상북도 안동시,안동 하회마을 소나무 재선충병 방제사업,신한나무종합병원 주식회사,2308104080,김명주,139426000,90.47,154386987,10533500,Y,-3.0,3.0,5
R26BK01712665,2026-09-09,전북특별자치도 순창군,2026년 용궐산 자연휴양림 보완사업 건축공사,주식회사 우진종합건설,4188106596,윤정호,111278500,91.001,122452000,6302676,Y,-3.0,3.0,6
R26BK01712809,2026-09-09,전남광주통합특별시 여수시,여수밤바다 낭만포차 시설개선 공사,(유)진영전력,4178141509,진교준,26878940,89.938,29870000,483593,Y,-3.0,3.0,126
R26BK01712751,2026-09-09,김해시산림조합,2026년 조림지 풀베기사업(2차),아주녹화개발(주),6158123857,백선현,77327710,90.457,86126000,969880,Y,-3.0,3.0,12
R26BK01712959,2026-09-09,한국수산자원공단제주본부,2026년 제주도 어초어장관리사업 인공어초 보수보강 용승유도형인공어초 제작 및 시설,일주종합건설주식회사,6068161177,정봉희,168263380,90.352,185836000,10930689,Y,-3.0,3.0,192
R26BK01708065,2026-09-09,분당서울대학교병원,1동 지하1층 핵의학과 SPECT-CT 이전 리모델링 공사(소방),주식회사 이에스엘,3128174253,송석재,52126900,90.236,57751400,2755704,Y,-2.0,2.0,1003
R26BK01712636,2026-09-09,전북특별자치도 순창군,2026년 산불예방 숲가꾸기사업,유한회사 청림산업,2298141329,김미정,155532876,91.005,172680000,9086374,Y,-3.0,3.0,4
R26BK01702004,2026-09-09,대구광역시 남구,남구 보호구역 시·종점 개선공사,하슬라산업개발(주),5148170095,조문희,291042100,90.683,325064000,25161397,Y,-3.0,3.0,166
R26BK01720110,2026-09-09,한국농어촌공사 경북지역본부 구미김천지사,금오용수간선 정비공사,주식회사 갑용건설,3948703728,조은연,18000000,90.68,,,,,,1
R26BK01704161,2026-09-08,경상북도 구미시 상하수도사업본부,2026년 하수도 긴급복구공사 단가계약(3차)-2구역,주식회사 참조은건설,4468700148,홍정숙,85628828,90.843,95850000,4038224,Y,-3.0,3.0,14
R26BK01720875,2026-09-09,경북대학교 산학협력단,창업보육공간 스타트업빌리지(Startup Village)환경 개선 공사,주식회사 은건축디자인,5028639285,이지은,44500000,100.0,,,,,,1
R26BK01711710,2026-09-09,경기도 용인시,(24시간 작업 및 장비 확인)2026년 제3차 상수도 긴급누수복구 연간단가(4권역),동부건설 주식회사,1268116860,박성진,179679902,90.749,200000000,10883176,Y,-3.0,3.0,12
R26BK01709336,2026-09-09,전남광주통합특별시 함평군,손불 양재소하천 개선복구사업,유한회사 성림종합건설,4118111481,김영희,2997773000,89.622,3360000000,259375993,Y,-3.0,3.0,731
R26BK01711383,2026-09-09,충청남도 태안군,농산물산지유통센터 선별작업장 증축공사(건축),주식회사 경동,3168112996,지이환,268866680,90.349,299849000,14802079,Y,-3.0,3.0,20
R26BK01715364,2026-09-09,경기고속도로주식회사,「서수원~오산~평택고속도로」영업소 및 주유소 노후시설물 개선,진형건설 주식회사,4168152570,구자화,1738146600,89.523,1941000000,80625514,Y,-2.0,2.0,7
R26BK01707625,2026-09-09,서울특별시 강서구,마곡1빗물펌프장 자연배수문 철거공사,청한산업개발(주),1098166384,서종근,374485061,91.548,410560000,71395817,Y,-3.0,3.0,171
R26BK01720123,2026-09-09,한국농어촌공사 충남지역본부 서천지사,2026년 화양양수장 저양정 1호기 펌프 보수공사,신우중공업 주식회사,6098159516,안병구,19700000,89.679,,,,,,1
R26BK01690126,2026-09-09,가천대학교,제2학생생활관 외부계단 설치공사,(주)성원디에스지,1198603998,조병로,47500000,91.346,,,,,,3
R26BK01709031,2026-09-09,대구광역시 군위군,의흥면 지호1리 경로당 리모델링 공사,주식회사 동방건설,6908100985,강갑순,66293000,90.177,72900000,3079051,Y,-3.0,3.0,312
R26BK01712006,2026-09-09,경기도 이천시,뒷골천(소하천) 정비공사,동보건설(주),1278160864,주희진,664568680,90.38,744121000,45273487,Y,-3.0,3.0,641
R26BK01711337,2026-09-09,충청남도 태안군,청산권역 거점개발사업 청산사계광장 조성공사,주식회사한솔조경,6108161915,김주희,53984740,90.397,59417000,3675755,Y,-3.0,3.0,11
R26BK01720120,2026-09-09,한국농어촌공사 경북지역본부 구미김천지사,구미김천지사 재해안전상황실 칸막이 설치공사,SJ 커뮤니케이션,5131336625,주선재,11000000,90.909,,,,,,1
R26BK01709177,2026-09-09,나이스인프라 주식회사,2026년 전기자동차 충전시설 구축사업 시공업체 사업자 선정_은평 래미안베라힐즈아파트,신흥정보통신 주식회사,1248120150,장혜원,121883520,100.0,,,,,,1
R26BK01720564,2026-09-09,한국농어촌공사 경북지역본부 영주.봉화지사,북지간선 용수잠관 이토변 덮개설치외 2개소 보수공사,강림건설(주),5128105851,김미화,10100000,89.674,,,,,,1
R26BK01710289,2026-09-09,서울특별시,2026년 보신각터 노후시설물 보수 공사,세림산업 주식회사,1178175604,최미란,207200300,90.418,230500000,11843338,Y,-3.0,3.0,11
R26BK01710039,2026-09-09,전남광주통합특별시 영암군 수도사업소,시종면 솔매·종남마을 마을진입로 아스콘 포장공사,주식회사연우건설,4018157724,박영진,59107400,90.415,66470000,2650362,Y,-3.0,3.0,40
R26BK01717844,2026-09-09,서울특별시 중부공원여가센터,2026년 산사태예방공사(북측순환로 112번등 외 2개소),주식회사 하늘티앤씨,1108181838,양희선,40817610,90.0,,,,,,1
R26BK01719228,2026-09-09,한국도로교통공단 예산운전면허시험장,예산시험장 1종대형 장내기능시험장 시설 보수공사,(주)네오정보시스템,2158185084,고재형,47960000,100.0,,,,,,1
R26BK01707049,2026-09-09,(재)경남로봇랜드재단,서비스로봇 공통플랫폼 제작·실증 사업 시범운영환경(험지) 통신공사,주식회사 다컴,6158609170,송영숙,8189337,90.173,9132000,378428,Y,-3.0,3.0,281
R26BK01708605,2026-09-09,경상북도 경주시,북군 소래당 옆 도시계획도로 개설공사,서연종합건설(주),1288603707,박영철,434388230,90.535,480200000,36949187,Y,-3.0,3.0,774
R26BK01706019,2026-09-09,서울대학교 그린바이오과학기술연구원,서울대학교 평창캠퍼스 상록학생생활관 가족생활실 도배 및 장판 공사 소액수의 견적제출 안내 공고,주식회사 미건,2258121068,박창성,57259970,90.304,63360000,3024848,Y,-2.0,2.0,4
R26BK01719810,2026-09-09,부산광역시 사상구,2026년 승학산 임도 신설사업,부산광역시산림조합,6188204841,이상기,553783000,89.799,,,,,,1
R26BK01720172,2026-09-09,(재)서울특별시평생교육진흥원(서울시민대학 다시가는캠퍼스),액티브 시니어 특화교육공간 냉난방기 및 전열교환기 설치 공사,주식회사에이케이시스템앤솔루션,6928701696,김미지,46000000,100.0,,,,,,1
R26BK01704440,2026-09-09,전북특별자치도 정읍시 상하수도사업소,2026년 공공소화전 설치공사,주식회사무한건설,4028137662,이신철,88412530,90.567,98747000,5174819,Y,-3.0,3.0,20
R26BK01709417,2026-09-09,경상북도 영덕군 축산면,군도5호선 상원리 배수개선 공사,세광 주식회사,2388603116,임덕분,27012690,90.297,30140000,1333428,Y,-3.0,3.0,58
R26BK01708918,2026-09-08,양양속초산림조합,2026년 숲가꾸기사업(풀베기 1차) 5임반,주식회사 동산,2278116289,김주필,20530560,90.165,22764000,255771,Y,-3.0,3.0,6
R26BK01720884,2026-09-09,한국공항공사 김해공항,사천공항 화장실 개량 전기공사,주식회사 쌍용전기.통신.소방,6138105227,문쌍수,20746000,95.034,,,,,,1
R26BK01712649,2026-09-09,충청남도 홍성군,2026년 호천골저수지 개보수공사(특허공법),주식회사 태산이엔씨,3058611798,이병욱,368939900,90.488,409310000,25615696,Y,-3.0,3.0,20
R26BK01711100,2026-09-09,제주특별자치도 제주시,외도수영장 개보수 공사,우진종합건설주식회사,6168107904,김형택,368341740,90.351,409869000,23280288,Y,-3.0,3.0,309
R26BK01712724,2026-09-09,충청남도 청양군,청양읍 고지골소하천 정비사업,주식회사 계룡,3108119026,우소제,31552000,90.253,34991000,1686793,Y,-3.0,3.0,66
R26BK01704007,2026-09-08,(주)싸이노스,2026년 산업계 에너지관리시스템 보급 지원사업_계측·제어 인프라 구축 공사_(주)싸이노스,주식회사 엔에스솔루션,6538601020,천정희,130340100,100.0,,,,,,1
R26BK01712279,2026-09-09,재단법인 한국엘피지사업관리원,상주시 지산1리마을 LPG배관망 구축사업 시설공사,(주)한신엔지니어링,5068138997,하해준,382047670,90.61,426449100,27754120,Y,-3.0,3.0,37
R26BK01721159,2026-09-09,한국지역난방공사 광주전남지사,2026년도 공기압축기(Ash.DH) 정기점검보수공사,경원기계공업(주),1308169541,조윤수,231000000,85.76,,,,,,1
R26BK01711800,2026-09-09,전북특별자치도 김제시,2026년 만경강 제방(반월지구) 풀베기사업,대승건설산업 주식회사,8988700806,김소현,41014270,89.944,45338000,797202,Y,-3.0,3.0,33
R26BK01708841,2026-09-09,옥천군산림조합,2026년 덩굴제거사업(1지구),유한회사 향수산림,1748801424,김진구,89754120,90.347,98967000,5360623,Y,-3.0,3.0,4
R26BK01706812,2026-09-09,서울특별시 노원구,2026년 서울둘레길(누리길-수락산) 조성사업,구상임업 주식회사,6858601482,한상순,255854000,90.35,287104000,9799874,Y,-3.0,3.0,65
R26BK01711866,2026-09-09,전북특별자치도 군산시,회현면 대위마을 안길 포장공사,에스앤디건설 주식회사,4158156914,양원철,24137990,90.26,27170000,1053911,Y,-3.0,3.0,53
R26BK01720466,2026-09-09,한국농어촌공사 충북지역본부 충주.제천.단양지사,2026년 물관리자동화시스템 점검보수공사,주식회사 에이스티앤비,1238640385,심병삼,9280000,90.035,,,,,,1
R26BK01711776,2026-09-09,전북특별자치도 김제시,2026년 만경강 제방(청하지구) 풀베기사업,(유)일신조경,4038155474,김헌규,33598848,89.95,37533000,659988,Y,-3.0,3.0,33
R26BK01712329,2026-09-09,재단법인 한국엘피지사업관리원,포항시 칠포1리마을 LPG배관망 구축사업 시설공사,정안건설 주식회사,1358189770,안성호,705331210,90.341,782791900,45154814,Y,-3.0,3.0,36
R26BK01711844,2026-09-09,전북특별자치도 김제시,2026년 만경강 제방(저산지구) 풀베기사업,(유)분무골조경건설,4058110075,문성주,42497000,89.942,47072000,827706,Y,-3.0,3.0,33
R26BK01711558,2026-09-09,강원특별자치도 원주시,"2026년 도로조명 유지보수공사 단가계약(3구역, 3차)",주식회사 마루빛에너지,7328103665,남금희,53651950,90.264,59672000,2939301,Y,-3.0,3.0,184
R26BK01720017,2026-09-09,한국농어촌공사 전남지역본부 곡성지사,가뭄대책 하천 수초제거장비(특수버켓) 제작사업,주식회사 한일수기,4088177395,정일곤,7276000,89.993,,,,,,1
R26BK01711861,2026-09-09,전북특별자치도 김제시,하반기 만경강(백구~만경) 자전거도로 풀베기사업,주식회사 승복건설,3088115288,신윤정,44319740,90.041,49619000,882614,Y,-3.0,3.0,33
R26BK01712046,2026-09-09,전북특별자치도 군산시,서수농공단지 급수펌프 교체공사,(주)티엠엔지,4018107923,김남표,26048497,90.015,28968500,655338,Y,-3.0,3.0,49
R26BK01706822,2026-09-09,서울특별시 노원구,2026년 서울둘레길(누리길-불암산) 조성사업,주식회사 숲플랜,8868600499,이평녀,254255000,90.149,282723000,11055634,Y,-3.0,3.0,65
R26BK01708872,2026-09-09,옥천군산림조합,2026년 덩굴제거사업(2지구),유한회사 엠제이산림,5578601907,김강문,91550520,91.048,101563000,5500115,Y,-3.0,3.0,4
R26BK01712300,2026-09-09,전남광주통합특별시 해남군,신활력 플러스 혁신파크 방치건물 해체공사,주식회사 명진환경건설,6168625585,신영례,66155340,90.606,73822000,4199699,Y,-3.0,3.0,15
R26BK01719690,2026-09-09,충청남도 공주시 농업기술센터,2026년 유용미생물배양실 부지 철거공사,서광건설 주식회사,3088141113,배화자,42700000,95.264,,,,,,1
R26BK01710549,2026-09-09,울진죽변수산업협동조합,"울진죽변수협 대게활어유통센터 개보수공사(건축,기계)",주식회사 일성건설,5078109063,김영자,351269300,90.474,392502000,22524014,Y,-3.0,3.0,28
R26BK01709940,2026-09-09,한국농어촌공사 강원지역본부,고성군 흘1리 농업용지하수 타당성조사 및 개발 공사,주식회사 강동건설,1088169559,이길호,139444540,90.061,154677000,4312153,Y,-2.0,2.0,15
R26BK01713200,2026-09-09,전남광주통합특별시 고흥군,가축분뇨 공공처리시설 지하 기계실 급기시설 설치공사,(주)서진기계설비,4138104711,송애숙,124083150,90.179,138740000,5397045,Y,-3.0,3.0,4
R26BK01720885,2026-09-09,한국농어촌공사 경북지역본부 칠곡지사,작곡지구 가뭄대비 보충용수개발공사,주식회사 케이원건설,4358101301,송지현,47700000,88.047,,,,,,1
R26BK01721056,2026-09-09,한국지역난방공사 고양사업소,고양사업소 사무동 옥상 바닥 보수공사,알엔디텍(R&D TECH),5102230283,정경화,13750000,91.716,,,,,,1
R26BK01710960,2026-09-09,국립금오공과대학교산학협력단,스마트그린제조혁신사업단 교육공간 환경개선 공사,주식회사 가온디자인,1298670209,배문성,57394040,89.946,64213293,1249979,Y,-2.0,2.0,3211
R26BK01713207,2026-09-09,전남광주통합특별시 고흥군,2026년 임도변 풀베기사업,유한회사 아름다운조경,4168152449,윤대중,69670690,90.604,77837000,850289,Y,-3.0,3.0,13
R26BK01706760,2026-09-09,충청남도 홍성군,2026년 하반기 시가지내 차선 등 노면표시 유지보수공사(단가계약),지호건설주식회사,3478101076,이다슬,54254222,90.168,60411000,2417501,Y,-3.0,3.0,25
R26BK01712022,2026-09-09,전북특별자치도 전주시 완산구,2026년 도시침수 예방을 위한 하수도 기계준설공사(단가계약),(주)남영건설,7108103194,홍희순,80090273,90.733,90000000,48256,Y,-3.0,3.0,11
R26BK01711366,2026-09-09,경기도 포천시,2026년 우금2리교 보수공사,조화종합건설(주),1278187034,정승연,129741600,90.302,144001000,6547551,Y,-3.0,3.0,23
R26BK01712698,2026-09-09,경기도 광주시,2026년 급수취약지역 상수도확대보급사업(봉현리~수양리),삼주건설(주),1268196073,홍성민,352576290,90.942,389541000,43168109,Y,-3.0,3.0,34
R26BK01720540,2026-09-09,한국농어촌공사 경기지역본부 여주.이천지사,설성면 행정공간 확대사업 소방공사,푸른소방 주식회사,2198801182,황가희,12380000,91.996,,,,,,1
R26BK01713268,2026-09-09,경기도 포천시,포천천 퇴적토 준설 사업(준설토 선별 처리),주식회사 성일건설,5138118290,정인구,649942000,90.032,,,,,,1
R26BK01711944,2026-09-09,충청남도 아산시,2026년 덩굴제거 사업,주식회사 창림산업,6348802681,박인수,119451330,90.77,133542000,9710902,Y,-3.0,3.0,12
R26BK01711317,2026-09-09,재단법인 전북테크노파크,새만금 인근 수전해 기술 국산화 실증부지 조성 통신공사,유한회사오투,6398802726,박숙이,56960810,90.286,63220000,3333073,Y,-3.0,3.0,369
R26BK01720796,2026-09-09,한국농어촌공사 경남지역본부 고성.통영.거제지사,거제면 수해 긴급 복구 공사,주식회사 선우토건,6128106863,김숙진,19459000,90.296,,,,,,1
R26BK01712033,2026-09-09,충청남도 아산시,"2026년 하반기 등산로 정비사업(배방산, 설화산 등)",주식회사숲피아,3168107697,이기준,103147000,90.958,113591000,6479331,Y,-3.0,3.0,6
R26BK01710522,2026-09-09,울산광역시 보조기기센터,2026년 장애인‧고령자 주거환경 지원사업,주식회사 백년건축,5638800343,전득귀,91360400,91.899,100000000,,Y,-3.0,3.0,2
R26BK01711389,2026-09-09,경기도 성남시,서현동 280-3번지 상수관 정비공사,국일건설주식회사,1308159290,송우정,374046910,90.665,419010000,36938184,Y,-3.0,3.0,999
R26BK01700444,2026-09-08,삼진정공(주) 천안공장,26년 스마트 생태공장 구축지원사업 태양광 발전설비 전기공사,명신전력 (주),5088114079,정두화,119561141,90.159,,,,,,755
R26BK01657174,2026-09-09,조달청 광주지방조달청,국도17호선 순천 해룡 성산지구 단구간 확장공사,웅진종합건설 주식회사,5058163760,장석권,12822521020,82.801,15425242000,2496066242,Y,-2.0,2.0,478
R26BK01713205,2026-09-09,충청남도 당진시 건설도시국 수도과,합덕읍 운산리 우수관로 정비공사 소액수의 견적제출 안내 공고,부성이앤씨(주),3078121981,호훈일,138191000,90.338,153487000,8025644,Y,-3.0,3.0,33
R26BK01710812,2026-09-09,강원특별자치도 정선군,폐광지역 관광도로 활성화 사업(백석폭포),안성특수화학 주식회사,1358802388,김정연,67299400,90.35,73980000,4008974,Y,-3.0,3.0,13
R26BK01710126,2026-09-09,한국농어촌공사 경북지역본부 경주지사,2026년 스마트팜 ICT융복합확산(온실신축) 사업 온실공사,(주)호남온실,4188109287,성성기,684478485,92.081,744168000,30927201,Y,-2.0,2.0,31
R26BK01704048,2026-09-09,강원특별자치도 화천군,2026년 생활환경 개선(사내초) 진입로 정비공사,합자회사 덕산건설,2218109403,김 진 일,96690130,90.48,106121000,6532206,Y,-3.0,3.0,18
R26BK01712357,2026-09-09,전북특별자치도 군산시,월명종합경기장 노후시설 보수공사,유한회사 티에스산업개발,4018137918,장종철,63706790,90.244,69762000,2544424,Y,-3.0,3.0,57
R26BK01712896,2026-09-09,경기도 성남시,판교공원 노후 산책로 및 쉼터 개선공사,정도종합조경(주),1248638413,서정혁,297873610,90.275,328900000,16985031,Y,-3.0,3.0,796
R26BK01711829,2026-09-09,경기도 성남시,2026년 서현로(국지도57호선) 도로유지 보수공사,주식회사 신세기,1298646413,정구양,185106000,90.849,204300000,20408953,Y,-3.0,3.0,26
R26BK01713181,2026-09-09,전남광주통합특별시 고흥군,우주발사체 복합문화센터 라운지(4층) 화장실 추가 설치 공사,티엔에스건설주식회사,4098161523,이유숙,63324415,89.992,70448000,1368809,Y,-3.0,3.0,27
R26BK01711056,2026-09-09,경상남도 김해시,장유전통시장 아케이드 보강공사,주식회사 일광,6068155199,박현길,94025290,90.794,102307000,8421516,Y,-3.0,3.0,10
R26BK01711018,2026-09-09,경상남도 김해시,생림면 생림리 351번지 일원 급수관로 매설공사,주식회사 지성건설,6158194478,김추월,40378160,90.321,44376000,2484900,Y,-3.0,3.0,59
R26BK01709877,2026-09-09,제주국제자유도시개발센터,JDC 엘리트빌딩 노후 화재 수신기 교체,주식회사 제이에스방재,6168620450,박오숙,74597730,90.127,83429797,2768093,Y,-2.0,2.0,100
R26BK01718734,2026-09-09,서울특별시 물재생센터 중랑물재생센터,"3소화조 가스교반기(D계열 1호, 2호) 정비 공사",제이플랜트,1400844165,박정환,13821550,95.0,,,,,,1
R26BK01706216,2026-09-08,민주화운동기념사업회,민주화운동기념관 M2 5층 복원공사,(주)토형산업,2248111586,김윤옥,575100500,90.152,639326000,21550384,Y,-2.0,2.0,11
R26BK01713657,2026-09-10,성남시의료원,2026년 성남시의료원 장례식장 냉난방기 설치 전기 공사,부명이엔씨주식회사,2338703175,박재형,18351270,89.989,20490000,457021,Y,-3.0,3.0,157
R26BK01708795,2026-09-10,충청북도 증평군,도시재생 뉴딜사업(윗장뜰) 보행환경 개선 및 안심가로(중앙로) 조성공사,주식회사 광일건설,3178105862,정선영,196000000,93.001,209025000,11661172,Y,-3.0,3.0,12
R26BK01712564,2026-09-10,국가유산청 궁능유적본부 조선왕릉중부지구관리소,서울 의릉 구 중앙정보부 강당 정비공사,(주)토형산업,2248111586,김윤옥,106377100,90.873,117600000,12135240,Y,-2.0,2.0,8
R26BK01696663,2026-09-10,경상북도,경상북도 농업자원관리원 건립공사(전기),주식회사 한국아이티에스엘릭,5468800047,신민수,1064400400,89.48,1194445000,77678197,Y,-3.0,3.0,1420
R26BK01710743,2026-09-10,전남광주통합특별시 무안군,무안읍 반달안심공원 조성사업(총괄 및 1차분),주식회사 세원건설,3108113338,김명옥,163735470,90.316,180942000,9283659,Y,-3.0,3.0,30
R26BK01714664,2026-09-10,경기도 여주시,2026년 호우피해 유지보수공사 단가계약,(주)국토건설,1358175937,최윤호,88743779,90.567,99809000,5180522,Y,-3.0,3.0,74
R26BK01712054,2026-09-10,전남광주통합특별시교육청 전남광주통합특별시완도교육지원청,화흥초 담장 시설공사,일성건설 유한회사,4158117997,이춘일,34408676,90.507,38669000,708503,Y,-3.0,3.0,65
R26BK01714150,2026-09-10,전남광주통합특별시교육청 전남광주통합특별시무안교육지원청,무안사랑초 비탈면 보강공사 수의계약 안내공고,성보산업개발주식회사,4128123753,김다윤,96465140,90.292,107471000,5462082,Y,-3.0,3.0,48
R26BK01709168,2026-09-10,전남광주통합특별시 상수도사업본부,북구 생태문화마을 일원 감압변 설치공사,주식회사 거금건설,2748600513,김학천,32707760,90.059,35997000,1088497,Y,-3.0,3.0,147
R26BK01714592,2026-09-10,전북특별자치도 전주시 덕진구,2026년 2차 국가하천 풀베기 및 지장수목 제거사업(단가계약),주식회사 그린조경,4028157896,강향숙,81117000,89.776,90000000,130235,Y,-3.0,3.0,114
R26BK01709240,2026-09-10,포항시산림조합,2026년 숲가꾸기 - 북구 경제림 숲가꾸기사업(1-1지구),주식회사 천지,5068182931,정경희,53008900,90.075,58478000,997077,Y,-3.0,3.0,21
R26BK01711002,2026-09-10,서울특별시 은평구,2026년 유아숲 체험시설 정비사업,주식회사 은행잎조경,4028701128,인은경,124509100,90.118,137171000,5009394,Y,-3.0,3.0,371
R26BK01714430,2026-09-10,경기도 평택시 안중출장소,안중레포츠공원 내 평택정 안전시설물 개선공사,태운산업개발(주),1258128868,강인기,113817000,90.174,127107000,3864529,Y,-3.0,3.0,48
R26BK01710370,2026-09-10,산림청 동부지방산림청 정선국유림관리소,2026년 숲가꾸기(수익솎아베기)사업(11차),회동임업,2250248607,김대철,185800000,90.36,207209000,,Y,-2.0,2.0,2
R26BK01714491,2026-09-10,강원특별자치도 태백시,오투로(절골마을) 보도 정비공사(4차분),주식회사 세진,6138112524,전영수,237223180,90.848,262185000,25254917,Y,-3.0,3.0,26
R26BK01713196,2026-09-10,경상남도 거창군,수승대 야영장 간이 실개천 조성공사,삼우건설주식회사,6118114564,문득용,51254390,90.302,56960000,2920321,Y,-3.0,3.0,25
R26BK01721801,2026-09-10,경기도 안성시,분뇨처리시설 미세협잡물 호퍼 교체사업,주식회사 정수플로우텍,1378601533,한슬기,51566000,95.0,,,,,,1
R26BK01714634,2026-09-10,강원특별자치도 철원군,2026년 철원군청 조직개편에 따른 사무실 이전 공사,주식회사 인,5498603563,손경숙,49027800,91.238,54945000,1164231,Y,-3.0,3.0,15
R26BK01713628,2026-09-10,강원특별자치도 동해시,전천 지방하천 정비공사 인도교 야간조명 설치공사,주식회사동광전력,2228126424,김재극,87408258,90.38,96412000,5530425,Y,-3.0,3.0,46
R26BK01712840,2026-09-10,경기도교육청 경기도안산교육지원청,안산서초 모듈러교사 부대토목 철거 및 환경 개선공사 전자견적 제출 안내 공고,주식회사 광성이앤지,5918101713,이명수,115611569,91.232,129619000,5731245,Y,-3.0,3.0,30
R26BK01713202,2026-09-10,경상남도 거창군,거창 수승대 편의시설 정비공사,주식회사 이레디자인,1118604241,배태은,116916300,90.249,130207000,4612354,Y,-3.0,3.0,16
R26BK01708135,2026-09-10,울산광역시 울주군,저리마을 상수도 및 간이상수도 배관연결공사 수의 견적제출 안내 공고,태화환경이엔씨 주식회사,6108158841,김태한,26136400,89.94,29130000,551348,Y,-3.0,3.0,126
R26BK01713636,2026-09-10,전남광주통합특별시교육청 전남광주통합특별시여수교육지원청,쌍봉초 햇빛이음학교 조성 태양광발전장치 설치 전기공사,주식회사 국민이엔지,4178148351,지남진,37997168,89.895,42192000,587789,Y,-3.0,3.0,130
R26BK01714735,2026-09-10,충청남도 보령시,천수만지구 농어촌테마공원 시설물 유지보수공사,허준건설주식회사,5688102750,권세순,24565343,89.962,27503000,506576,Y,-3.0,3.0,27
R26BK01714001,2026-09-10,국토교통부 부산지방국토관리청 영주국토관리사무소,국도36호선 봉화 법전 법전 등 8개소 도로정비공사,해냄건설 주식회사,2148677359,최운국,201123450,92.488,217900000,58093013,Y,-2.0,2.0,307
R26BK01713064,2026-09-10,경상남도 창원시,소액수의 견적제출 안내공고[북면·대산 야구장 시설개선공사],야긴건설 주식회사,6088135001,김영환,63329340,89.949,70000000,1353734,Y,-3.0,3.0,77
R26BK01713188,2026-09-10,경상남도 거창군,거창 수승대 무장애 보행로 개선공사,주식회사 금덕개발,6118113570,노태진,80497000,90.381,89100000,5227350,Y,-3.0,3.0,30
R26BK01711071,2026-09-10,한국환경보전원,2026년 금강수계 수변녹지 탄소흡수 기능 강화 공사,수림산업 주식회사,3018610953,채순도,89093370,90.134,98875000,3744055,Y,-2.0,2.0,544
R26BK01713218,2026-09-10,경상남도 거창군,점기교 등 2개소 교량 보수보강공사,주식회사 시온,6958701152,신용조,84894510,90.198,94100000,3720610,Y,-3.0,3.0,95
R26BK01710104,2026-09-10,충청남도 서천군,화양면 대등리 농수로 개선공사,주식회사 기양,1468100061,김숙헌,71827596,90.412,80240000,5033224,Y,-3.0,3.0,63
R26BK01713785,2026-09-10,전남광주통합특별시 나주시,만봉천 제방도로 포장사업(주민참여예산),거북건설(주),4128128312,류미경,70514214,90.446,77980000,4820629,Y,-3.0,3.0,34
R26BK01712608,2026-09-10,경상북도 영덕군,벌영리 소규모 배수펌프장 주차장 조성공사 견적제출 안내공고,(주)고산건설,5078108410,신은녀,23309651,90.234,25750000,1204939,Y,-3.0,3.0,19
R26BK01713591,2026-09-10,경상북도 청송군,현서면 모계리 두수동 세천정비공사,주식회사 세진종합건설,2148165300,방세환,310704800,90.338,342000000,17791539,Y,-3.0,3.0,24
R26BK01713123,2026-09-10,경상남도 창원시,소액수의 견적제출 안내공고[2026년 국가하천 시설물 정비공사(연간단가)],청구종합조경,6090793358,김명회,63603577,90.561,71400000,4748985,Y,-3.0,3.0,85
R26BK01710048,2026-09-10,충청남도 서천군,2026년 서천군 노인보호구역 개선사업,청누리건설주식회사,3898801647,김계형,32226989,91.946,34850000,3482820,Y,-3.0,3.0,5
R26BK01713823,2026-09-10,부산광역시 금정구,2026년 하반기 관내 긴급소파보수공사(단가계약),대명토건 주식회사,3088111318,강진구,178241940,90.239,198878000,9320249,Y,-3.0,3.0,136
R26BK01714881,2026-09-10,충청북도교육청 충청북도옥천교육지원청,이원중 외부포장 및 기타공사,주식회사 새솔산업개발,3028120255,이소희,192087980,90.295,212905000,11010374,Y,-3.0,3.0,69
R26BK01709358,2026-09-10,인천광역시 검단구,갈산천 외 2개소 준설공사,대동토건(주),2058141089,하은철,327155000,90.939,356081000,18254288,Y,-3.0,3.0,84
R26BK01681636,2026-09-10,조달청 인천지방조달청,안양공고 공간재구조화 개축 및 리모델링공사,주식회사 저스티스,1348647641,정병만,12825284000,86.526,14795826000,907568713,Y,-3.0,3.0,233
R26BK01712237,2026-09-10,경상남도 고성군 회화면,당항마을 안길 확포장공사,주식회사 윤우건설,4158117546,김진형,32938400,89.933,36700000,634552,Y,-3.0,3.0,42
R26BK01713070,2026-09-10,경상북도 김천시,감문면 광덕2리 장내앞소하천 교량 설치공사,주식회사 삼영건설,5418600131,정호상,92609760,90.415,103200000,6667467,Y,-3.0,3.0,105
R26BK01714621,2026-09-10,산림청 북부지방산림청 서울국유림관리소,2026년 제11차 숲가꾸기(2차 풀베기)사업,동두천생명의숲영림단,4562701723,오재창,37129000,90.381,41385000,,Y,-2.0,2.0,2
R26BK01710547,2026-09-10,국방부 전쟁기념사업회,전쟁기념관 뮤지엄웨딩홀 및 샤워실 옥상 방수공사,주식회사  두온에너지원,2048621353,유태완,180386940,90.333,200000000,11445300,Y,-2.0,2.0,461
R26BK01710762,2026-09-10,서울교통공사,지하철 2호선 신림역 등 2개역 환기시스템 개량 소방공사,재현이앤씨 주식회사,8258600776,김재용,371299500,90.427,407712340,26887861,Y,-3.0,3.0,594
R26BK01714443,2026-09-10,서울교통공사,2026년 2호선 노후분기기 개량공사에 따른 전기공사(송배전분야),금화전력공사,2170389905,이계성,46250270,90.155,51410000,2051729,Y,-3.0,3.0,1372
R26BK01696502,2026-09-10,조달청 충북지방조달청,봉명고 학점제형 공간조성 및 기타공사 중앙조달 요청,다담종합건설 주식회사,6358800750,김상훈,3043734800,89.261,3411645000,156315987,Y,-3.0,3.0,326
R26BK01714093,2026-09-10,부산광역시 연제구,연산동 고분군 탐방로 정비 공사,주식회사 시천건설,8098100314,서금석,45583100,90.468,49513000,2238819,Y,-3.0,3.0,21
R26BK01713212,2026-09-10,전북특별자치도 무주군,불대마을 석축 복구공사,(유)만국건설,4028134670,최용옥,50009000,90.803,56188000,2485050,Y,-3.0,3.0,42
R26BK01714727,2026-09-10,서천군산림조합,2026년 덩굴제거 사업(2지구),주식회사 우리산림,8228603361,성숙자,96723800,89.968,107404000,1240889,Y,-3.0,3.0,8
R26BK01712087,2026-09-10,전남광주통합특별시교육청 전남광주통합특별시완도교육지원청,완도중앙초 햇빛이음사업 태양광발전장치 설치 전기공사,태륭건설 주식회사,4108611071,안병율,45224000,90.859,49407000,2244619,Y,-3.0,3.0,28
R26BK01714628,2026-09-10,경기도 김포시,풍무국민체육센터 공기조화기 전기공사,주식회사 효성에너지,5568703350,구기란,47185450,89.962,52295543,1019244,Y,-3.0,3.0,135
R26BK01710569,2026-09-10,서울특별시 은평구,난지처리구역 내 하수관로 개량공사(불광 1-5),라우산업개발주식회사,2148724766,조아라,803749941,90.788,875740000,89847111,Y,-3.0,3.0,850
R26BK01713927,2026-09-10,경상남도 서부도로관리사업소,2026년 지방도 급경사지 보수공사,주식회사 예감,2128615089,김용재,89622055,91.112,99330000,13107745,Y,-3.0,3.0,600
R26BK01711102,2026-09-10,한국환경보전원,2026년 금강수계 수변녹지 조성 및 유지관리 공사(2지역),이연,4900702495,고덕임,233563620,90.233,258030000,12316649,Y,-2.0,2.0,505
R26BK01714289,2026-09-10,제주특별자치도,2026년 소규모 수도시설(가시지하수 배수지) 개량공사,주식회사 선한건설,7338801107,서정희,83658277,90.373,92642000,5674510,Y,-3.0,3.0,243
R26BK01709249,2026-09-10,경상남도 창원시 푸른도시사업소,서성동 84-54번지 외 8필지 건축물 철거공사 석면해체공사,유진건설 주식회사,6088152709,김재철,25737537,89.947,28270000,502628,Y,-3.0,3.0,70
R26BK01712495,2026-09-10,부산광역시,2026년 부산 가든쇼 행사장 기반 정비 및 조경공사,주식회사 미소조경,2528102817,김미소,69314100,90.271,76980000,3924046,Y,-3.0,3.0,210
R26BK01714222,2026-09-10,부산광역시 동구,"2026년 동구 지반침하대응 노후하수관로 정비공사(3-3단계, 굴착1차)",한누리건설 주식회사,5288600439,김보미,297030340,90.622,326150000,27858602,Y,-3.0,3.0,321
R26BK01714059,2026-09-10,경기도 파주시,2026년 파주시 방범 CCTV 설치사업 2차(12개소) 통신공사,주식회사 에이치투테크,7498601302,김성미,73840312,90.456,81895000,5225865,Y,-3.0,3.0,61
R26BK01714369,2026-09-10,제주특별자치도교육청 제주시교육지원청,애월중 본관동 필로티 교실 확충공사 수의계약 안내공고,주식회사 대웅건설,6168127972,김태문,346642700,90.466,376836000,23891061,Y,-3.0,3.0,291
R26BK01713632,2026-09-10,인천광역시 서해구,2026년 어린이보호구역 교통안전시설물 설치사업,은성건설 주식회사,8498600530,최서우,44931990,90.771,50061000,3125590,Y,-3.0,3.0,33
R26BK01709167,2026-09-10,김해시도시개발공사,주촌면 원지지구(1지구) 농촌공간정비사업 강원축산 부속건축물 해체 및 철거공사,(주)그루빅건설,4088130051,김정규,110302167,90.827,123211000,5400123,Y,-3.0,3.0,22
R26BK01714834,2026-09-10,한국마사회,영등포지사 옥외 비상계단 보수공사,(주)효성아이엔지,1198196911,장만종,162034218,90.227,179726000,8360301,Y,-2.0,2.0,450
R26BK01711086,2026-09-10,한국환경보전원,2026년 금강수계 수변녹지 조성 및 유지관리 공사(1지역),주식회사 배원조경,3088602129,강명주,62683600,90.161,69837000,2816425,Y,-2.0,2.0,712
R26BK01713533,2026-09-10,서울특별시 은평구,2026년 봉산근린공원 보수정비사업,리체조경 주식회사,3188110989,임혜숙,106113960,90.132,117417000,4376550,Y,-3.0,3.0,460
R26BK01713087,2026-09-10,경상북도 김천시,성내동 자산로 아스콘 재포장공사,주식회사 금오산업,5108115708,이병헌,47569580,90.062,53400000,1614552,Y,-3.0,3.0,82
R26BK01706243,2026-09-09,서울특별시 서부공원여가센터,월드컵공원 사면 경관숲 유지관리 공사,정민종합조경(주),1258138541,양현숙,130613382,90.264,143000000,7273524,Y,-3.0,3.0,406
R26BK01713603,2026-09-10,대구광역시 달서구,호산동로35북길 녹지공간 경관개선사업(전기),주식회사 별누리가름개발,6738102275,장준태,73707290,90.307,82092800,4457415,Y,-3.0,3.0,737
R26BK01709409,2026-09-10,포항시산림조합,2026년 숲가꾸기 - 북구 덩굴제거사업,주식회사 그린나래,4118803205,김창준,6185900,90.659,6698000,,Y,-3.0,3.0,17
R26BK01714900,2026-09-10,경상북도 예천군,호명중 인근 도시계획도로(대로3-6호) 확장공사,주식회사 북창건설,5128111464,최국환,177828589,90.762,194400000,14691505,Y,-3.0,3.0,26
R26BK01714248,2026-09-10,충청남도 예산군 공공시설사업소,예산군추모공원 유택동산 조성사업 조경공사,금오조경 주식회사,3128181749,박혜정,153269250,90.19,170553000,7341701,Y,-3.0,3.0,42
R26BK01709339,2026-09-10,포항시산림조합,2026년 숲가꾸기 - 북구 경제림 숲가꾸기사업(2-2지구),주식회사 삼족오,8588703881,이상태,43943000,90.104,48555000,827961,Y,-3.0,3.0,21
R26BK01714037,2026-09-10,서울특별시 종로구,인왕산근린공원 생활밀착형 공원 조성사업(통신),새결정보통신(주),2098122745,고성진,53031961,90.083,59477000,1932117,Y,-3.0,3.0,1093
R26BK01710321,2026-09-10,부산광역시,사직실내체육관 석면해체 구간 마감공사,현운건설 주식회사,4098642759,조승희,204059760,90.49,222629000,15897724,Y,-3.0,3.0,414
R26BK01714666,2026-09-10,경상남도 진주시,2026년 동지역 노후차선 재도색 공사,아르디엔이 주식회사,6138172143,안은미,177507580,91.477,193960000,28826739,Y,-3.0,3.0,53
R26BK01704346,2026-09-10,서울특별시 용산구,(긴급)두텁바위로 55 ~ 청파로 280-1 외 2개소 사각형거 보수공사,경창산업개발주식회사,7348800436,한인경,969325370,90.308,1066010000,58622375,Y,-3.0,3.0,331
R26BK01714887,2026-09-10,충청북도교육청 충청북도옥천교육지원청,죽향초 외부포장 및 기타공사,드림건설(주),3978800692,배정승,189273900,90.28,211190000,10786258,Y,-3.0,3.0,70
R26BK01692687,2026-09-10,조달청 전북지방조달청,전라고 이전 신축 기계설비 공사,유한회사 대성기업,4038171737,배인숙,2792448710,89.279,3136575000,146254316,Y,-3.0,3.0,197
R26BK01711404,2026-09-10,충청남도 예산군,2026년 예산정수장 잔디식재공사,조암건설 주식회사,6138181638,이성분,62625620,89.967,70300000,928261,Y,-3.0,3.0,43
R26BK01696369,2026-09-10,경기도교육청 경기도고양교육지원청,(가칭)창릉5초 외 1교((가칭)장항중) 신축 소방공사(계속비),원전종합건설 주식회사,1138124248,김창기,2356546980,89.451,2583450000,142504767,Y,-3.0,3.0,1032
R26BK01659812,2026-09-10,조달청 전북지방조달청,연포지구 배수개선사업 토목공사,유한회사 승명종합건설,4018118094,김승수,5964381710,88.631,6723595000,601651164,Y,-2.0,2.0,156
R26BK01710296,2026-09-10,부산광역시,사직실내체육관 석면해체공사,무성토건(주),6058124577,김종한,162919410,90.482,179190000,12668749,Y,-3.0,3.0,81
R26BK01709501,2026-09-10,경상북도 영천시,자양 신방2리 마을안길 확포장공사,다인건설 주식회사,8078700192,양봉진,38593380,90.228,42900000,1956626,Y,-3.0,3.0,89
R26BK01693153,2026-09-10,조달청 부산지방조달청,국도24호선 가지산터널 자동화재탐지설비 설치공사(1구간),(주)백천소방,6108187235,김영준,463277460,90.145,513557000,19295562,Y,-2.0,2.0,83
R26BK01709629,2026-09-10,경상북도 영천시,금호 대미1리 배수로 정비공사,대한산업 주식회사,7688602898,양동,22299000,90.27,25000000,1189869,Y,-3.0,3.0,94
R26BK01714579,2026-09-10,산림청 북부지방산림청 서울국유림관리소,2026년 산림복원사업(대동),파주시산림조합,1288200250,전진옥,210768623,87.773,240000000,,Y,-2.0,2.0,27
R26BK01720847,2026-09-09,혜성산업주식회사,2026년 산업계 에너지관리시스템 보급 지원사업_혜성산업주식회사_제어인프라,주식회사 쿠치,8268703069,이동훈,22638000,100.0,,,,,,2
R26BK01709153,2026-09-10,포항시산림조합,2026년 숲가꾸기 - 남구 경제림 숲가꾸기사업(1-1지구),주식회사 푸른이엔지,5108119228,서상훈,45306632,89.973,50972000,889473,Y,-3.0,3.0,21
R26BK01713091,2026-09-10,경상북도 김천시,직지문화공원 용천폭포 산책로 정비공사,한강건설 주식회사,1278608432,김명숙,41846640,90.085,47300000,946633,Y,-3.0,3.0,158
R26BK01664713,2026-09-10,조달청 인천지방조달청,서울도시철도7호선 청라국제도시 연장 005정거장 전기공사,서광전기통신공사(주),3158131573,임희일,8911323000,83.058,10722824000,607035584,Y,-3.0,3.0,196
R26BK01711748,2026-09-10,인천광역시 서해구,"가좌, 석남동 일원 노후 하수시설물 정비공사",주식회사 가온건설산업,7538701123,손영열,140825876,90.348,154605000,9153568,Y,-3.0,3.0,250
R26BK01714387,2026-09-10,서울교통공사,도봉차량기지 종합관리동 외벽 보수공사,성풍솔레드 주식회사,6098195109,박진관,66394218,90.216,74156500,3374579,Y,-3.0,3.0,1268
R26BK01660367,2026-09-10,조달청 전북지방조달청,신흥지구 배수개선사업 토목공사,삼흥종합건설 주식회사,4028113767,정대영,5406391960,88.291,6089187000,375512027,Y,-2.0,2.0,171
R26BK01711617,2026-09-10,충청남도 금산군 금성면,공사 수의견적 제출 공고[금성면 화림리 다목적광장 조성사업],세현건설주식회사,3058191521,김정호,24631250,90.338,27450000,1272133,Y,-3.0,3.0,17
R26BK01720801,2026-09-09,혜성산업주식회사,2026년 산업계 에너지관리시스템 보급 지원사업_혜성산업주식회사_계측인프라,주식회사 쿠치,8268703069,이동훈,35756600,100.0,,,,,,2
R26BK01684743,2026-09-10,조달청 인천지방조달청,안양공고 공간재구조화 개축 및 리모델링 전기공사,미래전기공사(주),1268633544,이갑로,2143842335,89.444,2368703000,147406704,Y,-3.0,3.0,3458
R26BK01720268,2026-09-10,경기도 이천시 부발읍,가산리 소규모시설 정비공사,(주)문후개발,5928101657,김예진,30690000,91.836,,,,,,1
R26BK01710075,2026-09-10,충청남도 서천군,마산면 군간리 옹벽블록 설치공사,신우건설 주식회사,4338603628,이나리,38893100,90.209,43190000,1941257,Y,-3.0,3.0,63
R26BK01695375,2026-09-10,인천광역시서부교육청 불로중학교,불로중학교 다목적실습실 증축 공사,주식회사 진복종합건설,1228177297,이복식,186139900,90.212,204787000,9382515,Y,-3.0,3.0,286
R26BK01714370,2026-09-10,대구광역시교육청 현풍고등학교,현풍고등학교 통학로 개선 및 주차장 조성사업 토목공사 입찰 재공고(긴급),주식회사 정도이엔씨,1168800472,김태우,292229558,90.318,322267000,18010074,Y,-3.0,3.0,156
R26BK01709309,2026-09-10,포항시산림조합,2026년 숲가꾸기 - 북구 경제림 숲가꾸기사업(1-2지구),경북산림 주식회사,8828600783,임경애,41196000,89.929,45892000,782392,Y,-3.0,3.0,21
R26BK01712644,2026-09-10,경찰청,경찰청 본청 주무관 휴게공간 개선공사,주식회사 큐브아이엔시,7978800193,이상식,39687870,90.222,44573340,1468141,Y,-2.0,2.0,338
R26BK01713120,2026-09-10,대전광역시 상수도사업본부,중구 오류동 74-3번지 일원 노후관 개량공사,(주)오성토건,3058126068,오천석,55437700,90.404,61220000,3825529,Y,-3.0,3.0,183
R26BK01709197,2026-09-10,포항시산림조합,2026년 숲가꾸기 - 남구 경제림 숲가꾸기사업(2-1지구),주식회사 푸른이엔지,5108119228,서상훈,47144338,90.127,53040000,921241,Y,-3.0,3.0,21
R26BK01712331,2026-09-10,경상북도 경주시,강동 운곡서원~사라마을간(리도205호선) 도로 사면보수공사,미래건설석재,5051171952,한영진,162506538,90.496,180850000,13018996,Y,-3.0,3.0,140
R26BK01714366,2026-09-10,제주특별자치도,2026년 소규모 수도시설(추자지구) 개량공사,유정건설 주식회사,6168143064,김자영,155811500,90.596,172337000,13880217,Y,-3.0,3.0,221
R26BK01712400,2026-09-10,경상북도 경주시,감포읍 오류리 도시계획도로(중2-1) 공사,(주) 태주건설,5108110493,김대규,47970270,90.211,53601000,2375707,Y,-3.0,3.0,54
R26BK01710243,2026-09-10,부산광역시,용호동 일원 하수도 정비사업 구간 내 상수관로 이설공사(2공구),주식회사 아트,1358169338,박수정,836920600,90.675,926190000,82976837,Y,-3.0,3.0,298
R26BK01712381,2026-09-10,경상북도 경주시,서악동 폐철도부지 정비공사,주식회사 보람건설,5058177167,김정기,196742300,90.306,218746000,10713850,Y,-3.0,3.0,87
R26BK01711737,2026-09-10,충청남도 금산군 금성면,공사 수의견적 제출공고[금성면 상가리 다목적광장 조성사업],더원건설산업 주식회사,4708700869,이종배,25764000,90.995,28790000,1031760,Y,-3.0,3.0,16
R26BK01710408,2026-09-10,한국농어촌공사 전남지역본부 해남.완도지사,2026년 공공기관 대행사업 송정지구 용수로 정비사업 토목공사,주식회사 대륜,1258801311,박명숙,87407668,90.464,97477000,6643393,Y,-2.0,2.0,208
R26BK01709216,2026-09-10,포항시산림조합,2026년 숲가꾸기 - 남구 경제림 숲가꾸기사업(2-2지구),경신임업 주식회사,5058182073,임재성,43856560,90.208,48960000,843874,Y,-3.0,3.0,21
R26BK01713669,2026-09-10,강원특별자치도 강릉시 농업기술센터,왕산면 대기리 579-3 일원 전석 설치공사,주식회사 수호건설,6158619945,정주희,83244292,90.73,90900000,5536717,Y,-3.0,3.0,40
R26BK01709162,2026-09-10,경기도 광명시,2026년 하안6블록 등 상수도 장기사용관 교체공사,(주)부광종합건설,1248644308,권역,1087168000,89.433,1234970000,69612321,Y,-3.0,3.0,420
R26BK01713444,2026-09-10,충청남도 금산군,추정2리 시설물 개량사업,새금산건설 주식회사,2258802376,손미애,103654620,90.376,114870000,6384597,Y,-3.0,3.0,62
R26BK01711855,2026-09-10,전북특별자치도교육청 전북특별자치도전주교육지원청,전주화산초 그린스마트스쿨 우·오수관로 공사,주식회사 풍산건설,3338802527,김문숙,182179299,90.258,199826000,9923789,Y,-3.0,3.0,384
R26BK01713238,2026-09-10,경상남도 함안군,대사일반산업단지 상수관로 정비공사,주식회사 디엔건설,6098193886,백주영,139813093,90.347,155400000,8094518,Y,-3.0,3.0,20
R26BK01712271,2026-09-10,경상북도 경주시,문무대왕면 권이리 세바시 소교량 설치공사,주식회사 계영건설,2398803243,김계숙,78648574,90.61,85190000,6623827,Y,-3.0,3.0,137
R26BK01709359,2026-09-10,포항시산림조합,2026년 숲가꾸기 - 북구 어린나무가꾸기사업,(주)대건임업,5068153038,김주선,35566800,89.992,39000000,443701,Y,-3.0,3.0,20
R26BK01712559,2026-09-10,부산광역시 푸른도시가꾸기사업소,2026 부산가든쇼 전시인프라 확충사업,주식회사 현대조경,8518601570,윤금재,64287716,90.031,72632000,669422,Y,-3.0,3.0,239
R26BK01714043,2026-09-10,한국철도공사 회계통합센터,경북선 어등-영주간 107km550부근(좌) 이동통로확보 기타공사,주식회사 강이종합건설,6168133590,이근하,1102072331,89.332,1239850000,63988036,Y,-2.0,2.0,598
R26BK01712635,2026-09-10,충청북도 옥천군 보건소,2026년도 정신보건시설 기능보강(정신요양시설) [입찰대행] 재공고,광명건설(주),3028102368,박의용,105853570,90.322,116963000,6549128,Y,-3.0,3.0,15
R26BK01709183,2026-09-10,포항시산림조합,2026년 숲가꾸기 - 남구 경제림 숲가꾸기사업(1-2지구),주식회사 수풀림,6548603598,임연철,46140000,89.929,51130000,892407,Y,-3.0,3.0,21
R26BK01709374,2026-09-10,포항시산림조합,2026년 숲가꾸기 - 남구 덩굴제거사업,(주)부림임업,5068152626,편해운,6992928,90.284,7818000,,Y,-3.0,3.0,17
R26BK01710187,2026-09-10,부산광역시,용호동 일원 하수도 정비사업 구간 내 상수관로 이설공사(1공구),(주)동서이엔지,6078150479,손성윤,817151700,90.774,892220000,89349825,Y,-3.0,3.0,300
R26BK01713724,2026-09-10,전남광주통합특별시교육청 전남광주통합특별시무안교육지원청,해제남초 골프연습장 내진보강공사 수의계약 안내공고,주식회사 신흥산업,8228600189,김정철,31064309,90.298,34485000,1624218,Y,-3.0,3.0,27
R26BK01713584,2026-09-10,부산광역시,대연3 주택재개발구역 내 배수본관 부설공사,조이엔지니어링,6062997978,조진숙,350146146,90.695,385450000,35286977,Y,-3.0,3.0,328
R26BK01709587,2026-09-10,경상북도 영천시,자양 보현3리 마을안길 확장공사,(주)사일건설,5058117591,박태원,50627000,90.291,56440000,2757098,Y,-3.0,3.0,89
R26BK01657460,2026-09-10,조달청 광주지방조달청,죽산지구 배수개선사업,광민토건 주식회사,4088163789,류재선,4854030000,88.463,5513867000,419109689,Y,-2.0,2.0,268
R26BK01713677,2026-09-10,전남광주통합특별시교육청 전남광주통합특별시여수교육지원청,안산중 햇빛이음학교 조성 태양광발전장치 설치 전기공사,유한회사  건일전기,4178134629,김건중,25379130,89.91,28187000,396080,Y,-3.0,3.0,127
R26BK01701749,2026-09-10,대구광역시교육청 대구농업마이스터고등학교,스마트팜2 히트펌프 설치 기계설비 공사,거림기업,5020570273,최장곤,73362000,90.238,81520000,3900438,Y,-3.0,3.0,224
R26BK01713701,2026-09-10,전남광주통합특별시교육청 전남광주통합특별시여수교육지원청,여수여명학교 햇빛이음학교 조성 태양광발전장치 설치 전기공사,형제전력(주),4178120111,조순양,52761200,89.929,59287000,1033660,Y,-3.0,3.0,129
R26BK01688618,2026-09-10,충청북도 제천시 수도사업소,봉양 공전리 농어촌 생활용수 개발사업(제2공구),(주)대웅건설,1328138141,정미량,1319345860,89.78,1472531000,134856857,Y,-3.0,3.0,493
R26BK01714622,2026-09-10,서울특별시 강남구,걷고싶은 거리 조성사업 공사(강남대로),수암산업개발(주),2138637771,문광호,3619855000,89.878,4075698000,404739021,Y,-3.0,3.0,279
R26BK01713740,2026-09-10,대전광역시 대덕구,연축동 313번지 일원 구거정비공사,용이건설(주),3148169339,이정규,68567000,90.331,75393000,4202109,Y,-3.0,3.0,70
R26BK01714332,2026-09-10,제주특별자치도,2026년 소규모 수도시설(유수암지구) 개량공사,주식회사 광지건설,6168128044,조선옥,109291000,90.463,121396000,8456281,Y,-3.0,3.0,242
R26BK01714857,2026-09-10,충청북도교육청 충청북도옥천교육지원청,청성초 안전난간설치 및 옥상방수공사,주식회사 영진,2488701126,최수윤,94263200,90.493,104005000,4985627,Y,-3.0,3.0,8
R26BK01713139,2026-09-10,경상북도 포항시,장길리복합낚시공원 안내센터 정비공사,대경건설주식회사,5068166945,정성인,36775950,89.967,41000000,842721,Y,-3.0,3.0,125
R26BK01709320,2026-09-10,포항시산림조합,2026년 숲가꾸기 - 북구 경제림 숲가꾸기사업(2-1지구),(주)태광임업,5068154454,최차순,49493000,89.953,55323000,943021,Y,-3.0,3.0,21
R26BK01699272,2026-09-10,조달청 서울지방조달청,"서울신기초 체육관, 급식시설, 특별교실 증축 및 기타공사",진성티에스 주식회사,2118732476,박정숙,4251847300,89.381,4788353000,268040127,Y,-3.0,3.0,680
R26BK01713830,2026-09-10,부산광역시 기장군,기장읍성 정비사업 건축물 철거공사,(주)가온개발,6218181018,김군현,66328160,90.195,72787000,3128443,Y,-3.0,3.0,65
R26BK01698886,2026-09-10,전라남도 나주시 상수도사업소,남평지구 농어촌생활용수 개발사업(토목·기계),주식회사 해송종합건설,4088123939,박화율,1895106000,89.482,2105042000,137570896,Y,-3.0,3.0,822
R26BK01713260,2026-09-10,경상남도교육청 경상남도거창교육지원청,거창유치원 외 1교(남하초) 옥상방수공사 수의계약 안내공고,이진종합건설 주식회사,6928101296,석권주,159323200,90.272,176902000,8756047,Y,-3.0,3.0,24
R26BK01700461,2026-09-10,경상북도교육청 포항제철공업고등학교,포항제철공업고등학교 웅지료 소방시설개선 기계설비공사,주식회사 하나기업,5068184389,김규용,293062840,90.316,320848000,16727798,Y,-3.0,3.0,339
R26BK01712799,2026-09-10,대구교통공사,‘26년 문양구간 침목개량 공사,케이철도주식회사,8208700521,박홍규,423530000,90.578,470570000,37456921,Y,-3.0,3.0,36
R26BK01714207,2026-09-10,국토교통부 부산지방국토관리청 영주국토관리사무소,국도35호선 안동 와룡 가야 등 2개소 도로정비공사,주식회사 흥선건설,7328701053,김태섭,223428000,91.148,244100000,33510083,Y,-2.0,2.0,306
R26BK01713074,2026-09-10,경상북도 김천시,지좌동 김천대교 및 지좌육교 아스콘 재포장공사,삼이건설 주식회사,5068193501,강연삼,38315000,90.222,42700000,1875297,Y,-3.0,3.0,82
R26BK01708293,2026-09-10,농업회사법인 주식회사 나비골팜,나비골팜 친환경농업기반구축사업(저온저장시설) 건축공사,주식회사 인성종합건설,2238600058,모근욱,1097538000,89.179,,,,,,102
R26BK01698162,2026-09-10,전남광주통합특별시 광양시,옥룡지구 송수관로 신설공사(입찰대행),토영건설 주식회사,6168122564,안성수,2298354000,90.312,2572390000,354118107,Y,-3.0,3.0,788
R26BK01712692,2026-09-10,충청북도교육청 충청북도단양교육지원청,단성중 수변전설비 교체 전기공사,주식회사 명서전기,7608800207,황상준,132487440,90.258,146113000,7291785,Y,-3.0,3.0,29
R26BK01721835,2026-09-10,강원개발공사,슬라이딩센터 가스누출감지 계측·전기설비 개선공사,주식회사 가스트론,1198110913,최동진,75370000,91.989,,,,,,1
R26BK01714645,2026-09-10,경상남도 진주시,명석면 계원경로당 건립 공사(건축),주식회사 거영종합건설,5878601209,유수경,327738700,90.26,365167000,17814677,Y,-3.0,3.0,140
R26BK01714299,2026-09-10,충청북도 청주시 청원구,복현~장대 보행데크 연결공사,중부조경주식회사,3158204317,곽혜인,121372200,90.27,133570000,6771893,Y,-3.0,3.0,162
R26BK01713993,2026-09-10,한국교통안전공단,공단 수성검사소 친환경진로 구축 건축공사,주식회사 서광종합건설,5028145759,장영도,204574300,90.331,227641700,12947361,Y,-2.0,2.0,387
R26BK01714157,2026-09-10,경상남도 밀양시,2026년 산불피해지 긴급복구 및 예방사업(3지구),주식회사 나루,6088182576,박동희,177527000,90.367,194437000,10999026,Y,-3.0,3.0,76
R26BK01714127,2026-09-10,경상남도 밀양시,신천지하차도 외 1개소 전력설비 이설공사,주식회사 청우이앤에스,4408602480,김나은,118571632,90.24,132231000,6342711,Y,-3.0,3.0,68
R26BK01714475,2026-09-10,환경에너지솔루션 주식회사,양천자원회수시설 폐열보일러 및 소각로 내화물 부분 보수,영화엔지니어링,1281366542,이필신,57308190,90.129,63040000,1194456,Y,-3.0,3.0,15
R26BK01714407,2026-09-10,국토교통부 원주지방국토관리청 정선국토관리사무소,2026 하반기 정선국토 관내 터널 벽면 세척 및 준설 공사,동해엔지니어링(주),1188102157,이병식,223608410,90.359,248000000,14572442,Y,-2.0,2.0,120
R26BK01714311,2026-09-10,충청북도 청주시,2026년 소화전 정비공사 3차(연간단가),(주)청남,5158112744,김용진,24373600,90.196,27200000,1166330,Y,-3.0,3.0,106
R26BK01703452,2026-09-10,기후에너지환경부 낙동강유역환경청,낙동강(하류) 하반기(2권역) 예초 및 잡목 제거공사,주식회사 청하건설,6138150853,정창만,279347400,90.607,309190000,25939142,Y,-2.0,2.0,484
R26BK01713571,2026-09-10,기후에너지환경부 낙동강유역환경청,낙동강(하류) 하반기(3권역) 예초 및 잡목 제거공사,주식회사 한국조경,6138130819,서은희,292553500,90.601,321860000,26958728,Y,-2.0,2.0,479
R26BK01714412,2026-09-10,전남광주통합특별시 완도군,금일 신구지구 진입도로 확포장 및 우회도로 개설 공사(1지구),주식회사 금배건설,1278169813,이효은,193764680,90.315,212670000,11842866,Y,-3.0,3.0,68
R26BK01702702,2026-09-10,기후에너지환경부 낙동강유역환경청,낙동강(하류) 하반기(1권역) 예초 및 잡목 제거공사,주식회사 그리다 조경,7478100700,박현열,281701000,90.594,312440000,25667515,Y,-2.0,2.0,685
R26BK01711960,2026-09-09,엘에스이링크㈜,무공해차 충전인프라 보급 사업_2_경산버스_본사제3차고지_공사,이에스엔 주식회사,4678802887,이영택,86900000,98.75,,,,,,2
R26BK01714173,2026-09-10,경상남도 밀양시,밀양시립영어도서관 리모델링 및 증축사업(건축),진승건설 주식회사,5148150430,김대기,2343780000,89.409,2630013000,153786442,Y,-3.0,3.0,696
R26BK01714342,2026-09-10,충청북도 청주시,목련공원 상수도 급수공사(토목·기계),디에스디자인(주),3178123875,이안라,134608750,90.555,148295000,11661710,Y,-3.0,3.0,117
R26BK01712116,2026-09-09,엘에스이링크㈜,무공해차 충전인프라 보급 사업_2_경산버스_대구대학교_공사,이에스엔 주식회사,4678802887,이영택,34100000,94.722,,,,,,2
R26BK01714142,2026-09-10,경상남도 밀양시,밀양향교 안길 정비공사,주식회사 두연건설,6158156741,이중민,50152000,91.343,54070000,6172997,Y,-3.0,3.0,50
R26BK01714372,2026-09-10,충청북도 청주시,남청주현도 산단 공공폐수처리시설 설치사업(계측제어),주식회사 이레정보통신,7628600096,강은용,402991036,90.361,443069000,26726756,Y,-3.0,3.0,338
R26BK01708767,2026-09-10,한국농어촌공사 전남지역본부 목포.무안.신안지사,2026년 신안군 지도권역 한국2외3지구 친환경에너지보급사업(해수열) 기계설비공사,유한회사 더원이엔지,4178113492,이선심,493244400,89.842,548790000,4561037,Y,-2.0,2.0,467
R26BK01717679,2026-09-10,국토교통부 부산지방국토관리청 진주국토관리사무소,국도14호선 거제 상동지구 등 2개소 수해복구공사,협진산업주식회사,6138114221,김주생,446250000,89.888,,,,,,1
R26BK01717672,2026-09-10,국토교통부 부산지방국토관리청 진주국토관리사무소,국도5호선 거제 연초 하청지구 등 4개소 수해복구공사,주식회사 용진,6138146081,김연호,342890000,89.749,,,,,,1
R26BK01713599,2026-09-10,기후에너지환경부 낙동강유역환경청,낙동강(하류) 하반기(4권역) 예초 및 잡목 제거공사,(주)명성산업,6128110561,홍현숙,295168400,90.535,324480000,24862622,Y,-2.0,2.0,481
R26BK01714187,2026-09-10,경상남도 밀양시,밀양시립영어도서관 리모델링 및 증축사업(전기),주식회사 신흥전기,5238701783,김석규,354660900,90.486,399102000,27192439,Y,-3.0,3.0,1310
R26BK01709381,2026-09-10,한국지역난방공사 양산지사,한국지역난방공사 양산지사 축열조 도장공사,디에스건설 주식회사,6128118689,정운영,175925820,90.026,196295000,5333195,Y,-2.0,2.0,525
R26BK01708805,2026-09-10,한국농어촌공사 전남지역본부 목포.무안.신안지사,2026년 신안군 지도권역 우영2외1지구 친환경에너지보급사업(공기열) 기계설비공사,주)이원,4098188731,신동문,600299710,89.892,664944000,9390250,Y,-2.0,2.0,463
R26BK01720895,2026-09-09,(주)지엠에스,2026년 산업계 에너지관리시스템 보급 지원사업_제어인프라,주식회사 쿠치,8268703069,이동훈,23079100,100.0,,,,,,2
R26BK01717684,2026-09-10,국토교통부 부산지방국토관리청 진주국토관리사무소,국도5호선 통영 한산지구 수해복구공사,주식회사 기룡건설,6128113573,유용운,260400000,89.744,,,,,,1
R26BK01720794,2026-09-09,(주)지엠에스,2026년 산업계 에너지관리시스템 보급 지원사업 계측인프라 설치공사,주식회사 쿠치,8268703069,이동훈,37337300,100.0,,,,,,2
R26BK01721233,2026-09-10,경기도 용인시,구성적환장 소음저감시설 설치공사,한국샤프엔지니어링,1350325268,이완봉,42002100,90.0,,,,,,1
R26BK01714458,2026-09-10,환경에너지솔루션 주식회사,양천자원회수시설 폐기물 투입호퍼 등 소각설비 보수,대흥이앤지(주),1128122140,강성오,118240970,89.932,131340000,2392025,Y,-3.0,3.0,1138
R26BK01712366,2026-09-09,해양경찰청 중부지방해양경찰청 평택해양경찰서,평택해양경찰서 전용부두 헬리패드 개선 공사(전기),세계전설 주식회사,4058802235,김기중,59771000,90.127,66948000,2471182,Y,-2.0,2.0,3630
R26BK01714018,2026-09-10,인천환경공단,2026년 하반기 소각로 및 부대시설 정기 보수공사,주식회사 엔솔,5618700073,심두보,110193464,90.186,122100000,3228855,Y,-3.0,3.0,15
R26BK01709071,2026-09-10,전북특별자치도 익산시,함열 순환경제활력센터 조성 소방공사,(주) 동성전기,4028163175,지형수,242456452,90.358,268295000,15719103,Y,-3.0,3.0,238
R26BK01714673,2026-09-10,경기도 남양주시,2026년 국고보조 숲가꾸기사업(산불예방숲가꾸기),주식회사 산림법인산,1248760339,소혜리,18986262,90.064,21090000,320154,Y,-3.0,3.0,2
R26BK01714192,2026-09-10,전북특별자치도 군산시,2026년 조림지가꾸기사업(2차-2지구),군산산림조합,4018200951,김성현,40277500,89.924,44746000,503441,Y,-3.0,3.0,5
R26BK01722654,2026-09-10,한국농어촌공사 충북지역본부 괴산.증평지사,칠성면 농촌중심지활성화사업 장연배후거점센터 석면해체공사,신우이엔티(주),3178116879,송희정,36700000,88.146,,,,,,1
R26BK01710621,2026-09-10,전남광주통합특별시 해남군,청년 창업·주거공간 조성사업 건축공사,지원건설(주),4088127032,서종국,647678000,90.282,717792000,37491872,Y,-3.0,3.0,875
R26BK01714593,2026-09-10,경기도 수원시 장안구,2026년 장안구 도시공원 전기시설물 유지관리공사(연간단가),스타전기,1240887857,조성수,32993110,90.403,35960000,1899283,Y,-3.0,3.0,195
R26BK01711850,2026-09-10,서울특별시 강동구,암사종합시장 아케이드 보수공사(긴급),삼우리노베이션(주),2208688040,이완석,402080900,90.277,449494000,22673537,Y,-3.0,3.0,121
R26BK01714825,2026-09-10,경상북도 안동시,중앙선1942 안동역 기후대응 도시숲 조성사업 통신공사,주식회사 파인테크,6918802078,홍원호,60849860,90.363,67870000,3596172,Y,-3.0,3.0,43
R26BK01714739,2026-09-10,경상북도 안동시,한국문화테마파크 목책미로 정비공사,만평종합건설 주식회사,5088129704,김기자,81337310,90.186,90000000,3583298,Y,-3.0,3.0,58
R26BK01712432,2026-09-10,충청남도 건설본부 건설사업부 동부사무소,[공주]지방도 604호 덕학N1지구 급경사지 정비사업,유량건설(주),1938101106,이병훈,154913000,91.118,170675000,22502409,Y,-3.0,3.0,103
R26BK01721216,2026-09-10,서울특별시 소방재난본부,119마음회복센터 조경공사,산천종합조경(주),2148667244,이은아,52090000,94.994,,,,,,1
R26BK01710731,2026-09-10,한국농어촌공사 경남지역본부 창원지사,장구산2지구 성능개선사업 토목·기계·건축공사,삼보산업개발 주식회사,6088604594,윤원준,601526610,90.33,666759000,37879448,Y,-2.0,2.0,575
R26BK01713357,2026-09-10,전남광주통합특별시 여수시,2026년 봉황산 자연휴양림 보완사업,여수시산림조합,4178200280,정행균,348701000,90.077,386777000,11422934,Y,-3.0,3.0,33
R26BK01710451,2026-09-10,경기도 양평군,"이천교, 연다교 보수공사",주식회사 오금,2798100487,김정환,418606688,90.691,461692000,42562536,Y,-3.0,3.0,613
R26BK01708846,2026-09-10,한국과학기술원,신뢰관 외 11개소 킥보드 충전소 불꽃감지기 설치공사,주식회사 합동전기,3058121549,최재익,129951502,90.353,144270000,8472244,Y,-2.0,2.0,189
R26BK01720811,2026-09-10,한국농어촌공사 충남서부관리단,홍성풍력발전기 블레이드 보수공사,주식회사 비투윈드,7318602824,박시후,15900000,90.857,,,,,,1
R26BK01709453,2026-09-10,국토교통부 부산지방국토관리청 김해국토관리사무소,국도5호선 명리2교 시설물 보수공사,유한회사 한라,4018118814,임진구,382198000,90.506,420453000,31137004,Y,-2.0,2.0,322
R26BK01710865,2026-09-10,한국농어촌공사 경남지역본부 창원지사,주남3지구 배수장 성능개선사업 토목건축기계공사,케이비건설 주식회사,6118104595,강보욱,399797760,90.419,442830000,28785408,Y,-2.0,2.0,570
R26BK01714793,2026-09-10,경상북도 안동시,임하 노산리~천전리 농도 301호선 아스콘 덧씌우기,(주)대산건설,5088114934,정철순,35928436,90.196,40400000,1631101,Y,-3.0,3.0,67
R26BK01714525,2026-09-10,전남광주통합특별시 여수시,여수시노인복지관 기능보강 사업(전기),주식회사 남도테크닉스,1768601372,이양순,23741000,90.313,26245000,1434077,Y,-3.0,3.0,127
R26BK01706940,2026-09-10,한국연구재단 정보통신기획평가원,IITP 본관 사무실 환경개선 기계설비공사,주식회사 준현이엔지,5228700670,박선이,192757471,90.227,212575000,9908740,Y,-2.0,2.0,242
R26BK01714185,2026-09-10,경상북도 포항시,북구 교통안전표지판 설치 및 긴급유지보수 3차(단가계약),한솔창호건설(주),3128118722,윤재율,31776820,90.265,35000000,1779400,Y,-3.0,3.0,76
R26BK01714574,2026-09-10,전남광주통합특별시 완도군,2026년 노화 도청지구 흙수로 구조물화사업,주식회사 세인건설,2448603576,고수현,103910762,90.429,114430000,7467760,Y,-3.0,3.0,68
R26BK01714172,2026-09-10,경상북도 포항시,남구 교통안전표지판 설치 및 긴급유지보수 3차(단가계약),(주)모든철강건업,5068134540,김성진,31263477,90.322,35000000,1779400,Y,-3.0,3.0,77
R26BK01709734,2026-09-10,전남광주통합특별시 해남군,박물관 보호각 데크 보수공사,주식회사 한들,4108636596,정민호,324095000,91.658,354501000,23569863,Y,-3.0,3.0,2
R26BK01696765,2026-09-10,한국공항공사 김해공항,김해공항 계류장조명탑 및 기타시설 개량공사,혜윰이엔씨 주식회사,2138702304,윤한봉,2223975954,89.232,2477525090,107271912,Y,-2.0,2.0,836
R26BK01709496,2026-09-10,국토교통부 부산지방국토관리청 김해국토관리사무소,국도5호선 창곡교 시설물 개선공사,주식회사 창성산업개발,6088189337,안창남,298462600,90.37,329000000,19895544,Y,-2.0,2.0,358
R26BK01709084,2026-09-10,전북특별자치도 익산시,함열 순환경제활력센터 조성 건축공사,주식회사 호겸건설,4038136614,강동수,4129175000,89.354,4631264000,248266944,Y,-3.0,3.0,501
R26BK01714089,2026-09-10,경기도 수원시 장안구,도시공원 수목보호판 교체공사,화성원예조경,1245218066,목명균,62091400,90.188,69000000,2936757,Y,-3.0,3.0,90
R26BK01713999,2026-09-10,인천광역시 제물포구,제물포구 청사 개선 공사,루엘건설,4531402344,한나경,177449986,90.356,198759000,11024649,Y,-3.0,3.0,301
R26BK01674023,2026-09-10,전남광주통합특별시 무안청사,홍도항 접안시설 축조공사,동해종합건설 주식회사,2278110252,기호풍,7642749450,88.594,8772790000,419259459,Y,-3.0,3.0,434
R26BK01713788,2026-09-10,기후에너지환경부 낙동강유역환경청,낙동강(하류) 하반기(5권역) 예초 및 잡목 제거공사,(주)식물환경연구소,6128114738,최문웅,287222000,90.572,317640000,25507115,Y,-2.0,2.0,481
R26BK01713206,2026-09-10,산업통상자원부 대불자유무역지역관리원,표준공장 옥상 방수공사,주식회사태호산업개발,4108135350,전영길,97168710,90.409,106334000,6894296,Y,-3.0,3.0,621
R26BK01708895,2026-09-10,한국과학기술원,KAIST 도룡동교수아파트 2세대 환경개선공사(건축),이노종합건설 주식회사,2658602050,노정효,100248388,90.272,110160000,5469303,Y,-2.0,2.0,297
R26BK01709975,2026-09-10,한국해양과학기술원,한국형 연안재해 발생요인 예측기술 개발을 위한 초고성능컴퓨터 구축 전기공사,주식회사동성아이티이,6068639160,고재홍,300638389,90.247,333487000,16283571,Y,-2.0,2.0,792
R26BK01714009,2026-09-10,전북특별자치도 군산시,2026년 조림지가꾸기사업(2차-1지구),유한회사 늘푸른숲,4848802989,조성만,40671570,90.198,45338000,510161,Y,-3.0,3.0,5
R26BK01714850,2026-09-10,서울특별시 동작구,CCTV 자가정보통신망 구축 공사(긴급),주식회사 디지컴아이엔씨,3068136157,윤영세,156467018,90.362,174966000,10292220,Y,-3.0,3.0,1089
R26BK01714805,2026-09-10,경상북도 안동시,2026년 하반기 보안등 설치공사(길안면 구수리659-1 외 68개소),주식회사 한빛전기기술단,7178602338,이구형,46494111,90.359,51200000,3060669,Y,-3.0,3.0,116
R26BK01714304,2026-09-10,전남광주통합특별시 장성군,장성군 지방상수도 현대화사업(노후정수장) 소방공사,(주)신우이엔지,4108182440,하민호,195023850,90.35,216000000,12441570,Y,-3.0,3.0,269
R26BK01709039,2026-09-10,경상북도 상주시,서성동 공영주차장 조성공사,광장건설 주식회사,5548701619,김명근,90663600,90.309,100190000,5342115,Y,-3.0,3.0,73
R26BK01713195,2026-09-10,충청남도 소방본부,충남소방본부 아산소방서 음봉119안전센터 정보통신공사,주식회사 디와이,3108108548,신대섭,48488040,89.931,53791000,934253,Y,-3.0,3.0,405
R26BK01709030,2026-09-10,경상북도 상주시,만산동 외 5개소 노면색깔유도선 긴급정비공사,주식회사 창림건설,7548701387,전하진,76443150,90.481,85000000,4119703,Y,-3.0,3.0,27
R26BK01722666,2026-09-10,한국농어촌공사 충북지역본부 옥천.영동지사,2026년도 영동1지구 저수지 제당 제초작업,유한회사 더푸른조경,1628103658,이종규,12650000,89.752,,,,,,1
R26BK01691054,2026-09-10,한국환경공단,금산군 금산천 비점오염저감시설 설치공사,주식회사 태성공영,3118108973,이증용,5477440000,89.533,6258159000,416168379,Y,-3.0,3.0,12
R26BK01710401,2026-09-10,충청남도 아산시 미래도시관리사업소,"교차로(서부권 및 시내권) 제초사업(도고, 신창등)",서희산업,2076907668,서희,89865101,89.87,99515000,1107327,Y,-3.0,3.0,67
R26BK01682635,2026-09-10,한국환경공단,울진 죽변 공공하수 증설 및 하수관로 정비사업(2단계),네이처이앤티주식회사,5068104518,배민수,19769046400,84.73,23456874000,1922968563,Y,-3.0,3.0,23
R26BK01710336,2026-09-10,충청남도 아산시 미래도시관리사업소,"교차로(동부권) 제초사업(배방, 탕정)",(주)온주조경,3128171936,서동진,88853500,89.86,99445000,1106610,Y,-3.0,3.0,67
R26BK01710658,2026-09-10,전남광주통합특별시 광주청사,2026년 교통사고 잦은 곳 개선 전기공사(1공구),주식회사 도현건설,4098184400,이현철,176922470,90.381,195780000,12113684,Y,-3.0,3.0,580
R26BK01713557,2026-09-10,광양만권경제자유구역청,해룡산단 비점오염저감시설 교체사업 견적 제출 안내,(유)대화산업,4088189697,박명정,55347180,90.337,61458000,3536071,Y,-3.0,3.0,874
R26BK01714196,2026-09-10,경기도교육청 경기도광주하남교육지원청,번천초 외 2교 보도블록 교체 및 보수공사,유승건설주식회사,1268197937,권오순,20643320,89.968,23054000,387363,Y,-3.0,3.0,52
R26BK01709029,2026-09-10,경상북도 상주시,계산동 공영주차장 조성공사,주식회사 반석건설엔지니어링,6138124184,김태영,37987220,90.309,42000000,2261010,Y,-3.0,3.0,71
R26BK01709048,2026-09-10,경상북도 상주시,함창 덕통리 외 1지구 배수로 정비공사,(주)가천건설,5118112397,김각원,44062620,90.239,49200000,2309217,Y,-3.0,3.0,74
R26BK01710423,2026-09-10,충청남도 아산시 미래도시관리사업소,"교차로(북부권) 제초사업(둔포, 인주등)",주식회사 에코랜드,3128140317,강춘식,80934400,89.925,90831000,1006592,Y,-3.0,3.0,67
R26BK01709037,2026-09-10,경상북도 상주시,서성동 공영주차장 보안등 설치공사,주식회사영남엔지니어링,5118114599,정경희,57206280,90.314,64207000,3159286,Y,-3.0,3.0,78
R26BK01710380,2026-09-10,충청남도 아산시 미래도시관리사업소,"교차로(중부권) 제초사업(음봉, 염치등)",(주)가나조경,3128609209,송정애,88369870,89.889,99388000,1105507,Y,-3.0,3.0,66
R26BK01722682,2026-09-10,한국농어촌공사 충남지역본부 청양지사,사회적공동체특화단지조성사업 주변환경 정비공사,주식회사 현대개발,6418801701,이슬기,43824000,88.0,,,,,,1
R26BK01722818,2026-09-10,한국농어촌공사 충북지역본부 옥천.영동지사,2026년도 영동2지구 저수지 제당 제초작업,늘푸른조경개발(주),3028110868,윤금정,15800000,89.851,,,,,,1
R26BK01722350,2026-09-10,한국농어촌공사 경남지역본부 밀양지사,한해대책 2026년도 무연간이양수장 설치공사,주식회사 부광산업,6158192301,백영필,15693000,89.746,,,,,,1
R26BK01722367,2026-09-10,한국농어촌공사 경북지역본부 달성지사,달성군정비사업(26년) 화월용수간선 수문 정비공사,주식회사삼화기업,6178701375,김해숙,16300000,88.891,,,,,,1
R26BK01709233,2026-09-10,광주광역시 도시공사,염주실내수영장 노후 공조기 및 환기설비 교체공사,태랑건설 주식회사,3178111613,전효수,225025950,90.251,247082000,11502841,Y,-3.0,3.0,207
R26BK01722417,2026-09-10,한국농어촌공사 경북지역본부 경산청도지사,청도군 이서면 대전리 754-2 개거 재설치 공사,주식회사 수영건설,5708801622,변수경,49000000,93.171,,,,,,1
R26BK01722836,2026-09-10,한국농어촌공사 충북지역본부 옥천.영동지사,2026년도 영동3지구 저수지 제당 제초작업,서문산림주식회사,3488800273,김예종,15800000,89.908,,,,,,1
R26BK01721182,2026-09-10,한국농어촌공사 경남지역본부 진주.산청지사,수곡(창촌)지구 밸브 교체 공사,주식회사 삼웅건설,3108116048,곽수인,17100000,90.223,,,,,,1
R26BK01723127,2026-09-10,한국농어촌공사 경남지역본부 밀양지사,한해대책 2026년 내이양수장 펌프 정비공사,주식회사 삼열에너지,5828700804,박연주,21637000,89.746,,,,,,1
R26BK01721937,2026-09-10,한국농어촌공사 전남지역본부 목포.무안.신안지사,(가뭄대책) 청계지구 청수제 용수확보대책 간이양수장(3단) 기계공사,(사)한올장애인자립복지회,4108212427,신상균,15455000,90.001,,,,,,1
R26BK01713942,2026-09-10,서울물재생시설공단,서남센터 슬러지처리시설 탈수기동 원심탈수기 부대설비 정비 공사,오양건설주식회사,4098152378,박수정,165820000,90.117,181885000,6669057,Y,-3.0,3.0,923
R26BK01709881,2026-09-10,한국기계연구원,L5동 후면 주차장 S8동 및 S9동 옥상 태양광발전설비 설치 토목공사,마음이앤씨(주),6158801487,최장한,51622959,90.201,57068000,2345428,Y,-2.0,2.0,68
R26BK01714117,2026-09-10,전북특별자치도 김제시,2026년 하반기 원평천 제방 풀베기사업,대승건설산업 주식회사,8988700806,김소현,46317400,90.019,51952000,913387,Y,-3.0,3.0,33
R26BK01711260,2026-09-10,충청남도 아산시 미래도시관리사업소,비법정공원(도시녹화사업지) 제초사업,주식회사 라온조경,7558702583,이미연,48140600,90.346,52760000,2834723,Y,-3.0,3.0,67
R26BK01713032,2026-09-10,전북특별자치도 김제시,2026년 하반기 신평천 제방 풀베기사업,유한회사 정원건설,4038176921,진혜정,25350386,90.132,27974000,488791,Y,-3.0,3.0,32
R26BK01710787,2026-09-10,전남광주통합특별시 광주청사,2026년 교통사고 잦은 곳 개선 전기공사(2공구),주식회사 금양,8578100458,정성수,217644621,90.396,243470000,15239782,Y,-3.0,3.0,578
R26BK01713330,2026-09-10,충청남도 아산시,2026년 신정호정원 열린관광지 조성사업,대호건설산업(주),3128140001,전병옥,184011360,90.398,205410000,11652196,Y,-3.0,3.0,66
R26BK01710555,2026-09-10,전남광주통합특별시 구례군,2026년 간선임도(산동계천지구) 개설사업,담양군산림조합,4098201099,송진현,277808000,90.399,309501000,17862912,Y,-3.0,3.0,55
R26BK01709929,2026-09-10,전라북도 남원시 대강면,대강면 양촌마을 비탈면 안전공사,주식회사 빌드바치,6808600377,김수진,27619500,90.178,30635000,1290168,Y,-3.0,3.0,83
R26BK01694841,2026-09-10,한국소방안전원,한국소방안전원 울산지부 기계실습장 구축공사,주식회사 공공전시연합,1368134507,정영환,279900000,92.846,300000000,,N,-2.0,2.0,9
R26BK01708667,2026-09-10,경찰청 대구광역시경찰청 대구강북경찰서,"대구강북경찰서 유치장 환경개선공사(건축, 기계)",주식회사 건운건설,6218800090,윤정희,134459000,90.303,147991000,7990012,Y,-2.0,2.0,384
R26BK01720459,2026-09-10,서울특별시 중부공원여가센터,서울로7017 안전난간 재정비 공사,(주)강남테크원,1408169908,이영화,37538790,94.999,,,,,,1
R26BK01713937,2026-09-10,충청북도 청주시 상당구,미원면 대신1리 아스콘 덧씌우기 공사,진선건설 주식회사,3178118182,이석희,36962000,90.44,40200000,2327531,Y,-3.0,3.0,134
R26BK01710132,2026-09-10,청강문화산업대학,"[청강입찰 2026-08호] 청강문화산업대학교 나비센터 전문소방공사(소방기계, 소방전기)",주식회사 광원,1288137861,이승돈,355124406,90.359,394732000,23479817,Y,-2.0,2.0,964
R26BK01722679,2026-09-10,한국농어촌공사 충남지역본부 보령지사,부사제 2-2-1 용수지거외 1개소 수로 보수공사,동왕건설 주식회사,4948601455,김하영,9240000,92.307,,,,,,1
R26BK01707979,2026-09-10,부산도시공사,임대주택(반송) 동배전반 교체공사,주식회사 동신전력,3808700381,김분선,67442000,90.477,75095000,5272902,Y,-3.0,3.0,840
R26BK01722823,2026-09-10,한국전기연구원,레독스 일반시험동 신규 충방전기 설치 예정에 따른 부스덕트 증설공사,주식회사 창성전기,4108706731,이성남,39200000,100.0,,,,,,1
R26BK01714578,2026-09-10,서천군산림조합,2026년 덩굴제거 사업(1지구),유한회사 가야,8048602670,용혁,62660270,90.032,69773000,838882,Y,-3.0,3.0,8
R26BK01714087,2026-09-10,전북특별자치도 김제시,2026년 두월천 제방 풀베기사업,(유)성산,4058108526,정태훈,46626701,89.939,51967000,912893,Y,-3.0,3.0,33
R26BK01714133,2026-09-10,충청북도 청주시 상당구,한계1리(118-1)일원 구거정비 공사,(주)일영건설,3018128142,김경숙,24899570,89.949,27720000,546351,Y,-3.0,3.0,205
R26BK01714019,2026-09-10,전남광주통합특별시 구례군,군도9호선(용방 사림-용방면사무소) 차선도색 공사,주식회사 정담건설,4098652937,임정묵,60629828,90.529,67734000,1491373,Y,-3.0,3.0,7
R26BK01703566,2026-09-10,나노종합기술원,200mm 클러스터 ALD 장비 외 11종 유틸리티 연결 공사,주식회사 아론,1348158046,권순창,787040793,90.291,873180000,41444675,Y,-2.0,2.0,10
R26BK01713112,2026-09-10,경상북도 청도군,청도읍상리세천제방수해복구공사,한그루건설 주식회사,5028616749,김성주,225930460,90.268,247400000,11196231,Y,-3.0,3.0,25
R26BK01714146,2026-09-10,전북특별자치도 김제시,2026년 하반기 원평천(국가하천) 제방도로 및 산책로 풀베기사업,(유)미르건설,4018139314,조선옥,50300000,90.026,55895000,994234,Y,-3.0,3.0,33
R26BK01721054,2026-09-10,한국농어촌공사 경남지역본부 진주.산청지사,한해대책 동향지구 암반관정 개발공사,명진건설 주식회사,6138162062,강점숙,32520000,90.494,,,,,,1
R26BK01722341,2026-09-10,한국농어촌공사 충남지역본부 예산지사,보산양수장외 10개소 유지관리 전기공사,은송전기주식회사,3118146230,박상현,19720000,89.996,,,,,,1
R26BK01713577,2026-09-10,전북특별자치도 군산시,서수면 외무장마을 도로확포장공사,주식회사 강원종합건설,8798603810,강대순,106471600,90.224,118646000,5507676,Y,-3.0,3.0,46
R26BK01712737,2026-09-10,주식회사 에버온,전기자동차 완속충전시설 구축시공사 선정_호반써밋1차아파트,주식회사 대광이브이,2278802839,박영만,123113000,95.868,,,,,,2
R26BK01722780,2026-09-10,한국농어촌공사 충남지역본부 예산지사,재해복구사업 상장배수장 토목공사,디와이건설 주식회사,5638601372,김도윤,18000000,90.0,,,,,,1
R26BK01709469,2026-09-10,청강문화산업대학,[청강입찰 2026-06호] 청강문화산업대학교 나비센터 전기공사,주식회사 진원,1388187354,진병철,714704831,90.345,790431320,46303546,Y,-2.0,2.0,3201
R26BK01713923,2026-09-10,광주도시관리공사,흙향기 맨발길 유지보수사업,주식회사 재운,1268658318,안홍규,120150820,90.635,131460000,8497762,Y,-3.0,3.0,29
R26BK01722372,2026-09-10,서울특별시 도로사업소 남부도로사업소,영등포지하차도 보행환경개선사업 통신공사,주식회사 에피테크,4848101910,김희정,50565000,92.999,,,,,,1
R26BK01709878,2026-09-10,청강문화산업대학,[청강입찰2026-07호] 청강문화산업대학교 나비센터 통신공사,주식회사 제이에스 이엔지,1238164816,조성제,387504797,90.41,431727236,27758812,Y,-2.0,2.0,1844
R26BK01713974,2026-09-10,충청북도 도로관리사업소 남부지소,영동 호탄도로(지방도501호선) 유지보수공사,(주)이레건설,8618103395,김민구,147944200,90.619,163880000,13407120,Y,-3.0,3.0,28
R26BK01713697,2026-09-10,경기도 평택시,2026년 하반기 통복천 예초공사,주식회사푸르내조경,6138157481,한만석,91618500,90.59,100000000,6531085,Y,-3.0,3.0,82
R26BK01711101,2026-09-10,대구장애인종합복지관,대구장애인종합복지관 낙석방지책(옹벽포함) 설치공사,주식회사 에스디건설,5088139328,송영선,118619196,90.333,131841000,7300433,Y,-3.0,3.0,141
R26BK01713432,2026-09-10,전남광주통합특별시 함평군,과학영농분석실 실증시험포 조성(성토) 공사,주식회사 청운건설,1118192420,김은희,68135519,89.969,75480000,1298516,Y,-3.0,3.0,23
R26BK01713739,2026-09-10,경기도 평택시,2026년 하반기 황구지천 등 5개소 예초공사,(주)온숲조경,5228604174,이현애,89501860,90.45,100000000,6449524,Y,-3.0,3.0,83
R26BK01721479,2026-09-10,한국농어촌공사 강원지역본부 원주지사,2026년 신리저수지 안전대책시설 설치 공사(휀스),주식회사 대양금속,1438130488,윤서현,16390000,89.862,,,,,,1
R26BK01723225,2026-09-10,경기도 평택시,토진제1배수암거 등 2개소 수문 보수공사,오성산업(주),1258110091,남덕현,44417000,90.908,,,,,,1
R26BK01714672,2026-09-10,경기도 의정부시,2026년 어린이보호구역 정비사업(의순초교),아름건설주식회사,1278185074,조정환,140602500,90.432,154902000,9690001,Y,-3.0,3.0,25
R26BK01711296,2026-09-10,경상남도 김해시,김해가야테마파크 썰매장 시설정비 공사,주식회사 승진건설,5088112315,유선화,88410190,90.38,98310000,5640661,Y,-3.0,3.0,17
R26BK01714493,2026-09-10,경상남도 김해시,2026년 은행나무 열매 제거사업(1구역),주식회사 크로바조경,6158118198,하성환,44859550,90.312,49736000,2674613,Y,-3.0,3.0,56
R26BK01723177,2026-09-10,경기도 평택시,평택북부장애인복지관 추가 임차공간 용도변경 공사,주식회사 틴 건축인테리어,1258184706,오주석,35422000,90.909,,,,,,1
R26BK01723221,2026-09-10,한국농어촌공사 충남지역본부 홍성지사,재해복구 용배수로 퇴적물제거사업,(주)거보산업,6348703209,김혜란,22800000,92.822,,,,,,1
R26BK01714923,2026-09-10,전남광주통합특별시 고흥군,2026년 동일면 사양교 보수공사,나라건설 주식회사,8468701314,윤종균,45062500,90.016,50000000,1320725,Y,-3.0,3.0,82
R26BK01714518,2026-09-10,경상남도 김해시,2026년 은행나무 열매 제거사업(2구역),부경조경개발 주식회사,2398802225,강영호,38673635,90.303,42869000,2301082,Y,-3.0,3.0,55
R26BK01723998,2026-09-10,경기도 이천시 부발읍,무촌리 보행환경 개선공사,강산건설주식회사,7298600070,이호순,49401000,91.836,,,,,,1
R26BK01714740,2026-09-10,경상북도 의성군,도로교통안전시설물정비공사(4차),지성건설주식회사,8818803743,박윤섭,48104605,90.783,53200000,5111359,Y,-3.0,3.0,23
R26BK01724130,2026-09-11,한국지역난방공사 청주지사,청주지사 스팀터빈동 안전시설물 설치공사,조선이엔씨,7492600954,김권암,9600000,88.256,,,,,,1
R26BK01712757,2026-09-10,경상남도 의령군,2026년 의령군 중소하천 정비사업,주식회사명원토건,6128123014,이세진,423589180,90.196,468700000,20498791,Y,-3.0,3.0,363
R26BK01713488,2026-09-10,경상남도 의령군,유곡 마두 안길 확장공사,주식회사 우영건설,6088153708,주부돈,70080100,90.298,77000000,3790216,Y,-3.0,3.0,54
R26BK01721849,2026-09-10,국립공원공단 소백산국립공원북부사무소,2026년 제2연화봉 대피소 취사장 정비 공사,중앙건설산업(주),3038126422,안명진,18715000,,,,,,,1
R26BK01707026,2026-09-10,한국연구재단 정보통신기획평가원,IITP 본관 사무실 환경개선 소방설비공사,주식회사엠아이텍,3148138229,조형수,68478000,90.326,75720000,4221796,Y,-2.0,2.0,198
R26BK01722438,2026-09-10,한국지역난방공사 동탄지사,동탄지사 전력감시시스템 점검 및 개선공사,주식회사 히타치에너지코리아,4248801275,강동근,73700000,91.75,,,,,,1
R26BK01699469,2026-09-10,강원특별자치도 원주시,백운산 농촌테마공원 조성사업 복합관리센터 신축공사(건축),제이엘종합건설 주식회사,8528601404,최규리,2739397350,89.33,3064348000,158866067,Y,-3.0,3.0,525
R26BK01723316,2026-09-10,서울특별시 동부공원여가센터,매헌시민의숲 경관개선 정원조성 공사,주식회사 록담,6198801418,김지현,45000000,90.909,,,,,,1
R26BK01710634,2026-09-11,전북대학교,"2026년도 전북대학교 2차 소규모 보수공사(연간단가, 통신)",(유)세일,4028189592,유입분,44746815,90.345,50000000,2782512,Y,-2.0,2.0,383
R26BK01715026,2026-09-11,전남광주통합특별시 장흥군,2026년 하반기 칡덩굴제거사업(장동지구),장흥군산림조합,4148200243,김병량,44693840,89.864,49801000,560271,Y,-3.0,3.0,18
R26BK01714949,2026-09-11,울산광역시,2026 울산공업축제 행사장 전기 임시 설치 철거 공사,(주)신대동이앤티,6108120404,김구영,31555000,90.324,35000000,1918491,Y,-3.0,3.0,353
R26BK01716549,2026-09-11,충청남도 금산군,금산읍 도시계획도로 차선도색공사,주식회사일신,8888801047,양현욱,142621410,90.167,158400000,4692888,Y,-3.0,3.0,16
R26BK01703711,2026-09-11,외서농업협동조합,"외서농협 스마트 수출전문단지 구축사업(건축, 기계설비)",(주)신도종합건설,5048150942,엄석호,279900000,81.934,,,,,,11
R26BK01716397,2026-09-11,전남광주통합특별시 보성군,보성 원봉 면도102호 인도 설치공사,정한건설 주식회사,2898702368,박혜숙,29216500,90.218,32360000,1450195,Y,-3.0,3.0,59
R26BK01712012,2026-09-11,남양주도시공사,조안면 공공도서관 건립사업 전기공사,주식회사 케이파워,1448100236,이경규,438037546,90.42,487711000,31870240,Y,-3.0,3.0,3485
R26BK01717347,2026-09-11,충주산림조합,2026년 통합숲가꾸기사업(2지구),백두대간 주식회사,6688101158,김경순,83729000,90.495,92569000,4947700,Y,-3.0,3.0,16
R26BK01715287,2026-09-11,경상북도 경주시,교촌교 접속부 포장 보수공사,금오건설(주),5058173064,박정주,26029000,89.941,28950000,542990,Y,-3.0,3.0,133
R26BK01717615,2026-09-11,충청남도교육청 충청남도아산교육지원청,온양고등학교 풋살장 인조잔디 조성공사,유민건설(주),3128161966,조용호,196959325,90.337,218510000,12570910,Y,-3.0,3.0,39
R26BK01716979,2026-09-11,경상남도 고성군,고성형근로자주택 기반시설 정비사업 견적 제출 공고,주식회사 금양,6138127648,김진아,243507690,90.291,267980000,13528614,Y,-3.0,3.0,39
R26BK01711028,2026-09-11,경상북도 경주시,수렴 연안재해방지시설 설치사업,주식회사  이안건설,3338602917,윤영돈,130861800,90.538,144018000,11167117,Y,-3.0,3.0,138
R26BK01715282,2026-09-11,경상북도 영덕군,2026년 지진해일 대피안내표지판 정비사업(남부권) 견적제출 안내공고,대우휀스개발(주),5078104729,박노직,61353248,90.298,68200000,1813982,Y,-3.0,3.0,22
R26BK01712476,2026-09-11,서울교통공사,5호선 개롱역 변전소 소방설비 개량공사,주식회사 파인티엠이,5678602640,안경법,461115900,90.216,511274390,23288909,Y,-3.0,3.0,586
R26BK01717358,2026-09-11,경상북도 영주시,이산면 석포리 석포2교 정비공사,주식회사 천우건설,2268134284,이상교,37716000,90.294,42300000,1888040,Y,-3.0,3.0,87
R26BK01712448,2026-09-11,서울특별시 관악구,구립 관수경로당 그린리모델링 공사(건축),씨엔지건설주식회사,3948101335,김진섭,81266000,90.133,89672000,3402882,Y,-3.0,3.0,543
R26BK01717212,2026-09-11,대구광역시 수성구,용지어린이공원 정비공사,(주)디멘션조경,5028183898,김맹곤,84898000,90.078,94900000,3048268,Y,-3.0,3.0,232
R26BK01706147,2026-09-11,경상북도교육청 경상북도영양교육지원청,입암교직원연립관사 외벽개선공사,주식회사 제이와이,3398601347,최계순,312748000,90.147,345130000,13143666,Y,-3.0,3.0,610
R26BK01717284,2026-09-11,전남광주통합특별시 장성군,삼서면 수양리 월봉마을 옹벽 설치공사,영진산업 주식회사,4168144857,박영술,36504890,90.437,40690000,2558766,Y,-3.0,3.0,22
R26BK01713279,2026-09-11,(주)강원랜드,세탁공장 방류수 배관 신설공사,금강건설 주식회사,4168137884,성만규,78767900,90.39,87270000,5370637,Y,-2.0,2.0,51
R26BK01716416,2026-09-11,전남광주통합특별시 보성군,보성 쾌상 농도301호 도로 확장 공사,백년건설주식회사,6208112764,정병채,27272290,90.278,29910000,1532814,Y,-3.0,3.0,59
R26BK01715021,2026-09-11,전남광주통합특별시 장흥군,2026년 하반기 칡덩굴제거사업(장흥장평지구),주식회사 코스모스산림,1928700784,홍이식,50952400,89.892,56701000,638334,Y,-3.0,3.0,19
R26BK01719947,2026-09-11,인천국제공항공사,T2 2번출국장 통합판독실-외화신고대 연계 통신공사,주식회사 가을디에스,1058714362,신연희,52800000,99.421,,,,,,1
R26BK01715357,2026-09-11,경기도 고양시 일산동구,일산동구 은행나무 열매털기 사업,주식회사 소나무,3778102886,이지훈,41828900,90.27,46200000,2354964,Y,-3.0,3.0,109
R26BK01715796,2026-09-11,경기도 수원시,"수원시 재난안전상황실 이전 구축공사(건축,기계)",주식회사 디엘씨앤씨,1588700479,이원일,188024879,90.282,208689000,10020532,Y,-3.0,3.0,88
R26BK01716535,2026-09-11,한국농어촌공사 충북지역본부,충주권역 양식장 친환경에너지 보급사업(공기열) 기계설비공사,주식회사 한서정밀기계,1788800747,한상근,122983240,89.91,136737000,2158690,Y,-2.0,2.0,239
R26BK01716519,2026-09-11,경상북도 고령군,개진면 부1리 암반관정 설치,주식회사 미도개발,4128600610,오광식,45542710,90.513,50800000,2061760,Y,-3.0,3.0,12
R26BK01715681,2026-09-11,인천광역시 부평구,2026년 가로수 수종갱신 및 제거사업,백호건설조경,1313596893,백혜선,54114910,90.531,59257000,4571884,Y,-3.0,3.0,275
R26BK01712164,2026-09-11,서울특별시 은평구,"난지처리구역 내 하수관로 개량공사 (불광1-7,2권역)",백두산업 주식회사,6258100185,최영석,690657000,90.9,764781000,85419018,Y,-3.0,3.0,869
R26BK01713832,2026-09-11,전북특별자치도교육청 우석고등학교,우석고 수변전 교체 및 기타 전기공사 수의계약 견적제출 안내공고,신흥전업사,4032065059,배오철,78811300,90.213,88089000,3987419,Y,-3.0,3.0,1127
R26BK01709778,2026-09-11,충청북도교육청 충청북도충주교육지원청,"덕신초 외 2교(충주중앙탑초, 수안보중) 외벽보수 및 기타공사 수의계약 안내 공고",주식회사 나로종합건설,3458800779,민광수,349063606,90.219,386199000,17880309,Y,-3.0,3.0,44
R26BK01716414,2026-09-11,경기도 의정부시,2026년도 빈집 철거 후 공공조성공사,운종건설(주),1098602987,김종호,53037804,90.34,58561000,3168548,Y,-3.0,3.0,7
R26BK01715060,2026-09-11,전남광주통합특별시 목포시,관내 시가지 중앙분리대 및 미관광장 예초공사,유한회사 아지건설,4118143737,박효정,29839000,90.064,33612000,377969,Y,-3.0,3.0,21
R26BK01714978,2026-09-11,대구광역시 동구,2026년 은행(암)나무 가로수 열매 채취 공사,주식회사 천마조경,5028631866,노선균,90379722,90.24,99924000,4655201,Y,-3.0,3.0,263
R26BK01715010,2026-09-11,전남광주통합특별시 장흥군,장동 조양1구 마을안길 확장공사,주식회사 서호건설,2538101112,서승관,25658602,90.315,28220000,1181660,Y,-3.0,3.0,57
R26BK01713104,2026-09-11,대전도시공사,2026년도 제1호기 소각시설 내화물 보수공사,화인로주식회사,8278101801,김태욱,45177667,90.291,46018182,994456,Y,-3.0,3.0,21
R26BK01715386,2026-09-11,경기도 양주시,2026년 구거유지관리사업(복지리 504-2번지 일원),대미건설(주),4128800685,박미영,52955468,89.976,59400000,1139981,Y,-3.0,3.0,41
R26BK01713478,2026-09-11,한국농어촌공사 경남지역본부 창녕지사,구미 마을만들기사업 토목공사,태종건설 주식회사,5158113312,천은우,126201565,90.574,138838000,11070715,Y,-2.0,2.0,12
R26BK01717345,2026-09-11,경상남도 사천시,사천실내수영장 노후시설 개보수 공사,보광종합건설 주식회사,6198103232,안태용,391865000,90.495,435006000,28672470,Y,-3.0,3.0,33
R26BK01693903,2026-09-11,조달청 인천지방조달청,웨어러블 로봇 실증센터 구축사업 증축 및 리모델링 종합공사,도건종합건설 주식회사,6158121368,이정우,1468148590,89.315,1657572000,82918926,Y,-3.0,3.0,1272
R26BK01715015,2026-09-11,전북특별자치도 고창군,성산지구 중형관정 개발공사(한발대비),유한회사 나래건설,7258600684,유현민,28242000,90.995,30667400,346940,Y,-3.0,3.0,27
R26BK01716306,2026-09-11,제주특별자치도,2026년 소규모 수도시설(한경지구) 개량공사,주식회사 청송건설,6168112805,최은희,116953160,90.868,129701000,13944513,Y,-3.0,3.0,239
R26BK01717126,2026-09-11,충청남도 계룡시,엄사리 도시계획도로(소로3-136호) 개설공사,주식회사대덕,3058126578,차곡순,142136600,90.43,156530000,8627128,Y,-3.0,3.0,12
R26BK01715012,2026-09-11,전북특별자치도 고창군,동산지구 중형관정 개발공사(가뭄취약),용덕지하수개발,4040673162,이순호,27430420,89.883,30667400,346940,Y,-3.0,3.0,28
R26BK01716672,2026-09-11,해양경찰청 동해지방해양경찰청 포항해양경찰서,포항해양경찰서 경비함정(507함) 전자해도 교체 공사,(주)경북정보통신,5068136397,김원배,20777460,89.915,23000000,384013,Y,-2.0,2.0,2332
R26BK01716440,2026-09-11,충청남도 보령시,의평리 마을숲 화단 벽체 보수공사,대건건설 주식회사,3138104537,장동수,25170000,89.95,27900000,521016,Y,-3.0,3.0,98
R26BK01713083,2026-09-11,서울특별시 은평구,2026년 생활밀착형숲(정원) 조성사업(구산동 도서관마을),에스더블유엠 주식회사,1208774210,박서연,324832780,90.115,362602000,12934732,Y,-3.0,3.0,364
R26BK01715126,2026-09-11,대전광역시 서구,괴곡동 느티나무 종합정비사업(5년차) 공사,주식회사 각림종합건설,6138152638,김종상,47904400,90.648,53743000,2342889,Y,-3.0,3.0,36
R26BK01715017,2026-09-11,전북특별자치도 고창군,송산지구 중형관정 개발공사(가뭄취약),유한회사 세정수자원개발,7318100874,이정원,27398400,89.912,30667400,346940,Y,-3.0,3.0,28
R26BK01711341,2026-09-11,경상남도 창원시 푸른도시사업소,2026년 산불예방 숲가꾸기사업(우곡사지구),유한회사 힐스타운,8828702508,김상기,134097800,90.465,147295000,9909431,Y,-3.0,3.0,9
R26BK01714974,2026-09-11,울산광역시교육청 울산광역시학생교육문화회관,울산광역시학생교육문화회관 태양광발전 설치 및 LED 전광판 전기공사 수의계약 안내 공고,대한전기 주식회사,6248603938,조옥제,36680716,89.905,41261000,531876,Y,-3.0,3.0,353
R26BK01715830,2026-09-11,경상북도 의성군,2026년 하반기 보안등 신설공사,주식회사 모소파워텍,2598603239,김선태,25635570,90.278,28522000,1475936,Y,-3.0,3.0,54
R26BK01715016,2026-09-11,전북특별자치도 고창군,송곡지구 중형관정 개발공사(한발대비),용덕지하수개발,4040673162,이순호,27351320,90.464,30667400,346940,Y,-3.0,3.0,28
R26BK01698059,2026-09-11,경기도교육청 경기도평택교육지원청,(가칭)고덕6고 신축 기계설비공사,해창설비(주),1128137468,한기운,1807736100,89.244,2049622000,89193146,Y,-3.0,3.0,713
R26BK01715268,2026-09-11,경상북도 영덕군,2026년 지진해일 대피안내표지판 정비사업(북부권) 견적제출 안내공고,주식회사 한국산업개발,5868701445,구상본,84448317,90.359,92800000,2459808,Y,-3.0,3.0,22
R26BK01715011,2026-09-11,전북특별자치도 고창군,군유지구 중형관정 개발공사(한발대비),(주)세종건설,4058110134,채양숙,27607000,89.913,30667400,346940,Y,-3.0,3.0,27
R26BK01716351,2026-09-11,한국농어촌공사 전북지역본부 순창지사,순창읍 중앙로일원 도시재생사업(청년공방) 건축토목기계공사,(주)파크건설,4098612857,백성민,232656500,90.675,257444000,23264312,Y,-2.0,2.0,295
R26BK01716056,2026-09-11,전남광주통합특별시교육청 전남광주통합특별시장흥교육지원청,장흥회덕중 비탈면 보강에 따른 배수로 및 포장공사,(주)제이알건설,4088157797,심민호,91749400,91.036,101139000,5310955,Y,-3.0,3.0,6
R26BK01712075,2026-09-11,충청남도 서산시,지곡면 야외체육시설 조성사업,한빛종합건설 주식회사,3058123362,김동환,1051532000,89.229,1190199000,45615989,Y,-3.0,3.0,62
R26BK01714658,2026-09-11,경기도 포천시,2026년 하반기 도시계획도로 유지보수 연간 단가공사(북부권),스마트건설 주식회사,1278641839,임영숙,90165920,90.287,100000000,5171606,Y,-3.0,3.0,43
R26BK01713576,2026-09-11,경기도 안산시,2026년 부곡동 일원 경과 수도계량기 교체공사,백광이엔지 주식회사,1408119413,백영권,114393900,90.566,127020000,9995737,Y,-3.0,3.0,28
R26BK01712491,2026-09-11,한국철도공사 회계통합센터,★교류전철실적보유★ 경부선 경산변전소 외 2개소 단권변압기 개량공사,주식회사일광,2268127293,조영숙,142761418,90.199,157711000,6752694,Y,-2.0,2.0,77
R26BK01708516,2026-09-11,충청북도교육청 충청북도충주교육지원청,충주남산초 외 1교(칠금중) 공간재구조화 리모델링 증축 소방공사 입찰 공사,(주)세명이앤씨,3178112645,섭동현,209555948,90.455,235960000,14458787,Y,-3.0,3.0,220
R26BK01717504,2026-09-11,경상남도 합천군,가축분뇨공공처리 시설 기술진단 개선사업 협잡물처리기 교체공사,주식회사 민영에너지,2088600025,김민제,63970000,90.628,70810000,4811875,Y,-3.0,3.0,3
R26BK01713895,2026-09-11,경기도 수원시 권선구,2026년 권선구 하천 조경관리공사(1권역 및 권선구 관내)(단가계약),(주)지스터스,4188701481,한종헌,7340850,90.242,8100000,382570,Y,-3.0,3.0,112
R26BK01713319,2026-09-11,김해시도시개발공사,진영·진례맑은물순환센터 구조물 균열보수 공사,세청건설화학 주식회사,6158118543,이현녕,71457600,90.313,79534545,4332099,Y,-3.0,3.0,55
R26BK01710849,2026-09-11,인천광역시 계양구,계양구노인복지관 환경개선 지원 사업 기계설비공사,(주)케이엠이엔지,1378637138,한은경,221895910,90.189,246389000,10323629,Y,-3.0,3.0,241
R26BK01708445,2026-09-11,충청북도교육청 충청북도충주교육지원청,충주남산초 외 1교(칠금중) 공간재구조화 리모델링 및 증축 통신공사 입찰 공고,주식회사두성정보통신,8828700285,구연상,458124500,90.39,509146000,31897033,Y,-3.0,3.0,347
R26BK01707515,2026-09-11,서울특별시립은평의마을,시립은평의마을 아스콘 포장공사,에이븐이앤씨(주),1278197089,하건호,235376296,90.309,261746700,14293865,Y,-3.0,3.0,575
R26BK01711307,2026-09-11,충청북도 청주시 상당구,달천 유지관리사업,주식회사 효민건설,3018151186,김애정,89946000,90.579,99740000,8073659,Y,-3.0,3.0,209
R26BK01686255,2026-09-11,조달청 인천지방조달청,"한국폴리텍대학 반도체융합캠퍼스 학생회관 증축공사(건축, 기계설비, 토목, 조경)",다한종합건설 주식회사,4538600891,김정곤,3866120940,89.341,4325918000,228301049,Y,-2.0,2.0,715
R26BK01717282,2026-09-11,대구광역시 수성구,배수지어린이공원 정비공사,주식회사지엘조경개발,5028168882,황영도,105742800,90.134,116837000,4423829,Y,-3.0,3.0,231
R26BK01694800,2026-09-11,경기도교육청 경기도평택교육지원청,(가칭)도일2초 신축 기계설비공사,(주)한영이엔씨,6978602602,허선,2099478871,89.219,2352994000,98913153,Y,-3.0,3.0,712
R26BK01715284,2026-09-11,경상북도 경주시,경주 분황사지 종무소 건립 전기공사,세화전기(주),5058102273,이인형,42562760,90.245,47600000,2038415,Y,-3.0,3.0,121
R26BK01707359,2026-09-11,서울특별시립은평의마을,시립은평의마을 제2생활관 방화문 교체공사,주식회사 장식가,5438700279,이영규,207667000,90.672,230605000,20668145,Y,-3.0,3.0,1052
R26BK01715018,2026-09-11,전북특별자치도 고창군,하고지구 중형관정 개발공사(한발대비),석수자원개발,8440303301,심길문,27765777,90.024,30667400,346940,Y,-3.0,3.0,28
R26BK01715019,2026-09-11,전북특별자치도 고창군,후포지구 중형관정 개발공사(한발대비),유한회사 엘림건설엔지니어링,4048118846,김정은,27588000,89.874,30667400,346940,Y,-3.0,3.0,28
R26BK01717323,2026-09-11,충주산림조합,2026년 통합숲가꾸기사업(1지구),(주)태양임업,3038160828,장봉민,89088700,90.568,99090000,5457361,Y,-3.0,3.0,17
R26BK01717433,2026-09-11,울산광역시 남구,2026년 태화강그라스정원 조성사업(2구간),지산건설 주식회사,5138154767,백아름,273139123,90.697,305800000,27752823,Y,-3.0,3.0,65
R26BK01700155,2026-09-11,경기도교육청,(가칭)거모1중 신축 기계설비공사,(주)영일,1338105809,김은선,1336604592,89.221,1497981000,63464408,Y,-3.0,3.0,708
R26BK01714457,2026-09-11,서울특별시 마포구,"염리동주민센터 이전 환경개선 인테리어 공사(건축, 기계)",보광종합건설 주식회사,2148666380,이미정,539443700,90.205,602678000,26807280,Y,-3.0,3.0,859
R26BK01716107,2026-09-11,제주특별자치도,2026 도유도회관 개보수 공사(옥상방수 등),(주)한성,6168121508,강말순,85806600,90.24,94566000,4540118,Y,-3.0,3.0,237
R26BK01709174,2026-09-11,충청북도교육청 충청북도충주교육지원청,중원중 포장공사 수의계약 견적제출 안내 공고,에이치에스건설 주식회사,5158130854,김정연,77377000,90.262,86244000,4214593,Y,-3.0,3.0,70
R26BK01709976,2026-09-11,한국농어촌공사 경남지역본부 고성.통영.거제지사,회화면 농촌중심지활성화사업 소방공사,주식회사 세명,6338800244,박순남,424043084,90.368,472335000,28228631,Y,-2.0,2.0,348
R26BK01715763,2026-09-11,경기도 평택시 상하수도사업소,26년도 내구연한 초과유량계 교체사업 전기공사,주식회사 성지엔지니어링,1358628462,구재명,46777660,90.405,52137000,3324732,Y,-3.0,3.0,174
R26BK01715247,2026-09-11,경상북도 영덕군,영리해수욕장 노후 편의시설 철거공사 견적제출 안내공고,주식회사 강산환경산업,4078133128,김미화,35830817,90.956,39920000,640621,Y,-3.0,3.0,6
R26BK01677942,2026-09-11,경상북도,청도 운문 마일2리 교량개체공사,(주)거산건설,5078105688,장시중,4843000000,89.07,5518720000,468978553,Y,-3.0,3.0,244
R26BK01714080,2026-09-11,강원특별자치도교육청 미래고등학교,미래고등학교 컴퓨터응용기계과 용접실 환경개선 기계설비공사 견적 제출 공고,엘타임주식회사,2248152025,유대석,110175253,90.054,121554000,2317776,Y,-3.0,3.0,77
R26BK01715603,2026-09-11,경기도 안산시,2026년 하반기 조림지가꾸기 사업(상록구),주식회사 산천초목,3488100333,김주란,39070951,90.475,43699000,492761,Y,-3.0,3.0,4
R26BK01715650,2026-09-11,경기도 안산시,2026년 하반기 조림지가꾸기 사업(단원구),주식회사 산천초목,3488100333,김주란,76743537,90.272,85834000,967859,Y,-3.0,3.0,4
R26BK01715065,2026-09-11,전남광주통합특별시 목포시,2026년 용해지구 및 대양산단 녹지대 예초작업,주식회사  가온누리,6378102186,김은희,44925100,89.852,49851000,505494,Y,-3.0,3.0,22
R26BK01702615,2026-09-11,경기도교육청 경기도고양교육청 가좌초등학교,가좌초등학교 교사동 옥상 방수공사,주식회사 드리머21,5448102453,김인상,254304319,90.405,287672000,8111109,Y,-3.0,3.0,624
R26BK01715028,2026-09-11,전남광주통합특별시 장흥군,2026년 하반기 칡덩굴제거사업(대덕지구),주식회사 두리,4298800397,고아라,36304700,89.916,40149000,479028,Y,-3.0,3.0,19
R26BK01716006,2026-09-11,경기도 남양주시 공원녹지관리사업소,다산수변공원 환경개선공사,(주) 미산,1328145676,정용철,120156500,90.128,132200000,3478986,Y,-3.0,3.0,49
R26BK01715057,2026-09-11,전남광주통합특별시 목포시,신도심 일원 수벽전정 공사,(주)영창조경,4118170442,김경복,29975580,89.869,33303000,374455,Y,-3.0,3.0,22
R26BK01715179,2026-09-11,전남광주통합특별시 장흥군,2026년 하반기 칡덩굴제거사업(유치지구),주식회사 두리,4298800397,고아라,49814100,89.921,55091000,644812,Y,-3.0,3.0,19
R26BK01692688,2026-09-11,조달청 광주지방조달청,율촌초 공간재구조화 본관동 개축공사,대림건설산업 주식회사,6138140511,최원술,4305083470,89.431,4822896000,292286981,Y,-3.0,3.0,443
R26BK01715135,2026-09-11,전북특별자치도 장수군,2026년 전통마을숲  (반월마을숲) 조성사업 수의계약 안내공고,(유)자연개발,4128146800,호영길,36346420,89.894,40490000,576985,Y,-3.0,3.0,22
R26BK01717100,2026-09-11,강원특별자치도 영월군,영월군청소년수련관 리모델링 공사,신광건설(주),1328140915,안은희,174974200,90.478,192495000,9610746,Y,-3.0,3.0,9
R26BK01715750,2026-09-11,경상북도 경주시,경주역 공영주차장 확장 조성사업,세현건설 주식회사,5058119454,김진현,241866600,90.71,264998000,23775039,Y,-3.0,3.0,51
R26BK01711653,2026-09-11,대전도시공사,"2026년도 하반기 제1,2호기 소각시설 보일러 세정 및 정비공사",주식회사 아성이엔지,1138801394,김소영,81836140,90.434,90400000,5715986,Y,-3.0,3.0,192
R26BK01716167,2026-09-11,충청남도 서산시,어송3리 회관 일원 보도 개설공사,주식회사 백제,3108103878,황명옥,27883000,90.669,30562000,2631769,Y,-3.0,3.0,49
R26BK01716637,2026-09-11,전남광주통합특별시교육청 전남광주통합특별시무안교육지원청,무안고 햇빛이음학교 태양광발전장치 설치 전기공사 수의계약 안내공고,(유)신아전력,4118156493,최이양,52884450,90.262,59515000,2670697,Y,-3.0,3.0,70
R26BK01715425,2026-09-11,경상남도 창원시,소액수의 견적제출 안내공고[신월지구 새뜰마을사업 힐링공원 및 마을텃밭 조성공사],주식회사 성광건설,8878601491,이지현,94454560,90.436,104963000,6821765,Y,-3.0,3.0,100
R26BK01716240,2026-09-11,제주특별자치도,2026년 농어촌생활용수 급수취약지(연평지구) 개발사업,주식회사 성완건설,6018602784,김도삼,187803140,90.751,207317000,20009979,Y,-3.0,3.0,234
R26BK01715884,2026-09-11,경기도 수원시,수원시 재난안전상황실 이전 구축공사(소방),88소방,4663401320,김환웅,40115000,90.264,44441000,2124214,Y,-3.0,3.0,77
R26BK01715056,2026-09-11,전남광주통합특별시 목포시,원도심 일원 수벽전정 공사,(주)영창조경,4118170442,김경복,25371320,90.137,28417000,319855,Y,-3.0,3.0,22
R26BK01716046,2026-09-11,강원특별자치도 강릉시 상하수도사업소,사천면 덕실리 일원 하수도 개선공사(토목),광진건설(주),3028113467,이의숙,54376860,90.421,60620000,3865555,Y,-3.0,3.0,49
R26BK01717283,2026-09-11,울산광역시 남구,2026년 태화강그라스정원 조성사업(1구간),(주) 솔,6208133702,이길연,279441500,90.994,308110000,37030938,Y,-3.0,3.0,65
R26BK01716461,2026-09-11,헌법재판소,대심판정 천창유리 교체공사,(주)오월산업개발,3108113890,박재영,49881471,90.116,55890000,1994261,Y,-2.0,2.0,310
R26BK01714794,2026-09-11,경상북도 고령군,음악분수 연결도로 정비공사,주식회사 원진건설,5038166591,박태병,50224900,95.496,51700000,4228314,Y,-3.0,3.0,34
R26BK01711492,2026-09-11,한국농어촌공사 경남지역본부 김해.양산.부산지사,한림면 기초생활거점조성사업(2단계) 건축공사,株式會社 金石綜合建設,6228115694,강호원,161328500,90.205,178178000,7921442,Y,-2.0,2.0,85
R26BK01714288,2026-09-11,경상남도 창원시 성산구,올림픽공원 테니스장 시설물 정비사업,주식회사 동남이엔씨,6098191627,최창덕,173233480,90.359,194491000,10848346,Y,-3.0,3.0,215
R26BK01717117,2026-09-11,경상북도 포항시,오천시장 쿨링포그 설치공사,주식회사 에스제이텍,5738600496,임종국,29991450,89.986,33590000,749299,Y,-3.0,3.0,81
R26BK01716523,2026-09-11,경상북도 포항시,포항 장기읍성 옥외소화전 설치 소방공사,칠보산업주식회사,5058114430,김종길,38016790,90.29,42800000,1356035,Y,-3.0,3.0,42
R26BK01716476,2026-09-11,충청남도 보령시,교통신호기 유지보수 단가계약(2차),(주)서진전업사,3138107494,김영주,45078700,90.15,50000000,1920459,Y,-3.0,3.0,74
R26BK01715140,2026-09-11,전북특별자치도 장수군,2026년 종모우센터 기반조성 지원사업 수의계약 안내공고(민간입찰대행),(유)도완건설,4108162648,국중복,68962840,90.027,76000000,1459512,Y,-3.0,3.0,6
R26BK01715150,2026-09-11,전북특별자치도 장수군,2026년 교통안전표지판 설치보수공사 (단가계약)(2차) 수의계약 안내공고,주식회사 영화건설,4108663996,조양은,32196000,90.337,35556000,1465915,Y,-3.0,3.0,13
R26BK01716499,2026-09-11,경기도 남양주시 공원녹지관리사업소,다산수변공원 환경개선공사(전기),동방이앤씨(주),1328186167,이강필,44858769,90.183,50316000,2113867,Y,-3.0,3.0,217
R26BK01717069,2026-09-11,전남광주통합특별시 장성군,황룡행복마을 공원정비사업,(주)송백토건,5058108471,김우식,20851500,90.846,22666000,1342057,Y,-3.0,3.0,26
R26BK01710063,2026-09-11,경상북도교육청 경상북도성주교육지원청,대가초등학교 교사동 방수 공사,정진건설 주식회사,5108117744,서경자,158234921,90.782,174042000,9240072,Y,-3.0,3.0,8
R26BK01715070,2026-09-11,전남광주통합특별시 목포시,2026년 상동 및 옥암지구 녹지대 예초작업,(유) 휴먼테크,4118158040,김경훈,39580420,89.906,44242000,450933,Y,-3.0,3.0,22
R26BK01699969,2026-09-11,경기도교육청 경기도평택교육지원청,(가칭)고덕6고 신축 전기공사,한국파워이엔지 주식회사,1248644690,안상근,2497015920,89.454,2783130000,175584176,Y,-3.0,3.0,3484
R26BK01716341,2026-09-11,전북특별자치도 고창군,2026년 고창읍 왕벚나무 보식사업,무림개발조경 주식회사,1338145378,이슬,44316380,90.441,49310000,3157176,Y,-3.0,3.0,26
R26BK01716396,2026-09-11,전남광주통합특별시교육청 전남광주통합특별시무안교육지원청,전남체육중 육상부 훈련실 드라이비트 교체공사 수의계약 안내공고,찬성산업(주),4108675959,이희정,33820000,90.148,37680000,1354994,Y,-3.0,3.0,28
R26BK01708600,2026-09-11,충청북도교육청 충청북도충주교육지원청,충주남산초 외 1교(칠금중) 공간재구조화 리모델링 및 증축 전기공사 입찰 공고,주식회사 해광전력,6318103611,김성준,700735873,90.437,773570000,51776821,Y,-3.0,3.0,752
R26BK01716506,2026-09-11,연세대학교 미래캠퍼스,환경실 오수처리장 천막(천장 전체) 교체 공사,예공건설(주),2248133746,엄재하,27629480,89.969,30816500,643969,Y,-2.0,2.0,78
R26BK01715294,2026-09-11,경상북도 경주시,불국 하동소하천 소교량 개체공사,광신건설 주식회사,5058110166,임정희,85926750,90.352,95702000,5559395,Y,-3.0,3.0,133
R26BK01716585,2026-09-11,경상북도교육청 경상북도영천교육지원청,청통초등학교 내진부적정건물 보강 및 기타공사,주식회사 효성토건,6548800163,이덕풍,237253430,90.174,260733000,10178806,Y,-3.0,3.0,34
R26BK01717175,2026-09-11,강원특별자치도교육청 강원특별자치도삼척교육지원청,정라초 인조잔디 및 우레탄트랙 교체공사,(주)수현건설,1278131845,구도회,76230080,90.637,84756000,6155861,Y,-3.0,3.0,13
R26BK01715178,2026-09-11,전북특별자치도 무주군,사전천 신기교 상하수도 이설공사,에스디건설 주식회사,4158106184,이근수,127658930,90.183,141141000,3346208,Y,-3.0,3.0,14
R26BK01716928,2026-09-11,경상남도 양산시,(가칭)석금산중학교 학교복합시설 건립 소방공사,주식회사 한국유닉스경남,6218606014,강덕현,64179287,90.315,71137000,3828220,Y,-3.0,3.0,21
R26BK01699437,2026-09-11,경기도교육청,(가칭)거모1중 신축 전기공사,주식회사 삼송,1408100762,최융하,2268764072,89.419,2549840000,151797476,Y,-3.0,3.0,3461
R26BK01716618,2026-09-11,과학기술정보통신부 우정사업본부 전남지방우정청,영암우편집중국 작업장 바닥 보수공사,한울리페아 (주),4708800376,윤상엽,79498390,90.199,87205000,3718449,Y,-2.0,2.0,613
R26BK01714785,2026-09-11,대전광역시 서구,마을자원 공유시설 개선사업 공원 공사,주식회사 예준엘에스,8298803541,박경숙,73797884,90.347,81380000,4797884,Y,-3.0,3.0,181
R26BK01715009,2026-09-11,전북특별자치도 고창군,고성지구 중형관정 개발공사(한발대비),유한회사 우정건설,4048106675,안길환,27376100,89.882,30667400,346940,Y,-3.0,3.0,28
R26BK01715014,2026-09-11,전북특별자치도 고창군,무송지구 중형관정 개발공사(한발대비),용산개발(주),2218133747,이상정,27532056,89.886,30667400,346940,Y,-3.0,3.0,28
R26BK01715154,2026-09-11,전남광주통합특별시 장흥군,2026년 하반기 칡덩굴제거사업(안양회진지구),(유)에이스산림,4088199517,강경선,31961400,89.903,35415000,398818,Y,-3.0,3.0,19
R26BK01717038,2026-09-11,경기도 가평군,산월랑천(신상리 482-1)재해복구공사,상하건설주식회사,1328145389,문인수,114198430,90.115,127259000,3412372,Y,-3.0,3.0,31
R26BK01690946,2026-09-11,조달청 인천지방조달청,화성여자교도소 신축공사 소방공사,상림종합전설(주),2128163363,박한서,2798139874,89.342,3108559000,166133426,Y,-2.0,2.0,878
R26BK01714650,2026-09-11,강원특별자치도 강릉시 상하수도사업소,초원연립 일원 노후 상수도관 정비사업,주식회사효광건설,2268137904,김동실,85751400,90.856,94760000,9771063,Y,-3.0,3.0,48
R26BK01715834,2026-09-11,충청남도 부여군,2026년 부여 궁남지 배수로 정비사업,주식회사 영창,4118112160,윤명희,108885720,90.598,120000000,5490024,Y,-3.0,3.0,6
R26BK01715168,2026-09-11,전남광주통합특별시 장흥군,2026년 하반기 칡덩굴제거사업(부산용산지구),한빛산림 유한회사,3528703495,황준홍,44675279,89.898,49353000,555797,Y,-3.0,3.0,19
R26BK01714957,2026-09-11,경상북도교육청 경상북도성주교육지원청,성주교육지원청 본관동 방수 및 기타공사,주식회사 아천공업사,5108117384,조진섭,153429673,90.542,169708000,9818498,Y,-3.0,3.0,8
R26BK01711560,2026-09-11,한국철도공사 회계통합센터,경부고속선 천안아산-김천구미간 선로변 자갈막이 설치공사,충일토건(주),3088110420,이삼휘,425627480,90.398,469377000,29813153,Y,-2.0,2.0,379
R26BK01715409,2026-09-11,전남광주통합특별시 해남군,북일 월성 배수로 정비공사,주식회사 연호토건,4148108141,곽영준,31496976,90.444,35390000,2087506,Y,-3.0,3.0,221
R26BK01695888,2026-09-11,조달청 대구지방조달청,철강공단(2단지) 하수관로 정비사업,일신건설 주식회사,3018116705,한직환,20505900150,85.807,24282177000,2251260694,Y,-3.0,3.0,203
R26BK01714105,2026-09-11,국립순천대학교,26년 노후 냉난방기 교체에 따른 전기공사,주식회사 디와이,1728802320,김희정,150182390,90.205,166619000,7406000,Y,-2.0,2.0,147
R26BK01715128,2026-09-11,대전광역시 서구,괴곡동 느티나무 종합정비사업(5년차) 전기공사,동이문화재 주식회사,6098624929,인진홍,28533360,90.05,31628000,889204,Y,-3.0,3.0,6
R26BK01714893,2026-09-11,전북특별자치도교육청 전북특별자치도익산교육지원청,여산초 햇빛이음 태양광발전장치 설치 및 기타 전기공사,주식회사 성진쏠라,4478602929,박병언,31365211,90.161,35131000,1411381,Y,-3.0,3.0,1114
R26BK01713857,2026-09-10,경상남도 함양군,환대하우스 조성을 위한 빈집 리모델링 공사(병곡면 소현길),주식회사 코리아이앤씨,3328603534,김도분,56733900,90.04,62340000,1221243,Y,-3.0,3.0,13
R26BK01715020,2026-09-11,전남광주통합특별시 장흥군,유치 운월2구 위험지역 배수로 정비사업,토대로건설 주식회사,7138701843,이형록,27923000,90.209,31120000,1279127,Y,-3.0,3.0,39
R26BK01709861,2026-09-11,한국농어촌공사 경남지역본부 고성.통영.거제지사,회화면 농촌중심지활성화사업 전기공사,주식회사 비에스전력,8748102785,문정곤,386360508,90.409,426539300,27672291,Y,-2.0,2.0,1223
R26BK01694779,2026-09-11,조달청 광주지방조달청,"광주보훈병원 중증․응급 의료인프라 구축 증축공사[건축](기계, 토목, 조경)",승원종합건설(주),4098158839,김승구,7615324890,88.829,8667511000,590239795,Y,-2.0,2.0,334
R26BK01713523,2026-09-11,강원특별자치도 강릉시 농업기술센터,왕산면 도마천(도마리 1165-9) 일원 농수로 정비공사,금광건설(주),2268123282,손호석,33494700,90.296,37480000,1904291,Y,-3.0,3.0,92
R26BK01698478,2026-09-11,제주특별자치도개발공사,마음에온 서귀1차 건설공사(건축),주식회사 에스엠건설,6168613662,손운봉,3212535000,89.46,3608471077,227239128,Y,-3.0,3.0,223
R26BK01713348,2026-09-11,강원특별자치도 강릉시 농업기술센터,주문진읍 뱀골천(장덕리 404-1) 일원 취입보 설치공사,주식회사 우진건설,2268122454,최용성,43664220,90.315,48510000,2621998,Y,-3.0,3.0,92
R26BK01711819,2026-09-11,경상남도 산청군,월평지구 농어촌마을하수도 증설사업 전기 및 계측제어공사(총괄분),주식회사 부일전력,1318177802,이희진,599390240,90.372,669310000,40589770,Y,-3.0,3.0,1240
R26BK01712510,2026-09-11,서울교통공사,5호선 충정로역 변전소 소방설비 개량공사,(주)대영이앤에프,2108136569,이상만,403221000,90.215,452087900,19964788,Y,-3.0,3.0,594
R26BK01717042,2026-09-11,인천교통공사,청라BRT통합차고지 철골주차장 바닥면 보수공사,주식회사 가야이엔씨,1568600495,마용철,95470900,90.369,105864000,6359375,Y,-3.0,3.0,188
R26BK01715184,2026-09-11,전북특별자치도 무주군,사전천 효자촌교 상하수도 이설공사,대경건설(주),4028141491,하헌경,89000000,98.493,89353000,1629324,Y,-3.0,3.0,14
R26BK01706228,2026-09-11,경기도 안산시,삼일로 일원 보행환경 개선사업(전기),금호전력 주식회사,7298801374,박영균,197126749,90.339,221147000,12612760,Y,-3.0,3.0,3590
R26BK01708386,2026-09-11,충청북도교육청 충청북도충주교육지원청,충주남산초 공간재구조화 리모델링 및 증축 기계설비공사 입찰 공고,한전이앤씨 주식회사,5648603242,이대규,249408259,90.249,277845000,13598586,Y,-3.0,3.0,219
R26BK01699262,2026-09-11,서울주택도시개발공사,관악문화플라자 및 공공주택 복합화사업 전기공사,주식회사 성암전력,2148798652,박상호,7416146831,88.326,8399590000,556994113,Y,-3.0,3.0,606
R26BK01713033,2026-09-11,한국철도공사 회계통합센터,★기술자 및 실적보유★호남고속선 익산∼정읍간 전차선로 가공지선 신설공사,영승전력주식회사,2178115115,최시권,740798300,90.303,818015000,43147164,Y,-2.0,2.0,154
R26BK01697706,2026-09-11,조달청 서울지방조달청,파주시 노후 하수관로 정비사업(토목),(주)고덕종합건설,2098112984,나기선,21549708000,85.422,25258653000,1796318815,Y,-3.0,3.0,210
R26BK01698362,2026-09-11,조달청 대구지방조달청,북삼읍 농촌중심지 활성화사업 사람in복합센터(건축),청암종합건설 주식회사,5038137228,최문수,5914776598,88.733,6658387000,405819292,Y,-3.0,3.0,221
R26BK01715117,2026-09-11,충청북도 음성군 수도사업소,[소액수의견적]소이면 중동4리 소규모수도시설 개량사업,미광개발(주),3038107162,박상기,113625900,90.289,125500000,6615794,Y,-3.0,3.0,33
R26BK01715310,2026-09-11,경상북도 경주시,동아마라톤 대비 금성로 차선도색 정비공사,주식회사 거공,5058152754,이재욱,31931410,89.943,35700000,622933,Y,-3.0,3.0,68
R26BK01707323,2026-09-11,경상남도교육청 경상남도진주교육지원청,대곡초등학교 본관동 드라이비트해소 및  다목적강당 내진보강공사 입찰 공고,늘푸른건설 주식회사,5078107954,박민수,202490200,90.256,221804000,10736628,Y,-3.0,3.0,559
R26BK01716449,2026-09-11,국립광주과학관,국립광주과학관 주차장 태양광 발전설비 설치 기반 조성 및 전기인입공사 소액수의 견적제출 공고,주식회사 위트,4298702097,김시온,151708554,90.321,165990000,7811987,Y,-2.0,2.0,608
R26BK01708539,2026-09-10,중앙대학교병원,중앙대학교병원 중앙관 12층 정신건강의학과 병동 환경개선 (기계)공사 (A구역),주식회사 거양,1328197155,김종규,18100000,100.0,,,,,,1
R26BK01714939,2026-09-11,재단법인 양산문화재단,2026 양산삽량문화축전 행사장 전기 임시가설 공사(긴급),맥스프로 주식회사,6438602769,김혜정,53024670,89.881,59180000,691269,Y,-3.0,3.0,90
R26BK01717442,2026-09-11,경상남도 진주시,2026년 소나무재선충병 피해목 제거사업(남부권역 4차-1지구),진주시산림조합,6138200011,정덕교,97752000,90.094,107743000,2021650,Y,-3.0,3.0,20
R26BK01708706,2026-09-10,중앙대학교병원,중앙대학교병원 중앙관 12층 정신건강의학과 병동 환경개선 (출입통제단말기)공사 (A구역),주식회사 싸이버원,2148764564,육동현,7700000,100.0,,,,,,1
R26BK01708627,2026-09-10,중앙대학교병원,중앙대학교병원 중앙관 12층 정신건강의학과 병동 환경개선 (CCTV)공사 (A구역),엔제이정보통신,6033137009,강연관,18600000,100.0,,,,,,1
R26BK01712834,2026-09-11,충청북도 제천시 남현동,남현동 모답경로당  신축공사(입찰대행),한성건설주식회사,3048122813,한상철,197947700,90.275,218500000,10524372,Y,-3.0,3.0,37
R26BK01715719,2026-09-11,부산광역시교육청 부산진고등학교,부산진고등학교 자기주도학습 등 4실 내부 인테리어공사  2인 견적제출 안내공고,(주)디엘에스,5708803431,김무진,76905498,89.952,85614000,1723128,Y,-3.0,3.0,492
R26BK01717387,2026-09-11,경상남도 진주시,2026년 소나무재선충병 피해목 제거사업(서부권역 4차-1지구),주식회사 사람과뜰,8848102458,장한결,115314120,89.938,127082000,2203003,Y,-3.0,3.0,20
R26BK01699747,2026-09-11,경기도교육청 경기도평택교육지원청,(가칭)고덕6고 신축 소방공사,금강산업 주식회사,1388104843,김유현,1018314980,89.379,1146106000,63917662,Y,-3.0,3.0,1089
R26BK01711249,2026-09-11,국토교통부 부산지방국토관리청 김해국토관리사무소,국도14호선 문죽교 시설물 보수공사,(주)부광종합건설,5448800298,송성철,798934700,90.353,892936000,48299770,Y,-2.0,2.0,50
R26BK01713242,2026-09-11,고흥축산업협동조합,고흥축산농협 2025년 축산물 종합 가공ㆍ유통시설 지원사업 전기공사,주식회사 월드전기계전,4168158064,정동심,87000000,27.756,316911000,,N,-3.0,3.0,210
R26BK01717416,2026-09-11,경상남도 진주시,2026년 소나무재선충병 피해목 제거사업(서부권역 4차-2지구),주식회사인더숲,2658802976,서민균,133439300,89.957,148127000,2621285,Y,-3.0,3.0,20
R26BK01715001,2026-09-11,대구광역시 동구,내저수지 정비공사,(주)우창건설,5028131177,송영수,265451800,90.376,295710000,18044392,Y,-3.0,3.0,193
R26BK01716724,2026-09-11,충청북도 진천군,사양소하천 정비공사,덕양이엔씨 주식회사,1538701570,진희주,52092826,90.268,57790000,2908042,Y,-3.0,3.0,45
R26BK01717199,2026-09-11,경상남도 진주시,2026년 소나무재선충병 피해목 제거사업(동부권역 4차-지수),주식회사 우주임업,5338603423,박진성,92120133,90.029,102365000,1823793,Y,-3.0,3.0,20
R26BK01717304,2026-09-11,경상남도 진주시,2026년 소나무재선충병 피해목 제거사업(동부권역 4차-사봉),진주시산림조합,6138200011,정덕교,123418000,89.986,136043000,2459792,Y,-3.0,3.0,20
R26BK01717453,2026-09-11,경상남도 진주시,2026년 소나무재선충병 피해목 제거사업(남부권역 4차-2지구),주식회사 송백,6138173327,김인영,67108586,89.953,74393000,1353172,Y,-3.0,3.0,20
R26BK01717466,2026-09-11,경상남도 진주시,2026년 소나무재선충병 피해목 제거사업(북부권역 4차),주식회사 삼호임업개발,6138146932,허홍희,156621779,89.985,173524000,3268204,Y,-3.0,3.0,20
R26BK01723294,2026-09-11,강원특별자치도,2026년 계류보전사업(춘천 사북 지암),춘천시산림조합,2218200622,임동일,148976700,89.745,,,,,,1
R26BK01723331,2026-09-11,강원특별자치도,2026년 산림유역관리사업(횡성 서원 유현),횡성군산림조합,2248200150,양재관,701805900,89.745,,,,,,1
R26BK01716384,2026-09-11,경북 청송군산림조합,2026년도 중평리 흰납골지구 산불피해지 위험목제거사업(긴급벌채),오성산업개발,1333001820,윤이재,133778879,90.293,149020000,7276584,Y,-3.0,3.0,41
R26BK01716356,2026-09-11,경상남도 창녕군,남지 동포마을 안길 정비공사,현민건설 주식회사,1268605859,주성호,27847125,90.679,31150000,1702379,Y,-3.0,3.0,18
R26BK01720873,2026-09-11,서울특별시 서울아리수본부 뚝도아리수정수센터,뚝도아리수정수센터 태양광설비 설치 전기공사,광일이엔씨 주식회사,1178161473,김현실,48807000,92.793,,,,,,1
R26BK01716584,2026-09-11,경북 청송군산림조합,2026년도 중평리 배골지구 산불피해지 위험목제거사업(긴급벌채),가림임업,4109295728,우미옥,142302000,90.326,157711000,7720462,Y,-3.0,3.0,39
R26BK01716791,2026-09-11,강원특별자치도 횡성군,횡성 베이스볼 파크 2단계 기반시설 조성사업,에스티건설 주식회사,3018622390,신계호,158537000,90.373,175445000,9058809,Y,-3.0,3.0,36
R26BK01716468,2026-09-11,경북 청송군산림조합,2026년도 중평리 흰납골1지구 산불피해지 위험목제거사업(긴급벌채),온누리 임업,8343601513,윤도걸,102186722,90.288,111710000,5466307,Y,-3.0,3.0,41
R26BK01715103,2026-09-11,충청남도교육청 충청남도천안교육지원청,천안불당초등학교 태양광발전장치 설치 전기공사,주식회사 영보이엔씨,3128165832,김병일,28051875,90.205,31530000,1276030,Y,-3.0,3.0,215
R26BK01716385,2026-09-11,경상남도 창녕군,성산 운봉지구 외 4개소 도로표지판 및 산토끼밥상 안내표지판 정비공사,주식회사 대광건설,6098139091,이익영,25402900,90.037,28583000,507499,Y,-3.0,3.0,11
R26BK01715378,2026-09-11,경상남도 함양군 함양읍,2인이상 견적 제출 안내공고(척지마을 수리시설물 개보수사업),주식회사 대상개발,6138178356,주영자,66722000,90.309,73670000,4004736,Y,-3.0,3.0,53
R26BK01716789,2026-09-11,충청북도교육청 충청북도괴산증평교육지원청,괴산고 외 1교 (목도나루학교) 교문설치 및 기타공사,합자회사 에스티에이종합건설,2258116982,이헌노,136420000,90.344,151030000,8293293,Y,-3.0,3.0,26
R26BK01700285,2026-09-11,인하대학교 산학협력단,[이차전지특성화대학사업단]송도 산학협력관 VR/AR 시뮬레이션 스튜디오 및 실습실 구축 공사(정보통신),주식회사 유환아이티,1218602541,이호남,38390000,85.539,,,,,,4
R26BK01717531,2026-09-11,강원특별자치도 삼척시,2026년 동활계곡 숲길 조성공사,주식회사 우현토건,2268125811,송은경,43092500,90.719,47284000,2391567,Y,-3.0,3.0,3
R26BK01723352,2026-09-11,한국농어촌공사 전남지역본부 목포.무안.신안지사,(가뭄대책) 청계지구 청수제 용수확보대책 간이양수장(1단) 전기공사,주식회사 반도전력,4118177300,정은심,23088000,90.001,,,,,,1
R26BK01700099,2026-09-11,인하대학교 산학협력단,[이차전지특성화대학사업단]송도 산학협력관 VR/AR 시뮬레이션 스튜디오 및 실습실 구축 공사(전기),주식회사 세움엔지니어링,2568803364,최서윤,17800000,75.97,,,,,,5
R26BK01716312,2026-09-11,인천환경공단,소각 연소가스 덕트(G7) 교체공사,주식회사 정민,1218617331,박정호,110140659,90.996,123640000,8395860,Y,-3.0,3.0,246
R26BK01717555,2026-09-11,강원특별자치도 삼척시,새천년경로당 그린리모델링공사(건축),태강 주식회사,1078842968,임화자,31007930,90.467,34295000,1448674,Y,-3.0,3.0,18
R26BK01717574,2026-09-11,강원특별자치도 삼척시,신기경로당 그린리모델링공사(건축),합자회사 가온,2268103404,윤형숙,148117200,90.275,164631000,7062761,Y,-3.0,3.0,18
R26BK01717540,2026-09-11,강원특별자치도 삼척시,노곡1리 199번지 일원 세천 정비공사,주식회사 주석,3088138864,최승주,54844000,90.285,60764000,3099756,Y,-3.0,3.0,66
R26BK01676024,2026-09-11,조달청 강원지방조달청,반계지구 배수개선사업 토목건축공사,주식회사 강현,1358160661,김종성,3628739269,89.822,4008883000,377920856,Y,-2.0,2.0,236
R26BK01721958,2026-09-10,경기도 연천군,연천역 광장 분수대 운영실 외관 개선 공사,(주)명인건설,7348603273,노명복,20440000,,,,,,,1
R26BK01711254,2026-09-11,국토교통부 부산지방국토관리청 김해국토관리사무소,국도2호선 동전터널 비상방송 스피커 교체공사,화성정보통신 주식회사,7328803664,장종환,295848615,90.306,326800000,17672772,Y,-2.0,2.0,440
R26BK01716072,2026-09-11,경북 청송군산림조합,2026년도 신기리 보골1지구 산불피해지 위험목제거사업(긴급벌채),(주)산림법인 다숲,5478602097,황경화,141337200,90.273,157005000,7681300,Y,-3.0,3.0,41
R26BK01716318,2026-09-11,경북 청송군산림조합,2026년도 신기리 독점골지구 산불피해지 위험목제거사업(긴급벌채),창일산업개발,2780803440,권영삼,117723484,90.313,131082000,6395953,Y,-3.0,3.0,41
R26BK01716225,2026-09-11,경북 청송군산림조합,2026년도 신기리 보골2지구 산불피해지 위험목제거사업(긴급벌채),한솔우드,6722102171,우명진,150135640,90.423,163591000,7994923,Y,-3.0,3.0,41
R26BK01716787,2026-09-11,경북 청송군산림조합,2026년도 중평리 불밑골지구 산불피해지 위험목제거사업(긴급벌채),주식회사 송원,2398102060,정문기,146825180,90.405,164272000,8023594,Y,-3.0,3.0,39
R26BK01724494,2026-09-11,국립공원공단 국립공원야생생물보전원,입원시설 관리환경 조성,(주)미진하우징,4968600369,김정희,54800000,100.0,,,,,,1
R26BK01724748,2026-09-11,경기도 이천시 환경수자원국 하수과,단월하수처리장 옥상 보수공사,주식회사 성은금속,1268630265,홍경화,36916200,90.909,,,,,,1
R26BK01717110,2026-09-11,경상남도 창녕군,대지 효정마을 안길 배수로 정비공사,주식회사 그린코리아,6088135694,신기식,36377720,90.402,40400000,2410129,Y,-3.0,3.0,49
R26BK01717564,2026-09-11,강원특별자치도 삼척시,교동경로당 그린리모델링공사(건축),주식회사 부연,7478702995,허경무,60396940,90.236,66417000,3012871,Y,-3.0,3.0,18
R26BK01716032,2026-09-11,경북 청송군산림조합,2026년도 신기리 보골지구 산불피해지 위험목제거사업(긴급벌채),청양임업개발,5280703498,권성용,132832600,90.309,147756000,7220195,Y,-3.0,3.0,41
R26BK01710324,2026-09-11,경기도연천교육청 초성초등학교,초성초등학교 인조잔디 조성공사 수의계약 견적제출 안내 공고,엘티건설 주식회사,8768702672,최성열,190261500,90.174,213147000,7918810,Y,-3.0,3.0,142
R26BK01714768,2026-09-11,경기도 광명시,광명5동 도시숲 조성사업,주식회사 대송,1278193986,이옥준,260114878,91.468,284580000,12640138,Y,-3.0,3.0,2
R26BK01698924,2026-09-11,한국농어촌공사 경남지역본부 거창.함양지사,조산지구 취약지역생활여건개조사업 토목건축공사,주식회사 혁신토건,6128112934,김인성,1196533380,89.31,1335234000,67217553,Y,-2.0,2.0,315
R26BK01717324,2026-09-11,전남광주통합특별시 무안군,2026년 복지사각지대 주택 개·보수공사,주식회사 한성산업,4118109665,오영진,61518028,90.117,67874000,1329968,Y,-3.0,3.0,20
R26BK01716534,2026-09-11,경북 청송군산림조합,2026년도 중평리 천마산지구 산불피해지 위험목제거사업(긴급벌채),주식회사 송원,2398102060,정문기,147386540,90.605,164899000,8063548,Y,-3.0,3.0,39
R26BK01716751,2026-09-11,강원특별자치도 횡성군,횡성읍 학곡경로당 그린리모델링 건축공사,더나은건축인테리어,2013102527,조영심,100760523,90.543,111509000,5050675,Y,-3.0,3.0,15
R26BK01717544,2026-09-11,강원특별자치도 삼척시,산양리 낙석방지책 설치공사,주식회사대명건설,1268702714,윤재호,36341160,90.349,40337000,2267136,Y,-3.0,3.0,66
R26BK01717561,2026-09-11,강원특별자치도 삼척시,상정경로당 그린리모델링공사(건축),주식회사 대현건설,7758802416,김태욱,47237848,90.74,51892000,2878865,Y,-3.0,3.0,18
R26BK01716701,2026-09-11,강원특별자치도 횡성군,공근면 청곡2리경로당 그린리모델링 건축공사,예림건설주식회사,1628801979,이현승,69168000,90.224,77085000,3440036,Y,-3.0,3.0,15
R26BK01707923,2026-09-11,충청북도교육청 충청북도괴산증평교육지원청,증평공고 꿈품은 공감교실 조성공사,주식회사 아인트,5618101560,김영주,129655660,91.098,144617000,8481543,Y,-3.0,3.0,9
R26BK01715319,2026-09-11,충청북도 단양군,(입찰대행)귀농인의 집 조성사업(양당리),주식회사 플랜비인테리어,6298703492,강하나,27252700,90.404,30000000,1312295,Y,-3.0,3.0,6
R26BK01721821,2026-09-10,경기도 연천군,기사대기실 건물 석면 해체공사,주식회사 평생건설환경,2278600725,현지희,4600000,,,,,,,1
R26BK01715176,2026-09-11,경상남도 거창군,전통시장지구 안심골목길 조성공사,대봉건설 주식회사,8928100335,이은정,38314140,90.252,42520000,1986085,Y,-3.0,3.0,36
R26BK01713861,2026-09-11,경기도 안산시,선부동 일원 노후 수도관 정비공사,주식회사 연기수도,3078127573,채혜진,1509237366,89.921,1677191000,175263231,Y,-3.0,3.0,754
R26BK01723467,2026-09-11,한국농어촌공사 전남지역본부 목포.무안.신안지사,(가뭄대책) 청계지구 청수제 용수확보대책 간이양수장(1단) 기계공사,주식회사 양현이엔지,5328601494,임윤자,24902000,90.002,,,,,,1
R26BK01711274,2026-09-11,국토교통부 부산지방국토관리청 김해국토관리사무소,국도2호선 신동전터널 등 2개소 비상방송 스피커 교체공사,주식회사 태림이앤씨,5048165367,김혜란,291168054,90.037,325500000,9179019,Y,-2.0,2.0,437
R26BK01707491,2026-09-11,자광원,자광원 냉난방기 설치 공사,유한회사샘물,4168147591,이상정,82306180,89.812,91700000,596890,Y,-3.0,3.0,78
R26BK01714462,2026-09-10,전남광주통합특별시 완도군,2026년 약산 가래지구 흙수로 구조물화사업,보광토건(주),4158105171,이영수,40886690,90.285,45635000,2276689,Y,-3.0,3.0,67
R26BK01723582,2026-09-11,한국농어촌공사 전남지역본부 목포.무안.신안지사,(가뭄대책) 무안지구 성동제 용수확보대책 간이양수장 설치공사,(주) 남일,4108175954,선용재,11849000,90.003,,,,,,1
R26BK01722445,2026-09-11,한국농어촌공사 전남지역본부 영광지사,한해대책 지산양수장 외 1개소 기계설비 보수공사,주식회사 양현이엔지,5328601494,임윤자,9356000,90.004,,,,,,1
R26BK01716520,2026-09-11,충청북도 옥천군,2026년 야생화 정원 조성사업,우림건설 주식회사,5118126585,유지은,42849100,90.436,47950000,2699359,Y,-3.0,3.0,20
R26BK01712414,2026-09-11,대법원 인천지방법원,인천지방법원 별관 민사법정 증설공사,보린건설(주),8768102651,김은우,147388006,90.299,163284000,8808313,Y,-2.0,2.0,291
R26BK01710827,2026-09-11,국립공원공단 팔공산국립공원동부사무소,2025년 팔공산국립공원 자연관찰로 및 무장애탐방로 조성 공사,주식회사 기주건설,5108107737,손상균,809374490,90.352,899605000,52983078,Y,-2.0,2.0,854
R26BK01711151,2026-09-11,경기도 의왕시,"2026년 도시숲 재해예방 정비사업(주민참여예산_학의동 1180, 1184)",(주)까치건설,4458702594,김은미,366351765,90.207,410564000,18196559,Y,-3.0,3.0,1289
R26BK01717147,2026-09-11,충청북도 옥천군,비점오염저감시설 정비공사,(주)그린산업개발,7248702430,김낙성,86606100,90.326,95800000,5119933,Y,-3.0,3.0,19
R26BK01712492,2026-09-11,경기도교육청 경기도화성오산교육지원청,수현초 교사동 옥상 방수공사,주식회사 삼우공영,1308621289,김승태,241993400,90.052,266970000,7953402,Y,-3.0,3.0,629
R26BK01711271,2026-09-11,전북특별자치도 익산시,2026 도시 빈집철거지원사업 철거공사,유한회사 한라산업개발,4018152132,홍유진,360081560,90.292,392913000,20788580,Y,-3.0,3.0,195
R26BK01716996,2026-09-11,충청북도 옥천군,안내면 안읍창 주변 등산로 정비공사,마성조경건설(주),3178114584,구연숙,68860730,90.419,76441000,4981651,Y,-3.0,3.0,12
R26BK01715121,2026-09-11,충청북도 음성군 수도사업소,[소액수의견적] 감곡면 문촌리 노후관로 교체공사,주식회사 화진이엔지,3038170122,배장수,146026000,90.37,162200000,7361785,Y,-3.0,3.0,33
R26BK01711275,2026-09-11,전남광주통합특별시 담양군,"농산물 가공유통센터 리모델링 공사(건축,기계)",주식회사 더지음종합건설,7748800389,김효린,617421100,90.132,679834700,25574214,Y,-3.0,3.0,849
R26BK01716152,2026-09-11,인천환경공단,2026년도 하반기 연소로 및 부대시설 유지보수 공사,신우엔지니어링(주),1228125504,신종창,69019400,90.388,76890000,1272172,Y,-3.0,3.0,14
R26BK01715185,2026-09-11,대구광역시 달성군,현풍백년도깨비시장 점포 환기시설 설치 추가공사,주식회사 아남공조,5038176954,조현국,86469804,90.246,95900000,4564016,Y,-3.0,3.0,225
R26BK01712524,2026-09-11,경상남도 합천군 삼가면,삼가면 신기경로당 노유자시설 신축공사(입찰대행),(주)세아종합건설,1378701049,허경아,145941770,90.321,161784000,9015614,Y,-3.0,3.0,16
R26BK01716545,2026-09-11,경상북도 안동시,금소생태공원 은행나무 이식공사,(주)세다임업,5088121959,이영희,54631520,90.215,61000000,2700701,Y,-3.0,3.0,63
R26BK01713639,2026-09-11,충북대학교병원,본관1층 소아청소년과 외래 리모델링(건축),대림건설산업 주식회사,3018105756,이현석,132788700,90.226,147246000,6833840,Y,-2.0,2.0,464
R26BK01714721,2026-09-11,전남광주통합특별시 광주청사,광주교통정보센터 시설개선 정비 건축공사,주식회사 두인아이디,4098169170,곽계봉,35629190,90.192,39666000,1697758,Y,-3.0,3.0,326
R26BK01715182,2026-09-11,전남광주통합특별시 장흥군,2026년 하반기 칡덩굴제거사업(관산장동지구),주식회사 코스모스산림,1928700784,홍이식,44366900,89.901,49515000,557614,Y,-3.0,3.0,17
R26BK01717140,2026-09-11,경기도 구리시,소액공사 수의계약 견적서 제출안내 공고(2026년 등산로 정비사업),주식회사 숲길속으로,8438700728,이선혜,24503350,90.271,27280700,1391442,Y,-3.0,3.0,29
R26BK01714979,2026-09-11,강원특별자치도교육청 강원특별자치도춘천교육지원청,[긴급]오동초 교사동 교실 증축공사,흥해종합건설 주식회사,2268128569,한재각,464492043,90.431,516996000,34108488,Y,-3.0,3.0,591
R26BK01724572,2026-09-11,경기도 안성시,2026년 하반기 보도 제초 단가 공사,주식회사 우리,7438601866,안현주,305610,95.001,,,,,,1
R26BK01706985,2026-09-11,강원특별자치도교육청 강원특별자치도화천교육지원청 유촌초등학교,유촌초 학생 등하굣길 안전통로 및 포장공사 수의견적 제출 공고,우삼호산업개발 (주),1328107328,길미정,52113000,90.31,57670000,2853381,Y,-3.0,3.0,17
R26BK01699168,2026-09-11,인하대학교 산학협력단,[이차전지특성화대학사업단]송도산학협력관 VR/AR 시뮬레이션 스튜디오 및 실습실 구축 공사(냉난방),고려설비(주),1398119510,홍광훈,25000000,96.302,,,,,,2
R26BK01713663,2026-09-11,충북대학교병원,본관1층 소아청소년과 외래 리모델링(기계설비),주식회사 표림이엔지,7938102701,김희태,73156760,90.237,81224000,3883315,Y,-2.0,2.0,233
R26BK01716019,2026-09-11,전북특별자치도 익산시,함열 순환경제활력센터 조성 통신공사,주식회사파이렌,7248602340,남궁양,101070000,90.423,112076000,6870743,Y,-3.0,3.0,36
R26BK01716125,2026-09-11,부산광역시 부산진구,가야1동 엄광마을 새뜰마을사업 지붕개량공사,유한회사 해밀산업개발,4108690213,이명환,85911062,90.07,95292000,2881259,Y,-3.0,3.0,31
R26BK01715785,2026-09-11,부산광역시교육청 부산광역시북부교육지원청,여울유치원 교사재배치공사,주식회사 가온건설산업,2828800707,주영삼,207954390,90.228,228423000,10853584,Y,-3.0,3.0,478
R26BK01723001,2026-09-11,경기도 안성시,가을맞이 꽃길 조성사업,안성조경건설(주),2128186143,최미아,35183000,94.999,,,,,,1
R26BK01717335,2026-09-11,경상남도 통영시,통영수영장 냉각기 설치공사(전기),주식회사 부일전기,6128133021,이희자,56683980,90.112,5906300,2236663,Y,-3.0,3.0,39
R26BK01716908,2026-09-11,충청북도 옥천군,안내면 해맞이 산책로 조성사업,주식회사 우성조경,6268103036,박정숙,150857100,90.556,165890000,10867682,Y,-3.0,3.0,12
R26BK01716893,2026-09-11,전북특별자치도 군산시,무녀1구 PE부잔교 설치공사,주식회사 새롬건축디자인,2148749224,심영주,115847600,90.475,128824300,9102507,Y,-3.0,3.0,57
R26BK01716575,2026-09-11,경상북도 안동시,산불피해목 제거사업(일직․길안․임동․예안지구),주식회사 개척산림,4678603655,김혜옥,35167500,89.857,39288000,419684,Y,-3.0,3.0,102
R26BK01711176,2026-09-11,경기도 의왕시,문화예술공원 리모델링(조경),이삭조경 주식회사,2118637232,연민희,881816000,90.2,976000000,43384734,Y,-3.0,3.0,576
R26BK01719552,2026-09-11,충청북도 청주시 공원산림본부,2026년 미원면 테마임도 조성사업,청주산림조합,3018200200,조명연,615100000,90.714,,,,,,1
R26BK01716998,2026-09-11,주식회사 세운아이엔티,2026년 산업계에너지관리시스템보급지원사업 인프라공사,(주)유씨네트웍스,6058627147,이수빈,71189800,100.0,,,,,,2
R26BK01716635,2026-09-11,경상북도 안동시,2026년 가로수보호판 정비사업,주식회사 성광조경,5088134788,전지현,57243630,90.185,63410000,2641455,Y,-3.0,3.0,51
R26BK01714984,2026-09-11,강원특별자치도교육청 강원특별자치도춘천교육지원청,[긴급]소양초 분류식 오수관로 설치공사,에코건설(주),5118112631,서명호,33080810,90.958,36600000,3923059,Y,-3.0,3.0,28
R26BK01711996,2026-09-11,한솔제지(주),감축설비-1차-33-한솔제지-대전공장-태양광 발전설비 설치공사,동성건설 주식회사,3058625026,이정철,284252440,90.562,313060000,17816351,Y,-2.0,2.0,36
R26BK01711367,2026-09-11,전남광주통합특별시 담양군,농산물 유통센터 리모델링 공사(전기),주식회사 원탑,8098103403,김희정,146146260,90.341,162597000,9347258,Y,-3.0,3.0,71
R26BK01692839,2026-09-11,조달청 경남지방조달청,진주시 보건소 신청사 건립사업(소방),주식회사 대성에이원,4928100440,최성득,1112215860,89.33,1239288000,64547585,Y,-3.0,3.0,390
R26BK01711964,2026-09-11,한솔제지(주),감축설비-1차-33-한솔제지-대전공장-태양광 발전설비 전기공사,신진전기(주),3058163928,정규남,274201599,90.079,305800000,9204788,Y,-2.0,2.0,141
R26BK01712086,2026-09-11,울산광역시 중구,이예로 접속도로 연결교량 건설공사,상원종합건설 주식회사,6108143955,조민아,572539000,91.156,626980000,85734305,Y,-3.0,3.0,88
R26BK01711457,2026-09-11,경기도 경기도건설본부,2026년 김포시 국지도 및 지방도 상시보수공사 단가계약,주식회사 덕암산업개발,1408124221,이용우,178667520,90.296,198181000,9632918,Y,-3.0,3.0,13
R26BK01715160,2026-09-11,충청남도 아산시,2026년 월랑저수지 순환산책로 설치공사,주식회사 판도,3498103032,최인정,195502156,90.474,216446000,14912771,Y,-3.0,3.0,47
R26BK01713098,2026-09-10,엘에스이링크㈜,무공해차 충전인프라 보급 사업_9_홍주여객_공사,이에스엔 주식회사,4678802887,이영택,324500000,99.632,325600000,8155814,Y,-2.0,2.0,6
R26BK01724203,2026-09-11,서울특별시 소방재난본부,119마음회복센터 긴급 보수·보강(펜스 및 도로포장 등) 공사,주식회사 파란디자인,6768801653,손수진,51414000,95.0,,,,,,1
R26BK01717181,2026-09-11,전북특별자치도 정읍시,칠보면칠보천지방하천관리용도로포장공사,유한회사 삼인종합건설,4278601339,허미화,50004000,90.1,55143000,1845900,Y,-3.0,3.0,151
R26BK01715987,2026-09-11,경상북도 성주군,초전면 자양리 세천정비공사,주식회사 대륭,5108104308,노태호,68404600,90.339,76100000,4343156,Y,-3.0,3.0,96
R26BK01724784,2026-09-11,한국지역난방공사 용인지사,구성가압장 DH펌프 전동기용 인버터 교체공사,주식회사 파워테크,6748103700,권창근,7008320,88.0,,,,,,1
R26BK01713699,2026-09-11,대구광역시 상수도사업본부 고산정수사업소,여과지 여재 보사공사,(주)수영산업개발,5038129937,백지혜,76241504,90.348,85213000,4772574,Y,-3.0,3.0,160
R26BK01710761,2026-09-11,전북특별자치도 정읍시 상하수도사업소,송산동 송학마을 하수관로 설치사업,(유)부령건설,4058108206,김현학,32578744,90.229,36201000,1681299,Y,-3.0,3.0,20
R26BK01708092,2026-09-11,경찰청 전라남도경찰청 목포경찰서,부주파출소 내진보강공사,주식회사 서현종합건설,3528103023,서봉현,31961483,90.507,35310000,2211874,Y,-2.0,2.0,32
R26BK01684618,2026-09-11,대한장애인체육회,2026 이천선수촌 (구)생활관 리모델링 공사,(주)주원공영,1298610725,이명엽,359669972,90.427,400000000,24818924,Y,-2.0,2.0,22
R26BK01710692,2026-09-11,원주시농협쌀조합공동사업법인,원주시농협쌀조합공동사업법인 고품질쌀유통활성화사업 통신공사,(주)하 진,2218116016,김현택,55670000,52.573,,,,,,5
R26BK01725096,2026-09-11,한국농어촌공사 경남지역본부 김해.양산.부산지사,공사매입 훼손농지 복구사업(한림면),진보건설주식회사,6088168273,이외순,21700000,99.632,,,,,,1
R26BK01711051,2026-09-11,경상북도 구미시 상하수도사업본부,2026년 지산동 외 9개지역 상수도 긴급 복구공사 단가계약(5차),현무건설(주),3958703565,정재학,86503058,90.476,96640000,3608648,Y,-3.0,3.0,13
R26BK01711277,2026-09-11,거제해양관광개발공사,거제시 소각시설 소각로 및 폐열보일러 보수공사,우양기공주식회사,1318609745,이희유,468871820,90.495,513425000,34840697,Y,-3.0,3.0,7
R26BK01710355,2026-09-11,원주시농협쌀조합공동사업법인,원주시농협쌀조합공동사업법인 고품질쌀유통활성화사업 건축공사,주식회사영빈종합건설,4668101421,김영혁,6748415000,78.608,,,,,,35
R26BK01711410,2026-09-11,한국지역난방공사 고양사업소,고객설비 열에너지 절약시스템 설치 공사,태극IBA(주),1298119129,김용서,329147390,93.362,353208000,9485029,Y,-2.0,2.0,2
R26BK01715523,2026-09-11,전남광주통합특별시 영암군,영암 월곡리 느티나무 주변정비 공사,주식회사거림종합건설,4088601492,최정애,116899612,90.267,129740000,5243160,Y,-3.0,3.0,24
R26BK01710602,2026-09-11,원주시농협쌀조합공동사업법인,원주시농협쌀조합공동사업법인 고품질쌀유통활성화사업 전기공사,주식회사 한빛이엔지,5058146548,신지아,806600000,73.087,,,,,,25
R26BK01710775,2026-09-11,원주시농협쌀조합공동사업법인,원주시농협쌀조합공동사업법인 고품질쌀유통활성화사업 소방공사,현대소방주식회사,2218131147,최문진,228889000,54.712,,,,,,8
R26BK01710552,2026-09-11,한국관광공사 제주지사,중문관광단지 대포 민자시설 하수관로 설치공사,유한건설주식회사,6018801101,안정은,232273000,90.902,258094000,28551129,Y,-2.0,2.0,210
R26BK01717165,2026-09-11,한국농어촌공사 제주지역본부,수산2리 마을단위특화개발사업 벌라릿센터 통신공사,주식회사 월드씨앤에스,6168163342,김용광,32477400,90.0,,,,,,1
R26BK01717446,2026-09-11,강원대학교 강릉캠퍼스,학내 난연 샌드위치 패널 교체 전기공사,(주)솔향전기,2268140165,장동호,78104962,90.463,85921000,5924218,Y,-2.0,2.0,104
R26BK01712513,2026-09-11,여수광양항만공사,2026년 광양항 임항도로(전기) 유지보수 및 안전신호등 설치공사,하담이엔씨 주식회사,3488701028,임홍수,70471890,90.308,78230000,4284757,Y,-2.0,2.0,2030
R26BK01717198,2026-09-11,전북특별자치도 정읍시,4차차선도색및노면표시사업(총액단가),(유)원일이엔씨,4048125013,나완주,78565000,90.095,87846000,2958684,Y,-3.0,3.0,36
R26BK01722627,2026-09-10,한국농어촌공사 충남지역본부 천안지사,병천면 기초생활거점조성사업(2단계) 통신공사,(주)대경이엔지,3128605538,박영주,33769000,90.0,,,,,,1
R26BK01723442,2026-09-10,한국농어촌공사 충남지역본부 천안지사,"풍년저수지 수질개선사업 준공지구 1,3호 습지 예초공사",주식회사 물밤,3338103129,이경애,43110000,90.0,,,,,,1
R26BK01715231,2026-09-11,경상북도 청도군,소규모마을활성화사업기반구축(시범마을)마을목공방설치공사,진백건설주식회사,5028185426,김문중,181401514,90.498,200000000,12746670,Y,-3.0,3.0,10
R26BK01717386,2026-09-11,한국농어촌공사 경북지역본부,학야탑골지구 과실전문생산단지 지하수개발공사,주원엔지니어링 주식회사,1458101295,김승현,134507000,90.28,149000000,5492997,Y,-2.0,2.0,9
R26BK01715953,2026-09-11,경상남도 의령군,가례마을 공영주차장 조성공사 지장물 철거공사,주식회사 삼전,6908103997,이호인,53010097,90.279,59200000,2889452,Y,-3.0,3.0,8
R26BK01715089,2026-09-11,강원특별자치도 화천군,2026년 소규모주민숙원사업 마을회관 정비공사(원천2리)(건축),대백토건 주식회사,2218118130,백광열,64819200,90.396,72410000,3324649,Y,-3.0,3.0,14
R26BK01716428,2026-09-11,전북특별자치도 부안군,2026 부안 행안 동학농민혁명도소터 주변정비공사,유한회사 동문,4078122581,유지호,154737500,90.296,172040000,7908597,Y,-3.0,3.0,22
R26BK01711888,2026-09-11,서울특별시 노원구,근교산 등산로(수락산) 정비사업,주식회사 숲길,2088702049,공지은,297834700,90.248,329984000,15037272,Y,-3.0,3.0,64
R26BK01714762,2026-09-11,(의료）길의료재단,권역책임의료기관 외상중환자실 리모델링 공사(소방),주식회사 리더스방재,2158675733,김진학,109259870,90.412,121000000,7842719,Y,-2.0,2.0,89
R26BK01715081,2026-09-11,강원특별자치도 화천군,2026년 소규모주민숙원사업 마을회관 정비공사(원천2리)(전기),대영전기,5691501180,송은자,29550984,90.338,32567000,1889972,Y,-3.0,3.0,37
R26BK01715959,2026-09-11,경상북도 청송군,청송 보광사 극락전 배수정비,주식회사 성웅,8208103808,배수휘,91872940,92.438,100950000,5034053,Y,-3.0,3.0,2
R26BK01714604,2026-09-11,(의료）길의료재단,권역책임의료기관 외상중환자실 리모델링 공사(통신),옥산전기통신(주),2158724513,이호석,157762000,90.378,175000000,10738287,Y,-2.0,2.0,130
R26BK01724562,2026-09-11,서울특별시 서울대공원,2026년 하반기 서울대공원 산림 내 위험수목 정비공사,주식회사 자연에,6958800897,박희숙,49500000,90.0,,,,,,1
R26BK01714136,2026-09-11,제주특별자치도 제주시,신엄공원 기후대응도시숲 보완공사,(주)토상조경,4948102920,박진양,185523295,90.329,205744000,11685340,Y,-3.0,3.0,188
R26BK01713877,2026-09-10,부산광역시해운대교육청 해운대여자중학교,해운대여중 특별교실동  화장실 개량공사 수의계약 안내공고,무림종합건설 주식회사,3268800477,최무림,200726800,90.436,224004000,14608459,Y,-3.0,3.0,483
R26BK01713967,2026-09-11,제주특별자치도 제주시,[입찰대행] 2026년 가축분뇨 공동자원화시설 개보수사업(퇴비사 보수공사),주식회사 동인종합건설,6168142518,고만철,342566780,90.238,375919000,18163857,Y,-3.0,3.0,305
R26BK01722765,2026-09-11,군서농업협동조합,[긴급]군서농협 2026년 전략작물산업화지원사업(두류 등 사업다각화)콩 선별장 증축 및 리모델링 전기공사,주식회사 화성전기,5948702673,최승용,78320000,97.9,,,,,,3
R26BK01717201,2026-09-11,전북특별자치도 전주시 완산구,용호근린공원 환경개선사업,유한회사 유준개발,7128703630,문영호,78854920,90.15,88550000,3003094,Y,-3.0,3.0,114
R26BK01712404,2026-09-09,엘에스이링크㈜,무공해차 충전인프라 보급 사업_평택동방아이포트 충전소 구축공사,주식회사 다래전력,6498800142,김우수,267957000,90.366,297400000,7117870,Y,-2.0,2.0,8
R26BK01725067,2026-09-11,한국농어촌공사 경북지역본부 포항지사,죽장면 월평리 450-4 관정 보수공사,천연개발,5061858155,이성태,14200000,94.983,,,,,,1
R26BK01724226,2026-09-11,한국농어촌공사 강원지역본부,2026년 공사관리 지하수시설물 원상복구 공사,(주)우경종합건설,1358140592,김대현,10042000,94.995,,,,,,1
R26BK01725711,2026-09-11,한국농어촌공사 경남지역본부 의령지사,가뭄대책 유곡지구 덕천관정 개발공사,(주)상록건설,6088140407,김경도,29300000,90.349,,,,,,1
R26BK01715385,2026-09-11,충청남도 태안군,만리포 워케이션센터 조성사업(소방),주식회사 유니온,4418600243,한경섭,43387790,90.651,48289000,3074754,Y,-3.0,3.0,10
R26BK01706143,2026-09-11,경찰청 대구광역시경찰청 대구중부경찰서,대구중부경찰서 대봉치안센터 철거 공사,주식회사 경복건설,2148676535,조현율,29357340,90.31,32585647,632799,Y,-2.0,2.0,3
R26BK01711916,2026-09-11,전남광주통합특별시 무안군,톱머리해수욕장 관광명소화사업(랜드마크광장)조성사업 전기공사,(주)이천전기,4158110640,양옥현,288629170,90.272,317848000,16328619,Y,-3.0,3.0,1380
R26BK01725649,2026-09-11,한국농어촌공사 경남지역본부 의령지사,가뭄대책 입사지구 관정 개발공사,해동지하수,6082381204,유순임,49000000,89.99,,,,,,1
R26BK01716224,2026-09-11,강원특별자치도 원주시,소초면 수암2리 경로당 신축 공사(건축),대금종합건설(주),2208190366,최인식,197993000,90.287,219368000,11512110,Y,-3.0,3.0,138
R26BK01715475,2026-09-11,충청남도 태안군,태안 신두리 해안사구 외래식물 제거 및 예초공사,대붕종합건설 주식회사,3088108400,송재붕,80315000,89.939,89550000,865039,Y,-3.0,3.0,16
R26BK01715353,2026-09-11,전북특별자치도 전주시 완산구,새터공원 화장실 설치사업,유한회사 신아건설,4058104705,한지아,23347700,90.397,26312000,1068307,Y,-3.0,3.0,99
R26BK01713544,2026-09-11,(의료）길의료재단,"권역책임의료기관 외상중환자실 리모델링 공사(건축,기계)",주식회사 한동건설,1298654500,유재근,1479519520,89.717,1656100000,67638743,Y,-2.0,2.0,2
R26BK01714967,2026-09-11,전남광주통합특별시 함평군,2026년 사방댐 설치사업(대동덕산지구),금송산림조경 주식회사,4098606898,황일섭,100452972,90.458,111416000,5765373,Y,-3.0,3.0,4
R26BK01714686,2026-09-11,경기도 포천시,2026년 하반기 시도 재포장 연간 단가공사,주식회사 미래이앤에스,1328137614,이기광,136388900,90.335,150000000,8158751,Y,-3.0,3.0,36
R26BK01717417,2026-09-11,한국농어촌공사 경북지역본부,상옥3지구 과실전문생산단지 지하수개발공사,주식회사 대흥토목이엔지,5058127916,황원덕,90439800,90.14,99500000,3608583,Y,-2.0,2.0,9
R26BK01715977,2026-09-11,경상북도 청송군,청송 서벽고택 담장보수 및 배수체계 정비,주식회사 이도,7738802481,서이도,90658900,91.002,99800000,4025300,Y,-3.0,3.0,2
R26BK01711182,2026-09-11,대구광역시 북구,태전공원 정비공사,성삼종합건설주식회사,5038192745,이문석,291572600,90.105,324065000,9999090,Y,-3.0,3.0,55
R26BK01724980,2026-09-11,강원특별자치도 원주시,미세먼지 저감숲(문막생활체육공원) 조성사업,원주시산림조합,2248200164,조두형,764459000,89.745,,,,,,1
R26BK01713035,2026-09-11,한국농어촌공사 전남지역본부 곡성지사,2025년 곡성 석곡지구 친환경에너지보급사업(히트펌프) 기계설비공사,주식회사 희망공조닥트,6638801924,강은석,210250100,89.884,235533000,3157671,Y,-2.0,2.0,484
R26BK01724683,2026-09-11,한국농어촌공사 경기지역본부 안성지사,신기지구 경작로 외 6개소 응급보수공사,주식회사 경민토목건설,6148106364,하라애,51000000,93.44,,,,,,1
R26BK01716115,2026-09-11,경상남도 창녕군,부곡 노리마을 안길 정비공사,명성건설 주식회사,3468103111,이정순,38662563,90.587,42510000,3257587,Y,-3.0,3.0,46
R26BK01717278,2026-09-11,전남광주통합특별시 해남군,"황산청소년 문화의집 화장실(1층 남, 여)등 리모델링 공사",주식회사 블루종합건설,8638102072,김영동,31659860,90.261,35000000,1668665,Y,-3.0,3.0,27
R26BK01717087,2026-09-11,전남광주통합특별시 해남군,송지 산정 공영주차장 조성공사,주식회사 거성건설,6578100805,마석현,85135820,90.259,95005000,4277038,Y,-3.0,3.0,56
R26BK01716895,2026-09-11,경기도 파주시,지방도363호선 자전거도로 정비공사,주식회사 길포종합건설,2048155479,홍상필,113330000,91.012,123286000,6164987,Y,-3.0,3.0,42
R26BK01725648,2026-09-11,경기도 평택시 송탄출장소,지산천 포토존 조성공사,(주)천수녹화조경,1258124784,이화진,29763000,90.909,,,,,,1
R26BK01712563,2026-09-08,고용노동부 중앙노동위원회,[수의시담] 중앙노동위원회 본관 소방공사,태화전기 주식회사,7048801870,이윤정,126963000,89.745,,,,,,3
R26BK01706991,2026-09-10,부산광역시남부교육청 선화여자중학교,선화여자중학교 별관동 내진보강공사,주식회사준종합건설,3908602619,김민석,368225790,90.143,412115000,15751490,Y,-3.0,3.0,454
R26BK01725487,2026-09-11,경기도 용인시,동천동 807번지 일원 구거 정비공사,주식회사 송주건설,3658601142,김승주,32428800,90.0,,,,,,1
R26BK01725248,2026-09-11,한국농어촌공사 경남지역본부 고성.통영.거제지사,산양지구 수해긴급 복구공사,예담건설 주식회사,2518100854,장지은,47145000,90.399,,,,,,1
R26BK01715088,2026-09-11,충청남도 예산군,2026년 봉수산수목원 암석체험원 조성사업(조경),금오조경 주식회사,3128181749,박혜정,80181330,90.081,88872000,2905212,Y,-3.0,3.0,43
R26BK01722142,2026-09-10,경기도 안성시 주거환경국 하수도과,안성공공하수처리시설 1차 침전조 B지 준설공사,주식회사 대신피엔에스,3088127348,최미숙,46826000,100.0,,,,,,1
R26BK01722345,2026-09-10,한국농어촌공사 경북지역본부 안동지사,풍강1양1용수간선 외 2개소 보수공사,동부토건 유한회사,4118109587,김연국,16205000,88.003,,,,,,1
R26BK01717197,2026-09-11,한국농어촌공사 경북지역본부 상주지사,내서 북장리 농업용수 공급시설 개선공사,청운건설(주),5098104666,박옥순,199456043,90.183,222900000,9249702,Y,-2.0,2.0,57
R26BK01722797,2026-09-10,한국농어촌공사 충남지역본부 예산지사,재해복구사업 봉림저수지 선단부 배수로 토목공사(5차),디와이건설 주식회사,5638601372,김도윤,19070000,89.982,,,,,,1
R26BK01715091,2026-09-11,충청남도 예산군,2026년 봉수산수목원 암석체험원 조성사업(전기공사 및 경관조명 설치),주식회사 내포전력,8858600098,박원영,26580028,90.372,29308000,1681187,Y,-3.0,3.0,47
R26BK01724567,2026-09-11,한국어촌어항공단,화성시 백미리 어촌체험휴양마을고도화사업 시설공사(전기),(주)우영종합전기,1248670602,이화영,44675650,95.0,,,,,,1
R26BK01712798,2026-09-11,한국공항공사 항로시설본부 인천항공교통시설단,부산표지소 원격감시시스템 구축,건수정보통신 주식회사,6098160876,김기용,63225100,90.06,69809000,2132277,Y,-2.0,2.0,347
R26BK01710544,2026-09-11,한국지질자원연구원,원주 KSRS KS35 관측소 부지 정지공사,일광코퍼레이션주식회사,3128144782,박대철,73643700,90.262,82000000,3977175,Y,-2.0,2.0,523
R26BK01725863,2026-09-11,서울특별시 서울대공원,서울대공원 미술관 초소 출입문 자동화 시스템 설치 공사,주식회사 가은씨앤에스,4208700205,양미영,10366000,90.006,,,,,,1
R26BK01714416,2026-09-09,한국프리팩 주식회사,2026년 산업계 에너지관리시스템 보급 지원사업_한국프리팩(주)_계측 및 제어인프라,주식회사 민애이엔지,3828102461,정연호,121141900,100.0,,,,,,2
R26BK01716664,2026-09-11,한국농어촌공사 경북지역본부 상주지사,2026년 이안지구 농업에너지이용효율화사업(신재생에너지시설) 기계공사,대동공조,5110481103,김승묵,170917860,90.026,190840100,2288385,Y,-2.0,2.0,14
R26BK01710724,2026-09-14,산림청 북부지방산림청 홍천국유림관리소,2026년 산불방지 안전공간 조성사업,양덕국유림영림단,4746500724,심재수,31670000,90.79,35107000,,Y,-2.0,2.0,2
R26BK01719837,2026-09-14,경상북도 예천군,용문면 금당누리센터 조성사업 전기공사,주식회사 대한기업,5088116626,박헌열,131974150,90.455,146916000,10084353,Y,-3.0,3.0,39
R26BK01719790,2026-09-14,경상북도 영주시,문수면 월호교 기초보강공사,(주) 예상,5128117584,이지순,310259200,90.383,347000000,17574503,Y,-3.0,3.0,21
R26BK01716615,2026-09-14,전남광주통합특별시교육청 전남광주통합특별시진도교육지원청,석교초 용등분교장 외 1교(지산서초) 본관동 철거공사 견적제출 안내 공고,주식회사 대청환경건설,5918800673,전윤환,195423900,90.757,216330000,12702272,Y,-3.0,3.0,6
R26BK01718708,2026-09-14,국토교통부 부산지방국토관리청 진주국토관리사무소,국도14호선 통영 거제권역 교량 및 터널 유지관리공사,고려건설(주),6118105371,김성언,300519000,91.401,329950000,53030000,Y,-2.0,2.0,711
R26BK01701887,2026-09-14,경기도교육청 경기도평택교육지원청,(가칭)고덕3초 신축 소방공사,일진종합전설 주식회사,2118166538,이종웅,1212411625,89.371,1356368000,75154240,Y,-3.0,3.0,1084
R26BK01714095,2026-09-14,서울교통공사,[실적제한]2026년 3호선 궤도시설 보수보강공사에 따른 신호설비공사,삼성전기산업 주식회사,1058110006,박소연,103222120,90.759,113926500,9189545,Y,-3.0,3.0,59
R26BK01719603,2026-09-14,경상북도 경주시 맑은물사업본부,내남 비지2리(전동마을) 급수관 연결공사,(주)삼우이엔지,5058167621,이추호,130569475,90.698,145153000,11688743,Y,-3.0,3.0,49
R26BK01697290,2026-09-14,경상북도교육청 포항제철공업고등학교,포항제철공업고등학교 웅지료 소방시설개선 건축공사(긴급공고),주식회사 일현,7048702310,김현숙,555016179,90.244,623700000,29891653,Y,-3.0,3.0,372
R26BK01714886,2026-09-14,서울특별시 동대문구,2026년 배봉산 치유의 숲길 조성사업,왕산조경 주식회사,2578600707,김연경,122080140,90.155,134913000,5259348,Y,-3.0,3.0,370
R26BK01714094,2026-09-14,법무부 서울소년분류심사원,서울소년분류심사원 생활관 개보수 통신공사,주식회사 세이콘,6638801318,이현수,233772843,90.269,259490000,13248200,Y,-2.0,2.0,1957
R26BK01723489,2026-09-11,서울특별시 물재생센터 중랑물재생센터,자양오수중계펌프장 펌프 철거 및 밸브 개량 공사,주식회사 세원이엔이,2858702726,현지혜,52012500,95.0,,,,,,1
R26BK01716420,2026-09-14,서울특별시 중구,서소문성지 역사박물관 누수 방수공사,조양종합건설 주식회사,1058616266,구정아,110105000,90.482,119468000,7279194,Y,-3.0,3.0,750
R26BK01714925,2026-09-14,경상남도 창원시,2026년 산불예방 숲가꾸기사업(진북인곡지구),주식회사 우산,8468703097,최연옥,213538350,90.406,234993000,15203503,Y,-3.0,3.0,153
R26BK01718091,2026-09-14,한국철도공사 회계통합센터,중앙선 운길산역 승강장 계단 캐노피 설치공사,대일이앤씨 주식회사,4358104292,최장현,143670400,90.363,160000000,9542596,Y,-2.0,2.0,756
R26BK01717590,2026-09-14,경상남도 산청군,남사예담촌 인프라 구축사업(아스콘덧씌우기),주식회사 우영조경건설,3458102900,조효진,29408192,89.933,32560000,545629,Y,-3.0,3.0,39
R26BK01719662,2026-09-14,강원특별자치도 철원군,근대문화유적센터 공원조성사업(2차)(입찰대행),씨엠케이조경 주식회사,1278198676,백희경,179176018,90.208,199000000,8893979,Y,-3.0,3.0,23
R26BK01718618,2026-09-14,충청남도교육청 충청남도서산교육지원청,오산초등학교 운동장 환경개선공사,부름건설  (주),3168104521,안상호,147345000,90.209,162837000,7321423,Y,-3.0,3.0,66
R26BK01716127,2026-09-14,전남광주통합특별시 종합건설본부,버스정류장 도로노면 개선 공사(야간),(주)한빛네트웍스,4108137488,황생동,62554330,91.143,68850000,9220028,Y,-3.0,3.0,137
R26BK01718510,2026-09-14,충청북도 단양군,단양읍 도시계획도로 아스콘 정비공사,대륙안전(주),2248144980,이광재,140604340,90.624,155826000,9255840,Y,-3.0,3.0,16
R26BK01716453,2026-09-14,경상남도 창원시,진동면 인곡리 989-7 일원 침수예방공사,주식회사 녹연개발,6088143836,성환설,28736000,90.317,31800000,1692524,Y,-3.0,3.0,70
R26BK01709131,2026-09-14,경기도교육청 경기도광주교육청 광주광남중학교,광주광남중학교 인조잔디 운동장 조성 공사 소액수의 견적제출 공고,주식회사 태아이앤씨,6808700637,임준호,69679600,90.209,77042000,3280046,Y,-3.0,3.0,89
R26BK01713613,2026-09-14,중소기업은행,인천지점 전체 레이아웃 전기공사,유하전기 주식회사,1018674788,신재구,162177700,90.401,179300000,10673763,Y,-2.0,2.0,11
R26BK01713661,2026-09-14,중소기업은행,인천지점 전체 레이아웃 통신공사,대신네트웍스(주),4088113289,김정곤,46798975,91.635,50600000,2188094,Y,-2.0,2.0,10
R26BK01717927,2026-09-14,충청남도 서산시,간월도 관광지 유채꽃 씨앗 파종공사,예든조경건설 주식회사,1368803207,김응용,34599805,90.173,38450000,1380056,Y,-3.0,3.0,43
R26BK01714065,2026-09-14,경기도 광명시,"광덕, 광덕산근린공원 개선공사",더블유엠 주식회사,5698700932,최가혜,212156000,90.299,236000000,12625097,Y,-3.0,3.0,658
R26BK01718029,2026-09-14,한국철도공사 회계통합센터,분당선 도곡역 등 10개역 차수판 경량화 및 이설공사,주식회사 미건도어테크,1408159924,송희범,89319747,89.944,99000000,1924830,Y,-2.0,2.0,949
R26BK01717557,2026-09-14,전남광주통합특별시 보성군,2026년 조성 대곡지구 임도 구조개량사업,주식회사 백림,1938802685,박정호,29900000,98.647,30159000,1569478,Y,-3.0,3.0,5
R26BK01713080,2026-09-14,경상남도 산청군,석대 공공하수처리시설 신설사업 전기공사(총괄분),대명전설 주식회사,6088170196,조민규,606033422,90.389,669840000,41936577,Y,-3.0,3.0,1247
R26BK01718143,2026-09-14,경상북도 예천군,비룡산 제2전망대 주변 정비공사,주식회사해덕개발,5088113084,차오석,546916890,90.435,611000000,38470332,Y,-3.0,3.0,759
R26BK01715664,2026-09-14,한국농어촌공사 충북지역본부 충주.제천.단양지사,송학면 농촌중심지활성화사업 송학활력공동체 마당 건축토목공사,트라움건설주식회사,3038130101,남강춘,376953300,90.558,418990000,23427943,Y,-2.0,2.0,14
R26BK01713881,2026-09-14,한국공항공사 김포공항,김포공항 이동지역 조류유인수목 제거공사,지우조경 주식회사,3178700554,김문현,21451070,90.653,23474000,2063369,Y,-2.0,2.0,254
R26BK01717582,2026-09-14,경상남도 산청군,지리1구 주차장 조성사업,주식회사대관,3948802478,이성원,42698690,90.601,46640000,3284084,Y,-3.0,3.0,39
R26BK01713806,2026-09-14,농촌진흥청 국립농업과학원,농과원 농림위성 영상검보정 지상관측 부지 잔디 보수,(유)나래조경,4188134700,박정인,196561500,89.954,218269220,4441817,Y,-2.0,2.0,422
R26BK01714839,2026-09-14,산림청 북부지방산림청 민북지역국유림관리소,2026년 숲가꾸기 사업(제13차),양록국유림영림단사회적협동조합,8498601387,김관중,177779000,90.197,195792385,,N,-2.0,2.0,3
R26BK01699155,2026-09-14,전북특별자치도교육청 전북특별자치도전주교육지원청 전주성심여자중학교,전주성심여자중학교 다목적체육관 증축 전기공사,성우전력공사,2630900695,성일영,161676036,90.332,178585000,10237787,Y,-3.0,3.0,1038
R26BK01698729,2026-09-14,경기도교육청 성일정보고등학교,성일정보고 체육관 내부 리모델링 공사,주식회사 가람종합건설,1298667586,이종성,1198435900,89.2,1347071000,54306853,Y,-3.0,3.0,1380
R26BK01713301,2026-09-14,서울특별시서부교육청 경기초등학교,경기초등학교 주차장 조성공사,로건건설 주식회사,2048174699,박혜지,75548900,89.929,84043000,1469308,Y,-3.0,3.0,323
R26BK01702002,2026-09-14,경기도교육청 경기도수원교육지원청,(가칭)이의8초중 신축 소방공사[계속비],태산건설 주식회사,1738603314,박근수,1358413972,89.37,1532597000,84470312,Y,-3.0,3.0,1079
R26BK01717585,2026-09-14,경상남도 산청군,"큰안골 소하천 정비사업(전환사업, 2지구)",주식회사 서윤건설,6118126833,배순천,187128380,90.43,207520000,11962512,Y,-3.0,3.0,110
R26BK01698639,2026-09-14,경기도교육청 경기도평택교육지원청,(가칭)고덕3초 신축 기계설비공사,주식회사 삼호이앤씨,6898100613,신기섭,1845318560,89.228,2078819000,87531669,Y,-3.0,3.0,713
R26BK01716883,2026-09-11,아산시시설관리공단,영인산자연휴양림 수목 생육 및 관람환경 개선 공사,유한회사 자연산림개발,4158134564,지미연,120351370,90.954,134648000,3237632,Y,-3.0,3.0,12
R26BK01715533,2026-09-14,경상북도 문경시,북부생활권 육아종합지원센터 건립 소방공사,명진전력(주),1218134276,장영근,166646637,90.253,183684000,8937675,Y,-3.0,3.0,287
R26BK01714922,2026-09-14,경상남도 창원시,2026년 산불예방 숲가꾸기사업(동읍단계지구),주식회사 산인,6088179732,성현,216859170,90.438,242087000,16191432,Y,-3.0,3.0,153
R26BK01715610,2026-09-14,충청남도교육청 서일고등학교,서일고등학교 교직원휴게실 증축 건축공사,주식회사 모아종합건설,5928601991,김형창,240158730,90.336,268770000,12147264,Y,-3.0,3.0,45
R26BK01713717,2026-09-14,법무부 서울소년분류심사원,서울소년분류심사원 생활관 개보수 전기공사,다인전력공사,8131500939,조무환,110757300,90.426,123079000,8143814,Y,-2.0,2.0,3543
R26BK01713633,2026-09-14,중소기업은행,인천지점 전체 레이아웃 설비공사,성일기계(주),1208146027,오민환,129214826,90.804,143000000,8239252,Y,-2.0,2.0,9
R26BK01714098,2026-09-14,외서농업협동조합,외서농협 스마트 수출전문단지 구축사업(냉장설비),삼성기전 주식회사,1058190091,양진원,234800000,93.602,,,,,,4
R26BK01708582,2026-09-11,국립백두대간수목원,희망브리지 협력 울진 산불피해지 산림생태복원 사업,주식회사 청림임업,6118123248,주성한,167115900,90.349,184545000,10758668,Y,-2.0,2.0,58
R26BK01716000,2026-09-14,경상남도거제교육청 거제초등학교,거제초등학교 물탱크 교체 및 기타 기계설비공사,주식회사 성진에이텍,8098801869,진성미,30854600,89.928,33990000,604570,Y,-3.0,3.0,16
R26BK01715985,2026-09-14,충청남도교육청 서일고등학교,서일고등학교 교직원 휴게실 증축 기계설비공사,에이원종합건설주식회사,3018180774,성민경,36145200,90.369,39501000,1862420,Y,-3.0,3.0,22
R26BK01714516,2026-09-14,진도중학교,진도중학교 다목적강당 전면보수 전기공사,주식회사 제이에스전기,1588101568,송은미,190669160,90.395,210715000,13375000,Y,-3.0,3.0,1234
R26BK01716027,2026-09-14,경상남도 함양군,동송선(송전)농어촌도로 확포장공사,주식회사 메이드,6128122655,배정구,1212001700,89.346,1364660000,71043530,Y,-3.0,3.0,717
R26BK01713831,2026-09-14,강원특별자치도교육청 강원특별자치도춘천교육지원청,강원체육중 교사동 태권도훈련실 이전 전기공사,주식회사 디케이씨,7688700150,황현오,63230250,90.274,69768000,3603418,Y,-3.0,3.0,224
R26BK01717095,2026-09-14,신풍농업협동조합,2026년 종자은행 신축공사 [기계설비],한세엔지니어링 주식회사,1268168150,최성순,555093000,91.207,619850000,9554097,Y,-3.0,3.0,14
R26BK01719694,2026-09-14,강원특별자치도 철원군,두루웰숲속문화촌 야영장 산책로 정비사업,(주)에이펙스조경,8358102266,이성옥,25484570,90.045,28413000,694734,Y,-3.0,3.0,21
R26BK01718989,2026-09-14,경기도 가평군,2026년 가평군 버스정류소 이설 및 정비공사,주식회사 대흥이앤씨,4158149015,우대봉,30010600,90.384,33000000,1708970,Y,-3.0,3.0,9
R26BK01719799,2026-09-14,경상북도 영주시,시민운동장 사거리~영주택지사거리 아스콘 절삭덧씌우기공사,(합)나한건설,5128101272,고은주,161551385,90.835,180010000,17022579,Y,-3.0,3.0,61
R26BK01719360,2026-09-14,경기도 부천시 오정구,삼정고가교 신축이음 및 교면포장 정비공사,경기건설(주),1308159233,신용재,103490160,90.96,113890000,12934163,Y,-3.0,3.0,49
R26BK01719448,2026-09-14,충청북도교육청 충청북도옥천교육지원청,[재공고] 죽향초 본관 옥상방수 및 기타 기계설비공사,(주)옥천이엔지,2018645318,김명미,36092000,90.475,40150000,2062342,Y,-3.0,3.0,2
R26BK01719905,2026-09-14,경상남도 산청군,석하 소하천 재해복구사업(3지구),(합자)안의건설,6118106647,강인익,259279838,90.302,287254000,15587076,Y,-3.0,3.0,722
R26BK01719643,2026-09-14,경상북도 경주시 맑은물사업본부,문무대왕면 범곡리 급수관 연결공사(3차),공진건설 주식회사,5088140179,김영이,164209000,90.865,180143000,18890228,Y,-3.0,3.0,51
R26BK01717518,2026-09-14,경상남도 합천군,삼가 공공하수처리 시설 증설사업 (전기 및 계측제어),주식회사대은,8898601954,조현주,294336498,90.407,323980000,20949678,Y,-3.0,3.0,1308
R26BK01717473,2026-09-14,국토교통부 부산지방국토관리청 대구국토관리사무소,국도4호선 김천 태화지구 등 2개소 낙석산사태 정비공사,태웅토건  주식회사,6088139647,김규태,639701266,90.933,698170000,81166901,Y,-2.0,2.0,339
R26BK01719894,2026-09-14,경상남도 산청군,상법천 재해복구사업(4공구),극동글로벌 주식회사,4118114246,김연환,4066376460,89.583,4560200000,338152984,Y,-3.0,3.0,491
R26BK01716603,2026-09-14,충청남도교육청 한일고등학교,한일고등학교 본관동 축대 및 계단보수 토목공사,주식회사 경도안전건설,2388102693,민경진,82366170,90.518,91507000,4350391,Y,-3.0,3.0,6
R26BK01716269,2026-09-14,한국철도공사 회계통합센터,중앙선 도심~봉양간 21.300KM부근외 5개소 점검시설 개량 기타공사,주식회사 유엔아이테크,8388600020,오상필,107471422,90.297,118520000,6396225,Y,-2.0,2.0,913
R26BK01713565,2026-09-14,중소기업은행,인천지점 전체 레이아웃 건축공사,(주)다우건축,1208185700,권영욱,410581700,90.527,455400000,25472035,Y,-2.0,2.0,11
R26BK01718433,2026-09-14,충북대학교병원,본관1층 소아청소년과 외래 리모델링 공사(소방설비),주식회사 거성에너지,3038105072,박종범,15420806,90.136,16962000,620772,Y,-2.0,2.0,165
R26BK01718517,2026-09-14,경기도 하남시,하남종합운동장 테니스장 조성공사 수의견적 제출 공고,(주)계절의조각,4408102995,이경재,152207537,90.132,168949780,6284822,Y,-3.0,3.0,26
R26BK01718996,2026-09-14,경기도 성남시,궁내동 198-6 ~ 377-3번지 상수관 정비공사,(주)상리건설,1278148502,김상민,453197440,90.98,499748000,59856378,Y,-3.0,3.0,949
R26BK01719624,2026-09-14,강원특별자치도 철원군,2026년 고석정 주차장 확대사업(입찰대행),(주)까치,2318105710,송현주,184654450,90.393,202860000,11821513,Y,-3.0,3.0,61
R26BK01717603,2026-09-14,전북특별자치도교육청 전북특별자치도전주교육지원청,전주새솔유 식생활관 환기설비개선 기계설비공사,주식회사 이씨에스,4028183943,김현이,239517550,90.24,264149000,12814827,Y,-3.0,3.0,273
R26BK01713594,2026-09-14,경기도 안산시,꽃우물 도시생태공원 조성공사,수림종합개발 주식회사,4108123757,강효창,167560090,90.576,183991000,13666990,Y,-3.0,3.0,6
R26BK01719786,2026-09-14,경상남도 합천군,쌍책 군도1호선 도로보수공사,주식회사 엘케이,1278600070,방룡득,51554300,90.025,56980000,1255284,Y,-3.0,3.0,14
R26BK01718620,2026-09-14,국토교통부 부산지방국토관리청 진주국토관리사무소,국도5호선 거제 명진터널 수해복구공사,주식회사 대풍건설,6138122814,김송미,690565830,90.8,759800000,78143237,Y,-2.0,2.0,580
R26BK01715945,2026-09-11,아산시시설관리공단,2026년 영인산등산로 정비사업,주식회사 마운틴스톤,2088128668,이기향,52643000,89.918,58428654,890814,Y,-3.0,3.0,6
R26BK01719148,2026-09-14,한국철도공사 회계통합센터,대전통합사무소 지붕 증축 기타공사,라인강건산업 주식회사,3148153818,홍순경,160392000,90.248,176255000,7611216,Y,-2.0,2.0,43
R26BK01718359,2026-09-14,전남광주통합특별시교육청 전남광주통합특별시순천교육지원청,"순천왕조초 외 2교(순천성동초,팔마초) 햇빛이음학교 전기공사",주식회사 효원정보통신,4098165586,김민규,41697368,90.138,45914000,1652415,Y,-3.0,3.0,144
R26BK01719902,2026-09-14,경상남도 산청군,덕천강 재해복구사업(5지구),경동건설(주),2128157589,이민영,262268760,90.318,293084000,16085729,Y,-3.0,3.0,720
R26BK01719056,2026-09-14,세종특별자치시 상하수도사업소,‘26년 상수도 누수탐사 보수공사(2차),주식회사 연기수도,3078127573,채혜진,135294730,90.559,148960000,7476091,Y,-3.0,3.0,30
R26BK01719812,2026-09-14,경상북도 영주시,2026년 하반기 영주시 관내 차선도색 정비공사(풍기인삼축제대비),준건설 주식회사,8818701428,강재호,70518000,90.936,78200000,7137736,Y,-3.0,3.0,31
R26BK01718825,2026-09-14,경기도교육청 경기도부천교육지원청,부천부안초 전기용량증설 전기공사,부천전기,1301272394,채봉식,29878890,90.351,32905000,1916558,Y,-3.0,3.0,152
R26BK01719077,2026-09-14,재단법인 광주광역시 사회서비스원 효령노인복지타운,효령노인복지타운 보행로 포장 등 시설물 보수공사,승화건설 주식회사,4088157327,조한숙,97333000,90.286,107085000,5635999,Y,-3.0,3.0,138
R26BK01700560,2026-09-14,전남광주통합특별시교육청 전남광주통합특별시순천교육지원청,순천이수중 옹벽 개선공사,주식회사 청정종합건설,1288147001,정우석,1884193000,89.698,2101904000,177875568,Y,-3.0,3.0,826
R26BK01719685,2026-09-14,경상남도 진주시,2026년 읍면지역 노후차선 재도색 공사,주식회사 유엔아이건설,8158102016,박정훈,84064300,92.503,91710000,24017929,Y,-3.0,3.0,52
R26BK01717592,2026-09-14,경상남도 산청군,"7.16.~20. 집중호우 산사태 복구사업(4차, 홍계석남중산지구)",주식회사청류,4098803522,이미애,67411370,90.434,74050000,3498337,Y,-3.0,3.0,15
R26BK01719773,2026-09-14,경상남도 합천군,삼가 공공하수처리 시설 증설사업 (토목.기계.건축) (총괄분),정암토건 주식회사,5088109275,손숙희,2838415000,89.399,3216048000,177273928,Y,-3.0,3.0,66
R26BK01719807,2026-09-14,경상북도 영주시,세영리첼 사거리~영주종합터미널 아스콘 절삭덧씌우기공사,(주)대승건설,5128110368,박주상,200643000,90.703,220000000,20437558,Y,-3.0,3.0,61
R26BK01717587,2026-09-14,경상남도 산청군,2026년 차황면 외 1개면 농림부 빈집정비사업 건축물 철거공사,하나환경 주식회사,2868100694,박정현,39144100,90.038,43857000,663110,Y,-3.0,3.0,7
R26BK01719906,2026-09-14,경상남도 산청군,금서 오봉 산불진화 임도 개설공사,아성건설 주식회사,4168138224,김상국,213069000,90.326,236610000,13095978,Y,-3.0,3.0,62
R26BK01719892,2026-09-14,경상남도 산청군,상법천 재해복구사업(3공구),제승건설 주식회사,6128129885,윤지영,4057307800,89.6,4502100000,338610407,Y,-3.0,3.0,491
R26BK01701099,2026-09-14,경기도교육청 경기도평택교육지원청,(가칭)도일2초 신축 전기공사,"주식회사 드림전력 (Dream Electric Power Co.,Ltd)",4788801350,김보중,2803864489,89.438,3093180000,191614207,Y,-3.0,3.0,3437
R26BK01717653,2026-09-14,경기도 화성시 맑은물사업소,비봉면 구포리 오수관로 설치공사,성은건설산업(주),1348154695,김영수,354084000,90.773,387530000,37242919,Y,-3.0,3.0,55
R26BK01716540,2026-09-14,경기도 광주시,시도5호선(관음리~우산리) 보도설치사업(3공구),성진건설(주),1818602714,김경재,901118000,90.452,995081000,68697497,Y,-3.0,3.0,648
R26BK01725697,2026-09-14,한국지역난방공사,데이터센터 항온항습기 실외기 환경개선 공사,(주)에이알,1338125483,한영모,9500000,88.415,,,,,,1
R26BK01705470,2026-09-14,서울고속도로주식회사,"수도권제1순환(일산~퇴계원간)고속도로 2026년 터널 조명등 램프 및 안정기 교체, 등기구 청소 공사",주식회사 도원이에프씨,6138140845,장갑찬,564924290,90.53,623370000,47210575,Y,-2.0,2.0,15
R26BK01719534,2026-09-14,재단법인 부여군 지역공동체 활성화 재단,원도심 거리환경개선사업 전기공사,청정테크 주식회사,3058188176,조은경,154275810,90.24,172000000,7472660,Y,-3.0,3.0,59
R26BK01718554,2026-09-14,한국조폐공사,화폐본부 폐수 집수조배관교체 및 FRP라이닝 공사(재공고),주식회사 가우디종합건설,3158601171,이명희,62709980,90.019,70180000,1840677,Y,-2.0,2.0,245
R26BK01718412,2026-09-14,강원특별자치도 양양군,2026년 양양 영혈사 요사채 해체보수 전기공사,대일전력,2271109204,김성조,22778182,90.314,25057000,1376294,Y,-3.0,3.0,24
R26BK01717337,2026-09-14,충청북도 영동군,도동소하천 하상정비사업,(주)일신건설,3028103085,오은경,53304340,89.91,60000000,939523,Y,-3.0,3.0,100
R26BK01718725,2026-09-14,전남광주통합특별시 서구,전평호수공원 산책로 노후시설물 정비 사업,(주)레오파드건설,4098194626,공승근,165397161,90.267,185295000,9239598,Y,-3.0,3.0,133
R26BK01714716,2026-09-14,강원대학교,중앙도서관 환경개선공사(통신),주식회사케이탑시스템,2218138913,김종주,100758300,90.581,111629000,8747257,Y,-2.0,2.0,100
R26BK01714732,2026-09-14,강원대학교,중앙도서관 환경개선공사(소방),주식회사 호반이엔지,3538600437,고옥화,146567057,90.53,161455000,12256341,Y,-2.0,2.0,57
R26BK01718826,2026-09-14,경북 영양군산림조합,2026년 산불예방 숲가꾸기사업(흥구지구),백운임업 주식회사,5088131670,황동섭,89874000,90.29,99155000,5180945,Y,-3.0,3.0,14
R26BK01717455,2026-09-14,전남광주통합특별시 순천시,국가하천(동천) 산책로 및 자전거도로 풀베기 공사,부경산업개발(주),4168121062,김연상,180155900,90.513,199906000,14520125,Y,-3.0,3.0,93
R26BK01714541,2026-09-14,외서농업협동조합,외서농협 스마트 수출전문단지 구축사업(전기설비),주식회사 제일전력기술,8358700713,박민철,23300000,55.204,,,,,,10
R26BK01718142,2026-09-14,국토교통부 대전지방국토관리청 예산국토관리사무소,국도34호선 등 2개노선 도로표지 정비공사,주식회사태진건설,5748801677,류한태,227555800,90.478,254969000,11002070,Y,-2.0,2.0,307
R26BK01717523,2026-09-14,충청북도 영동군,학산면 상지리 배수로정비공사,(주)극동건설,3028120366,최수화,23661000,90.277,26080000,1341406,Y,-3.0,3.0,101
R26BK01718149,2026-09-14,강원특별자치도 양양군,후진항 어촌신활력증진사업 어촌스테이션 임시활어장 조성공사(전기),에이원이앤씨주식회사,1348801367,손미영,38846000,90.137,42992000,1634846,Y,-3.0,3.0,23
R26BK01717941,2026-09-14,강원특별자치도 양양군,후진항 어촌신활력증진사업 어촌스테이 임시활어장 조성공사(건축),(주)지혜건설,6898801310,최경희,126284600,90.429,139876000,6120093,Y,-3.0,3.0,10
R26BK01717384,2026-09-14,한국공항공사 김포공항,2026년 김포공항 기계시설 보수공사,건탑씨엔씨 주식회사,1418138107,최재형,660433362,90.301,731099000,39525422,Y,-2.0,2.0,388
R26BK01726500,2026-09-14,국립공원공단소백산국립공원사무소,2026년 소백산 달밭골 데크 설치공사,(주)삼부건설,3038128264,김택란,21540000,97.998,,,,,,1
R26BK01716231,2026-09-11,충청북도 진천군,2026년도 농어촌 빈집정비지원사업(철거 후 공공활용) 철거공사,에스환경개발 주식회사,3018196956,신승환,176733500,90.44,196405000,12447547,Y,-3.0,3.0,9
R26BK01725793,2026-09-14,국가유산청 한국전통문화대학교,전통건축학과 설계동 주변 야외 데크 설치공사,주식회사 굿디자인하우스,5858600505,임경화,21900000,99.59,,,,,,1
R26BK01725722,2026-09-14,한국농어촌공사 제주지역본부,신양1리 마을만들기(자율개발)사업 태양처럼 뜨겁게 시설 조경공사,태림조경,6161168591,김승철,49087000,89.743,,,,,,1
R26BK01725645,2026-09-14,서울특별시 강서소방서,"강서소방서 배관 소재구 설치, 노후 배관 교체 및 배관 청소 공사",성진플랜트 주식회사,2488100028,이성호,21000000,100.0,,,,,,1
R26BK01714149,2026-09-14,경기도 용인시,역북1근린공원 어린이놀이터 재정비사업,주식회사 우리들,3958802559,사공집,245655000,90.097,273114000,9330868,Y,-3.0,3.0,815
R26BK01717879,2026-09-14,수원여자대학교,2026년 수원여자대학교 간호대학 스마트 시뮬레이션센터 구축 전기공사,주식회사 천일,1248634926,김영규,33000000,25.757,124630000,,N,-5.0,5.0,131
R26BK01725084,2026-09-14,서울특별시 물재생센터 중랑물재생센터,소화조 동력케이블 포설 및 MCC 정비공사,동현전기건설 주식회사,8018702606,김승구,10087480,95.0,,,,,,1
R26BK01716842,2026-09-14,경기도 광주시,경안천 지장수목 제거 단가공사,(주) 에코존,1268652861,위재경,14126970,90.366,15518539,864401,Y,-3.0,3.0,29
R26BK01719343,2026-09-14,경기도 광주시,2026년 도로안전시설물 단가 보수공사(1권역)(2차),주식회사 선진플러스,1298603428,오인지,38198260,90.55,41720189,1953314,Y,-3.0,3.0,40
R26BK01721633,2026-09-14,국립공원공단 북한산국립공원사무소,자동기상관측장비(AWS) 구매 및 설치,주식회사 에스지엠,7238800120,한숙진,38440000,95.007,,,,,,1
R26BK01726841,2026-09-14,한국원자력환경공단,(수의시담) 처분시설 크레인 사행교정 공사,주식회사 제이엠이에스,3068128977,이영훈,214515532,99.316,,,,,,1
R26BK01718697,2026-09-14,충청북도 진천군,중방소하천 정비공사[긴급],주식회사 창대건설,3018192853,김현숙,303098300,90.376,337960000,20546134,Y,-3.0,3.0,668
R26BK01716794,2026-09-14,경기도 광주시,2026년 도로안전시설물 단가 보수공사(2권역)(2차),주식회사 온실을사랑하는사람들,2338103775,한상하,37685040,90.225,41720189,1953314,Y,-3.0,3.0,39
R26BK01712696,2026-09-14,충청남도 아산시 수도사업소,아산시 분뇨 및 가축분뇨처리시설 세륜세차시설 설치공사(토목·기계),보성건설주식회사,2278105443,유혜영,97266169,90.249,108310000,4713522,Y,-3.0,3.0,34
R26BK01700274,2026-09-14,한국농어촌공사 경기지역본부 연천.포천.가평지사,가래울마을 접경지역 주민자생적 마을활력사업(2단계) 토목건축공사,대진종합건설 주식회사,4088110792,박헌,1070760000,89.219,1198703000,50437748,Y,-2.0,2.0,337
R26BK01718233,2026-09-14,국토교통부 대전지방국토관리청 예산국토관리사무소,국도21호선 남동교차로 - 천안시계간 차선도색공사,주식회사 대명건설,3088115008,조형식,171130750,90.179,189618000,7976770,Y,-2.0,2.0,312
R26BK01719893,2026-09-14,전남광주통합특별시 순천시,2026년 주요 등산로 풀베기 사업,주식회사수성원,4168183700,박경인,29316200,90.442,32571000,1767584,Y,-3.0,3.0,19
R26BK01719904,2026-09-14,경상남도 하동군,북천 직전 소류지 정비공사,윤광토건 주식회사,6218142368,한영순,488430726,90.475,540822000,36690692,Y,-3.0,3.0,126
R26BK01719039,2026-09-14,한국농어촌공사 전남지역본부 장성지사,진원면 생활공유센터 증축사업 토목건축기계공사,에이탑건설 주식회사,4098638352,주은영,312189000,90.385,344133000,21525229,Y,-2.0,2.0,511
R26BK01718809,2026-09-14,경북 영양군산림조합,2026년 산불예방 숲가꾸기사업(주곡지구),백운임업 주식회사,5088131670,황동섭,39384000,89.973,43507000,469618,Y,-3.0,3.0,13
R26BK01719886,2026-09-14,경상남도 하동군,횡천 횡계마을 배수로 정비공사,해동 건설 주식회사,6138147402,최종수,62277420,90.344,69606900,3618870,Y,-3.0,3.0,57
R26BK01718755,2026-09-14,경북 영양군산림조합,2026년 산불예방 숲가꾸기사업(기산지구),연세개발주식회사,7528603664,하희선,102036700,90.318,112822000,5864182,Y,-3.0,3.0,14
R26BK01715530,2026-09-14,부산광역시 기장군,와여리 노외공영주차장 조성사업(전기),해원,7702501038,박용남,82699765,90.154,91665000,3617258,Y,-3.0,3.0,902
R26BK01719908,2026-09-14,경상남도 하동군,화포 자연재해위험개선지구 정비사업 전기공사(총괄),주식회사 거제종합전기,3338800359,이경훈,727654240,90.355,802626000,47624002,Y,-3.0,3.0,1227
R26BK01720722,2026-09-14,국립공원공단 한려해상생태탐방원,2026년 한려해상생태탐방원 시설물 보수공사,주식회사 본조경건설,6278602919,남미영,47500000,95.0,,,,,,1
R26BK01712735,2026-09-10,(주)배터리솔루션즈,"2026년 스마트생태공장 구축사업 집진기(중력, 원심) 전기공사",주식회사 에스제이에스 일렉트릭,5048178839,김현돈,4950000,100.0,,,,,,1
R26BK01719766,2026-09-14,경상북도 안동시,가로수 수종갱신 사업(옥서로 외 1개소),주식회사 효림,5088135579,남재욱,75174500,90.04,83300000,2387194,Y,-3.0,3.0,101
R26BK01712483,2026-09-10,(주)배터리솔루션즈,2026년 스마트생태공장 구축사업 전처리브로워 전기공사,주식회사 에스제이에스 일렉트릭,5048178839,김현돈,1650000,100.0,,,,,,1
R26BK01717865,2026-09-14,전북특별자치도 부안군,부안군 부안읍 일원 하수도 맨홀추락방지시설 추가 설치사업,주식회사준건설,7228702341,편유정,232029800,90.315,256790000,14248627,Y,-3.0,3.0,356
R26BK01718172,2026-09-14,전남광주통합특별시 여수시,한려지구 도시재생 어울림센터 트레블라운지 조성 공사,원영이엔씨(주),4178123684,최정일,35284469,90.017,39680000,852064,Y,-3.0,3.0,50
R26BK01715155,2026-09-14,경상남도 함안군 상하수도사업소,가야 선왕동 덕천마을 지방상수도 확장공사,진웅건설 주식회사,4118131338,안소진,101194000,90.819,110760000,6723787,Y,-3.0,3.0,16
R26BK01714439,2026-09-14,국토교통부 부산지방국토관리청 김해국토관리사무소,국도5호선 창원 구산 옥계 낙석산사태 위험지구 정비공사,대흥산업개발 주식회사,5028801390,김정임,583369600,90.182,645920000,27423334,Y,-2.0,2.0,379
R26BK01712605,2026-09-10,(주)배터리솔루션즈,2026년 스마트생태공장 구축사업 집진기(백필터) 전기공사,주식회사 에스제이에스 일렉트릭,5048178839,김현돈,8250000,100.0,,,,,,1
R26BK01714566,2026-09-14,국토교통부 부산지방국토관리청 김해국토관리사무소,국도14호선 김해 한림 병동 낙석산사태 위험지구 정비공사,주식회사 화창건설,5098101714,김종웅,953372240,90.143,1057980000,40893650,Y,-2.0,2.0,376
R26BK01716662,2026-09-14,충청남도 청양군,안심2지구 청양형 마을만들기 건축·토목공사,주식회사 현성,4028167638,김웅진,222139000,90.198,243692000,10172848,Y,-3.0,3.0,56
R26BK01717699,2026-09-14,국토교통부 대전지방국토관리청 예산국토관리사무소,국도21호선 홍성군 대영리 등 33개소 시설물 정비공사,이에스건설 주식회사,3088128143,최은서,473522500,90.285,524530000,27510308,Y,-2.0,2.0,477
R26BK01718198,2026-09-14,전남광주통합특별시 여수시,2026년 보호수 외과수술 및 주변 정비사업,주식회사 서교조경,3928703396,장희관,53777804,89.911,59615000,672356,Y,-3.0,3.0,3
R26BK01718852,2026-09-14,한국농어촌공사 경기지역본부 여주.이천지사,노탑1지구 수리시설정비사업 토목공사,이원건설(주),1388112284,이승희,138328920,90.286,153246000,7999078,Y,-2.0,2.0,699
R26BK01718872,2026-09-14,경기도 용인시 수지구,2026년 어린이보호구역 개선 사업(전기) 2차,주식회사 중앙이앤에프,1748602981,길호영,105733494,90.24,118237000,5618099,Y,-3.0,3.0,285
R26BK01719583,2026-09-14,경기도 구리시,갈매3저류지 정비공사,화림토건 주식회사,3778101742,정선희,80793200,91.205,89970000,6097943,Y,-3.0,3.0,5
R26BK01723530,2026-09-11,경기도 연천군,2026년 접경지역 빈집정비사업 철거 공사(1차),대현건설 주식회사,6538700708,김미경,20440000,,,,,,,1
R26BK01719800,2026-09-14,전남광주통합특별시 순천시,상사면 시도 15호선(동백) 재포장 공사,강림건설주식회사,5548100452,이강임,39857000,90.042,43728000,1047676,Y,-3.0,3.0,49
R26BK01717596,2026-09-14,전북특별자치도 순창군,수장지구 마을하수도 설치사업 전기 및 계측제어공사,서광전기,4050894048,서상철,320896490,90.362,354900000,21378774,Y,-3.0,3.0,1081
R26BK01720033,2026-09-14,(주)신라공업 남산공장,2026년 신라공업 제어 인프라 공사,주식회사 엔틀,8408700258,신중현,43835000,99.874,,,,,,2
R26BK01719270,2026-09-14,경상북도 청도군,원정2리도시취약지역생활여건개조사업(생활위생인프라),대지건설(주),5158137181,김분식,26354950,90.204,29200000,1184988,Y,-3.0,3.0,41
R26BK01717389,2026-09-14,국토교통부 대전지방국토관리청 예산국토관리사무소,예산국토 동부권 터널 갱구부 비탈면 녹화공사,디와이건설 주식회사,5638601372,김도윤,567558193,90.134,629300000,23836632,Y,-2.0,2.0,197
R26BK01717438,2026-09-14,국토교통부 대전지방국토관리청 예산국토관리사무소,국도43호선 신정교(상) 등 2개소 보수공사,(주)성지지반기술,2158605940,정현준,200295200,90.526,220390000,16827161,Y,-2.0,2.0,289
R26BK01717525,2026-09-14,서울특별시 성북구,종암동 주민센터 리모델링 공사(건축·기계),대호건축주식회사,1148708321,이준호,164749500,90.313,182124000,9828964,Y,-3.0,3.0,41
R26BK01717427,2026-09-14,국토교통부 대전지방국토관리청 예산국토관리사무소,국도45호선 삽다리교 보수공사,주식회사 그레이,1408169548,신재영,281790020,90.928,310730000,35539445,Y,-2.0,2.0,302
R26BK01713148,2026-09-14,경찰청 부산광역시경찰청,"부산경찰청112치안종합상황실 환경개선공사(건축,기계)",가나건설 주식회사,6158125345,지성윤,665626980,90.21,733703000,33110916,Y,-2.0,2.0,482
R26BK01717411,2026-09-14,국토교통부 대전지방국토관리청 예산국토관리사무소,예산국토 서부권 터널 갱구부 비탈면 녹화공사,주식회사 오우개발,8778701910,최병완,1032444000,89.143,1149250000,40894380,Y,-2.0,2.0,957
R26BK01716165,2026-09-14,(주)신라공업 남산공장,2026년 신라공업 계측 인프라 공사,바로 이앤지,3941001465,박중기,43890000,100.0,,,,,,2
R26BK01717277,2026-09-14,대경대학산학협력단,(앵커)대경대학교 전용 이론강의실 구축 및 공용공간(로비) 환경개선공사,주식회사 이오공간,1778700053,서차만,773610000,89.758,,,,,,22
R26BK01717412,2026-09-14,경상북도 청도군,운문봉하정상간군도8호선차선도색공사,주식회사 장자건설,5048128168,박현숙,31534190,90.477,35300000,1265315,Y,-3.0,3.0,14
R26BK01717434,2026-09-14,국토교통부 대전지방국토관리청 예산국토관리사무소,국도45호선 수덕사IC교 보수공사,월드건설주식회사,3078120231,최재화,159646490,90.527,176850000,13450943,Y,-2.0,2.0,321
R26BK01719021,2026-09-14,전북특별자치도 익산시,2026년 임대형 소규모 개방주차장 조성사업(신동),유한회사 동부가스이엔지,4038138892,김성운,17432160,90.004,19220480,484126,Y,-3.0,3.0,68
R26BK01718978,2026-09-14,전북특별자치도 익산시,노후가로등 교체 및 정비 단가,(주)한광,2548602900,이경이,13166960,90.131,14606000,488731,Y,-3.0,3.0,131
R26BK01719597,2026-09-14,경기도 광주시,남한산성면 산성리 경로당 신축공사,주식회사 예나종합건설,2938103137,김순석,532343087,90.334,589791000,33565986,Y,-3.0,3.0,1395
R26BK01714864,2026-09-14,산림청 북부지방산림청 춘천국유림관리소,2026년 제30차 숲가꾸기(덩굴류제거)사업 지명경쟁 입찰 공고,춘천국유림영림단 사회적협동조합,3558200357,김진수,42670000,90.376,47425000,,Y,-2.0,2.0,3
R26BK01719593,2026-09-14,전북특별자치도 진안군,2026년 마이산 도립공원 정비사업,무건 주식회사,5138121456,김수경,379418800,90.179,419540000,16535316,Y,-3.0,3.0,16
R26BK01718897,2026-09-14,전북특별자치도 진안군,2026년 진안군 주택 슬레이트 철거공사(하반기)(단가계약),주식회사솔로몬건설,6108633224,최병문,23411,90.527,26110,1565,Y,-3.0,3.0,6
R26BK01727951,2026-09-14,서울특별시 도로사업소 서부도로사업소,금화터널 디밍제어설비 전자접촉기 추가 설치 공사,주식회사 남전엔지니어링,1398700366,박영주,4008510,90.0,,,,,,1
R26BK01727837,2026-09-14,한국농어촌공사 경북지역본부 칠곡지사,북삼지구 남북지 임시양수장 설치공사,주식회사 장군이건설,5088140373,유병철,34700000,88.115,,,,,,1
R26BK01715569,2026-09-14,충청남도 아산시 미래도시관리사업소,2026년 은행나무길 은행열매 채취사업,주식회사 라온조경,7558702583,이미연,49299930,90.348,55000000,2666508,Y,-3.0,3.0,63
R26BK01674905,2026-09-14,청강문화산업대학,[청강입찰 2026-05호] 청강문화산업대학교 나비센터 건축공사,대원건설(주),1348143335,이호,5848740790,88.163,6614883000,353975206,Y,-2.0,2.0,196
R26BK01718808,2026-09-14,전북특별자치도 진안군,가수소하천 정비공사,대대종합건설(주),4038124985,최준영,5075155000,88.23,5772789000,308622517,Y,-3.0,3.0,169
R26BK01727147,2026-09-14,국가유산청 국립고궁박물관,국립고궁박물관 훈증실 제습환기장치 설치공사,주식회사 휴마스터,4958800910,이대영,8493000,95.0,,,,,,1
R26BK01725424,2026-09-14,한국지역난방공사,시스템운영팀 사무실 환경개선 공사,주식회사 그린주의,2048197877,김현미,16325100,86.79,,,,,,1
R26BK01718750,2026-09-14,한국농어촌공사 전남지역본부 고흥지사,금진항 어촌활력증진지원 증진사업 통신공사,아이티협동조합,2248167718,문선영,60670000,90.464,66616000,3543281,Y,-2.0,2.0,12
R26BK01723391,2026-09-14,서울특별시 서울아리수본부 암사아리수정수센터,1정수장 여과지 역세송풍기 교체공사,주식회사 시스컨,1308191780,임재순,30177000,92.783,,,,,,1
R26BK01726240,2026-09-14,경기도 용인시 처인구,함박초등학교 일원 보행환경 개선공사,(주)오라건설,2078800424,김진경,37899000,90.0,,,,,,1
R26BK01691330,2026-09-14,한국화학융합시험연구원,KTR (시흥) 인공바이러스 벡터 개량 및 유전자 전달효율 고도화 기반구축 전기공사,주식회사 도아(到我),1338137048,박기덕,1390000000,80.246,,,,,,2
R26BK01727699,2026-09-14,한국농어촌공사 전남지역본부 보성지사,석호 마을만들기사업 전기공사,주식회사 낙원전력,7208702059,주경택,19000000,90.909,,,,,,1
R26BK01717346,2026-09-14,충청남도 홍성군,2026년 장곡면 신풍지구 무명4교 재가설공사,창보건설주식회사,3108119536,서경숙,160773700,90.426,179460000,11802470,Y,-3.0,3.0,68
R26BK01727587,2026-09-14,한국농어촌공사 전남지역본부 순천.광양.여수지사,관기배수갑문 갯벌퇴적 방지시스템 설치 전기공사,(주)현대콘트롤전기,4168133078,김민성,14593000,90.002,,,,,,1
R26BK01718624,2026-09-14,전북특별자치도 진안군,양지 농촌다움복원사업(건축),주식회사 한국건설,4188129847,이권섭,166616074,90.387,184503000,9553489,Y,-3.0,3.0,12
R26BK01717644,2026-09-14,경상남도 함안군,함안 말이산고분군 말산리 380-4번지 일원 지장물 철거공사(2차),세화조경주식회사,4038186225,김민화,93211519,91.737,102500000,6732939,Y,-3.0,3.0,2
R26BK01717494,2026-09-14,충청남도 홍성군,홍북 중계지구 용배수로 수해복구공사,대진건설(주),3128170242,김경태,59472830,90.446,65500000,4040905,Y,-3.0,3.0,38
R26BK01718987,2026-09-14,전남광주통합특별시 광주청사,2026년 교통사고 잦은 곳 개선 전기공사(3공구),(주)구민이엔지,4098634211,강정구,121516588,90.395,133170000,8321134,Y,-3.0,3.0,608
R26BK01706751,2026-09-14,충청남도 홍성군,2026년 결성읍성 동문 경관조명 설치 및 주변정비공사,주식회사홍창건설,3088138715,홍사섭,86550000,90.513,95951000,5386039,Y,-3.0,3.0,3
R26BK01700314,2026-09-14,경기도교육청 경기도광명교육지원청,하안초 교사동 내진보강 및 환경개선공사(계속비),주식회사차영종합건설,1378174803,차영식,3224189520,89.177,3624111000,138929026,Y,-3.0,3.0,1288
R26BK01719636,2026-09-14,경기도 광주시,광주정수장 개량사업(전기 및 계측제어),세미이엔씨 주식회사,1388145316,김은숙,215047400,90.4,238921000,15210411,Y,-3.0,3.0,3520
R26BK01727811,2026-09-14,국립공원공단 계룡산생태탐방원,2026 계룡산생태탐방원 워케이션 공간 조성 사업,주식회사미고인테리어,1638802985,김나윤,17690000,100.0,,,,,,1
R26BK01727085,2026-09-14,한국농어촌공사 충남지역본부,검천등 3지구 소규모수도시설 지하수관정 원상복구공사,(유)태극개발,4078118656,구본우,11200000,,,,,,,1
R26BK01719811,2026-09-14,대구광역시 중구,제3수창소공원 재정비공사 전자견적 제출 안내 공고,(주)일성조경,5148130278,채석화,80047000,90.103,89580000,3023212,Y,-3.0,3.0,238
R26BK01718357,2026-09-14,전남광주통합특별시 영광군,군청사거리 횡단보도 정비공사,주식회사 유정건설,4108136330,김정실,53700000,90.159,59504000,2366577,Y,-3.0,3.0,26
R26BK01718345,2026-09-14,전남광주통합특별시 영광군,군남 반안리 기계화 경작로 확포장사업,호은건설 주식회사,4108115960,전광옥,54983950,90.416,61362652,3971696,Y,-3.0,3.0,61
R26BK01718731,2026-09-14,경상북도교육청 경상북도경주교육지원청,동천초등학교 태양광 발전설비 전기공사 견적제출 안내 공고,주식회사 장성전력,8718801525,이영희,45057000,90.125,50578000,1595499,Y,-3.0,3.0,124
R26BK01718596,2026-09-14,경상북도교육청 경상북도경주교육지원청,금장초등학교 태양광 발전설비 전기공사 견적제출 안내 공고,(주)삼오전기,2398602425,장창욱,57481605,90.098,64207000,2096772,Y,-3.0,3.0,125
R26BK01717812,2026-09-14,대구광역시 달성군,2026년 화원읍 본리리 경관녹지 정비사업,주식회사 동국조경,3858104231,오종택,145559800,90.244,162616000,7836534,Y,-3.0,3.0,241
R26BK01719546,2026-09-09,서울특별시 동부공원여가센터,매헌시민의숲 공원 테니스장 주변 녹지 정비공사,주식회사 서하조경,8678603480,원지연,49000000,92.452,,,,,,1
R26BK01718693,2026-09-14,경상북도교육청 경상북도경주교육지원청,동방초등학교 태양광 발전설비 전기공사 견적제출 안내 공고,이에스전력주식회사,1548803151,김태숙,34244600,90.086,38027000,1243948,Y,-3.0,3.0,125
R26BK01715030,2026-09-14,강원특별자치도 화천군,2026년 노인보호구역 시설개선사업(명월1리 경로당),(주)태조건설,6128106785,조명덕,53056590,90.746,58880000,5559664,Y,-3.0,3.0,31
R26BK01715079,2026-09-14,강원특별자치도 화천군,2026년 노인보호구역 시설개선사업(봉오1리 경로당),도영건설 주식회사,5748602065,길도영,57477630,90.727,62726000,5948198,Y,-3.0,3.0,31
R26BK01718078,2026-09-14,전북특별자치도 남원시,남원공공하수처리시설 가스배관 보온재 정비공사,주식회사 도담,6828600276,백영주,45668000,90.713,49953000,2836060,Y,-3.0,3.0,17
R26BK01727071,2026-09-14,서울교통공사,반포역 6번 출입구 계단 단차 개선공사,주식회사 동부엘시드,1138188427,지은주,9782000,98.479,,,,,,1
R26BK01714767,2026-09-14,경상북도 울진군 맑은물사업소,울진지방상수도(고목리 596-1번지 인근) 노후관로 교체공사,주식회사 대아건설,5078103322,주성희,84806357,90.444,95210000,5057265,Y,-3.0,3.0,29
R26BK01715032,2026-09-14,강원특별자치도 화천군,2026년 노인보호구역 시설개선사업(웃대이리 경로당),도영건설 주식회사,5748602065,길도영,49658650,90.925,54224000,4865558,Y,-3.0,3.0,31
R26BK01718381,2026-09-14,강원특별자치도 화천군,오음상수도 블록유량계 설치공사(유촌리 산138-12번지 일원),주식회사푸른건설,6618700179,임소희,32947960,90.971,36719000,2765696,Y,-3.0,3.0,5
R26BK01715072,2026-09-14,강원특별자치도 화천군,2026년 노인보호구역 시설개선사업(신읍2리 파수동 경로당),합자회사 제이비건설,2218121810,강정훈,30285878,90.745,33296000,3223545,Y,-3.0,3.0,31
R26BK01715031,2026-09-14,강원특별자치도 화천군,2026년 노인보호구역 시설개선사업(풍산1리 경로당),보령건설산업 주식회사,5908800684,백광열,59611300,90.593,65428000,5392649,Y,-3.0,3.0,31
R26BK01718481,2026-09-14,강원특별자치도 화천군,2026년 지방상수도(삼화리) 급수구역 확장공사(1차분),주식회사푸른건설,6618700179,임소희,36720200,90.796,40923000,2255750,Y,-3.0,3.0,5
R26BK01718859,2026-09-14,충청북도 도로관리사업소 남부지소,보은 상궁도로 안전한 보행환경 조성사업,창신건설(주),3028112793,장순택,191391700,91.169,209440000,28695769,Y,-3.0,3.0,147
R26BK01713422,2026-09-14,경찰청 부산광역시경찰청,부산경찰청 112치안종합상황실 환경개선공사(전기),주식회사 성덕에너지,6068602299,김한규,153839323,90.325,169851000,9593824,Y,-2.0,2.0,843
R26BK01727899,2026-09-14,한국농어촌공사 경북지역본부 칠곡지사,봉학지구 가뭄대비 보충용수 개발공사,(주)삼신산업개발,5158117735,문경섭,47700000,88.047,,,,,,1
R26BK01715077,2026-09-14,강원특별자치도 화천군,2026년 노인보호구역 시설개선사업(신읍2리 보래골 경로당),보령건설산업 주식회사,5908800684,백광열,30868200,91.024,33784000,3639257,Y,-3.0,3.0,31
R26BK01719878,2026-09-14,전남광주통합특별시 진도군,포산리 세천 소규모 위험시설 정비공사,경복산업 주식회사,2208694727,이동구,216688800,90.394,239667000,13944244,Y,-3.0,3.0,34
R26BK01717721,2026-09-14,대구광역시 달성군,비슬구천공원 테마공간 조성사업 전기공사,주식회사 서진이앤씨,2228604084,우경하,92624213,90.313,102754500,5664774,Y,-3.0,3.0,742
R26BK01715195,2026-09-14,대구광역시 달성군,비슬구천공원 테마공간 조성사업,효정건설 주식회사,5148165535,신상동,1361280190,89.175,1534756000,48725418,Y,-3.0,3.0,42
R26BK01719226,2026-09-14,경기도 성남시,"하이테크, 은행공원 게이트볼장 물동이 설치공사",운서재종합건설 주식회사,1298681254,김상우,22798000,90.263,25110000,437013,Y,-3.0,3.0,5
R26BK01717493,2026-09-14,경상북도 고령군,우곡면 야정2리 암반관정 설치,석산개발(주),5038152006,이경선,46365830,90.159,51100000,2062285,Y,-3.0,3.0,11
R26BK01718444,2026-09-14,고미현,2025년 청년자립형 스마트팜 지원사업(명시이월),주식회사 벽우,3118103963,한기흥,802230000,93.5,,,,,,1
R26BK01717589,2026-09-14,경상남도 의령군,가례마을 공영주차장 조성공사 폐슬레이트 철거공사,주식회사 삼전,6908103997,이호인,36529231,90.614,40700000,2282595,Y,-3.0,3.0,8
R26BK01727830,2026-09-14,한국농어촌공사 경기지역본부 여주.이천지사,백신지구 현방리 219-11 농업용수관로 보수공사,동진건설 주식회사,1268168543,이지영,26020000,90.979,,,,,,1
R26BK01719017,2026-09-14,강원특별자치도 강릉시,농어촌도로 석진선(석교리 790-3일원) 도로확장공사,(주)동명건설,2268122847,권오근,268760000,90.724,296350000,28057183,Y,-3.0,3.0,98
R26BK01718802,2026-09-14,강원특별자치도 강릉시,솟대다리 주변 쉼터조성사업,주식회사 오석건설,4658101791,전다현,110105260,90.76,121970000,11942875,Y,-3.0,3.0,90
R26BK01718673,2026-09-14,강원특별자치도 강릉시,경강로 일원 도로정비공사,주식회사 우진건설,2268122454,최용성,59217917,90.365,65540000,3891775,Y,-3.0,3.0,52
R26BK01728146,2026-09-14,한국지역난방공사 서울중앙지사,2026년 중앙지사 배전자동화시스템 정기점검보수공사,한전케이디엔 주식회사,1168132242,박상형,3452900,89.79,,,,,,1
R26BK01727599,2026-09-14,서울특별시 동부공원여가센터,매헌시민의숲 관리사무소 주변 녹지대 정비공사,주식회사 솔담조경,6138703390,김미선,46000000,92.0,,,,,,1
R26BK01728147,2026-09-14,경기도 이천시,2026년 하반기 외래 돌발해충 지상방제 사업,(주)영림공사,1268176567,김명근,48924000,90.0,,,,,,1
R26BK01717178,2026-09-14,서울특별시 물재생센터 난지물재생센터,오물탈수기동 전기실 환기설비 설치공사,주식회사 성호에스비씨,7468102215,박경호,93159300,90.023,102836500,2793351,Y,-3.0,3.0,766
R26BK01718713,2026-09-11,하나마이크론 주식회사,하나마이크론 2026년 산업계 에너지관리시스템 보급 지원사업 계측,(주)베텍,1308149638,최영준,120851500,100.0,,,,,,2
R26BK01719377,2026-09-11,하나마이크론 주식회사,하나마이크론 2026년 산업계 에너지관리시스템 보급 지원사업 제어,(주)베텍,1308149638,최영준,34683000,100.0,,,,,,2
R26BK01719091,2026-09-15,울산광역시,유량계 판넬 낙뢰보호기(100개소) 정비공사,명진아이티에스,6070919128,김정수,49509594,89.886,55860000,678712,Y,-3.0,3.0,364
R26BK01716219,2026-09-15,한국공항공사 항공기술훈련원,항공기술훈련원 기반시설 영상감시장치 정보통신공사,주식회사 태영,6508701260,김용수,115714430,90.153,128643000,5065746,Y,-2.0,2.0,346
R26BK01720508,2026-09-10,서울특별시 물재생센터 난지물재생센터,탈수기동 원심탈수기 교체 기계공사,수정공,6723000670,임수진,46035000,90.0,,,,,,1
R26BK01718557,2026-09-15,전남광주통합특별시 강진군,2026년 계류보전사업(강진임천),주식회사 남도산림,4158123150,장경희,73167380,90.774,79964000,4311600,Y,-3.0,3.0,3
R26BK01721122,2026-09-15,(재)서울경제진흥원,DMC산학협력연구센터 소방 수신기 및 중계기 교체 공사,주식회사 수방재시스템,6908101887,이승훈,98978800,90.043,109400000,3178085,Y,-3.0,3.0,678
R26BK01716387,2026-09-15,경상남도 고성군 농업기술센터,조동마을 소공원 조성사업 견적제출,케이비건설(주),6128126568,오안숙,36782400,90.281,40770000,1735193,Y,-3.0,3.0,35
R26BK01720266,2026-09-15,대전광역시,유등천좌안2교 보수보강공사(2차),재민건설 주식회사,3148148616,탁석형,96853000,90.311,106437000,5299037,Y,-3.0,3.0,41
R26BK01719269,2026-09-15,대전광역시 서구,갈마동 공영주차장(거주자우선) 조성공사 및 옹벽정비,유한회사 연기수도,4018119128,강병구,157850770,90.55,175727000,11978965,Y,-3.0,3.0,30
R26BK01715271,2026-09-15,서울특별시 서대문구,2026년 시공원 보수정비공사,(주)세명하이텍,3468600287,이민관,114822744,90.251,127358000,6086536,Y,-3.0,3.0,408
R26BK01721593,2026-09-15,경상남도 양산시 상하수도사업소,대리마을 외 1개소 소규모수도시설 개량사업,주식회사 송광건설,6548600456,임영선,293452330,90.91,325820000,30231084,Y,-3.0,3.0,29
R26BK01721656,2026-09-15,제주특별자치도,서귀포시 대정읍 신도리 B빈집 리모델링 공사,주식회사 미르디엔에이,6168613911,이필선,53637000,90.202,59783900,2572402,Y,-3.0,3.0,147
R26BK01721147,2026-09-15,강원특별자치도 양양군,오산~동호간 해안생태탐방로 유지보수공사,(주) 우리도건,2278120293,김재식,44813050,90.475,49547000,2717824,Y,-3.0,3.0,9
R26BK01721194,2026-09-15,경상북도,2026년도 간선임도사업(고령 쌍림 매촌~매촌),주식회사 우리숲,1268679967,조혜령,212312000,90.295,233244000,12593796,Y,-3.0,3.0,67
R26BK01720831,2026-09-15,강원특별자치도 양양군,2026년 재해위험목 제거사업(3차),주식회사 아름,6088180113,김동희,48900400,89.923,54846000,912719,Y,-3.0,3.0,8
R26BK01721931,2026-09-15,전남광주통합특별시 무안군,복길지구 연안침식방지사업,지아종합건설주식회사,3018149905,송하형,259843730,90.237,291663000,10743740,Y,-3.0,3.0,45
R26BK01720532,2026-09-15,고양시 일산서구청,2026년 빗물받이 준설공사(연간단가) 3차,케이환경건설 주식회사,3298603635,성선미,47321520,90.442,53000000,2397543,Y,-3.0,3.0,26
R26BK01715433,2026-09-15,대경사과원예농업협동조합,대경사과원예농협 영주과수거점산지유통센터 신축공사(인테리어공사) 입찰 공고,(주)대한 아이.에이,5028168825,정우호,242000000,50.527,,,,,,5
R26BK01718870,2026-09-15,서울시설공단,(긴급) 자동차전용도로 녹지대 화단 정비공사,대원조경건설 주식회사,6408701448,이상윤,118588275,90.988,130080000,15564799,Y,-3.0,3.0,368
R26BK01719927,2026-09-15,충청남도 부여군,세도면 마을경작지 정비공사(정주환경),주식회사 장군산업,2778700881,정혜란,57342290,90.248,63165000,3041447,Y,-3.0,3.0,120
R26BK01715279,2026-09-15,전남광주통합특별시교육청 전남광주통합특별시보성교육지원청,벌교도서관 관사 철거 및 포장공사,주식회사백두산건설,4098145839,이현석,58100009,90.274,64364000,3056371,Y,-3.0,3.0,13
R26BK01713316,2026-09-15,경상북도 포항시,죽장 방흥리 마을안길 정비공사,우리건설(주),1108617326,황가원,40814800,90.259,45200000,2258062,Y,-3.0,3.0,118
R26BK01717150,2026-09-15,한국체육대학교,한국체육대학교 필승관 온수탱크 교체공사,(주)유진이엔씨,8168800136,이건탁,144633577,90.027,160536000,4391297,Y,-2.0,2.0,540
R26BK01719162,2026-09-15,경기도 수원시,"수원시청 본관 2층 환경개선공사(건축,기계)",색채산업개발 주식회사,1228601680,김성언,387890000,90.388,433256000,26787280,Y,-3.0,3.0,1044
R26BK01718153,2026-09-15,경상북도교육청 경상북도포항교육지원청,구룡포초등학교 C동 철거공사 긴급입찰 공고,주식회사 참진,5108123023,강순숙,323797877,90.365,358545000,21309771,Y,-3.0,3.0,279
R26BK01721797,2026-09-15,한국철도공사 회계통합센터,*특허포함*경부선 이원-심천간 이원천교 등 8개소 교량개량공사,주식회사 환일,3068121052,김일환,390381000,90.328,429869000,24497957,Y,-2.0,2.0,308
R26BK01721053,2026-09-15,경상북도 김천시,지좌동 새마을 아스콘 덧씌우기 공사,제일건설(주),5158702947,황양석,34981000,90.658,39400000,1533195,Y,-3.0,3.0,80
R26BK01721715,2026-09-15,강원특별자치도 고성군,고성종합체육관 냉난방기 교체공사(기계설비),(주)반석,4108122141,박반석,112463216,90.189,124666000,3854366,Y,-3.0,3.0,10
R26BK01713728,2026-09-15,한국농어촌공사 경남지역본부 고성.통영.거제지사,회화면 농촌중심지활성화사업 통신공사,株式會社 錦湖이.티.시,6158119727,김두현,160624840,90.398,177837000,11280890,Y,-2.0,2.0,463
R26BK01719930,2026-09-15,충청남도 부여군,세도면 수고리 마을안길 정비공사(정주환경),주식회사다산건설,3478701326,백남칠,24496790,90.165,26897000,1113634,Y,-3.0,3.0,118
R26BK01714206,2026-09-15,울산광역시,방어진수질개선사업소 잡용수배관 교체공사,주식회사웅진테크,4838701957,정준형,216163959,90.308,240158000,12738510,Y,-3.0,3.0,154
R26BK01721195,2026-09-15,강원특별자치도 춘천시,학곡리 350-1일원(소로3류 780호선) 정비공사,주식회사 더윌,7588702108,안재규,20933900,91.494,23023000,3902247,Y,-3.0,3.0,48
R26BK01721458,2026-09-15,전남광주통합특별시 강진군,대구면 정수사천 정비공사,문화토건 주식회사,4158119734,오준호,30497091,90.406,33627000,1284875,Y,-3.0,3.0,22
R26BK01720000,2026-09-15,경기도 성남시,2026년 금산프라자 안전시설사업 전기공사,주식회사 이디엔씨(ED&C),1448122808,김형모,115561336,90.367,128800000,7735250,Y,-3.0,3.0,215
R26BK01672168,2026-09-15,조달청 광주지방조달청,신안군 모농마을 LPG시설 구축사업 시설공사,가스코리아 주식회사,6048600301,이영헌,737054010,90.325,816466000,46151055,Y,-3.0,3.0,43
R26BK01713612,2026-09-15,강원특별자치도 인제군 상하수도사업소,"인제군 공공하수처리시설 4개소(북면,서화,용대,기린)자동문 설치공사",주식회사 조민건설,3738102002,조영선,61979451,90.01,69509000,1733840,Y,-3.0,3.0,15
R26BK01713562,2026-09-14,한국농어촌공사 제주지역본부,월정리 마을단위특화개발사업 「달빛센터」 조성 건축공사,주식회사 나우종합건설,2278700912,김광문,834368500,90.533,921597000,69536487,Y,-2.0,2.0,291
R26BK01719915,2026-09-15,울산광역시,"미포체육센터 노후시설 개보수공사(건축, 토목)",주식회사 경성이앤씨,3128648541,이재형,256452000,90.375,285615000,17080874,Y,-3.0,3.0,159
R26BK01718815,2026-09-15,경상남도 창원시 성산구,토월천2호교 신축이음 교체공사,주식회사 성후해양,4178144428,정승진,171003300,90.515,189000000,13000409,Y,-3.0,3.0,87
R26BK01721706,2026-09-15,제주특별자치도,서귀포시 대정읍 신도리 A빈집 리모델링 공사,아이원디자인(주),6168133493,고영식,51381000,90.182,56606000,2388795,Y,-3.0,3.0,146
R26BK01721613,2026-09-15,제주특별자치도,제주시 일도이동 빈집 리모델링 공사,주식회사 이룸디자인,5238803115,이명희,51009141,90.248,56851300,2609853,Y,-3.0,3.0,147
R26BK01718130,2026-09-15,전남광주통합특별시교육청 전남광주통합특별시광주동부교육지원청,신용중 운동장 및 기타시설공사 수의계약 안내공고,동은건설주식회사,8818800692,임현호,161307810,90.01,181900000,4366906,Y,-3.0,3.0,133
R26BK01721253,2026-09-15,경기도 고양시 덕양구,2026년 공릉천 수계 지방하천 풍수해 예방 예초 및 지장수목 제거사업 연간단가,이레조경,3802600551,박정민,88931510,90.454,100000000,6397773,Y,-3.0,3.0,110
R26BK01721700,2026-09-15,경기도 여주시,오학2통 마을회관 증축공사(전기),주식회사 와우전기공사,4908102549,강정희,24114000,90.294,26961600,1322011,Y,-3.0,3.0,56
R26BK01721392,2026-09-15,경기도 여주시,삼교1통 마을회관 리모델링공사(전기),주식회사 국제전력건설,1248752125,이지선,27626064,90.23,30685600,1438116,Y,-3.0,3.0,56
R26BK01717239,2026-09-15,경기도교육청 경기도동두천양주교육지원청,덕계중 교사동 교실 외벽 방수공사 견적 제출 공고,(주)한솔클래스,1418119449,지희선,52215800,89.92,57960000,873906,Y,-3.0,3.0,74
R26BK01717338,2026-09-15,강원특별자치도 강릉시 상하수도사업소,2026년 상수도 긴급보수 단가계약(3권역) 2차,정도건설주식회사,5138157110,이종훈,89538480,90.454,99000000,5294960,Y,-3.0,3.0,22
R26BK01682505,2026-09-15,제주특별자치도개발공사,마음에온 동홍1차 건설공사(건축),유성건설주식회사,6168105508,김영철,4821398960,88.867,5491886241,361694514,Y,-3.0,3.0,82
R26BK01716786,2026-09-15,한국공항공사 제주공항,제주공항 국내선 출발대합실 메인홀 개선공사,아이원디자인(주),6168133493,고영식,181026000,90.481,201109700,14316149,Y,-2.0,2.0,108
R26BK01722147,2026-09-15,충청남도 보령시,"2026 만세보령청년주택 보수(리모델링) 공사(건축,기계)",주식회사서강건설,2048640724,양용대,147684510,90.318,163207000,8365426,Y,-3.0,3.0,45
R26BK01720642,2026-09-15,경기도 고양시,일산수질복원센터 탈취기 순환펌프 교체공사,(주)송현엔지니어링,1288174148,김을영,75251680,90.242,82742000,3995461,Y,-3.0,3.0,64
R26BK01719782,2026-09-15,경상북도 경주시,동천~황성 도시숲(이편한세상후면) 지장물 철거공사,대영건설 주식회사,5058177115,권범철,153596146,90.66,170559000,14628056,Y,-3.0,3.0,55
R26BK01721766,2026-09-15,강원특별자치도 고성군,고성종합체육관 수배전반 교체 및 냉난방기 전원공급공사(전기공사),(유)현대전기,2278117425,탁홍열,128900000,90.389,143090000,7739162,Y,-3.0,3.0,33
R26BK01680640,2026-09-15,제주특별자치도개발공사,마음에온 건입2차 건설공사(건축),성운건설 주식회사,4098154610,박성현,6693053000,88.978,7467128892,585260561,Y,-3.0,3.0,60
R26BK01716130,2026-09-15,경기도 수원시 권선구,2026년 권선구 도시공원(2구역) 녹지정비공사(2차)(단가계약),주식회사 원의그린,1358629272,박생미,11436280,90.282,12669000,654599,Y,-3.0,3.0,128
R26BK01720155,2026-09-15,경상남도 창원시,마산 봉암수원지 둑 보수정비공사,주식회사 서오건설,4448702330,황태겸,103127000,90.292,114918000,5805445,Y,-3.0,3.0,19
R26BK01721575,2026-09-15,제주특별자치도,제주시 삼도이동 빈집 리모델링 공사,주식회사 한신건축,6168605236,안유복,39247000,89.952,43835000,841630,Y,-3.0,3.0,147
R26BK01715455,2026-09-15,부산광역시 영도구,푸른어린공원 새싹놀이터 조성사업,협동조합한림,3408100697,서상,104825450,90.209,117341000,5014023,Y,-3.0,3.0,198
R26BK01721028,2026-09-15,경상북도 김천시,양천동 조마교 인근 보도정비공사,성지건설 주식회사,4098199015,장명숙,33691000,90.317,37500000,1864597,Y,-3.0,3.0,80
R26BK01718395,2026-09-15,인주농업협동조합,2026년 친환경 공공급식용 지키미벼 신품종 육성사업,한세엔지니어링 주식회사,1268168150,최성순,176800000,89.798,,,,,,2
R26BK01695134,2026-09-15,조달청 경남지방조달청,통영항 당동방파제 건설공사,(주)창조종합건설,2028702570,김규원,21138273500,85.024,24857620000,1499219781,Y,-3.0,3.0,225
R26BK01702886,2026-09-15,경기도교육청 경기도평택교육지원청,(가칭)고덕3초 신축 전기공사,주식회사 태화,2568800197,정진구,2926100820,89.453,3266210000,205781027,Y,-3.0,3.0,3426
R26BK01720804,2026-09-15,경북 청송군산림조합,2026년도 이촌리 동밭골지구 산불피해지 위험목제거사업(긴급벌채),대림임업,6800803702,이언종,97622670,90.337,108338000,5275760,Y,-3.0,3.0,39
R26BK01715265,2026-09-15,한국항공우주연구원,국가종합비행성능시험장 비행안전 모니터링 연구동 정보통신공사,(주)기성산업,4108621792,서성희,248347930,90.442,274131000,18659533,Y,-2.0,2.0,732
R26BK01715742,2026-09-15,강원특별자치도,2026년 속초항 항만시설물 유지보수공사,주식회사 더큼건설,2268133650,최선경,858949000,90.394,952544000,59763917,Y,-3.0,3.0,388
R26BK01718278,2026-09-14,국토교통부 대전지방국토관리청 충주국토관리사무소,국도34호선 수진육교 등 3개소 교량 및 통로암거 보수공사,일광건설 주식회사,3758600233,김인호,72204630,90.684,79955000,7287174,Y,-2.0,2.0,219
R26BK01717230,2026-09-14,경상북도 고령군,쌍림면 월막리 암반관정 설치,주식회사 담엔지니어링종합건축사사무소,5038616456,장석규,48318600,90.517,53200000,2145534,Y,-3.0,3.0,11
R26BK01719871,2026-09-15,충청북도 음성군,음성군 스마트복합쉼터 조성사업 건축공사,토림건설(주),3158121435,김후수,2333444335,89.346,2645400000,138642569,Y,-3.0,3.0,483
R26BK01716501,2026-09-15,한국철도공사 회계통합센터,중앙선 망우역 등 12개역 교통약자 편의시설 개량기타공사,주식회사 가온건축,7978101887,김지현,293293000,93.724,309802000,14289117,Y,-2.0,2.0,843
R26BK01715143,2026-09-15,전북특별자치도 장수군,수척마을 농어촌 취약지역 생활여건 개조사업 (전체분 및 1차분) 입찰공고(긴급공고),주식회사 예스종합건설,8318800552,고상우,909132500,90.379,1016059000,61725948,Y,-3.0,3.0,573
R26BK01709045,2026-09-15,경상북도교육청,경상북도교육청 영주선비도서관 외벽개선공사,(주)성안산업,5088129801,김영학,325361460,90.507,359323000,26517213,Y,-3.0,3.0,17
R26BK01687587,2026-09-15,조달청 대전지방조달청,칠산3지구 배수장 성능개선사업 전기공사,천아전기주식회사,3128155969,한에스더,505898575,90.403,556644000,35685596,Y,-2.0,2.0,1023
R26BK01717056,2026-09-15,한국철도공사 회계통합센터,★기술자 보유★충북선 오송~청주 상선 전차선로 교체공사,(주)동방하이텍,6058190932,변준섭,211949626,90.016,234520000,6049132,Y,-2.0,2.0,18
R26BK01703459,2026-09-15,경기도 안양시,안양도매시장(청과동) 긴급 시설개선 소방공사,주식회사 우리전력,6428800272,김환용,1263099290,89.436,1433300000,86575819,Y,-3.0,3.0,1083
R26BK01707811,2026-09-15,경기도포천교육청 포천여자중학교,포천여자중학교 도서관 새로고침 사업 공사 소액수의 견적제출 안내,주식회사 오이코스,6538102136,한향미,115578200,90.294,127303000,6800765,Y,-3.0,3.0,119
R26BK01721808,2026-09-15,충청북도 제천시,강저녹지대 수목 정비사업,주식회사 해강,3618100637,박완용,71538000,90.103,79780000,2554088,Y,-3.0,3.0,65
R26BK01704245,2026-09-15,전남광주통합특별시 장흥군,장동면 북교2구 취약지역 생활여건 개조사업(총괄 및 1차분),대정종합건설 주식회사,5508801157,박성수,892446519,90.337,975080000,53027127,Y,-3.0,3.0,469
R26BK01720994,2026-09-15,전남광주통합특별시 장성군,군도9호선(삼계면 발산리) 위험사면 정비공사,남부토건(주),4098149626,강현민,44107518,90.29,49131000,2203972,Y,-3.0,3.0,66
R26BK01714633,2026-09-15,전남광주통합특별시 전남도서관,전남도서관 냉난방시설 개선공사(전기),주식회사 해성일렉트로닉스,4098614189,김남수,78013641,90.309,86009000,4750484,Y,-3.0,3.0,1452
R26BK01716748,2026-09-15,국립군산대학교,국립군산대학교 현수막게시대 교체공사,유한회사 거동건설,4188127683,박춘우,263680750,89.985,290400000,6618008,Y,-2.0,2.0,435
R26BK01717180,2026-09-15,중앙대학교병원,정신건강의학과병동 A구역 환경개선  (건축)공사,주식회사 나우아이디,1208647512,은종표,109927660,90.029,123090000,3358249,Y,-2.0,2.0,1108
R26BK01717224,2026-09-15,경기도 김포시,2026년 운양동 모담공원로 선형공원 조성사업,성보조경(주),1358127643,임형준,210454058,90.195,233824000,10218575,Y,-3.0,3.0,1331
R26BK01703817,2026-09-15,대전도시공사,2026년 노후공공임대주택 리모델링(단일세대) 건설공사,(주)정무종합건설,4308801362,배재만,3965987400,89.462,4448450000,279293194,Y,-3.0,3.0,251
R26BK01720864,2026-09-15,경북 청송군산림조합,2026년도 이촌리 신당골지구 산불피해지 위험목제거사업(긴급벌채),명진산업,7954501001,김옥희,96943740,90.431,108420000,5284072,Y,-3.0,3.0,39
R26BK01715437,2026-09-15,경기도,2026년 경기북부 위임국도 포장보수공사,(주)한신산업,1348156164,조근용,285651470,90.386,315150000,19701443,Y,-3.0,3.0,459
R26BK01705719,2026-09-15,한국농어촌공사 경북지역본부 청송.영양지사,화목1지구 과실전문생산단지 기반조성사업 토목공사,대일종합건설주식회사,5068160602,최종석,522162800,90.556,576807000,45604411,Y,-2.0,2.0,760
R26BK01719581,2026-09-15,경기도 수원시,[입찰대행]수원시 재난안전상황실 이전 구축공사(통신),주식회사 채울,2208742342,박찬요,234707500,90.312,258874000,14372422,Y,-3.0,3.0,1964
R26BK01720297,2026-09-15,서울특별시 강북구,"강북구 제2육아종합지원센터 리모델링 공사(건축,기계)",성산종합건설(주),1348158541,김해수,497051280,90.191,549620000,23896830,Y,-3.0,3.0,838
R26BK01695380,2026-09-15,조달청 부산지방조달청,(가칭)에코3고등학교 교사신축 기계설비공사(계속비),케이뉴텍(주),6218156687,정종원,2808583630,89.239,3140936000,137110730,Y,-3.0,3.0,240
R26BK01716508,2026-09-15,서울교통공사,신림 및 수유역 환기시스템 개량 건축공사,본주건설 주식회사,4118601751,최미숙,363832580,90.488,408079000,29071389,Y,-3.0,3.0,352
R26BK01719280,2026-09-15,경상북도 청송군,청송 만세루 산불피해 복원사업,주식회사 한운,5058183543,손장락,1293479000,89.208,1443503000,51936038,Y,-3.0,3.0,62
R26BK01719248,2026-09-15,한국방송통신대학교,창조관 직원관사 추가 조성공사,(주)우노건설,2208610902,최성열,376549900,90.227,416170000,19578987,Y,-2.0,2.0,929
R26BK01719921,2026-09-15,충청남도 부여군,규암면 신성리 마을안길 정비공사(정주환경),세림건설(주),3088116031,서병권,24734800,90.447,27810000,1431350,Y,-3.0,3.0,118
R26BK01722058,2026-09-15,경기도 남양주시 도로관리사업소,2026년 법정도로 응급(보수)복구공사 단가계약(4차) 4권역,(주)서영건설,1328145114,최영훈,59520990,90.292,65606000,3041004,Y,-3.0,3.0,14
R26BK01721505,2026-09-15,경상북도교육청 경상북도구미교육지원청,오태초등학교 LED조명시설 교체 및 기타 전기공사,주식회사 에스케이전기,5148188106,원동훈,32881696,95.135,33891000,1687376,Y,-3.0,3.0,159
R26BK01721837,2026-09-15,경기도교육청 경기도성남교육지원청,위례하늘유 외 11교 하반기 수목 전정 공사,주식회사 도남엘앤씨,1208612065,이인숙,33560367,89.912,37411000,583090,Y,-3.0,3.0,98
R26BK01719539,2026-09-15,부산광역시 북구,2026년 하반기 관내 일원 도로시설 소파수선공사,주식회사 정훈이엔지,1148611076,박윤옥,180111500,90.252,200000000,9697377,Y,-3.0,3.0,159
R26BK01722014,2026-09-15,경상북도 영주시,문수면 승문2리 철도유휴부지활용 마을안길 정비공사,(주)대영,5128108687,김도환,289299990,90.555,317100000,15679837,Y,-3.0,3.0,20
R26BK01721727,2026-09-15,경상남도 양산시,증산공영차고지내 오수펌프장 및 관로 이설공사(토목),주식회사 에이치제이건설,5798701622,노옥분,50882000,90.255,55950000,2716895,Y,-3.0,3.0,26
R26BK01721710,2026-09-15,충청북도 제천시,2026년 교통사고 잦은 곳 개선사업,주식회사 천명건설,3048106910,이은주,137295000,90.592,151139000,12513469,Y,-3.0,3.0,16
R26BK01720103,2026-09-15,충청북도교육청 충청북도청주교육지원청,청남초 피뢰설비 설치 및 기타 전기공사,우림전력,3010934430,김우갑,106916965,90.197,117997000,5168132,Y,-3.0,3.0,406
R26BK01721761,2026-09-15,경북 청송군산림조합,2026년도 후평리 동밭골지구 산불피해지 위험목제거사업(긴급벌채),유한회사 우성산업개발,4208602491,노영선,136441600,90.422,151972000,8028259,Y,-3.0,3.0,37
R26BK01719473,2026-09-15,경기도교육청 경기도광주하남교육지원청,동부초 외 9교 예초 및 관목전정 공사,용천조경 주식회사,5938801324,강민자,20036600,90.08,21835000,234288,Y,-3.0,3.0,42
R26BK01719945,2026-09-15,인천광역시 미추홀구,2026년 관내 하수시설물 정비공사 4차(단가계약),강진건설 주식회사,6458600277,김혜진,61194900,90.174,67815000,2770311,Y,-3.0,3.0,236
R26BK01720088,2026-09-15,서울특별시 강북구,"강북구 서울형 키즈카페 인수동점 조성공사 (건축, 기계)",삼우리노베이션(주),2208688040,이완석,413061900,90.138,454172000,17402420,Y,-3.0,3.0,826
R26BK01701604,2026-09-15,대전도시공사,금고동위생매립장 침출수처리시설 개선공사,주식회사 태성공영,3118108973,이증용,1183440000,89.296,1327019200,56013477,Y,-3.0,3.0,28
R26BK01718374,2026-09-15,전북특별자치도 장수군,누리파크 요리체험장 리모델링(건축) 공사 수의계약안내공고(수정공고),주식회사명우종합건설,1278192954,김동준,156414000,90.458,173799000,9193765,Y,-3.0,3.0,7
R26BK01720776,2026-09-15,경북 청송군산림조합,2026년도 후평리 신나무재지구 산불피해지 위험목제거사업(긴급벌채),청림산업 주식회사,1248802582,유경상,76428900,90.26,85402000,4153164,Y,-3.0,3.0,37
R26BK01721988,2026-09-15,경상북도 포항시,빈건축물 정비사업 리모델링(수요자매칭사업 렌탈스튜디오) 건축공사,주식회사 지동종합건설,1928801058,김재준,58567060,90.327,65232000,3367051,Y,-3.0,3.0,93
R26BK01721378,2026-09-15,국토교통부 원주지방국토관리청 강릉국토관리사무소,2026년 양양출장소 관내 도로안전 및 환경개선공사,주식회사 예성,4828101670,김선남,216953612,90.224,240440000,11210000,Y,-2.0,2.0,283
R26BK01721570,2026-09-15,경기도 남양주시 상하수도관리센터,별내면 광전리 576-90번지 일원 불량관로 교체공사,주식회사 현우이엔씨,6918700559,서은미,139530740,91.187,154160000,21389994,Y,-3.0,3.0,76
R26BK01720871,2026-09-15,경기도 안성시 주거환경국 상수도과,당목가압장 유입관로 개선공사,(주)신성토건,1258109600,이미진,146217000,91.396,160774000,25435675,Y,-3.0,3.0,34
R26BK01718837,2026-09-15,경상북도청송교육청 진성중학교,진성중학교 다목적강당 외벽개선(드라이비트 해소) 공사,주식회사 영재,5088111790,김태현,198156970,90.693,218119000,8161223,Y,-3.0,3.0,10
R26BK01719721,2026-09-15,경상북도 경산시,아사리 마을안길 도로 확포장공사,주식회사 정품조경,5028196530,윤설아,69902510,90.657,76920000,6681965,Y,-3.0,3.0,32
R26BK01721820,2026-09-15,경북 청송군산림조합,2026년도 후평리 마당모기골지구 산불피해지 위험목제거사업(긴급벌채),명진산업,7954501001,김옥희,62879310,90.751,70323000,3707939,Y,-3.0,3.0,37
R26BK01708653,2026-09-15,베올리아산업개발코리아 주식회사,철구조물 보강작업,엔코텍건설 주식회사,1178169873,김태웅,89716000,93.711,96470000,1701328,Y,-3.0,3.0,9
R26BK01720977,2026-09-15,서울특별시 종로구,창신녹지 조성사업 시설공사,주식회사 호성종합조경,2148674726,최옥화,423260809,90.323,468690000,26247987,Y,-3.0,3.0,112
R26BK01719428,2026-09-15,경기도 부천시,걷고싶은 고리울길 조성공사,(주)세경건설,4098143485,손주림,83355000,92.243,91570000,21637276,Y,-3.0,3.0,47
R26BK01720428,2026-09-15,경북 청송군산림조합,2026년도 중평리 중평병부길지구 산불피해지 위험목제거사업(긴급벌채),주식회사 성주임업,5108127543,오창훈,84410000,90.327,94471000,4622970,Y,-3.0,3.0,37
R26BK01720761,2026-09-15,경북 청송군산림조합,2026년도 후평리 한실개골지구 산불피해지 위험목제거사업(긴급벌채),가림임업,4109295728,우미옥,135797555,90.32,150223000,7281218,Y,-3.0,3.0,37
R26BK01720588,2026-09-15,전북특별자치도 전주시 덕진구,만성지구 회전교차로 경관개선사업,(주)예림조경건설,4028179226,노병관,43931600,90.025,48750000,1303350,Y,-3.0,3.0,114
R26BK01720754,2026-09-15,경북 청송군산림조합,2026년도 후평리 아랫돈골지구 산불피해지 위험목제거사업(긴급벌채),유한회사 우성산업개발,4208602491,노영선,99716900,90.246,111125000,5365460,Y,-3.0,3.0,37
R26BK01721980,2026-09-15,전남광주통합특별시 장성군,장성군 농업과학기술커뮤니티 센터 건립공사(건축),주식회사 남악건설,1278141590,강민호,1381588700,89.416,1522660000,89207181,Y,-3.0,3.0,847
R26BK01720848,2026-09-15,부산광역시 북구,2026년 교통사고 잦은 곳(만덕교차로) 개선사업,도영건설개발 주식회사,3428800955,김경희,79885800,90.801,87780000,9058623,Y,-3.0,3.0,258
R26BK01720493,2026-09-15,경북 청송군산림조합,2026년도 합강리 비집골지구 산불피해지 위험목제거사업(긴급벌채),경북산림개발,6897800480,박재연,67103271,90.362,73522000,3575240,Y,-3.0,3.0,37
R26BK01720538,2026-09-15,경상북도 봉화군,제30회 봉화송이축제 임시전기 설치공사 입찰대행,에이케이전기 주식회사,4158138838,장준영,75244043,90.095,84623000,1160718,Y,-3.0,3.0,25
R26BK01720651,2026-09-15,충청북도 음성군,통동-군자간 농어촌도로확포장공사 회전교차로 설치사업,(주)화신,3028108630,김경민,572702560,90.404,635930000,40753738,Y,-3.0,3.0,539
R26BK01717622,2026-09-14,제주특별자치도 제주시 애월읍,(입찰대행) 납읍리 학교마을(공동)주택 철거공사,(주)신한기업,1318624727,한기선,132532000,90.352,148552000,8475581,Y,-3.0,3.0,66
R26BK01720749,2026-09-15,경북 청송군산림조합,2026년도 기곡리 도마골지구 산불피해지 위험목제거사업(긴급벌채),로이산림,4333301788,최지예,103089000,90.291,115023000,5584955,Y,-3.0,3.0,37
R26BK01708487,2026-09-15,강원특별자치도 강릉시 상하수도사업소,강릉시 하수찌꺼기(슬러지) 처리시설 설치사업 통신공사,동화정보통신주식회사,2268138617,우종범,55213531,90.347,60451000,3105016,Y,-3.0,3.0,53
R26BK01721780,2026-09-15,경상남도 양산시,증산공영차고지내 오수펌프장 및 관로 이설공사(전기),혜신전기,6211940591,방미희,22948520,90.317,25550000,1409564,Y,-3.0,3.0,95
R26BK01719922,2026-09-15,충청남도 부여군,세도면 옹벽 및 마을안길 정비공사(정주환경),주식회사 삼익토건,3088103953,김인식,54538800,90.331,60258000,3296049,Y,-3.0,3.0,119
R26BK01720585,2026-09-15,경상남도 창원시 마산합포구,마산합포구 노상공영주차장 장애인주차구역 개선공사,주식회사진양기업,6088131913,김영수,30238920,90.497,33700000,2419443,Y,-3.0,3.0,159
R26BK01721734,2026-09-15,한국철도공사 회계통합센터,서울본부 건널목 지능형 CCTV 신설공사,주식회사 엠투엠솔루션,1028600732,조성철,579750100,90.312,643652000,35500462,Y,-2.0,2.0,2902
R26BK01721087,2026-09-15,경상북도 울릉군,평리마을 다가치일터 조성사업 특산물통합센터(건축),공간이엔씨 주식회사,4458100804,김남걸,965490130,90.195,1066285000,47007374,Y,-3.0,3.0,776
R26BK01719946,2026-09-15,음성군산림조합,2026년 덩굴제거사업(감곡금왕지구),유한회사 현림,6468603369,김현섭,48173000,89.862,54208000,609821,Y,-3.0,3.0,8
R26BK01721044,2026-09-15,경상북도 울릉군,평리마을 다가치일터 조성사업 마을회관 리모델링(건축),주식회사 가람이엔씨,5058152583,이윤희,664904620,90.143,742874000,28602569,Y,-3.0,3.0,777
R26BK01722017,2026-09-15,경기도 화성시,화성 함백산추모공원 장례식장 증축 공사(통신),주식회사 주애기술,8688800307,김남수,129115840,90.444,144037000,9354725,Y,-3.0,3.0,121
R26BK01719980,2026-09-15,인천광역시 미추홀구,제일시장 주변 도로정비공사,주식회사 국제건설,2068706511,이현정,107124548,90.02,119156000,3135625,Y,-3.0,3.0,187
R26BK01721846,2026-09-15,경북 청송군산림조합,2026년도 중평리 배탑골지구 산불피해지 위험목제거사업(긴급벌채),티에프주식회사,4888603064,황윤창,128055780,90.291,140793000,7464148,Y,-3.0,3.0,37
R26BK01719889,2026-09-15,충청북도 음성군,음성군 스마트복합쉼터 조성사업 통신공사,(주) 한얼누리,5088110035,권택조,48477617,90.363,53690000,3088782,Y,-3.0,3.0,16
R26BK01719230,2026-09-15,경기도 수원시,[입찰대행]수원시 재난안전상황실 이전 구축공사(전기),주식회사 엘케이엔지니어링,5898100540,임상우,163876045,90.388,182466000,11379892,Y,-3.0,3.0,2575
R26BK01703376,2026-09-15,경기도 안양시,안양도매시장(청과동) 긴급 시설개선 전기공사,주식회사 우명,4098150915,조명신,1131959643,89.465,1269246000,80929870,Y,-3.0,3.0,3526
R26BK01716045,2026-09-15,한국철도공사 회계통합센터,★실적제한/서울본부 임피던스본드 개량 기타공사,대경전력 주식회사,6098141485,김규조,754599531,90.462,833792000,56553633,Y,-2.0,2.0,195
R26BK01717400,2026-09-15,강원특별자치도 강릉시 상하수도사업소,2026년 상수도 긴급보수 단가계약(8권역) 2차,(주)영일건설,2268108753,최돈광,88603280,90.316,99000000,4818519,Y,-3.0,3.0,22
R26BK01719925,2026-09-15,충청남도 부여군,규암면 합송리 배수로 정비공사(정주환경),서원건설주식회사,2348703917,김정숙,28474530,90.286,31570000,1545069,Y,-3.0,3.0,117
R26BK01719920,2026-09-15,대구광역시 시설안전관리사업소,소액수의 견적제출 안내공고[태전고가교 보수공사],(주)수복하우징,3558703529,정석현,88394103,90.121,98864000,3570194,Y,-3.0,3.0,207
R26BK01721307,2026-09-15,경상남도,함양소방서 안의119안전센터 이전 신축공사(통신),주식회사 엔씨에스(NCS),7478700930,손민호,70579410,90.438,78496000,5266366,Y,-3.0,3.0,491
R26BK01719953,2026-09-15,음성군산림조합,2026년 덩굴제거사업(삼성음성지구),유한회사 더푸름,6318103042,황중연,55415550,89.98,61941000,696912,Y,-3.0,3.0,8
R26BK01719307,2026-09-15,경상북도 청송군,현동면 인지리 세곡 마을안길 아스콘포장공사,신화포장 주식회사,4378800855,이정화,20551950,90.297,22820000,709658,Y,-3.0,3.0,16
R26BK01718257,2026-09-15,경상북도교육청 경상북도포항교육지원청,경북세무고등학교 태양광발전장치 설치 전기공사 소엑수의 견적제출 공고,(합)경화계전,5068119229,정병기,39840671,90.155,43758000,1721332,Y,-3.0,3.0,188
R26BK01715147,2026-09-15,국립공원공단한려해상국립공원사무소,한려해상국립공원 자생식물증식장 조성공사(건축),주식회사 원진종합건설,6098132972,배석한,984910500,90.195,1086005958,47689992,Y,-2.0,2.0,764
R26BK01720414,2026-09-15,경기도 오산시,오산시립테니스장 시설환경 개선공사,계림건설주식회사,1248628064,조종호,102752500,90.339,114620000,5444120,Y,-3.0,3.0,9
R26BK01709693,2026-09-15,조달청 경남지방조달청,의령여자중학교 미래학교 공간재구조화사업 본관동 개축 소방공사,주식회사 성공,5288802969,오승묵,346544724,90.328,383689000,21659324,Y,-3.0,3.0,401
R26BK01719929,2026-09-15,사회복지법인 꿈과희망,디딤돌 냉난방시스템 개보수 공사(에어컨),주식회사태경냉동산업,6098611443,이성우,61169400,90.07,67500000,2052231,Y,-3.0,3.0,56
R26BK01721063,2026-09-15,부산광역시 건설안전시험사업소,2026년 동부산권역 아스팔트포장 긴급(소파) 보수 공사(단가계약) 3차,신대한건설(주),5028156881,이순남,87972755,90.243,99000000,4077177,Y,-3.0,3.0,253
R26BK01714977,2026-09-15,인천광역시 남동구,구월2동 행복마을 가꿈사업 정비공사,주식회사 대제종합건설,1398111274,배한열,400016650,94.905,412709000,24534533,Y,-3.0,3.0,103
R26BK01720347,2026-09-15,경상남도 창원시 마산회원구,메트로1단지~가고파초등학교 보도정비공사,에스디건설 주식회사,6088169966,김대경,79418919,90.593,86680000,7115551,Y,-3.0,3.0,102
R26BK01716632,2026-09-15,경기도교육청 덕산고등학교,덕산고등학교 AI융합교실 조성공사 소액수의 견적제출 공고,주식회사 해솔건설,3058702772,김수리,102798609,90.215,116162000,2868432,Y,-3.0,3.0,154
R26BK01719169,2026-09-15,경상북도 청송군,청송 기곡재사 산불피해 복원사업,한길종합건설 주식회사,3838600011,김기호,1445131767,89.431,1641250000,77334789,Y,-3.0,3.0,61
R26BK01716547,2026-09-15,한국철도공사 회계통합센터,영주역사 지붕처마 개량공사,한국종합엔지니어링 주식회사,8998100995,양만구,255588387,90.124,284889000,7690365,Y,-2.0,2.0,57
R26BK01713629,2026-09-15,재단법인세종문화회관,[긴급]세종문화회관 옥상공간 조성사업(전기공사),스마트전력주식회사,2108156191,김재만,268117988,90.458,298873000,20574739,Y,-3.0,3.0,1581
R26BK01716802,2026-09-15,충청남도 당진시,봉암공원 주차장 조성사업,금광건설 주식회사,3148169703,안일규,183399810,90.316,202972000,11215110,Y,-3.0,3.0,33
R26BK01721623,2026-09-15,경북 청송군산림조합,2026년도 괴정리 백석터골지구 산불피해지 위험목제거사업(긴급벌채),주식회사해숲,6958803346,정태희,106506960,90.306,117270000,5673393,Y,-3.0,3.0,39
R26BK01719680,2026-09-15,경상북도 경산시,시가지 은행나무 열매 제거공사,주식회사 자인산업개발,6158144721,김창우,62500288,90.429,69790000,3424227,Y,-3.0,3.0,20
R26BK01716939,2026-09-15,한국철도공사 회계통합센터,★기술자 보유★경부선 군포~의왕 노후레일교환 부대 신호공사,영승전력주식회사,2178115115,최시권,125123100,90.356,137813000,8253430,Y,-2.0,2.0,96
R26BK01716906,2026-09-15,경기도,2026년 여주시 국지도 70호선 재포장공사,주식회사 디케이건설,3078801155,김병현,140188300,90.783,155760000,15636898,Y,-3.0,3.0,816
R26BK01715388,2026-09-15,한국천문연구원,본원 주차장 확장공사,태원건설산업 주식회사,3058129876,박재현,198648000,90.305,218899000,12008701,Y,-2.0,2.0,103
R26BK01716870,2026-09-15,경상남도 진주시,상평배수장 외 2개소 배수펌프 분해 정비공사,도현이엔씨(주),1178152289,김현철,494862000,90.198,549000000,24023691,Y,-3.0,3.0,345
R26BK01717565,2026-09-14,전남광주통합특별시 보성군,2026년 겸백 평호지구 임도 구조개량사업,(주) 태흥산림,3298101933,홍성옥,40291360,90.355,44701000,2477620,Y,-3.0,3.0,5
R26BK01714075,2026-09-15,한국농어촌공사 전북지역본부 남원지사,2026년 동마지구 저수지준설 수리시설개보수사업 토목공사,주식회사 대원건설,4088611215,박근영,332748136,90.231,368687000,17395990,Y,-2.0,2.0,423
R26BK01720227,2026-09-15,서울특별시교육청 서울특별시서부교육지원청,[긴급]서울역촌초 그린스마트 미래학교 증개축 소방공사 전자입찰 공고,왕건전기 주식회사,2068601047,한미라,1475653848,89.379,1644352000,92682851,Y,-3.0,3.0,687
R26BK01717976,2026-09-15,서울대학교 간호대학,서울대학교 간호대학 학생휴식공간 조성 조경공사,주식회사 이에이치에코,5978102189,김숙희,51188900,89.947,57067000,1102512,Y,-2.0,2.0,407
R26BK01720843,2026-09-15,경상북도 고령군,다산면 상곡리 진입도로 확장공사,(주)석진조경,2448802310,여서현,46401590,90.361,51900000,3062658,Y,-3.0,3.0,21
R26BK01718440,2026-09-15,경상북도 칠곡군,왜관2일반산업단지 주차장 조성공사,우성이엔지주식회사,5138175684,이미혜,114642000,90.305,126948000,6738176,Y,-3.0,3.0,23
R26BK01719612,2026-09-15,경기도 수원시,교통사고 잦은곳 개선사업(도청로삼거리),대현건설산업(주),1248630236,조남철,81884010,90.461,90310000,5962388,Y,-3.0,3.0,48
R26BK01715599,2026-09-15,경상북도 문경시 점촌5동,(입찰대행)점촌5동 새동네경로당 개축공사,주식회사 벽진,5088800609,장미영,323221650,90.761,360000000,19067500,Y,-3.0,3.0,27
R26BK01715793,2026-09-15,강원특별자치도 평창군,오대천(지역기반시설) 하천정비사업,대호산업개발 주식회사,3038148580,전주혁,919488540,90.424,1019737000,67189264,Y,-3.0,3.0,725
R26BK01713022,2026-09-15,경상북도 영덕군,영덕 무안박씨 무의공파 종택 방염제 도포공사 견적제출 안내공고,산울문화재,8207500149,최영건,51661000,90.203,57600000,1810078,Y,-3.0,3.0,10
R26BK01722027,2026-09-15,경상북도 영주시,부석사 주차장 화장실 인도설치공사,광성건설(주),5138147285,장봉환,34384160,90.274,38300000,1832400,Y,-3.0,3.0,123
R26BK01718774,2026-09-15,제주특별자치도교육청 서귀포시교육지원청 태흥초등학교,태흥초등학교 건물 도색 공사 수의계약 안내 공고,주식회사 친환경산업개발,8198703038,강경미,73669410,90.289,82239000,4200579,Y,-3.0,3.0,157
R26BK01718834,2026-09-15,(주)우주엔비텍,익산시신재생자원센터 1호기 반건식반응탑 하부 호퍼 교체 공사,엔코텍건설 주식회사,1178169873,김태웅,93300800,90.371,103400000,1977405,Y,-3.0,3.0,19
R26BK01719879,2026-09-15,충청북도 음성군,음성군 스마트복합쉼터 조성사업 전기공사,정우종합건설 주식회사,1278149044,김민지,185828077,90.402,206000000,13115886,Y,-3.0,3.0,738
R26BK01719115,2026-09-15,(주)우주엔비텍,익산시신재생자원센터 2호기 소각로 워터자켓 교체 공사,엔코텍건설 주식회사,1178169873,김태웅,83852900,90.544,93500000,1946181,Y,-3.0,3.0,16
R26BK01721501,2026-09-15,경북 청송군산림조합,2026년도 신촌리 황새골지구 산불피해지 위험목제거사업(긴급벌채),거림임업,6932002282,윤국희,109538700,90.271,121754000,5871263,Y,-3.0,3.0,39
R26BK01715797,2026-09-15,국립공원공단한려해상국립공원사무소,한려해상국립공원 자생식물증식장 조성공사(전기),주식회사 대아전력,6138138636,한승철,159639860,90.368,176468000,10716321,Y,-2.0,2.0,1309
R26BK01717463,2026-09-15,경기도 화성시,화성 함백산추모공원 장례식장 증축 공사 (전기),주식회사 대덕전기,2778102534,이은실,232061640,90.413,259223000,16668548,Y,-3.0,3.0,3582
R26BK01719240,2026-09-15,경상북도 청송군,청송 병보재사 산불피해 복원사업,주식회사 삼아건설,5148153096,김세영,550409943,90.28,607000000,31128658,Y,-3.0,3.0,61
R26BK01720024,2026-09-15,국립광주과학관,국립광주과학관 AI 교육 체험존 구축 및 실습 환경 개선공사,(주)아이드림,4098619845,김광제,50059780,89.931,55693000,1013956,Y,-2.0,2.0,364
R26BK01721381,2026-09-15,전북특별자치도 산림환경연구원,2026년 도유림 조림지가꾸기사업(2차),(유)푸른산림,4088194491,임병관,33729881,89.896,37291000,420890,Y,-3.0,3.0,63
R26BK01721057,2026-09-15,경상북도,2026년도 산불진화임도사업(고령 개진 구곡~성산 삼대),주식회사 영산임업,5058141669,이옥순,257674000,90.257,285948000,14246116,Y,-3.0,3.0,67
R26BK01700669,2026-09-15,한국농어촌공사 전북지역본부 남원지사,상동제 재해위험저수지 정비사업 토목공사,주식회사 이영토건,1208616213,진옥순,1554915850,89.439,1742661000,106819972,Y,-2.0,2.0,553
R26BK01713465,2026-09-15,경기도 경기도종자관리소,경기도종자관리소 여주분소 정선시설 구축(전기) 공사,동일전업사,1300760458,김명래,88352315,90.32,98500000,5486649,Y,-3.0,3.0,3654
R26BK01718898,2026-09-15,부산광역시 북구,만덕대로155번길 일원 도로정비공사,대하씨엔디(주),6078176426,김용현,81365140,90.73,89480000,8593466,Y,-3.0,3.0,257
R26BK01717413,2026-09-15,강원특별자치도 강릉시 상하수도사업소,2026년 상수도 긴급보수 단가계약(9권역) 4차,(자)신광기업,2268103234,최춘정,89332620,90.301,99000000,5270826,Y,-3.0,3.0,22
R26BK01708732,2026-09-15,베올리아산업개발코리아 주식회사,소각로 내화물 보수작업,대왕로엔지니어링,1341468289,박미애,137392849,90.092,152020000,4137316,Y,-3.0,3.0,4
R26BK01721119,2026-09-15,한국철도공사 회계통합센터,발전차 방열기 세척장 신축공사,동성건설 주식회사,3058625026,이정철,45773222,90.0,50748000,1115422,Y,-2.0,2.0,37
R26BK01712683,2026-09-15,경기도의정부교육청 천보중학교,천보중학교 친환경운동장(인조잔디)조성공사 소액수의 견적제출  안내 공고,아름건설주식회사,1278185074,조정환,136377000,90.107,151690000,5319045,Y,-3.0,3.0,114
R26BK01720109,2026-09-15,강원특별자치도 춘천시,2026년 춘천시 은행나무 열매 채취 사업(1권역),주식회사 송산조경,1558702371,박용길,74933720,89.863,83110000,880491,Y,-3.0,3.0,83
R26BK01719896,2026-09-15,충청북도 음성군,음성군 스마트복합쉼터 조성사업 소방공사,주식회사 하나방재,3038175092,김정원,30953630,90.447,33912000,1822913,Y,-3.0,3.0,15
R26BK01720270,2026-09-15,강원특별자치도 춘천시,2026년 춘천시 은행나무 열매 채취 사업(2권역),합자회사 다산휴,2748102194,지선미,88516880,89.883,98910000,1053187,Y,-3.0,3.0,83
R26BK01721418,2026-09-15,경북 청송군산림조합,2026년도 각산리 동천길지구 산불피해지 위험목제거사업(긴급벌채),청양임업개발,5280703498,권성용,99535700,90.259,110045000,5332388,Y,-3.0,3.0,37
R26BK01721457,2026-09-15,경상남도,함양소방서 안의119안전센터 이전 신축공사(소방),하나방재이엔지,4756700056,허상기,34554010,90.378,38639000,2308032,Y,-3.0,3.0,377
R26BK01712773,2026-09-15,경상북도 영덕군,영덕 장육사 영산회상도 주변 방염제 도포공사 견적제출 안내공고,영축문화재보존,8783000128,전숙,24080000,90.14,26700000,820799,Y,-3.0,3.0,10
R26BK01718432,2026-09-15,경상북도 칠곡군,북삼읍 인평초 일원 보행환경 정비공사(도담도담길),주식회사 해성건설,1708800476,이혜숙,45842900,90.21,50360000,1730258,Y,-3.0,3.0,23
R26BK01718637,2026-09-15,한국농어촌공사 경남지역본부 울산지사,2026년 울주군 공기업대행사업(범서 사일지구 배수로 정비사업),배광건설 주식회사,6138700622,김정숙,265375440,90.731,295867000,27014875,Y,-2.0,2.0,132
R26BK01723625,2026-09-15,코레일유통(주),동대구역 신규 영상 광고매체 전력간선공사,일양전기 주식회사,2838103538,김용주,16000000,98.884,16200000,,N,-2.0,2.0,2
R26BK01720344,2026-09-15,국립군산대학교,두드림센터 온수기 전원 설치 및 시설민원 전기공사,(주)원진전기,5798701447,곽자운,23096600,89.871,25766000,314808,Y,-2.0,2.0,1108
R26BK01703479,2026-09-15,한국에너지기술연구원,한국에너지기술연구원 전자현미경실 구축공사,케이엔건설주식회사,3078115494,김용남,256687000,90.148,286580000,11083885,Y,-2.0,2.0,325
R26BK01719919,2026-09-15,충청남도 부여군,26년 외산면 수신지구 수리시설개보수사업,에스에이치건설(주),7178600271,박남전,110033500,90.427,121361000,8029265,Y,-3.0,3.0,120
R26BK01721989,2026-09-15,국토교통부 원주지방국토관리청 정선국토관리사무소,국도35호선 숙암1지구 등 10개소 도로유지보수공사,주식회사 대 한 사,2278111585,김형근,1342985194,89.698,1483540000,123907374,Y,-2.0,2.0,667
R26BK01719722,2026-09-15,경상북도 예천군,용문면 금당누리센터 조성사업 건축공사,(주)대영종합건설,5068148573,이규대,1419605670,89.334,1571442680,82166485,Y,-3.0,3.0,836
R26BK01717938,2026-09-15,기후에너지환경부 금강홍수통제소,석면해체·제거작업,주식회사 현우산업개발,1108178143,김지영,98270700,89.96,109354000,2023837,Y,-2.0,2.0,108
R26BK01719312,2026-09-15,경기도교육청 경기도광주하남교육지원청,덕풍초 외 9교 예초 및 관목 전정 공사,주식회사 규림조경,1268601019,김민성,22100000,89.951,24398000,261671,Y,-3.0,3.0,41
R26BK01719505,2026-09-15,강원특별자치도 삼척시 상수도사업소,미로면 고천리(1반) 지방상수도 확장공사,주식회사 찬민건설,2228112196,이성희,53747000,90.448,59110000,3651103,Y,-3.0,3.0,22
R26BK01722066,2026-09-15,인천광역시 옹진군,장경리해수욕장 수경시설 환경개선사업 전기공사,(주)화진이엔씨,4738701737,황선혁,59654160,90.403,65839000,4161456,Y,-3.0,3.0,17
R26BK01722075,2026-09-15,인천광역시 옹진군,2026년 슬레이트 처리지원 사업(2차),주식회사 지피건설,1288653089,김민희,62744300,90.435,69828000,4338374,Y,-3.0,3.0,28
R26BK01702787,2026-09-15,경기도교육청 경기도평택교육지원청,(가칭)도일2초 신축 소방공사,주식회사 뉴우진,1348654778,강완형,994609058,89.377,1112106000,62119716,Y,-3.0,3.0,1099
R26BK01722060,2026-09-15,전남광주통합특별시 광양시,백운산 산림복지단지 숲어울림 전기공사,영진전기,4162168175,박호혁,99996100,90.466,110808490,7743513,Y,-3.0,3.0,128
R26BK01722050,2026-09-15,인천광역시 옹진군,이작2리 경로당 신축공사,주식회사 성하기업,4088701183,임정자,729078230,90.351,818576000,43062566,Y,-3.0,3.0,255
R26BK01715186,2026-09-15,법무부 대전지방교정청 홍성교도소,홍성교도소 내진보강공사,그린종합건설 주식회사,7418600293,강태봉,51266830,90.254,56778000,2795401,Y,-2.0,2.0,251
R26BK01716311,2026-09-15,한국농어촌공사 전북지역본부 고창지사,2026년 고창권역(수명가장어) 친환경에너지보급사업 기계공사,유한회사케이피씨,4038162484,최일규,317969300,89.97,352053000,7518310,Y,-2.0,2.0,257
R26BK01711755,2026-09-15,경상북도 영양군,교통사고 잦은곳(영양교육청 앞) 회전교차로 설치공사,주식회사 세연건설,3398700286,고영완,936306646,90.556,1026580000,81824914,Y,-3.0,3.0,881
R26BK01718894,2026-09-15,경상북도 포항시,교통사고 잦은 곳 개선사업(아치골사거리),(주)태우건설,2258130359,김태우,90674870,90.344,99840000,5442789,Y,-3.0,3.0,10
R26BK01728397,2026-09-15,경기도 안성시,2026년 하반기 보호수 유지관리 단가공사,(주)윤슬나무종합병원,2848803239,유임숙,5622100,95.0,,,,,,1
R26BK01720824,2026-09-15,전남광주통합특별시 해남군,2026년 흑석산자연휴양림 보완사업(토목),해남군산림조합,4158200469,박동인,47143000,99.02,47619000,2627015,Y,-3.0,3.0,2
R26BK01720052,2026-09-15,평창군산림조합,2026년 경제림 및 산림재해방지림 조성사업(2권역),성림(유),3448703612,유경상,114752000,90.487,127500000,1458951,Y,-3.0,3.0,8
R26BK01712456,2026-09-15,강원대학교 강릉캠퍼스,학내 난연 샌드위치 패널 교체 공사,일양종합금속주식회사,2278116386,김동석,241684000,90.354,264539000,14624702,Y,-2.0,2.0,485
R26BK01719079,2026-09-15,국립경국대학교,국립경국대학교 사범학관 등 7개동 조도개선 공사,주식회사 성산전설,5088112182,여충기,157750190,90.462,174522000,11941439,Y,-2.0,2.0,115
R26BK01727301,2026-09-15,세종특별자치시,2026년 임도노면정비 및 지장목제거 사업,세종특별자치시산림조합,3078200528,안종수,137922000,89.745,,,,,,1
R26BK01728811,2026-09-15,한국농어촌공사 경기지역본부 평택지사,사창5호용수지선외 8개소 결괴복구공사,세영건설 주식회사,1358628778,지익환,20900000,95.08,,,,,,1
R26BK01698286,2026-09-15,조달청 대구지방조달청,이달박지구 배수개선사업 토목건축기계공사,주식회사 윤성종합건설,5148175713,김정원,4392889000,89.618,4869151000,356597894,Y,-2.0,2.0,42
R26BK01720952,2026-09-15,경기도 안성시,흙향기 맨발길 조성사업(안성맞춤가족공원),주식회사한숲조경건설,6198701968,신동의,80916117,90.026,90112000,2334813,Y,-3.0,3.0,17
R26BK01715661,2026-09-15,충청남도 금산군,군북면 보광리 상수관로 매설공사,천수건설 주식회사,6238100025,신지선,34741500,90.831,38720000,2689040,Y,-3.0,3.0,16
R26BK01722035,2026-09-15,국토교통부 원주지방국토관리청 정선국토관리사무소,국도38호선 고한지구 등 11개소 도로유지보수공사,서진산업개발(주),8678101186,박왕기,1112998400,89.703,1247400000,105054649,Y,-2.0,2.0,684
R26BK01721563,2026-09-15,전남광주통합특별시 광양시,2026년 국유임도 구조개량사업(옥룡추산),광양시산림조합,4168201684,송백섭,126946000,90.654,140483910,6629385,Y,-3.0,3.0,3
R26BK01722042,2026-09-15,국토교통부 원주지방국토관리청 정선국토관리사무소,정선국토 관내 보도시설 정비공사,승우건설(주),2238104817,이성구,488035400,90.092,545798000,18047624,Y,-2.0,2.0,443
R26BK01719382,2026-09-15,한국방송통신대학교,창조관 직원관사 추가 조성 소방공사,(주)정원씨앤에스,2048159422,박주일,32805900,90.237,36170000,1719861,Y,-2.0,2.0,536
R26BK01666503,2026-09-15,조달청 인천지방조달청,서울도시철도7호선 청라국제도시 연장 궤도공사,(주)대한철도,1018150312,여대식,14103899700,85.88,16499094000,1153672121,Y,-3.0,3.0,15
R26BK01720006,2026-09-15,충청북도 청주시 서원구,기적의 도서관 도로확장 공사,금관건설(주),3178127449,문경열,65858520,90.877,73270000,7737285,Y,-3.0,3.0,144
R26BK01721133,2026-09-15,충청북도 청주시,근린공원 배수정비사업,주식회사 성림조경,8958701354,한재은,46742900,89.874,51790000,604496,Y,-3.0,3.0,154
R26BK01716966,2026-09-15,사단법인한국노동조합총연맹경기도지역본부,경기종합노동복지회관 시설 개보수 공사,삼농수목원 주식회사,2118627127,정진술,845475136,90.249,941788000,46014439,Y,-3.0,3.0,1339
R26BK01681031,2026-09-15,조달청 인천지방조달청,(가칭)부천과학고 기숙사 증축 소방공사,주식회사 에이치와이이앤씨,1608700166,서호연,1551466400,89.353,1738211000,93848277,Y,-3.0,3.0,1055
R26BK01721978,2026-09-15,강원특별자치도 속초시,청대사거리 교통사고 잦은 곳 개선공사(전기),주식회사 제일전력,2278113448,함 미 경,47713000,90.339,52608000,2972369,Y,-3.0,3.0,39
R26BK01719521,2026-09-15,서울특별시교육청 서울특별시북부교육지원청,신계초 교사동 및 체육관 옥상방수공사,주식회사 모아씨앤에스,1298659539,이수근,269342980,90.026,297111000,7471498,Y,-3.0,3.0,397
R26BK01716134,2026-09-14,강원특별자치도 원주시,백운산 농촌테마공원 조성사업 복합관리센터 신축공사(전기),주식회사 서광,4918700037,조동우,267574540,90.424,293069000,19598566,Y,-3.0,3.0,1064
R26BK01720119,2026-09-15,경상북도 경주시,경주 여주이씨 옥산문중 고문서 유물전시관 리모델링공사(전기),(주)도원전설,5058130987,최 윤,31968000,90.261,35332000,1770024,Y,-3.0,3.0,121
R26BK01729762,2026-09-15,한국농어촌공사 경남지역본부 창녕지사,도천양수장 차단기 및 변압기 교체공사,주식회사 주연,6088600579,조양숙,36360000,89.292,,,,,,1
R26BK01720226,2026-09-15,인천광역시 강화군,동검리 서두물항 진입로 확포장공사,거양종합건설 주식회사,2528600283,백영석,180277000,90.285,199000000,9115561,Y,-3.0,3.0,18
R26BK01718139,2026-09-15,전북특별자치도 군산시,철길숲 1구간 및 공원화장실 전기공사,주식회사 제이씨,6638101134,김진호,29577500,90.293,32901000,1674454,Y,-3.0,3.0,158
R26BK01718580,2026-09-15,한종산업개발 주식회사,1호기 반건식반응탑 교체공사,경찬 주식회사,2868100898,박정아,1191995420,89.106,1348742000,41196581,Y,-3.0,3.0,29
R26BK01718810,2026-09-15,경상북도 포항시,대이로 일원 가로수 돌출뿌리 정비사업,도시숲 주식회사,5038621041,주지미,27483640,90.079,30200000,339703,Y,-3.0,3.0,68
R26BK01718732,2026-09-15,경상북도 포항시,남구 대잠사거리~효자사거리 일원 외 1개소 노후차선 정비공사,형주건설 주식회사,5068154885,김정효,175421900,90.143,195950000,6418891,Y,-3.0,3.0,61
R26BK01729742,2026-09-15,한국농어촌공사 경남지역본부 창녕지사,퇴천지구 용수로 옹벽보강 유지관리공사,태금 주식회사,6088148976,정혜정,47470000,89.296,,,,,,1
R26BK01695165,2026-09-15,조달청 인천지방조달청,(가칭)배곧2고 신축공사,티에스종합건설주식회사,1258180490,길주식,13512635863,86.114,15675575000,871623991,Y,-3.0,3.0,290
R26BK01714392,2026-09-15,서울특별시,암사아리수정수센터 내 도로경계석 교체공사,(주)라인크로스테크놀로지,2158656755,박헌식,316978900,90.225,351516000,16432094,Y,-3.0,3.0,618
R26BK01704680,2026-09-08,주식회사 엘앤이,학남산업단지 미활용 소각열 스팀공급을 통한 미세먼지 및 온실가스 감축사업,주식회사 윈이앤지,5898700839,유인,228800000,99.91,228800000,11065104,Y,-1.0,1.0,2
R26BK01704989,2026-09-15,조달청 광주지방조달청,갯벌 세계자연유산 보전원 소방공사,주식회사 덕진전력,4158123714,최윤정,936397609,90.367,1033323000,61784012,Y,-2.0,2.0,493
R26BK01715000,2026-09-15,경상북도 영양군,영양고추유통공사 시설보수(입찰대행),유정종합건설(주),5028132119,김수억,551489589,90.409,610000000,38868897,Y,-3.0,3.0,820
R26BK01729275,2026-09-15,국립공원공단 지리산국립공원전남사무소,지리산전남 노고단대피소 공중화장실 경관 정비공사,(주)범영건설,4088144517,최음미,18446000,92.0,,,,,,1
R26BK01729301,2026-09-15,국립공원공단 국립공원야생생물보전원,2026년 자연적응훈련장 호우 피해 보수 공사,(주)신해건설,3038137481,한선주,52160000,94.996,,,,,,1
R26BK01729575,2026-09-15,국립공원공단 무등산국립공원사무소,증심지구 저지대 탐방객 쉼터 정비공사,(주)에스에이치건설,4108634128,곽혜진,19760000,95.0,,,,,,1
R26BK01721021,2026-09-15,부산교통공사,2026년 에스컬레이터 스텝체인 교체 공사(5차),주식회사 케이엘리베이터,8938701834,김민석,83651310,90.093,93210000,3037092,Y,-3.0,3.0,20
R26BK01720960,2026-09-15,충청북도 청주시,신규 국공립어린이집 리모델링 공사(건축)-(가칭)복대자이더스카이어린이집,이룸산업건설 주식회사,5198100202,최석회,44242000,89.965,49040000,1033349,Y,-3.0,3.0,183
R26BK01715535,2026-09-15,충청남도 아산시,온양온천역 철도하부공간 경관조명 설치공사,제이에스시스템주식회사,2618127302,김영미,192494344,90.221,213033000,9904871,Y,-3.0,3.0,1031
R26BK01721936,2026-09-15,부산시설공단 레포츠본부,"스포원파크 경륜장 노후 화장실 리모델링 공사(건축, 기계)",디자인종합건설 주식회사,5778100362,김경식,102994000,90.246,112442000,5542265,Y,-3.0,3.0,446
R26BK01721942,2026-09-15,강원특별자치도 속초시,청대사거리 교통사고 잦은 곳 개선공사(토목),지투건설(주),8858101772,최호진,42340000,91.405,46805000,5634173,Y,-3.0,3.0,7
R26BK01721969,2026-09-15,국방과학연구소,기숙사 318동/319동 주차공간 확보 공사,에덴조경건설,3063576507,송봉섭,191840900,90.243,210400000,10329084,Y,-2.0,2.0,135
R26BK01714237,2026-09-15,경상북도 포항시,산단지역 저탄소 녹색거리 조성사업(철강공단삼거리~대동스틸),(주) 송림조경,5088134774,김미영,281611000,90.088,316000000,10076497,Y,-3.0,3.0,507
R26BK01721110,2026-09-15,충청북도 청주시,신규 국공립어린이집 리모델링 공사(건축)-(가칭)효성해링턴플레이스어린이집,주식회사 혜성건설산업,8748802047,김돌이,45452070,89.961,49927000,1059556,Y,-3.0,3.0,185
R26BK01721828,2026-09-15,서울특별시 관악구,관악산 낙성대지구  생활밀착형공원 조성사업,주식회사 한설그린,2138151782,옥승엽,259453000,90.161,287540000,11642628,Y,-3.0,3.0,399
R26BK01721533,2026-09-15,충청남도 부여군,"부여읍 쌍북6리 공영주차장 조성공사(쌍북리 732-1, 733)",우리건설주식회사,7728801441,강철선,84351878,90.257,93200000,4402741,Y,-3.0,3.0,106
R26BK01722034,2026-09-15,경기도 용인시,2026년 교통사고 잦은 곳 개선사업(토목),주식회사 희정건설,1288131848,위좌욱,60549200,90.479,66489000,4703718,Y,-3.0,3.0,80
R26BK01729290,2026-09-15,한국농어촌공사 충남지역본부 아산지사,(수해복구)상성저수지 수질개선 사업지구 준설 및 식생제거,서광건설 주식회사,5058133854,김숙겸,29700000,90.0,,,,,,1
R26BK01720305,2026-09-15,대구광역시 상수도사업본부,가창정수장 차염 소독설비 건축공사,다우건설(주),5048132207,최천길,102174231,90.331,113060000,6368847,Y,-3.0,3.0,377
R26BK01728199,2026-09-15,한국농어촌공사 경남지역본부 사천지사,삼천포지구 기계화경작로 확포장사업,경상건설 주식회사,1428168088,황남선,41100000,90.169,,,,,,1
R26BK01726535,2026-09-15,서울특별시 서대문소방서,2026년 서대문소방서 비상소화장치 형식 개선 및 함 교체 공사,(주)신아이엔지,1198155133,정영선,18500000,94.92,,,,,,1
R26BK01719321,2026-09-15,한국방송통신대학교,창조관 직원관사 추가 조성 기계설비공사,진화전기(주),1078104441,문충모,90719471,90.317,99427000,5584175,Y,-2.0,2.0,472
R26BK01715966,2026-09-15,한국철도공사 회계통합센터,*모터카 보유증명 사전제출*경부고속선 대구역구내 N21B호 외 9개소 분기기개량 기타공사,한국철도(주),1288139160,조병현,1605867300,89.422,1796890000,103313024,Y,-2.0,2.0,29
R26BK01727544,2026-09-15,국가유산청 한국전통문화대학교,교직원 외부 관사 정비공사 실시,(주)삼육오건설,1558600167,전지선,21900000,99.694,,,,,,1
R26BK01716771,2026-09-15,전북특별자치도교육청 전북특별자치도정읍교육지원청 호남중학교,호남중학교 옹벽수선 및 교사부지 포장공사,(유)해태포장건설중기,4028158099,허기병,86899586,90.28,96338000,5026285,Y,-3.0,3.0,731
R26BK01721004,2026-09-15,경상북도 포항시,포항운하 침수방지시설(수문) 기계실 전기 인입공사,주식회사도광전력,2548700928,류금순,21879700,90.407,24479000,1410988,Y,-3.0,3.0,182
R26BK01718726,2026-09-15,한종산업개발 주식회사,2호기 소각로 슈트블로워 교체공사,우양기공주식회사,1318609745,이희유,298536540,91.015,328264000,10360631,Y,-3.0,3.0,18
R26BK01709627,2026-09-15,조달청 대구지방조달청,국립경국대학교 정보통신원 외벽개선 및 창호교체공사,서원종합건설 주식회사,5308801264,노창우,1014578230,90.35,1116936000,66154243,Y,-2.0,2.0,442
R26BK01718923,2026-09-15,아산시농협쌀조합공동사업법인,2026년 아산시 통합RPC 시설장비 및 환경개선 지원사업(맞춤형)(입선별기 2대 교체),한세엔지니어링 주식회사,1268168150,최성순,62990000,89.793,,,,,,2
R26BK01717967,2026-09-15,충청남도 아산시,온양온천역 광장 미관 개선공사,주식회사 천룡건설,6108138409,노수업,1144978410,89.642,1282460000,101119802,Y,-3.0,3.0,453
R26BK01719310,2026-09-15,대구교통공사,2호선 분기기 신호설비 재설치 공사,주식회사 명성전력,3078149257,이상훈,53776360,90.37,59690000,3532614,Y,-3.0,3.0,69
R26BK01721105,2026-09-15,강원특별자치도교육청 강원특별자치도홍천교육지원청,동화중 창고 증축공사 수의견적 안내공고,(주)설악종합건설,7618101777,조병준,188324000,90.373,208344000,12185262,Y,-3.0,3.0,28
R26BK01716707,2026-09-15,충청남도 산림자원연구소,2026년 안면도자연휴양림 휴양관 리모델링 공사(재공고),주식회사 순안,5088121376,차혜정,119487690,90.018,132000000,3492598,Y,-3.0,3.0,320
R26BK01718863,2026-09-15,경상북도 포항시,교통사고 잦은 곳 개선사업(포항철물상사),주식회사 만민건설,5068187334,김상운,53031400,90.311,59305000,2901906,Y,-3.0,3.0,50
R26BK01714992,2026-09-15,(재)대한불교조계종유지재단 은해사포근한집,재단법인 대한불교조계종유지재단 은해사 포근한집 요양원 개·보수공사(건축·기계) 지명경쟁입찰,주식회사 세동,5058156968,정태성,257500000,91.879,278570000,13468128,Y,-3.0,3.0,5
R26BK01714970,2026-09-15,한국마사회,종로지사 옥외주차장 보수공사,주식회사 천일이엔에스,5138110740,황기진,288067207,90.257,316129000,14303248,Y,-2.0,2.0,391
R26BK01712820,2026-09-15,충청북도 도로관리사업소,음성 신천삼거리 교차로 개선사업,주식회사 신성기업,3018134227,유규상,150353127,91.037,163310000,20691888,Y,-3.0,3.0,261
R26BK01716816,2026-09-15,대구광역시 서구,평사공원 재정비공사,주식회사 한림조경,3168129385,정오용,202337900,90.173,222641000,9191171,Y,-3.0,3.0,246
R26BK01717374,2026-09-15,경상남도 통영시,통영 중앙동 근대주택1 보수공사(전기),대광전기공사,6120527243,조봉규,39127868,90.358,43362000,2377482,Y,-3.0,3.0,40
R26BK01704305,2026-09-15,전북특별자치도 군산시,청소년문화의집 복합문화센터 기능보강공사,건축법인 녹 엔지니어링 건축사사무소 주식회사,4038173088,빙인섭,794523125,90.238,879771000,42270584,Y,-3.0,3.0,662
R26BK01718469,2026-09-15,서울특별시 체육시설관리사업소,2026년 목동주경기장 지붕 정비 공사,(주)고산건업,1128143709,권민설,144228630,90.06,160852000,4835875,Y,-3.0,3.0,308
R26BK01717533,2026-09-15,충청남도 아산시,온양 대로 3-36호(환경과학공원) 가로수 식재공사,주식회사 다림디자인조경,7178600607,이시영,68975747,89.888,76170000,1062948,Y,-3.0,3.0,66
R26BK01718532,2026-09-14,강원특별자치도 원주시,백운산 농촌테마공원 조성사업 복합관리센터 신축공사(기계),하나로시스템공조,2250162709,박병훈,116304000,90.342,128210000,6412976,Y,-3.0,3.0,79
R26BK01716279,2026-09-15,충청북도 제천시 덕산면,광천리 용수로 정비사업,주식회사 부원개발,4058112938,문영아,34279600,90.326,37910000,1908113,Y,-3.0,3.0,120
R26BK01721507,2026-09-15,경기도 구리시,아차산 무장애나눔길 조성사업,파주시산림조합,1288200250,전진옥,1176869814,89.34,1326972000,68682473,Y,-3.0,3.0,47
R26BK01718301,2026-09-14,강원특별자치도 원주시,백운산 농촌테마공원 조성사업 복합관리센터 신축공사(통신),명화아이티(주),2278601398,우태은,100750488,90.423,112387000,7350219,Y,-3.0,3.0,98
R26BK01716649,2026-09-15,충청남도 아산시,둔포면 운용1리 마을안길 포장공사,미강건설 주식회사,2288601810,유현경,122844180,90.587,135456000,10932763,Y,-3.0,3.0,44
R26BK01716248,2026-09-15,대구광역시 남구,(구)앞산순환로 아스팔트 포장정비사업,주식회사 율하조경건설,5778600090,이상민,134899768,90.381,147533000,9079811,Y,-3.0,3.0,198
R26BK01721220,2026-09-15,대구광역시 상수도사업본부,가창정수장 차염 소독설비 전기공사,주식회사 맥스에너지솔루션,5378800228,박성규,93879858,90.355,104786000,6123845,Y,-3.0,3.0,748
R26BK01705846,2026-09-15,조달청 대구지방조달청,한국식품연구원 경북본부 건립사업(통신공사),주식회사 모든정보통신,5128122016,손혜정,715488752,90.401,785121000,50314943,Y,-2.0,2.0,483
R26BK01713194,2026-09-15,경상북도 상주시,상주시 만산동(자산마을) 오수관로 정비사업[입찰대행],(주)태경,5138119417,이경희,515994520,90.567,567000000,45201928,Y,-3.0,3.0,756
R26BK01721372,2026-09-15,부산광역시 북구,낙동대로1762번길 일원 도로정비공사,주식회사 은우개발,1298161796,임동윤,132992712,90.524,148350000,10948804,Y,-3.0,3.0,260
R26BK01718504,2026-09-15,충청남도 논산시 보건소,2026년 정신요양시설(성지드림빌) 생활관 개보수공사,주식회사 충일건설,5138162078,이채원,358039500,90.338,396552000,21624306,Y,-3.0,3.0,38
R26BK01720004,2026-09-15,충청북도 충주시,달천과선교및형설로노후도로정비공사,다우토건(주),3018143158,천인영,87523261,90.743,95650000,9386281,Y,-3.0,3.0,60
R26BK01669667,2026-09-15,조달청,국도5호선 제천 봉양-원주 신림2 도로건설공사,케이제이이앤씨 주식회사,6098194963,채승석,54212209190,93.095,58290827000,5321699242,Y,-2.0,2.0,18
R26BK01727691,2026-09-15,한국농어촌공사 경남지역본부 합천지사,덕곡1양수장 용수관로 이설공사,주식회사 거인건설,6118116086,김가희,20000000,90.909,,,,,,1
R26BK01721224,2026-09-15,경찰청 서울특별시경찰청,경찰특공대 견사 훈련장 개선공사,주식회사 청우그룹,4808700468,김덕훈,206266076,90.031,226671000,5913425,Y,-2.0,2.0,840
R26BK01713568,2026-09-15,경상남도 창원시,장기항 방파제 연장공사,주식회사 건국해양,6138159271,이영순,407035250,90.295,452430000,23628135,Y,-3.0,3.0,84
R26BK01721894,2026-09-15,경상남도 창원시,소액수의 견적제출 안내공고[창원천 전망대 정비공사],(주)아인,6108144371,김성아,47811000,90.862,52000000,4679914,Y,-3.0,3.0,90
R26BK01715919,2026-09-15,산림청 북부지방산림청 수원국유림관리소,2026년 숲가꾸기(어린나무가꾸기) 사업(기번18),다내산국유림영림단,8861502430,정춘식,68780000,89.98,76160000,,N,-2.0,2.0,3
R26BK01717851,2026-09-15,지방자치단체조합 충남혁신도시관리본부,2026 신리천 외 2개소 자전거도로 정비사업 소액공사 수의견적 제출 안내공고,기성산업건설(주),3018188698,전서윤,51104000,90.817,56330000,5861661,Y,-3.0,3.0,80
R26BK01719876,2026-09-15,부산광역시 부산진구,부산진구 자원봉사센터 시설보강공사,동진산업,6050198946,전채욱,86744520,90.132,95403000,3588148,Y,-3.0,3.0,286
R26BK01720904,2026-09-15,한국수산자원공단 남해본부,2026년 신안 볼락류 방사형인공어초 제작 및 설치,풍곡건설그룹(주),1058176430,손봉식,186644900,90.354,207193000,12272649,Y,-2.0,2.0,965
R26BK01717210,2026-09-15,충청북도 제천시 덕산면,후촌리 용수로 정비사업,동일건설(주),3048116285,박원동,61302220,90.335,67590000,3883150,Y,-3.0,3.0,121
R26BK01721358,2026-09-15,경기도 화성시 맑은물사업소,"병점3지구 배수펌프 설치공사(토목,기계)",(주)대정골프엔지니어링,1248622643,민규영,977973000,90.538,1065680000,81355168,Y,-3.0,3.0,650
R26BK01721212,2026-09-15,경상남도 서부도로관리사업소,지1037호선 진주 사봉지구 통행안전차로 정비공사,삼우개발 주식회사,4388601585,김동희,135515090,90.825,150250000,15707334,Y,-3.0,3.0,1051
R26BK01716558,2026-09-15,대전도시공사,2026년 노후공공임대주택 리모델링(단일세대) 전기공사,신진전기(주),3058163928,정규남,925001705,90.433,1033842000,67456737,Y,-3.0,3.0,489
R26BK01716578,2026-09-15,서울특별시 관악구,구립 국사봉경로당 그린리모델링 공사(건축),터전앨엔씨주식회사,8378102563,천태현,141019670,90.215,156574000,7164766,Y,-3.0,3.0,790
R26BK01705734,2026-09-15,조달청 대구지방조달청,한국식품연구원 경북본부 건립사업(전기공사),용호전기 주식회사,8618601825,성상훈,1584349550,89.432,1765093000,108092666,Y,-2.0,2.0,1412
R26BK01696836,2026-09-15,조달청 충북지방조달청,국립한국교통대학교 글로컬지원센터 증축 소방공사,(주)태일방재,3018188820,안효빈,794413280,90.379,886718000,51608383,Y,-2.0,2.0,219
R26BK01705999,2026-09-15,조달청 대구지방조달청,한국식품연구원 경북본부 건립사업(소방공사),신동해전력(주),5148145067,이종욱,947655582,90.321,1039830000,57832678,Y,-2.0,2.0,325
R26BK01716608,2026-09-15,전남광주통합특별시 해남군,마늘 조직배양 우량종구 생산시설 신축공사(건축·토목)(총괄 및 1차분),주식회사 에스에이치글로벌,4108191861,박종호,582745000,90.275,640937000,33325227,Y,-3.0,3.0,872
R26BK01722149,2026-09-15,충청남도 당진시 건설도시국 수도과,노후 정수장(합덕) 정비사업 소방공사,주식회사공단소방,3118130849,이환규,131559100,90.308,146760000,6970441,Y,-3.0,3.0,34
R26BK01727999,2026-09-15,서울특별시 도시기반시설본부,지장물 이설 통신공사(국회대로 지하차도 및 상부공원화 2단계 2공구),주식회사 에스비넷,3738701418,허훈,3150000,95.454,,,,,,1
R26BK01719916,2026-09-15,경기도 안산시 상록구,매화교 하부 외 1개소 환경정비사업(도장공사),삼성포리머 주식회사,1348123533,김평기,40474960,90.16,45067000,1724876,Y,-3.0,3.0,28
R26BK01728903,2026-09-15,국립공원공단 무등산국립공원동부사무소,2026년 무등산동부 탐방지원센터 정비공사,에펠건설산업 주식회사,7288102842,이하정,35494520,94.1,,,,,,1
R26BK01719883,2026-09-15,부산광역시 부산진구,부산진구 새싹로 11 보도확장공사,홍산건설(주),6078139227,신상기,23167890,89.942,25840000,474249,Y,-3.0,3.0,221
R26BK01702159,2026-09-15,조달청 대구지방조달청,청사 행정전화시스템 교체 공사,(주)태림,5058112640,고순란,256026260,90.021,283432000,7581023,Y,-2.0,2.0,476
R26BK01716810,2026-09-15,충청북도 제천시 덕산면,선고1리 용수로 정비사업,주식회사클레이맥스,3048113482,차정만,55305500,90.319,61890000,3360315,Y,-3.0,3.0,121
R26BK01717139,2026-09-15,충청북도 제천시 덕산면,선고3리 용수로 정비사업,(주)영우건설,3048115350,김재우,68063680,90.329,75360000,4222422,Y,-3.0,3.0,121
R26BK01716335,2026-09-14,강원특별자치도 원주시,태장동 새동네 경로당 그린리모델링 공사(건축),(주)일유,6378802720,김라온,60421053,90.297,66922000,3584216,Y,-3.0,3.0,55
R26BK01719841,2026-09-15,강원특별자치도 정선군,백전리 물레방아 및 초가이엉 보수공사,대헌주식회사,8688600356,신현일,50390000,90.398,55600000,1903338,Y,-3.0,3.0,12
R26BK01729543,2026-09-15,한국농어촌공사 경북지역본부 상주지사,성동양수장 송수관로 긴급 보수공사,주식회사 케이아이앤,3038116531,변진경,20339000,89.995,,,,,,1
R26BK01717390,2026-09-15,강원특별자치도 강릉시 상하수도사업소,2026년 상수도 긴급보수 단가계약(4권역) 3차,창진건설(주),4088158461,이미희,90751154,90.393,99000000,4937087,Y,-3.0,3.0,19
R26BK01714106,2026-09-15,재단법인 경남테크노파크,경남 소형모듈원전(SMR) 로봇활용제작지원센터 신축공사(소방),더블루종합설비(주),1768101042,염정열,74673300,90.296,82541000,4447230,Y,-3.0,3.0,411
R26BK01720197,2026-09-15,충청남도 태안군,2026년 조림지 사후관리(풀베기) 사업,서산산림법인주식회사,7508103891,이연희,51924500,89.936,57712000,652603,Y,-3.0,3.0,6
R26BK01720231,2026-09-15,충청남도 태안군,2026년 정책숲가꾸기(조림지가꾸기_풀베기) 2차사업(원북근흥권역),서산시산림조합,3108200465,문진환,57838000,89.956,64279000,730815,Y,-3.0,3.0,6
R26BK01713414,2026-09-15,거제해양관광개발공사,거제시 소각시설 바닥재 배출시설 교체공사,대성이엔이 주식회사,4098162406,조용일,691807244,90.425,769745000,47248185,Y,-3.0,3.0,22
R26BK01720487,2026-09-15,전남광주통합특별시 무안청사,나로도항 여객선터미널 물탱크 교체공사,광주데코임포트 주식회사,4098635092,김성숙,40268000,90.301,45111000,2276644,Y,-3.0,3.0,292
R26BK01718095,2026-09-15,대전광역시 유성구,구암동 642번지 일원 도로정비공사,(주)원비드,7578602262,정윤기,39517830,90.835,43584000,4610449,Y,-3.0,3.0,128
R26BK01712886,2026-09-15,재단법인 경남테크노파크,경남 소형모듈원전(SMR) 로봇활용제작지원센터 신축공사(통신),주식회사투위즈넷,5148156190,하진수,39139750,90.378,43557030,2652624,Y,-3.0,3.0,492
R26BK01718081,2026-09-15,전북특별자치도 남원시,농어촌도로 106호선(용북중 앞) 외 1지구 배수정비공사,(주)제이토건,4088161423,정애희,28109900,90.332,30756000,1464895,Y,-3.0,3.0,147
R26BK01714576,2026-09-15,산림청 남부지방산림청,2026년 춘양양묘사업소 장비고 신축공사,(주)태양건설,5158110727,양삼석,204207870,90.358,226462000,13509329,Y,-2.0,2.0,727
R26BK01719681,2026-09-15,전북특별자치도 남원시,대산 대곡지구 재해위험방재시설 정비사업,주식회사 대복건설산업,5338601217,한재홍,128962000,90.463,142131000,9584083,Y,-3.0,3.0,146
R26BK01710464,2026-09-15,산림청 동부지방산림청 평창국유림관리소,2026년 산림유전자원보호구역 내 우량숲 생물다양성 증진사업,한반도임업,1082333217,이병현,77400000,89.63,86120000,,Y,-2.0,2.0,2
R26BK01720469,2026-09-15,충청남도 천안시 동남구,신방남부길 일원 도로정비공사,글로벌이앤씨 주식회사,6968601143,박범준,49482960,90.611,54490000,4346157,Y,-3.0,3.0,63
R26BK01720085,2026-09-15,서울특별시 도로사업소 동부도로사업소,위례터널 외 3개소 피난연결통로 안전경관등 전기공사,원엔지니어링(주),1198648452,김석현,149443100,90.192,167000000,7186037,Y,-3.0,3.0,1662
R26BK01719999,2026-09-15,강원특별자치도 홍천군,북방면 북방리 연엽골천 소하천정비사업,(합자)선일기업,2238103365,조석환,181455433,90.464,201039000,13945307,Y,-3.0,3.0,59
R26BK01708759,2026-09-15,부산교통공사,3호선 AF궤도회로장치 지상구간 MIB 교체공사,주식회사 한성전기,6218143085,신한운,26629190,90.012,29830000,468148,Y,-3.0,3.0,18
R26BK01729576,2026-09-15,한국농어촌공사 경북지역본부 상주지사,2026년 이안지구 농업에너지이용효율화사업(신재생에너지시설) 전기공사,신성전력,5110827728,김현주,43560000,90.003,,,,,,1
R26BK01714926,2026-09-15,대구광역시 군위군,삼국유사테마파크 눈썰매장 시설보강공사,비앤비건설 주식회사,8798700727,박용규,522698888,90.282,575550000,28897367,Y,-3.0,3.0,153
R26BK01720125,2026-09-15,충청남도 태안군,2026년 정책숲가꾸기(조림지가꾸기_풀베기) 2차사업(이원원북권역),주식회사 대림,2528603107,이덕우,68865500,90.192,76654000,870245,Y,-3.0,3.0,6
R26BK01716597,2026-09-15,대법원 서울고등법원,서울고등법원 (구)서울회생법원 공간 재배치 공사(건축),(주) 정마티씨,1018627437,황창환,1131686250,89.316,1259430000,64076589,Y,-2.0,2.0,817
R26BK01718761,2026-09-15,충청남도 아산시 미래도시관리사업소,2026년 은행나무(가로수) 열매채취 사업,유한회사 미성,1818702157,박주연,59558000,90.285,66713000,3422736,Y,-3.0,3.0,71
R26BK01720157,2026-09-15,충청남도 태안군,2026년 정책숲가꾸기(어린나무 가꾸기) 사업,주식회사 대림,2528603107,이덕우,20976500,90.623,23116000,259793,Y,-3.0,3.0,4
R26BK01719814,2026-09-15,강원특별자치도교육청,강원특별자치도교육청 지붕보수공사 수의계약 견적 제출 안내 공고,주식회사 신일창호,3158137029,이이린,83401708,90.422,91625000,5667624,Y,-3.0,3.0,100
R26BK01716262,2026-09-15,에스케이일렉링크 주식회사,전기차 충전기 구축 공사 20차,주식회사 인포텔,5048173339,전후상,281160000,88.058,,,,,,11
R26BK01717514,2026-09-15,충청남도 홍성군,노상소하천 재해예방사업,미송건설(주),5088104208,권금조,122098300,90.364,135500000,8139335,Y,-3.0,3.0,69
R26BK01728429,2026-09-15,경기도 연천군,연천 전곡리 유적 위험목 제거 공사,자연조경주식회사,5738102806,김상래,20010000,,,,,,,1
R26BK01729854,2026-09-15,한국지역난방공사 서울중앙지사,2026년도 중앙열원 공기압축기 정기점검 보수공사,유창유체기계(주),1348136775,한명자,9520500,88.372,,,,,,1
R26BK01715667,2026-09-15,서울특별시 송파구,송파구 삼전하늘어린이집 외 8개소 보호구역 정비사업,지오프라임이앤씨 주식회사,4098608668,김성식,403272693,90.778,448758000,44636846,Y,-3.0,3.0,693
R26BK01730161,2026-09-15,해양경찰청 중부지방해양경찰청 인천해양경찰서,인천해양경찰서 서울PC시험장 준설공사 (수의시담),유호산업개발 주식회사,2208184660,유정환,180000000,97.297,,,,,,1
R26BK01729967,2026-09-15,한국농어촌공사 충남지역본부 보령지사,청천소수력발전소 수차발전기 분해점검,동아기공,1370673791,황용완,20130000,92.006,,,,,,1
R26BK01715626,2026-09-15,서울특별시 송파구,한가람로 및 잠실동 일대 가로등 개선공사,성하종합전기주식회사,1108614289,김옥경,273504450,90.527,299804000,23032853,Y,-3.0,3.0,1583
R26BK01730346,2026-09-15,한국농어촌공사 경남지역본부 의령지사,가뭄대책 오산지구 신현관정 개발공사,(주)상록건설,6088140407,김경도,29300000,89.273,,,,,,1
R26BK01717104,2026-09-15,경상북도교육청 경상북도칠곡교육지원청,인평초등학교  출입문개체 및 기타공사,주식회사 평산,4488702666,황명자,266884840,90.128,297880000,10895946,Y,-3.0,3.0,421
R26BK01716765,2026-09-15,대법원 서울고등법원,서울고등법원 (구)서울회생법원 공간 재배치 공사(전기),(주)웨이브컴,2188109765,채인석,254598119,90.424,280884000,18617694,Y,-2.0,2.0,1609
R26BK01716807,2026-09-15,대법원 서울고등법원,서울고등법원 (구)서울회생법원 공간 재배치 공사(통신),(주)네오티엔씨,2068184529,조정현,271608630,90.397,299772000,19097008,Y,-2.0,2.0,1126
R26BK01730309,2026-09-15,한국농어촌공사 경남지역본부 의령지사,한해대책 가수저수지 임시양수장 토목공사,(주)상록건설,6088140407,김경도,40500000,88.582,,,,,,1
R26BK01716713,2026-09-15,전북특별자치도 익산시,함열 순환경제활력센터 조성 전기공사,주식회사 다니엘이엔지,4078128998,홍인성,255499400,90.372,284270000,17231847,Y,-3.0,3.0,1094
R26BK01718742,2026-09-15,강원특별자치도 원주시,원주천(우안) 태학교쉼터 조성사업,(합)이에스건설,2248114564,송은석,78862700,90.708,86460000,7659937,Y,-3.0,3.0,98
R26BK01720548,2026-09-15,경상남도 창원시 상수도사업소,2026년 하반기 수직형 취수정 유지관리 보수공사,주식회사 금강지오테크,6158162511,이동욱,129120000,90.539,142384000,9248983,Y,-3.0,3.0,7
R26BK01729881,2026-09-15,서울특별시 서북병원,직원식당 바닥 등 환경개선 공사,주식회사건일씨엔에스,1108185571,박미영,43616000,96.999,,,,,,1
R26BK01729257,2026-09-15,한국농어촌공사 전남지역본부 나주지사,봉황지구 선동제 가뭄대비 송수관로 설치공사,청명건설 주식회사,1288801998,김소현,49090000,89.753,,,,,,1
R26BK01719388,2026-09-15,충청남도 홍성군,2026년 결성읍성 동문 경관조명 및 주변정비공사(전기),주식회사 에스이앤지,3108126885,최정곤,33832300,90.309,37611020,1957270,Y,-3.0,3.0,50
R26BK01721836,2026-09-15,전남광주통합특별시 영광군,영광스포티움 축구전용구장 시설개선공사,주식회사 네이처아이,8858101302,김정희,103224050,89.959,115134160,177473,Y,-3.0,3.0,15
R26BK01709085,2026-09-15,한국화학연구원부설국가독성과학연구소,노후 MCC반 교체 공사,주식회사신한국전기공사,3148139058,채창수,45136684,90.438,49995000,3370669,Y,-2.0,2.0,543
R26BK01728587,2026-09-15,강원특별자치도 강릉시 상하수도사업소,소돌안길 17 외 39개소 노후계량기함 보수공사,(주) 명주건설,6128126821,이정자,46350000,90.0,,,,,,1
R26BK01719715,2026-09-15,충청남도 홍성군,홍주종합경기장 장애인편의시설 확충 공사(건축),주식회사 금호하우징,1298675204,김인권,88421839,90.006,97471000,1886052,Y,-3.0,3.0,22
R26BK01721073,2026-09-15,강원특별자치도 영월군,2026년 산불방지 안전공간 조성사업,주식회사 호수,8208103263,이유정,102478000,90.777,113358000,5460772,Y,-3.0,3.0,3
R26BK01710153,2026-09-15,전라남도 나주시 상수도사업소,남평지구 농어촌생활용수 개발사업(전기·계측),한겨레전기 주식회사,4118133433,한은석,214211899,90.319,236690000,13277029,Y,-3.0,3.0,1411
R26BK01717581,2026-09-15,강원특별자치도 도로관리사업소 북부지소,국도56호선 명월지구 도로환경정비공사,(합)다원건설,1278124965,김난주,28596800,90.93,31368000,3609837,Y,-3.0,3.0,565
R26BK01727737,2026-09-15,한국농어촌공사 경남지역본부 울산지사,[한해대책]다개지구 외 2개지구 한해대책 전기공사,주식회사 두성계전,6098700623,유병국,58814000,90.178,,,,,,1
R26BK01721349,2026-09-15,경기도 여주시,삼교1통 마을회관 리모델링공사(건축·기계),주식회사 신성토건,1178104924,이경준,158951320,90.456,176388000,9336200,Y,-3.0,3.0,15
R26BK01715387,2026-09-15,경기도청 북부청사,2026년 도유림 산림유역관리사업(제령리),시흥지역 산림조합,1238200240,김창열,686152000,90.308,756314000,39048876,Y,-3.0,3.0,30
R26BK01727432,2026-09-15,한국농어촌공사 경남지역본부 울산지사,[한해대책]인보지구 송수관로 설치공사,(주)더댐,4388703237,권수미,34148000,90.998,,,,,,1
R26BK01727533,2026-09-15,한국농어촌공사 경남지역본부 울산지사,[한해대책]오룡지구 송수관로 설치공사,(주)더댐,4388703237,권수미,79531000,89.784,,,,,,1
R26BK01727683,2026-09-15,한국농어촌공사 경남지역본부 울산지사,[한해대책]다개 간이양수장 정비 및 오룡지구 송수관로 설치공사,(합자)중보건설,6108117573,권창오,88560000,90.345,,,,,,1
R26BK01727572,2026-09-15,한국농어촌공사 경남지역본부 울산지사,[한해대책]오룡지구 외2개소 간이양수장 설치공사,(합자)중보건설,6108117573,권창오,84660000,89.979,,,,,,1
R26BK01717522,2026-09-15,경기도 포천시,2026년 직동교 보수공사,(주)우리이엔씨,5068117105,송영식,96712900,90.816,104840000,5405282,Y,-3.0,3.0,24
R26BK01730939,2026-09-15,한국농어촌공사 경남지역본부 의령지사,세간양수장 수중펌프 긴급 보수공사,신우중공업 주식회사,6098159516,안병구,19030000,89.967,,,,,,1
R26BK01717578,2026-09-15,강원특별자치도 도로관리사업소 북부지소,지방도463호선 장흥초등학교 어린이보호구역 정비공사,대금종합건설(주),2208190366,최인식,73554000,91.015,81070000,9999512,Y,-3.0,3.0,593
R26BK01730957,2026-09-15,한국농어촌공사 경남지역본부 의령지사,가뭄대책 오산지구 죽전관정 개발공사,해담토건 주식회사,6138115569,안정현,19800000,90.0,,,,,,1
R26BK01717575,2026-09-15,강원특별자치도 도로관리사업소 북부지소,지방도453호선 서화지구 노인보호구역 정비공사,새한건설(주),2258111560,조상무,41407000,91.705,44464000,8502599,Y,-3.0,3.0,519
R26BK01712255,2026-09-15,강화노인복지센터,강화노인복지센터 부설 한울요양원 냉난방기 교체 공사,지앤씨쿨링주식회사,1318601160,이상민,88651600,90.327,99000000,,N,-3.0,3.0,10
R26BK01719608,2026-09-15,강원특별자치도 화천군,2026년 군도17호선 도로유지 보수사업(산양리 234번지 일원),주식회사푸른건설,6618700179,임소희,60829448,90.878,67360000,7123066,Y,-3.0,3.0,37
R26BK01718067,2026-09-15,전남광주통합특별시 영암군,2026년 계류보전(기찬자연휴양림) 조성사업,누림 주식회사,6218600460,송진아,65045900,90.892,71643000,3417237,Y,-3.0,3.0,4
R26BK01721454,2026-09-15,경기도 여주시,오학2통 마을회관 증축공사(건축·기계),(주)성용,1268116763,오화진,214380000,90.495,235788000,11293164,Y,-3.0,3.0,15
R26BK01719673,2026-09-15,강원특별자치도 화천군,2026년 소규모주민숙원사업(광덕리 287번지 일원) 아스콘덧씌우기,(주)대한건설,8888800091,안원옥,31265800,90.48,34750000,2098304,Y,-3.0,3.0,17
R26BK01721151,2026-09-15,경기도 고양시,2026년 교량 등 시설물 유지보수공사[연간단가_덕양구(A)_2차],(주)창우텍,1138176498,양우석,108568735,90.38,120000000,6511164,Y,-3.0,3.0,18
R26BK01719639,2026-09-15,강원특별자치도 화천군,2026년 소규모주민숙원사업(동촌리 158-1번지 일원) 방호벽 설치공사,합자회사 바로건설,2218124743,장지형,52762069,90.345,58644000,3341157,Y,-3.0,3.0,37
R26BK01727028,2026-09-14,한국어촌어항공단,제주시 금능권역 어촌테마마을 조성사업 어촌문화센터(전기),주식회사 하은전력,8208100738,강숙량,49609000,94.99,,,,,,1
R26BK01719852,2026-09-15,행정안전부 국립과학수사연구원,"2026년 국립과학수사연구원 마약과 신설에 따른 감정시설 보완공사(건축, 기게)",주식회사 남훈건설,6168109329,전수희,324580834,90.227,357330000,16917462,Y,-2.0,2.0,590
R26BK01729302,2026-09-15,한국농어촌공사 경남지역본부 울산지사,신흥지구 취약지역 생활여건 개조사업 전기공사,주식회사 캡스톤,6208144816,공도원,12820000,90.034,,,,,,1
R26BK01712768,2026-09-15,한국재료연구원,연구시설 인프라구축 및 개선사업(실험실 온습도 조절용 냉난방기 설치),백운종합건설 주식회사,6948600508,이성국,460444250,90.078,512300000,16545097,Y,-2.0,2.0,314
R26BK01722048,2026-09-15,전남광주통합특별시 순천시,지능형 상수도 관리 시스템 간 데이터 분리화 공사,주식회사 오정산업,6598700889,오현승,91150700,89.949,100613700,1180865,Y,-3.0,3.0,57
R26BK01713662,2026-09-15,강원특별자치도 인제군 상하수도사업소,"인제군 공공하수처리시설 4개소(인제,남면,남면통합,상남2)자동문 설치공사",(주)고려개발,2238105742,김광수,51422000,90.736,55836000,1387540,Y,-3.0,3.0,15
R26BK01728106,2026-09-15,강원개발공사,슬라이딩센터 압력방출장치 및 기계설비 개선공사,주식회사 대원,7528600027,문영진,274597000,92.0,,,,,,1
R26BK01714997,2026-09-15,전라남도 나주시 하수도사업소,맨홀 추락방지시설 설치사업(삼도지구 외 3개소),명창건설(주),4128116515,홍영미,272407810,90.416,301150000,19667576,Y,-3.0,3.0,346
R26BK01728576,2026-09-15,한국농어촌공사 충남지역본부 예산지사,황새고향 친환경생태단지 조성사업 Ⅲ단계 유통센터 냉난방기 설치공사,주식회사 태산이엔지,3038803466,김유리,30550000,89.852,,,,,,1
R26BK01716303,2026-09-15,충청남도 천안시,남부대로~용곡한라(아)간 연결도로(대로3-22호) 개설공사(2구간),진광건설 주식회사,2218117072,맹재웅,1407008000,89.474,1576101000,101684174,Y,-3.0,3.0,428
R26BK01721663,2026-09-15,한국보훈복지의료공단 중앙보훈병원,[긴급]2026년 중앙보훈병원 중앙관 조혈모세포이식실 병실 전환 공사(기계),세영공영주식회사,1198622729,권근석,151460520,90.405,167153000,10743933,Y,-2.0,2.0,293
R26BK01731199,2026-09-15,한국농어촌공사 경북지역본부 포항지사,과실전문생산단지 유지보수공사,세찬건설 주식회사,5158155194,이유경,44800000,91.428,,,,,,1
R26BK01725871,2026-09-15,서울특별시교육청 서울특별시교육청교육시설관리본부,등촌초 외 9교 태양광 모니터링 선로 포설 공사,주식회사 이맥스시스템,1058665715,이종욱,19468383,89.745,,,,,,1
R26BK01729577,2026-09-15,한국농어촌공사 경남지역본부 함안지사,(한해대책)미산저수지 미산1-1-0 용수지선 관정 설치 공사,한미지하수,5011596003,강순규,19400000,88.787,,,,,,1
R26BK01729604,2026-09-15,한국농어촌공사 경남지역본부 함안지사,(한해대책)운곡저수지 및 혈곡저수지 긴급 한해대책 공사,주식회사 대호건설,1608103439,조우제,19000000,88.578,,,,,,1
R26BK01729664,2026-09-15,한국농어촌공사 경남지역본부 함안지사,원북3단양수장 펌프 철거 설치 등 가뭄대비 긴급보수공사,신아테크,8063500429,박정미,12300000,88.815,,,,,,1
R26BK01730432,2026-09-15,한국농어촌공사 경남지역본부 밀양지사,한해대책 2026년 웅동연상지구 한해양수장 설치공사,신일산업개발 주식회사,8538800154,홍미영,38283000,89.744,,,,,,1
R26BK01705399,2026-09-16,인하대학교 산학협력단,[이차전지특성화대학사업단]송도 산학협력관 VR/AR 시뮬레이션 스튜디오 및 실습실 구축 공사(건축),(주)미채디자인,4448103074,박경희,58500000,87.313,,,,,,5
R26BK01721777,2026-09-15,(주)넥스트워터,[넥스트워터] 별내 공공하수처리시설 호기 침전조 계면계 설치 및 슬러지 농도계 교체 [전기공사],주식회사 비에스엠제이,3488601531,이지희,36333600,89.868,40051000,485487,Y,-3.0,3.0,2787
R26BK01722497,2026-09-16,경기도 고양시,2026년 보호구역 노면표시 유지보수(연간단가) 공사(2차),영진컴퍼니,7343101580,김어진,45557700,90.429,50000000,2755220,Y,-3.0,3.0,55
R26BK01723586,2026-09-16,서울특별시교육청 서울특별시북부교육지원청,수락초 급식실 및 학생식당 증축 소방공사,큰샘방재 주식회사,5738600744,김인태,64814000,90.171,71860000,2986790,Y,-3.0,3.0,616
R26BK01723718,2026-09-16,전남광주통합특별시 나주시,다시 월태지구 흙수로 구조물화사업,주식회사 희경건설,8828101133,김희경,23866000,90.288,26646000,1348697,Y,-3.0,3.0,97
R26BK01718457,2026-09-16,주식회사 펌프킨,"16.산청군, 전기승합차 거점 기반 eBAB 충전서비스(부산교통)",수도전력,6092148640,김용철,27665000,90.012,,,,,,3
R26BK01719446,2026-09-16,주식회사 펌프킨,"17.영광군, 전기승합차 거점 기반 eBAB 충전서비스(영광교통)",성보계전 주식회사,5918100747,황은주,143330000,90.019,,,,,,2
R26BK01723035,2026-09-16,경상북도 청송군,2026년 월막부곡지구 덩굴제거사업,주식회사해숲,6958803346,정태희,26863070,89.927,29940000,337534,Y,-3.0,3.0,23
R26BK01721104,2026-09-16,주식회사 펌프킨,"19.음성군, 전기승합차 거점 기반 eBAB 충전서비스(음성교통)",주식회사 공진건설,3198701506,박광민,27665000,90.012,,,,,,3
R26BK01723747,2026-09-16,한국철도공사 회계통합센터,전기차량정비부 트랙무빙 노후조명 개량공사,주식회사 세인전기정보통신,3178143982,임식,141321800,89.95,156611000,3127410,Y,-2.0,2.0,823
R26BK01723336,2026-09-16,경상남도 거제시,2026년 하반기 도로안전시설물 유지보수 단가계약(1지역),주식회사 대성금속산업,6128110071,배양선,9777070,90.253,10865000,522067,Y,-3.0,3.0,25
R26BK01719322,2026-09-16,한국환경보전원,민관협력 용인 수풀로(운학·호동) 기능강화 공사 및 유지관리공사,주식회사개성건설,1108131639,박형국,868564030,90.24,956361000,41444226,Y,-2.0,2.0,85
R26BK01718710,2026-09-16,제주특별자치도,제주광역생활자원회수센터 위험사면 보수공사,주식회사 민수건설,2448702628,오수정,251034320,90.376,280478000,16312794,Y,-3.0,3.0,135
R26BK01722174,2026-09-16,경상남도 남해군,미FDA(2단계) 대벽마을 하수도 설치사업 전기 및 계측제어 설치공사,주식회사 더웰이앤씨,6048603458,금승연,117343011,90.377,131604000,6433328,Y,-3.0,3.0,29
R26BK01720275,2026-09-16,경상북도 문경시,(민간입찰대행)2026년 공동주택시설물 지원사업(브리티시골드 외벽 도색공사),주식회사 덕명,3078121676,김종진,49304780,90.221,55000000,1097148,Y,-3.0,3.0,17
R26BK01721074,2026-09-16,전남개발공사,오룡지구 택지개발사업 중심지역 단지 개선공사,디에이치건설주식회사,5128123577,김오복,2562608706,89.593,2866710000,215194790,Y,-3.0,3.0,756
R26BK01721116,2026-09-16,울산광역시 울주군,두동 은편(779) 은편상리 구거정비공사,현진건설 주식회사,6208124260,김건우,49771430,90.222,55490000,2557581,Y,-3.0,3.0,172
R26BK01719478,2026-09-16,주식회사 펌프킨,"18.오산시, 전기승합차 거점 기반 eBAB 충전서비스(용남고속)",성보계전 주식회사,5918100747,황은주,98340000,89.988,,,,,,3
R26BK01722328,2026-09-16,경상남도 양산시 웅상출장소,2026년 하천산책로(쌍흥교~백동교) 풀베기사업(3회차),주식회사 윤슬조경,6968802767,최명희,24126239,89.918,26854000,446379,Y,-3.0,3.0,50
R26BK01709713,2026-09-16,부산광역시교육청 부산산업학교,부산산업학교 화변기 교체 및 기타공사 수의계약 안내 공고,주식회사 정엔지니어링,6058150809,박정철,45196780,90.163,51040000,899624,Y,-3.0,3.0,307
R26BK01717688,2026-09-16,경상남도교육청 경상남도거창교육지원청,창남초등학교 외 1교(거창중) 옥상방수공사 입찰 공고,주식회사 다온코리아,7688100707,김언화,207551896,90.33,230285000,12987254,Y,-3.0,3.0,375
R26BK01723266,2026-09-16,서울특별시 강동구,고덕로80길 및 상암로79길 자전거도로 복구 공사,주식회사 루아이앤씨,3158119531,조득선,55766600,91.115,60918000,8162107,Y,-3.0,3.0,304
R26BK01721919,2026-09-16,전남광주통합특별시 동구,동구청사 주차빌딩 건립사업(1단계) 공사(건축)_(차수계약),건해건설 주식회사,4098179265,이현각,2936637900,89.495,3317743000,206334722,Y,-3.0,3.0,221
R26BK01722224,2026-09-16,경기도 성남시,"분당구 공원 화장실 시설개선공사(율동공원, 전기)",주식회사 에이치제이이엔씨,4448703703,고희주,56910600,90.348,62193230,3648554,Y,-3.0,3.0,203
R26BK01723437,2026-09-16,부산광역시 해운대구,소액(수의) 견적제출 공고[청사포항 공중화장실 조성사업(건축)],(주)엠그린종합건설,6068173580,이성재,258482800,91.235,283127000,12709921,Y,-3.0,3.0,481
R26BK01724411,2026-09-16,국토교통부 원주지방국토관리청 강릉국토관리사무소,국도31호선 평창 용평 속사 위험도로 개선공사,태영산업개발(주),2218118071,엄희진,371423600,90.612,408383000,34590680,Y,-2.0,2.0,436
R26BK01718556,2026-09-16,한국공항공사 항공기술훈련원,항공기술훈련원  분전반 개량 전기공사,주식회사 가포전력,7138700354,강형묵,22047410,90.002,24758290,562617,Y,-2.0,2.0,770
R26BK01723341,2026-09-16,전남광주통합특별시 북구,안전한 등산숲길 유지보수 공사(청소년 문화의집 일원),(주)일광건설,4088143842,안성민,42289200,89.931,47068000,843108,Y,-3.0,3.0,126
R26BK01712716,2026-09-16,경북보건대학교 산학협력단,경북보건대학교 K-드림학부 실습실 환경개선 전기공사,주식회사 민이엔씨,8948801154,전홍열,40128000,40.128,,,,,,7
R26BK01723377,2026-09-16,경상남도 거제시,2026년 하반기 도로안전시설물 유지보수 단가계약(2지역),주식회사 가온디자인,3058186033,임은형,9728500,90.308,10865000,522067,Y,-3.0,3.0,25
R26BK01722865,2026-09-16,충청북도교육청 충청북도보은교육지원청,속리초 방송장비 교체 및 기타 통신공사,주식회사 씨앤아이,3138136422,나석주,65371736,90.283,72853000,3516985,Y,-3.0,3.0,7
R26BK01723976,2026-09-16,경상남도 진주시,금산면 금산사거리 일원 도로 정비사업,진산포장건설주식회사,6138115540,윤임도,39610010,90.312,44300000,2302797,Y,-3.0,3.0,53
R26BK01721163,2026-09-16,주식회사 펌프킨,"20.제주시, 전기승합차 거점 기반 eBAB 충전서비스(제주여객)",수도전력,6092148640,김용철,27753000,90.011,,,,,,3
R26BK01724395,2026-09-16,경상북도 의성군,고운마을 임대주택 및 캠핑장복구 전기공사,유신전력주식회사,1378656251,이미현,145354819,90.335,160231000,9228405,Y,-3.0,3.0,55
R26BK01712748,2026-09-16,경북보건대학교 산학협력단,경북보건대학교 K-드림학부 실습실 환경개선 정보통신공사,주식회사 에스엠일렉트릭,4648800314,김창우,58650000,83.785,,,,,,5
R26BK01722424,2026-09-16,대전교통공사,2026년 침목교체 공사,석정건설산업 주식회사,3058637804,황성태,49000000,97.112,49840000,862950,Y,-3.0,3.0,2
R26BK01722590,2026-09-16,전남광주통합특별시 목포시,목포시장애인종합복지관 우천로 증축공사(BF본인증관련),(유)유에이디앤씨,4118128250,최창남,55670700,90.226,61601000,2626273,Y,-3.0,3.0,39
R26BK01721402,2026-09-16,주식회사 펌프킨,"21. 진천군, 전기승합차 거점 기반 eBAB 충전서비스(진천여객)",주식회사 공진건설,3198701506,박광민,27665000,90.012,,,,,,3
R26BK01721901,2026-09-16,국토교통부 원주지방국토관리청 강릉국토관리사무소,국도44호선 오색15지구 등 3개소 낙석산사태 정비공사,대창종합건설(주),2268107507,전창균,847437354,91.323,925100000,142493581,Y,-2.0,2.0,448
R26BK01710502,2026-09-16,충청북도교육청 충청북도음성교육지원청,무극초 방수 및 충북반도체고 교문교체 공사,주용건설(주),3178107986,한경선,206858000,90.259,228712000,11169723,Y,-3.0,3.0,67
R26BK01721634,2026-09-16,무안군산림조합,2026년 내화수림대 조림사업,(유)임과함께,5638101509,윤서희,65000000,93.176,70931000,3014405,Y,-3.0,3.0,2
R26BK01724026,2026-09-16,강원특별자치도 태백시,문곡소도동(소도지역)경관조명등 설치 및 보안등 정비공사,에스씨일렉트릭 주식회사,4018800889,백정호,58868970,90.485,65888000,3819793,Y,-3.0,3.0,38
R26BK01723175,2026-09-16,충청북도 제천시,봉양건강축구센터 시설 보수공사,금앙건설(주),3048106507,최승덕,72633868,90.049,80950000,2052665,Y,-3.0,3.0,56
R26BK01716577,2026-09-16,경상남도 창원시,서성동 84-54번지 외 8필지 건축물 철거공사,(주)만강개발,2238108676,김호철,209795457,90.618,231473000,19607656,Y,-3.0,3.0,219
R26BK01687151,2026-09-16,조달청 경남지방조달청,남해중학교 미래학교 공간재구조화 개축공사(계속비),금명종합건설 주식회사,3038126946,박수동,7508820000,88.763,8633052000,476314238,Y,-3.0,3.0,183
R26BK01712549,2026-09-16,경상북도 봉화군 청량산도립공원관리사무소,도립공원 안내소 및 화장실 신축공사,주식회사 호연종합건설,1288156062,박현수,395769700,90.526,438542000,24591172,Y,-3.0,3.0,12
R26BK01722259,2026-09-16,전남광주통합특별시 장흥군,장흥읍 관덕삼거리 안전한 보행환경 정비사업,(주)에스더기업,2568600344,이영일,123873700,90.273,137537000,6566069,Y,-3.0,3.0,17
R26BK01720925,2026-09-16,경기도 수원시 팔달구,2026년 팔달구 도로유지관리공사(2권역 4차)(단가계약),민희건설주식회사,5138163534,안차현,31433550,90.336,34980000,1928059,Y,-3.0,3.0,53
R26BK01714941,2026-09-16,과학기술정보통신부 우정사업본부 우정사업조달센터,인제우체국 건립 전기공사,동일전력(주),2218104785,박희홍,688214510,90.448,762706560,52184623,Y,-2.0,2.0,1005
R26BK01715422,2026-09-16,한국보훈복지의료공단 보훈재활체육센터,보훈재활체육센터 사이클 실내 훈련장 증축 공사(건축기계),진성산업주식회사,1258121604,김진섭,381114500,90.155,420827000,16864740,Y,-2.0,2.0,1195
R26BK01704775,2026-09-16,경기도교육청,(가칭)왕숙1유 신축 전기공사,세이콘 주식회사,3108120843,강주현,1352688000,89.461,1536100000,95753149,Y,-3.0,3.0,3509
R26BK01720014,2026-09-16,제주특별자치도,2026년 제주항 항만시설 보수·보강공사(토목),선명건설주식회사,2368103250,고경수,863354000,90.121,965605000,34256494,Y,-3.0,3.0,186
R26BK01717687,2026-09-16,국토교통부 부산지방국토관리청 김해국토관리사무소,국도58호선 김해시 생림면 봉림리 병목지점 개선공사,태경건설 ㈜,8018101041,양태인,49566813,91.081,54140000,7090999,Y,-2.0,2.0,177
R26BK01721509,2026-09-16,전남광주통합특별시 장흥군,국가지정민속문화유산(존재 및 신와고택) 초가이엉잇기사업,주식회사진영,4158145101,김윤복,37134000,98.745,37851000,1383358,Y,-3.0,3.0,2
R26BK01723058,2026-09-16,경상북도 청송군,2026년 진보지구 덩굴제거사업,주식회사 청송산림조경,5308102828,김혜인,41713340,89.889,46440000,522502,Y,-3.0,3.0,23
R26BK01728956,2026-09-16,경기도 용인시 원삼면,지방하천(청미천， 한천) 지장수목 제거사업,주식회사 디앤에스조경건설,5698701663,유경화,40852800,89.744,,,,,,1
R26BK01722889,2026-09-16,경기도성남교육청 대하초등학교,대하초등학교 옥상방수 공사 입찰 공고(긴급),주식회사 공정,6468800987,박재석,208729790,90.31,232815000,12741837,Y,-3.0,3.0,626
R26BK01718419,2026-09-16,한국철도공사 회계통합센터,★전차선 실적 및 기술자 보유★ 영동선 문단역 시설개량에 따른 전철전력설비 이설공사,주식회사 두산전기,5128112293,김은정,385544314,90.307,427061000,23165807,Y,-2.0,2.0,157
R26BK01718080,2026-09-16,서울시설공단,2026년 공영주차장 배관보온재 교체공사,부강설비기공 주식회사,1088163818,강선옥,118111310,90.731,130530000,12474204,Y,-3.0,3.0,483
R26BK01715827,2026-09-14,강원특별자치도교육청 강원특별자치도평창교육지원청 메밀꽃유치원,메밀꽃유치원 노후 창고 철거 및 차고지 샌드위치패널 교체공사,주식회사 현대엠앤에스(Hundae M&S Inc),6098625480,원태환,63054800,90.932,69935000,3998375,Y,-3.0,3.0,3
R26BK01720100,2026-09-16,경기도 수원시 팔달구,2026년 팔달구 도로유지관리공사(1권역 4차)(단가계약),유찬테크,5792500606,임형도,31927390,90.421,34980000,1928059,Y,-3.0,3.0,54
R26BK01712796,2026-09-16,경북보건대학교 산학협력단,경북보건대학교 K-드림학부 실습실 환경개선 소방공사,(주)광덕전기,5148186001,유문식,6500000,29.545,,,,,,7
R26BK01721049,2026-09-16,경상북도교육청 경상북도포항교육지원청,포항원동초등학교 천장개체(가연성마감재개선)공사 소액수의 견적제출 공고,명성이엔지(주),5068164781,석영진,36963330,90.135,41149000,1512492,Y,-3.0,3.0,81
R26BK01720965,2026-09-16,경상남도 고성군 영현면,화촌소하천 생활권 정비사업,봄내건설 주식회사,2628700332,김진숙,38644269,90.218,43400000,1881851,Y,-3.0,3.0,42
R26BK01718119,2026-09-16,충청남도 서천군,서천 봉선리 유적 사면유실구역 보수정비사업,주식회사 한진건설,3078139666,박은정,62832500,90.126,70000000,1943563,Y,-3.0,3.0,31
R26BK01700664,2026-09-16,조달청 경남지방조달청,창원지방검찰청 내진보강 및 부대공사,주식회사 건축디자인 다다,8458801808,안주연,2349496347,89.269,2606009000,121982020,Y,-2.0,2.0,485
R26BK01719829,2026-09-16,충청남도 서천군,서천군 홍원항 외 1개소 시설물 유지보수공사,삼화건설(주),3138117823,김종한,27597260,90.364,30349000,1756738,Y,-3.0,3.0,33
R26BK01722997,2026-09-16,강원특별자치도 삼척시,2026년 하반기 다목적CCTV 설치공사,주식회사 현대기전,2228112293,정연탁,95596240,90.243,107053000,3405262,Y,-3.0,3.0,19
R26BK01722503,2026-09-16,전남광주통합특별시 목포시,외달도 보타닉가든 부지조성 공사,우남건설 주식회사,4118165920,장보성,235909430,91.369,260406000,11712713,Y,-3.0,3.0,5
R26BK01723016,2026-09-16,경상북도 청송군,2026년 금곡월외지구 덩굴제거사업,주식회사 새솔,5088139541,곽병철,43350900,90.01,48120000,541363,Y,-3.0,3.0,23
R26BK01703682,2026-09-16,한국체육대학교,한국체육대학교 진리관 옥상 방수 및 기타공사,주식회사 도경엔지니어링,6888101491,신오철,231666000,90.303,256630000,13937052,Y,-2.0,2.0,400
R26BK01722575,2026-09-16,경기도 동두천시,2026년 동두천시 하반기 도로 및 배수로 유지보수 단가계약공사,세현건설주식회사,5498102439,이현경,86257000,90.263,95523190,4122254,Y,-3.0,3.0,5
R26BK01722960,2026-09-16,경상북도 청송군,2026년 괴정월전지구 덩굴제거사업,두산임업주식회사,7388601506,하정아,36399000,90.006,40190000,452217,Y,-3.0,3.0,23
R26BK01717890,2026-09-16,경상남도 창원시,진해동부맑은물재생센터 악취방지시설 교체공사,(유)보광플랜트,6098125127,김진협,227828610,90.207,254720000,11340296,Y,-3.0,3.0,362
R26BK01723096,2026-09-16,경상북도 청송군,2026년 파천지구 덩굴제거사업,덕광임업주식회사,5088121978,권상희,30919900,89.903,34520000,388446,Y,-3.0,3.0,23
R26BK01720188,2026-09-16,경상남도 거제시,지방도1018호선 삼룡초교일원 교차로 정비공사 지장건축물 철거공사,거제석면환경 주식회사,5288600119,김종우,26912516,90.008,29943540,451714,Y,-3.0,3.0,6
R26BK01700930,2026-09-16,조달청 충북지방조달청,서당지구 배수개선사업 전기공사,성산전력주식회사,3048114856,유광종,366078800,90.363,408166000,24427910,Y,-2.0,2.0,772
R26BK01719030,2026-09-16,경기도 김포시,어업 이주노동자 쉼터건립 공사(건축·기계·토목),해평종합건설 주식회사,3628801846,임현교,565238200,90.256,623970000,31226915,Y,-3.0,3.0,1393
R26BK01715090,2026-09-16,한국농어촌공사 전남지역본부 나주지사,동강 대전지구 농어촌취약지역 생활여건개조사업 토목공사,비씨건설주식회사,1428122480,김천수,559948000,90.235,612310000,28629305,Y,-2.0,2.0,1019
R26BK01722176,2026-09-16,경상남도 남해군,삼화교 맨홀펌프장 이설공사,(유)대봉건설,6138109558,하봉현,88452000,90.843,98000000,10180939,Y,-3.0,3.0,14
R26BK01723897,2026-09-16,충청북도 제천시,봉양읍 군도30호선 도로정비공사,주식회사 한숲,1288718696,박승희,90716790,91.61,99980000,17882878,Y,-3.0,3.0,65
R26BK01723485,2026-09-16,한국농어촌공사 금강사업단,금강하구둑지구 방조제개보수사업 전기공사,갑을전기,4070268938,박갑순,298234660,90.382,329758000,20478628,Y,-2.0,2.0,1088
R26BK01705231,2026-09-16,한국철도공사 회계통합센터,분당선 신갈역 에스컬레이터 개량공사,주식회사 티씨이엘리베이터,3658800657,원종남,1080519000,89.349,1203994000,42491472,Y,-2.0,2.0,36
R26BK01721941,2026-09-16,경기도 여주시,강천섬 캠핑장 잔디 식재 공사,세화건설 주식회사,5088802193,홍세윤,35591230,90.069,40000000,782819,Y,-3.0,3.0,36
R26BK01724333,2026-09-16,경상북도 의성군,고운마을 임대주택 및 캠핑장복구 부대시설공사,(주)에이치에스,5058159776,김영권,812726440,90.333,916000000,51293840,Y,-3.0,3.0,862
R26BK01714044,2026-09-16,조달청 충북지방조달청,바이오의약품 소재부품 성능비교시험 실증지원센터 건축공사(통신),주식회사신안전력,3048104611,장은수,301140208,90.395,334156000,20814009,Y,-3.0,3.0,346
R26BK01717601,2026-09-15,전북특별자치도 고창군,선운산도립공원 중촌제 및 장미가든 정비사업,(유)남경건설,4048110640,유윤경,32021707,89.932,35470000,404833,Y,-3.0,3.0,26
R26BK01714942,2026-09-16,과학기술정보통신부 우정사업본부 우정사업조달센터,인제우체국 건립 정보통신공사,주식회사 현대기전,2228112293,정연탁,374757350,90.423,413097000,27394390,Y,-2.0,2.0,411
R26BK01712658,2026-09-16,경북보건대학교 산학협력단,경북보건대학교 K-드림학부 실습실 환경개선공사,주식회사 다원아이디,4488100268,이건형,283200000,85.818,,,,,,5
R26BK01720133,2026-09-16,경상남도 거제시,산양천 일반하천 정비사업,주식회사 가온디자인,3058186033,임은형,65412100,90.376,72903600,3470326,Y,-3.0,3.0,24
R26BK01705781,2026-09-16,경기도교육청,갈매역세권지구 학교 신축 소방공사,해오름건설주식회사,1388123971,김인호,2630143337,89.355,2955189000,159428365,Y,-3.0,3.0,1013
R26BK01717662,2026-09-16,제주특별자치도교육청 신성여자고등학교,신성여자고등학교 체육관 외단열재 교체공사,가나종합건설주식회사,6168129169,조성민,217047000,90.175,242937000,10068784,Y,-3.0,3.0,296
R26BK01711232,2026-09-16,부산광역시 엄궁농산물도매시장관리사업소,엄궁농산물도매시장 자동화재탐지설비 교체공사,주식회사 디알시스템,6038175309,오창훈,171776540,90.174,191444000,7940514,Y,-3.0,3.0,310
R26BK01720399,2026-09-16,경상북도 영주시 소수서원관리사무소,선비촌 초가담장 인조 보완 공사,한길종합건설 주식회사,3838600011,김기호,32516998,90.091,36416000,753791,Y,-3.0,3.0,5
R26BK01724397,2026-09-16,국토교통부 원주지방국토관리청 강릉국토관리사무소,2026년 강릉국토 관내 양양대교 등 3개소 시설물 보수공사,(주)두원종합건설,1278146993,이병걸,719974100,90.167,800544000,32481885,Y,-2.0,2.0,444
R26BK01731147,2026-09-16,국가유산청 국립고궁박물관,국립고궁박물관 본관 및 별관 종합정비 공사,소나무종합건설 주식회사,1298620280,양병준,20766050,95.0,,,,,,1
R26BK01718796,2026-09-16,부산광역시 해운대구,2026년 자녀안심 그린숲 조성사업,(주)숲,6078618794,안석곤,143111680,90.083,160706000,5174925,Y,-3.0,3.0,246
R26BK01724179,2026-09-16,전남광주통합특별시 강진군,강진군 서성지구 농촌공간 정비사업(전기),주식회사 준경이앤씨,2248803450,김상우,92848075,90.462,103581000,6765188,Y,-3.0,3.0,40
R26BK01724310,2026-09-16,경상북도 예천군,용문면 금당누리센터 조성사업 정보통신공사,주식회사 지선통신,1228649705,엄희갑,39893680,90.467,43876000,2440392,Y,-3.0,3.0,14
R26BK01729689,2026-09-15,한국농어촌공사 경남지역본부 함안지사,(한해대책)명관저수지 원북3단양수장 관로복구 및 집수정 설치 공사,백이건설주식회사,1248160531,이재현,19300000,88.776,,,,,,1
R26BK01699132,2026-09-16,조달청 대전지방조달청,(가칭)아산탕정2고등학교 교사 신축 정보통신공사,주식회사 서해전력,2188702240,최동순,1680621700,89.434,1900934000,114748948,Y,-3.0,3.0,429
R26BK01723918,2026-09-16,한국자산관리공사,전북지역본부 사옥 재건축 지상층 해체공사,유한회사 라엘산업개발,1308801268,심현천,383196260,90.036,428855784,11484931,Y,-2.0,2.0,178
R26BK01723512,2026-09-16,경상북도 포항시,열린관광지 조성사업(영일대해수욕장 토목공사),주식회사 진성토목,3048116529,김원효,80808587,90.452,89590000,6117512,Y,-3.0,3.0,62
R26BK01721840,2026-09-16,인천광역시 연수구,2026년 연수구 하반기 하수도 구조물 정비공사(연간단가),주식회사 신기원이앤씨,1318148520,양해익,44407964,90.261,49676000,2420250,Y,-3.0,3.0,225
R26BK01720013,2026-09-16,전북특별자치도교육청 전북특별자치도전주교육지원청,전주한들초 식생활관 리모델링 전기공사,주식회사 세현,4078117749,배성철,255047300,90.259,280499000,14154680,Y,-3.0,3.0,1098
R26BK01723020,2026-09-16,법무부 서울출입국.외국인청,서울출입국·외국인청 민원카운터 제작·설치공사,주식회사 디자인이루,8098103285,정연실,96952585,90.167,107800000,4426929,Y,-2.0,2.0,1069
R26BK01723326,2026-09-16,충청북도 제천시,한방생명과학관 냉난방기 교체공사,(주)의림공영,3048120208,이동규,95737900,89.918,105120000,1779273,Y,-3.0,3.0,14
R26BK01722356,2026-09-16,경상북도 칠곡군,남원2리(진밭골) 도로정비공사,주식회사 칠곡건설,6498700975,김광환,113719540,90.254,125700000,6088094,Y,-3.0,3.0,59
R26BK01705587,2026-09-16,경기도교육청,(가칭)왕숙1유 신축 기계설비공사,하나이앤지 주식회사,2198107469,이명우,1721843780,89.259,1940852000,87272452,Y,-3.0,3.0,701
R26BK01721594,2026-09-16,한국석유공사,용인지사 매설 송유관 부식 부위 보수 공사,주식회사 동양산업이엔지,6108167544,전성오,177221000,90.85,196000200,18881988,Y,-2.0,2.0,46
R26BK01721916,2026-09-16,경상북도교육청 경상북도봉화교육지원청,도촌초등학교 태양광 발전설비 설치 부대토목 및 진입로 포장공사,주식회사 태승건설,8028800194,이숙정,68563420,90.473,75240000,4728554,Y,-3.0,3.0,36
R26BK01720287,2026-09-16,국토교통부 부산지방국토관리청 진주국토관리사무소,국도26호선 함양 서상지구 등 도로시설물 정비공사,주식회사 태극산업,6138143314,김현곤,297820950,90.888,327000000,36446965,Y,-2.0,2.0,464
R26BK01721362,2026-09-16,충청남도교육청 충청남도천안교육지원청,성환중학교 외부환경(배수로) 개선공사,글로벌테크놀로지 주식회사,3128173574,김건호,79165560,90.31,88646000,4393517,Y,-3.0,3.0,48
R26BK01723222,2026-09-16,기후에너지환경부 영산강홍수통제소,공사 공고(2026년 하반기 수문조사시설 개선 및 정비사업),주식회사신광건설,4168121233,박상옥,575204000,90.212,638190000,28930599,Y,-2.0,2.0,1532
R26BK01718760,2026-09-16,에스케이일렉링크 주식회사,전기차 충전기 구축 공사 25차,주식회사 이모션플레이스,2498603455,문병주,236170000,90.119,,,,,,5
R26BK01719795,2026-09-16,경상북도 구미시 농업기술센터,[민간입찰대행]2026년 기후변화 대응 복숭아 비가림 활용 시범사업(복숭아 시설하우스 공사)(배0),주식회사 세진건공,5138181681,황옥순,89222266,90.011,100000000,2530312,Y,-3.0,3.0,109
R26BK01723358,2026-09-16,경상남도 사천시,남일마레 워케이션 거점센터 조성사업(건축),(주)덕성건업,6088125634,김영작,1396007700,89.37,1563617000,86776336,Y,-3.0,3.0,716
R26BK01720545,2026-09-16,국토교통부 익산지방국토관리청 전주국토관리사무소,국도21호선 전주 전미 이동식검문소 개선공사,유한회사 든든건설,4028121705,홍순희,323720200,90.396,359700000,22740276,Y,-2.0,2.0,444
R26BK01708319,2026-09-16,베올리아산업개발코리아 주식회사,대형파쇄기 칼날 교체작업,주식회사 다원산업,1378623366,이재만,86090076,90.049,95810000,1959994,Y,-3.0,3.0,11
R26BK01718132,2026-09-16,충청남도 서천군,서천군 연안정비구간 시설물 유지보수공사,주식회사 상지토건,6298703037,김미라,70483093,90.444,78556000,4553116,Y,-3.0,3.0,62
R26BK01722377,2026-09-16,대구광역시교육청 대구광역시동부교육지원청,신아중학교 외 1교(불로중) 옥상방수공사(긴급),(주)다원아이디,5048136052,정영준,179946159,90.695,195160000,10957277,Y,-3.0,3.0,122
R26BK01721491,2026-09-16,주식회사 펌프킨,"22. 함안군, 전기승합차 거점 기반 eBAB 충전서비스(동일익스프레스)",수도전력,6092148640,김용철,45540000,90.021,,,,,,3
R26BK01722129,2026-09-16,인천광역시 강화군,2026년 하반기 법정도로 노면표시 도색공사(연간단가),뉴웨이건설(주),1378197349,한광연,88873110,90.076,98439000,3138550,Y,-3.0,3.0,28
R26BK01729632,2026-09-15,한국농어촌공사 경남지역본부 함안지사,(한해대책)혈곡저수지 신음천 간이양수장 설치 및 관설치 공사,주식회사 대호건설,1608103439,조우제,19000000,88.171,,,,,,1
R26BK01718937,2026-09-16,인천광역시 종합건설본부,국지도98호선(도계~마전) 도로개설 지장물 이설 정보통신공사,(주)아이시에스솔루션스,1138612316,진규림,362241000,90.284,395800900,19780121,Y,-3.0,3.0,436
R26BK01719733,2026-09-16,경상북도 구미시,도시열섬완화숲 조성사업(산동지구),주식회사 해성산림,2058601516,조춘화,418301000,90.187,463310000,19990000,Y,-3.0,3.0,809
R26BK01721966,2026-09-16,경상북도교육청 경상북도봉화교육지원청,도촌초등학교 태양광 발전설비 설치 전기공사,주식회사 새연전력,1248748790,박찬오,44890470,90.444,49360000,2420116,Y,-3.0,3.0,24
R26BK01719518,2026-09-16,경상남도 양산시 상하수도사업소,신도시정수장 입상활성탄 교체공사,주식회사 청명건설,7168701162,이상완,34370190,90.476,38660000,1259321,Y,-3.0,3.0,27
R26BK01706130,2026-09-16,서울특별시 종로구,"삼청공원 실내놀이복합문화공간 조성공사(건축, 토목, 기계)(장기계속)",목인건설 주식회사,3098600482,박상구,1880241000,89.339,2138744000,107126498,Y,-3.0,3.0,790
R26BK01719820,2026-09-16,전북특별자치도교육청 전북특별자치도전주교육지원청,전주푸른샘유치원 식생활관 환기설비개선 기계설비공사,유한회사 테마아이디시,4188131324,이춘성,260385700,90.249,288321000,13773771,Y,-3.0,3.0,280
R26BK01722316,2026-09-16,전남광주통합특별시 목포시,외달도 보타닉가든 전망대 조성공사,세림종합건설(주),4088176227,이성율,155334740,90.336,171580000,9375513,Y,-3.0,3.0,42
R26BK01714998,2026-09-16,경상북도교육청 경상북도영양교육지원청,일월초등학교 햇빛이음사업 태양관발전설비 설치 전기공사,주식회사 한신,5088128796,이준일,52814489,90.253,58570000,2736628,Y,-3.0,3.0,12
R26BK01723626,2026-09-16,전남광주통합특별시 나주시,공산 가송지구 흙수로 구조물화사업,주식회사 양전건설,6418601987,김혜란,44112048,90.225,48920000,2254782,Y,-3.0,3.0,97
R26BK01718921,2026-09-16,경상북도 봉화군 청량산도립공원관리사무소,도립공원 안내소 및 화장실 신축공사(전기),(주)삼보기업,5128112269,강호순,24597946,90.299,27170000,1411790,Y,-3.0,3.0,25
R26BK01721752,2026-09-16,충청북도교육청,단재교육연수원 본원 냉난방개선 전기공사 수의계약 견적제출 안내 공고,동수전력,3012788075,이일근,111136999,90.366,124157000,7351500,Y,-3.0,3.0,849
R26BK01721085,2026-09-16,인천광역시 상수도사업본부,송림동 8-745 일원 2차포장 복구공사,중양산업건설 주식회사,1198115733,나양종,40369530,90.571,44792000,3509575,Y,-3.0,3.0,202
R26BK01718093,2026-09-16,충청남도 서천군,서천읍 농어촌도로301호(신송) 확포장공사,주식회사 도곡개발,5128108412,임석빈,444534000,90.249,489070000,24058890,Y,-3.0,3.0,426
R26BK01723132,2026-09-16,경상북도 청송군,2026년 현서지구 덩굴제거사업,주식회사 성주임업,5108127543,오창훈,34715000,89.926,39010000,439723,Y,-3.0,3.0,23
R26BK01722183,2026-09-16,경상남도 남해군,"이동면 봉곡마을회관 신축공사(건축, 기계)",주식회사 금강종합건설,6088123242,박영순,231519100,90.324,257389000,11882208,Y,-3.0,3.0,13
R26BK01715226,2026-09-16,전남광주통합특별시 나주시,노안면 월정마을 배수로 정비공사,(주)전통,4128102705,김현수,57661960,90.279,63554000,3180969,Y,-3.0,3.0,34
R26BK01708102,2026-09-16,경상남도교육청 경상남도진주교육지원청,신진초등학교 별관동 계단실보수 및 바닥교체공사  수의계약 안내 공고,주식회사 본건축인테리어,5688801648,황용운,181376670,90.396,201003000,12615702,Y,-3.0,3.0,89
R26BK01682318,2026-09-16,조달청 부산지방조달청,청룡초등학교 공간재구조화 리모델링 및 기타공사(계속비),주식회사 동인종합건설,7578700242,황인호,6906841000,88.679,7877190000,419770997,Y,-3.0,3.0,144
R26BK01718671,2026-09-15,전북특별자치도 고창군,(입찰대행)흥덕경로당 신축공사,유한회사 궁전건설,4048122530,김형영,321158800,90.416,358017000,15440937,Y,-3.0,3.0,18
R26BK01724387,2026-09-16,경상남도 하동군,하동군청 주차장 정비공사(총괄분),주식회사 바른건설,7108101236,박진조,170302881,90.273,187710000,7411170,Y,-3.0,3.0,20
R26BK01710699,2026-09-16,조달청 서울지방조달청,동고양세무서 청사신축(소방),원진종합건설주식회사,2098132317,원철희,910944516,90.328,1017479000,57116384,Y,-2.0,2.0,1080
R26BK01724146,2026-09-16,부산광역시교육청 부산광역시북부교육지원청,주례여자중학교 외벽보수공사,주식회사경덕건설,6228125737,김해수,219300000,90.345,241867000,14178063,Y,-3.0,3.0,497
R26BK01723881,2026-09-16,경상남도 진주시,제2정수장 여과지 지하 배관도장공사,주식회사 덕경,7918801215,이세기,79310437,90.403,88000000,5161912,Y,-3.0,3.0,53
R26BK01719803,2026-09-16,경기도 화성시 만세구,서신면 광평리~전곡리 보도설치공사,주식회사 영우건설,1288631159,장용석,345776422,90.87,379420000,40412487,Y,-3.0,3.0,58
R26BK01705740,2026-09-16,경기도교육청,갈매역세권지구 학교 신축 통신공사,(주)신한종합정보통신,1348136038,조봉성,1618942638,89.465,1799100000,115588876,Y,-3.0,3.0,1942
R26BK01721946,2026-09-16,전북특별자치도 고창군,공공형 실내외 어린이놀이시설 조성사업,명지건설 유한회사,4048118720,김병철,56411526,90.358,63378000,2593774,Y,-3.0,3.0,105
R26BK01718519,2026-09-16,서울특별시 은평구,숭실고등학교 인근 무장애숲길 조성사업,(주)아이포조경건설,2048649235,박주은,462653000,90.403,519023000,29199871,Y,-3.0,3.0,61
R26BK01723614,2026-09-16,전남광주통합특별시 나주시,남평 남석지구 흙수로 구조물화사업,(주)두광건설,4108197507,이상길,74638450,90.326,83267000,4639655,Y,-3.0,3.0,97
R26BK01721712,2026-09-16,국토교통부 원주지방국토관리청 강릉국토관리사무소,국도46호선 진부E5지구 낙석산사태 정비공사,대창건설(주),2248111567,이대균,1249649000,89.734,1383800000,122366531,Y,-2.0,2.0,623
R26BK01722136,2026-09-16,충청남도교육청 충청남도예산교육지원청,예산학생수영장 지붕교체공사,두성건설산업(주),2388701925,이정대,814395310,90.331,903759000,49155205,Y,-3.0,3.0,76
R26BK01723592,2026-09-16,전남광주통합특별시 나주시,공산면 복용지구 기계화경작로 확포장사업,유한회사 동국건설,4128142065,김승곤,24661920,90.318,27237000,1519230,Y,-3.0,3.0,97
R26BK01722270,2026-09-16,경상남도 동부도로관리사업소,지방도1011호선 의령 신현지구 배수로 정비공사,주식회사 대호,1388115485,김관호,158400300,90.218,174150000,8081604,Y,-3.0,3.0,1064
R26BK01721131,2026-09-16,강원특별자치도 영월군,팔흥교 재해위험개선지구 호안정비공사,(주)부일건설,2248119521,김소희,345002002,90.551,378190000,27671451,Y,-3.0,3.0,33
R26BK01722357,2026-09-16,경상남도 양산시 웅상출장소,2026년 하천산책로(제3가동보~우불산신사) 풀베기사업(3회차),성원개발 주식회사,7378702945,박성원,24597800,90.009,27723000,460832,Y,-3.0,3.0,50
R26BK01714940,2026-09-16,과학기술정보통신부 우정사업본부 우정사업조달센터,인제우체국 건립 소방공사,태광전기소방주식회사,2228123771,박성호,102314540,90.388,113915000,7077472,Y,-2.0,2.0,263
R26BK01698669,2026-09-16,조달청 대전지방조달청,(가칭)아산탕정2고등학교 교사 신축 전기공사,에이원파워 주식회사,5958701717,노신덕,3420503798,89.43,3804592000,232621776,Y,-3.0,3.0,878
R26BK01724418,2026-09-16,국토교통부 원주지방국토관리청 강릉국토관리사무소,2026년도 강릉국토 관내 염수분사시설 유지관리공사,주식회사 청수이앤씨,6328101334,신영숙,245770826,90.501,270000000,19950490,Y,-2.0,2.0,213
R26BK01719507,2026-09-16,한국철도공사 회계통합센터,수도권동부본부 송전철탑 추락방지장치 개량공사,홍성전력,1400154193,홍성봉,393308000,90.45,433271000,29895280,Y,-2.0,2.0,3230
R26BK01719454,2026-09-16,한국철도공사 회계통합센터,★교류전철실적보유★중앙선 구리SS 등 2개소 단권변압기 개량공사,주식회사 덕양,4088197386,장성영,328045700,90.212,366670000,15278587,Y,-2.0,2.0,62
R26BK01723376,2026-09-16,김천시산림조합,2026년 산불예방숲가꾸기사업(은선암1지구),삼원산림(주),2218146863,김영준,65242700,90.025,72446000,800823,Y,-3.0,3.0,10
R26BK01723877,2026-09-16,충청북도 음성군,대소읍 오류리 650-6 교통신호등 설치 공사,주식회사 한일전기이엔지,3038151412,이재봉,65939230,91.131,72683000,9393258,Y,-3.0,3.0,52
R26BK01720653,2026-09-16,경북대학교병원,방사선종양학과 리모델링 공사(기계설비)(긴급),미주건업주식회사,5148164384,고광석,174096597,90.548,193770403,14790080,Y,-2.0,2.0,214
R26BK01723188,2026-09-16,경상남도 창원시 마산회원구,2026년 은행나무 가로수 열매 채취 공사(시내권),산해건설 주식회사,4628802558,신철식,33843250,89.973,38000000,453755,Y,-3.0,3.0,94
R26BK01723224,2026-09-16,김천시산림조합,2026년 산불예방숲가꾸기사업(백련암2지구),주식회사 주영임업,5218802935,손길준,87873600,89.941,96899000,1074860,Y,-3.0,3.0,10
R26BK01724283,2026-09-16,논산계룡산림조합,2026년 산불예방 숲가꾸기사업,주식회사 산들누리,8518601963,이수미,72233100,90.305,81279000,1346477,Y,-3.0,3.0,8
R26BK01723322,2026-09-16,김천시산림조합,2026년 산불예방숲가꾸기사업(백련암3지구),주식회사 수경산림,2178150223,김경수,82610700,89.964,92367000,1030957,Y,-3.0,3.0,10
R26BK01724116,2026-09-16,부산광역시교육청 부산광역시북부교육지원청,대천리중학교 독서환경개선공사,주식회사 신산건설,8138703480,최민호,109584100,90.253,121869000,6018068,Y,-3.0,3.0,515
R26BK01719831,2026-09-16,전북특별자치도교육청 전북특별자치도익산교육지원청,이리동북초 강당 내진보강 및 기타 수선공사,주식회사 리드,2258114704,윤일남,785122000,90.339,870667000,50307997,Y,-3.0,3.0,650
R26BK01723995,2026-09-16,충청북도 제천시,2026년 교통사고 잦은 곳 개선사업(전기),주식회사 진정보,3178122949,김소진,178614591,90.254,200360000,9699553,Y,-3.0,3.0,703
R26BK01714981,2026-09-16,대구광역시 동구,동부경찰서 남측 회전교차로 설치공사,초전산업 주식회사,5028622028,우지훈,203064000,90.616,226920000,12601895,Y,-3.0,3.0,20
R26BK01722420,2026-09-16,경기도 안산시,원곡동 일원 노후 수도관 정비공사,대원건설(주),1288138370,천영복,961543080,90.914,1064182000,120519884,Y,-3.0,3.0,807
R26BK01719542,2026-09-16,울산참사랑의집,울산참사랑의집 옥상방수 공사,주식회사 케이원플랜텍,1188801647,원구연,48398438,89.979,53504000,1144978,Y,-3.0,3.0,106
R26BK01722938,2026-09-16,강원특별자치도 삼척시,삼척생활문화체육공원 단지 내 도로정비공사,주식회사 오봉건설,4808800316,김영철,67211300,90.401,74400000,3945362,Y,-3.0,3.0,35
R26BK01724370,2026-09-16,대전광역시 중구,석교동 돌다리마을 활력센터 신축 공사(통신),(주)태원시스템,3148661012,김대석,143858850,90.432,160301000,10312624,Y,-3.0,3.0,332
R26BK01723992,2026-09-16,충청북도 보은군,공설운동장 시설 개보수사업,주식회사 우현이앤지,3178100232,윤상원,105650000,90.737,117227000,10050031,Y,-3.0,3.0,10
R26BK01720433,2026-09-16,경상북도 구미시 농업기술센터,[민간입찰대행]2026년 기후변화 대응 복숭아 비가림 활용 시범사업(복숭아 시설하우스 공사_전0),남선기공사,5130568379,장형호,90141130,90.014,100000000,2530312,Y,-3.0,3.0,108
R26BK01724268,2026-09-16,김천시산림조합,2026년 산불예방숲가꾸기사업(대성지구),청구 영림(주),5138140676,김건호,80252570,91.109,87232000,956390,Y,-3.0,3.0,8
R26BK01720569,2026-09-16,경북대학교병원,방사선종양학과 리모델링 공사(소방)(긴급),세원전설주식회사,5028195996,김용두,181088556,90.432,202187254,12882745,Y,-2.0,2.0,216
R26BK01722850,2026-09-16,강원특별자치도 삼척시,하장면 용수천 소하천 유지관리공사,두은건설주식회사,5448600862,김영두,27716260,90.355,30590000,1734619,Y,-3.0,3.0,65
R26BK01721363,2026-09-16,경북대학교병원,방사선종양학과 리모델링 공사(건축)(긴급),주식회사 이수종합건설,5148167362,김현기,468114700,90.409,521619607,32810414,Y,-2.0,2.0,393
R26BK01724263,2026-09-16,김천시산림조합,2026년 산불예방숲가꾸기사업(덕산지구),청구 영림(주),5138140676,김건호,95647710,92.523,102847000,1116612,Y,-3.0,3.0,8
R26BK01719641,2026-09-16,경상북도교육청 경상북도칠곡교육지원청,왜관초등학교 교사동 교실출입문개체공사,주식회사 에이치에스디,3828800730,조영일,205880589,90.303,230252000,12053021,Y,-3.0,3.0,428
R26BK01723428,2026-09-16,김천시산림조합,2026년 산불예방숲가꾸사업(은선암지구3지구),청구 영림(주),5138140676,김건호,94380000,90.654,103719000,1114342,Y,-3.0,3.0,10
R26BK01724169,2026-09-16,부산광역시교육청 부산광역시북부교육지원청,대천리중학교 독서환경개선 전기공사,부경전력,6060493907,배판석,24342340,90.32,27258000,1506462,Y,-3.0,3.0,856
R26BK01722949,2026-09-16,강원특별자치도 삼척시,도계 유리나라 입구 운탄고도 노선정비사업,주식회사 진성이엔씨,6678601301,김진우,59932524,90.435,67130000,3625163,Y,-3.0,3.0,67
R26BK01723086,2026-09-16,김천시산림조합,2026년 산불예방숲가꾸기사업(백련암1지구),주식회사 금송임업,3548802844,김동인,65038770,90.052,72017000,794753,Y,-3.0,3.0,10
R26BK01721605,2026-09-16,경상북도교육청 경상북도구미교육지원청,(긴급)구미중학교 다목적강당 보수공사 입찰 공고,주식회사 온정종합건설,6168179465,박성호,978771300,90.297,1087020000,57848691,Y,-3.0,3.0,859
R26BK01722630,2026-09-16,경기도 동두천시,제1차 우리마을 주거환경 개선사업 부지조성공사,테이크원 주식회사,3128112029,임채현,35611690,90.355,39171000,1107103,Y,-3.0,3.0,12
R26BK01724255,2026-09-16,김천시산림조합,2026년 산불예방숲가꾸기사업(관기지구),주식회사 주영임업,5218802935,손길준,92299100,90.283,103353000,1156783,Y,-3.0,3.0,8
R26BK01721504,2026-09-16,한국농어촌공사 충북지역본부 보은지사,장안면 기초생활거점조성사업 토목건축기계공사,(주)신라종합건설,3018139504,이준용,1651333000,89.333,1848198000,96298942,Y,-2.0,2.0,221
R26BK01720512,2026-09-16,충청남도 당진시 당진3동,당진3동 원당동 이팝나무길 문화공간 조성사업,지앤지건설주식회사,5058163455,구자범,143471410,90.2,159023000,4830218,Y,-3.0,3.0,34
R26BK01724178,2026-09-16,충청북도 보은군,스포츠파크 시설 개보수사업,주식회사 우현이앤지,3178100232,윤상원,218065820,90.423,242560000,15532424,Y,-3.0,3.0,10
R26BK01718394,2026-09-16,세종특별자치시 세종북부소방서,세종북부소방서 소방청사 환경 개선 공사 2인 이상 견적제출 수의계약 안내 공고,주식회사 강일건설,8098801272,강은주,48421650,89.954,54428000,1097493,Y,-3.0,3.0,58
R26BK01722731,2026-09-16,경상남도 산림환경연구원,2026년 도유림 조림지가꾸기사업(풀베기2차),주식회사 숲사랑,5778602235,오해은,57553600,89.873,64420000,725116,Y,-3.0,3.0,145
R26BK01723242,2026-09-16,충청북도 음성군,구매립장 전기보수 및 기타공사,주식회사 금성에너지,4118185789,이동열,91853280,90.17,101994900,3807497,Y,-3.0,3.0,53
R26BK01724077,2026-09-16,한국철도공사 회계통합센터,철도직원자녀기숙사 석면철거에 따른 통신공사,주식회사유진솔루션,1078151890,이훈희,47200794,89.889,52409000,737730,Y,-2.0,2.0,1059
R26BK01723399,2026-09-16,김천시산림조합,2026년 산불예방숲가꾸기사업(은선암2지구),주식회사 주영임업,5218802935,손길준,98211800,90.017,109560000,1186175,Y,-3.0,3.0,10
R26BK01730594,2026-09-15,한국농어촌공사 경남지역본부 울산지사,울주군 평동항 어촌신활력증진사업 전기공사,지에스전력,7580503265,김두옥,45000000,90.086,,,,,,1
R26BK01721486,2026-09-16,경북대학교병원,방사선종양학과 리모델링 공사(통신)(긴급),주식회사 길호,5148801511,김기태,115093542,90.622,126427451,10824895,Y,-2.0,2.0,334
R26BK01724273,2026-09-16,김천시산림조합,2026년 산불예방숲가꾸기사업(울곡지구),주식회사 숲으로,4108800258,김연희,87965900,90.69,95862000,1061406,Y,-3.0,3.0,8
R26BK01724234,2026-09-16,경상북도 예천군,국가하천 내성천 지보지구 제방 예초사업(하반기),국태조경 주식회사,5128105598,조봉기,49324000,90.023,54600000,637070,Y,-3.0,3.0,18
R26BK01723666,2026-09-16,경기도교육청 경기도부천교육지원청,부천삼정초 교사동 옥상방수 및 샌드위치패널 개선공사,가영종합건설(주),2158192042,이영근,233756400,90.313,255002000,13790545,Y,-3.0,3.0,44
R26BK01724253,2026-09-16,경상북도 예천군,국가하천 내성천 개포지구 제방 예초사업(하반기),태성건설주식회사,7678700235,김창현,38397700,90.002,43000000,502470,Y,-3.0,3.0,18
R26BK01724280,2026-09-16,김천시산림조합,2026년 산불예방숲가꾸기사업(강곡지구),주식회사 포레피아,8398800916,한양석,92507600,90.287,103626000,1135660,Y,-3.0,3.0,8
R26BK01720171,2026-09-16,경북대학교병원,방사선종양학과 리모델링 공사(전기)(긴급),온누리전기,5832900980,안형준,266485570,90.528,293260784,22485990,Y,-2.0,2.0,688
R26BK01724193,2026-09-16,경상북도 예천군,국가하천 내성천 호명지구 제방 예초사업(하반기),태성건설주식회사,7678700235,김창현,47860700,89.925,53700000,627096,Y,-3.0,3.0,18
R26BK01724215,2026-09-16,경상북도 예천군,국가하천 내성천 용궁지구 제방 예초사업(하반기),경북조경 주식회사,5128122831,안성식,59173000,91.023,64500000,753706,Y,-3.0,3.0,18
R26BK01723761,2026-09-16,경북 청송군산림조합,2026년도 황목리 황목골지구 산불피해지 위험목제거사업(긴급벌채),숲지도,3626600660,김정호,82898250,90.404,92152000,4931497,Y,-3.0,3.0,36
R26BK01722835,2026-09-16,경기도 부천시,역곡하수처리시설 방류펌프 및 하천유지용수펌프 교체공사,주식회사 청호엔텍,1308175742,김학광,54659000,90.529,60390000,4447322,Y,-3.0,3.0,50
R26BK01721391,2026-09-16,전북특별자치도 남원시,2026년 하반기 2지역 보안등 신규 설치공사,더원전기,8943900593,정윤호,43003229,90.28,47850000,2125136,Y,-3.0,3.0,79
R26BK01723413,2026-09-16,경북 청송군산림조합,2026년도 지경리 오리밭골지구 산불피해지 위험목제거사업(긴급벌채),주왕산 그린,4246700780,조용광,144820729,90.306,159065000,8408501,Y,-3.0,3.0,38
R26BK01715170,2026-09-16,경상북도 영양군,영양 하담고택 보수정비사업,주식회사 석경,6628101392,이언정,264398254,90.484,294090000,16998677,Y,-3.0,3.0,53
R26BK01718060,2026-09-16,서울특별시,응집·침전지 스컴제거설비 설치 기계공사,지앤씨쿨링주식회사,1318601160,이상민,448850600,90.242,499399000,24075835,Y,-3.0,3.0,596
R26BK01723136,2026-09-16,경북 청송군산림조합,2026년도 부곡리 시기밭골지구 산불피해지 위험목제거사업(긴급벌채),청양임업개발,5280703498,권성용,95413483,90.292,105368000,5531779,Y,-3.0,3.0,38
R26BK01722941,2026-09-16,경상남도 밀양시,2026년 간선임도 개설사업(청도두곡지구),주식회사 태송,6118114996,김경수,125585000,90.692,138600000,7244130,Y,-3.0,3.0,4
R26BK01723734,2026-09-16,경상북도 영덕군,2026년 임도 풀베기사업 견적제출 안내공고,주식회사 양호산림,3868802818,김호용,28610189,89.947,31900000,576194,Y,-3.0,3.0,21
R26BK01723286,2026-09-16,경북 청송군산림조합,2026년도 후평리 신당골지구 산불피해지 위험목제거사업(긴급벌채),경북산림개발,6897800480,박재연,111636200,90.317,124905000,6593805,Y,-3.0,3.0,36
R26BK01723198,2026-09-16,경상남도 밀양시,밀양시 종합사회복지관 이전 건립공사(통신),주식회사 이콘,6068183787,김병근,278354290,90.42,307662000,20239860,Y,-3.0,3.0,457
R26BK01723134,2026-09-16,경상남도 밀양시,용평1통 마을진입로 정비공사,유한회사 예성건설,5848702074,황성수,68145250,90.28,75100000,3521863,Y,-3.0,3.0,109
R26BK01723617,2026-09-16,경북 청송군산림조합,2026년도 시량리 텃골지구 산불피해지 위험목제거사업(긴급벌채),주식회사해숲,6958803346,정태희,94815450,90.301,104397000,5568442,Y,-3.0,3.0,36
R26BK01721366,2026-09-16,전북특별자치도 남원시,2026년 하반기 1지역 보안등 신규 설치공사,주식회사 화양,6568702229,정소미,39242868,90.209,43450000,1968895,Y,-3.0,3.0,79
R26BK01722562,2026-09-16,한국농어촌공사 강원지역본부 홍천.춘천지사,횡성군 횡성용수간선 개거보수 유지관리 공사,부흥건설(주),2248101962,서진환,83634806,90.618,93121000,6563630,Y,-2.0,2.0,62
R26BK01722989,2026-09-16,경북 청송군산림조합,2026년도 후평리 사태골지구 산불피해지 위험목제거사업(긴급벌채),범진임업,5900603574,이혜지,107262030,90.461,118946000,6281773,Y,-3.0,3.0,36
R26BK01730715,2026-09-16,국가유산청 국립고궁박물관,국립고궁박물관 훈증실 방폭등 설치공사,광진전기공사,1261672791,고우옥,18827100,95.0,,,,,,1
R26BK01719605,2026-09-16,충청북도 청주시,목련공원 제2자연장지 기능보강 공사,(자)금왕건설,3038107139,김영희,504546494,90.291,561060000,29725668,Y,-3.0,3.0,596
R26BK01723351,2026-09-16,경북 청송군산림조합,2026년도 후평리 아랫돈골지구 산불피해지 위험목제거사업(긴급벌채),경북산림개발,6897800480,박재연,116479530,90.388,130322000,6897139,Y,-3.0,3.0,38
R26BK01715038,2026-09-16,경기도 부천시,굴포하수처리시설 유입펌프동 균열보수공사,(주)해담에이앤씨,1108181968,유연옥,301828100,90.622,333600000,28458458,Y,-3.0,3.0,587
R26BK01723217,2026-09-16,경상남도 밀양시,밀양시 종합사회복지관 이전 건립공사(전기),주식회사 가창전기,4068106007,이영남,713546744,90.425,791935000,52175370,Y,-3.0,3.0,1218
R26BK01722238,2026-09-16,경상북도 경주시,2026년 노인요양시설 확충(기능보강) 사업,한일건설(주),5058129651,김진혁,200253040,90.362,220913000,12135170,Y,-3.0,3.0,55
R26BK01723189,2026-09-16,경기도 평택시,죽백초등학교 앞 도로확장사업,우광종합건설주식회사,1258139889,황강영,78363900,90.167,87602000,3506857,Y,-3.0,3.0,27
R26BK01674978,2026-09-16,조달청 대전지방조달청,한국식품안전관리인증원 청사 신축청사(소방),주식회사 인덕,8378700174,유정아,1261435229,89.374,1417442000,77992288,Y,-2.0,2.0,268
R26BK01722294,2026-09-16,전북특별자치도 남원시,2026년 친환경에너지타운 미꾸리양식단지 바이오가스 에너지화 시설공사(기계설비),(유)하나엔지니어링,4028131969,장현상,759939000,90.174,842731000,29226578,Y,-3.0,3.0,35
R26BK01722936,2026-09-16,경북 청송군산림조합,2026년도 덕리 분채골지구 산불피해지 위험목제거사업(긴급벌채),범진임업,5900603574,이혜지,98733460,90.334,109487000,5794839,Y,-3.0,3.0,38
R26BK01724111,2026-09-16,제주특별자치도 서귀포시,남원 파크골프장 공인 정비공사,디에스엠 주식회사,3788803626,백정훈,71879660,90.229,78799000,3540562,Y,-3.0,3.0,186
R26BK01723167,2026-09-16,경상남도 밀양시,밀양연극교육체험관 건립사업 통신공사,(주)엠에스티,3128168260,천분이,379333134,90.417,415338000,27156781,Y,-3.0,3.0,452
R26BK01722112,2026-09-16,세종특별자치시 상하수도사업소,상수도 시설물 유지보수 단가계약,동우건설주식회사,1028601541,박헌철,63542600,90.165,70000000,2688310,Y,-3.0,3.0,31
R26BK01722962,2026-09-16,전북특별자치도 남원시,산내면 중황천 수해복구공사,(유)토우,4078109744,이 금 숙,67503500,90.069,75075000,2313739,Y,-3.0,3.0,83
R26BK01723247,2026-09-16,경상남도 밀양시,밀양시 종합사회복지관 이전 건립공사(소방),주식회사 대성에이원,4928100440,최성득,545509060,90.314,609684000,33192854,Y,-3.0,3.0,338
R26BK01723490,2026-09-16,경북 청송군산림조합,2026년도 후평리 큰골지구 산불피해지 위험목제거사업(긴급벌채),예송산림,8760803583,김현중,77582000,90.327,85888000,4529963,Y,-3.0,3.0,38
R26BK01723082,2026-09-16,경상남도 밀양시,상부마을 안길 정비공사,금오건설주식회사,3178104238,김희돈,47374500,90.15,52710000,2065923,Y,-3.0,3.0,109
R26BK01721153,2026-09-16,서울시설공단,교통관리시스템 노후 무인통신중계소 교체 공사,신용통신 주식회사,1078162397,김형종,39206100,90.441,43120000,2936851,Y,-3.0,3.0,1002
R26BK01720333,2026-09-16,경기도교육청 경기도성남교육지원청,상원초 온동네 돌봄교육센터 리모델링 기계설비공사,하이원테크 주식회사,8968602548,조태영,267172000,90.265,293909000,14967472,Y,-3.0,3.0,772
R26BK01723711,2026-09-16,경북 청송군산림조합,2026년도 송강리 사이골지구 산불피해지 위험목제거사업(긴급벌채),진성산림 주식회사,4818703677,진현욱,77368390,90.379,86221000,4649912,Y,-3.0,3.0,36
R26BK01722485,2026-09-16,울산광역시교육청,울산어린이독서체험관 BF보수공사(지반조성.포장),(주)한밭건설,4108177175,임정란,11882999,89.755,13095000,,Y,-3.0,3.0,104
R26BK01718865,2026-09-16,경기도 부천시,굴포하수처리시설 2단계 5~6계열 단면보수공사,아림건설(주),1278153970,윤문선,295246100,90.783,324600000,32512985,Y,-3.0,3.0,586
R26BK01722837,2026-09-16,경기도 안산시,관산공원 환경개선사업,시민조경,1341015504,손인호,63038260,90.339,70040000,3473776,Y,-3.0,3.0,46
R26BK01718136,2026-09-16,대전광역시교육청 대전광역시동부교육지원청,대전판암초 강당수선 및 기타공사(전문),보강건설주식회사,3068133505,심대식,269099190,90.362,298119000,17398100,Y,-3.0,3.0,53
R26BK01730468,2026-09-15,강원특별자치도 원주시 농업기술센터,지정면 가곡리 1051번지 일원 구거정비공사,국민환경개발(주),3488701799,황시영,19727100,89.997,,,,,,1
R26BK01730449,2026-09-15,강원특별자치도 원주시 농업기술센터,소초면 둔둔리 773번지 외 3개소 농업생산기반시설 정비공사,주식회사 항공건설,2248142702,김행란,37467000,90.0,,,,,,1
R26BK01732010,2026-09-16,한국농어촌공사 전남지역본부 구례지사,(가뭄대비)신월야수장 외 5개소 전기설비 설치공사,(주)이앤아이,2968600376,고은주,15780000,90.006,,,,,,1
R26BK01722820,2026-09-16,국토교통부 부산지방국토관리청 김해국토관리사무소,국도31호선 울주 온산공단 도로시설 정비공사,주식회사 상현건설,4088152244,원윤주,2787440377,89.414,3110900000,175019732,Y,-2.0,2.0,57
R26BK01722804,2026-09-16,대구광역시 남구,용두낙조 지하차도 입구 방호시설 긴급 설치공사,(주)태명건설,5028129763,곽덕섭,148994000,90.496,164910000,12022948,Y,-3.0,3.0,150
R26BK01721516,2026-09-16,행정안전부 정부청사관리본부 대전청사관리소,정부대전청사 새롬어린이집 장판 교체공사,주식회사 동부아트,3178132170,이현구,82705367,89.966,92323000,1963865,Y,-2.0,2.0,282
R26BK01724134,2026-09-16,경기도 안성시 주거환경국 상수도과,구례가압장 시설개선공사(긴급),도일종합건설 주식회사,2278113531,송은경,439597689,90.574,490200000,38654849,Y,-3.0,3.0,713
R26BK01711930,2026-09-16,국가유산청 궁능유적본부 조선왕릉동부지구관리소,남양주 홍릉과 유릉 소나무재선충병 긴급 예방사업(고사목 정비),(주)예림나무병원,2148854398,박삼덕,154869000,90.499,170847251,12513732,Y,-2.0,2.0,67
R26BK01723103,2026-09-16,경상남도 밀양시,성만배수로 정비공사,(주)대영건설,6158131212,진영대,78452510,90.306,86830000,4731817,Y,-3.0,3.0,109
R26BK01723971,2026-09-16,서울특별시,"2026년 도봉,노원구 관내 상수도시설물 설치 및 보수공사",주식회사 용호건설,1098644503,박평신,980733450,90.733,1085100000,103882633,Y,-3.0,3.0,757
R26BK01723279,2026-09-16,경상남도 밀양시,"밀양시 종합사회복지관 이전 건립공사(건축, 토목, 기계)",씨지종합건설 주식회사,1768800815,이우권,6238384030,88.718,6954552000,406928264,Y,-3.0,3.0,271
R26BK01723849,2026-09-16,경북 청송군산림조합,2026년도 황목리 윗구미골지구 산불피해지 위험목제거사업(긴급벌채),거림임업,6932002282,윤국희,86829940,90.397,97140000,5218074,Y,-3.0,3.0,36
R26BK01722970,2026-09-16,전북특별자치도 남원시,운봉읍 갈매기천 수해복구공사,주식회사 토지건설,4078115402,김도윤,43706340,90.13,48741000,1809703,Y,-3.0,3.0,83
R26BK01723827,2026-09-16,대구광역시 서구,2026년 하반기 가로수 식수대 주변 정비공사,(주)동원조경개발,5028156203,안태렬,75068450,90.286,82880000,4213326,Y,-3.0,3.0,260
R26BK01732073,2026-09-16,한국농어촌공사 전남지역본부 구례지사,가뭄대비 온당양수장 밸브교체 외 6개 기계보수 공사,주식회사 선우기계산업,5308601066,전지연,22770000,90.0,,,,,,1
R26BK01697583,2026-09-16,한국재료연구원,극한소재 실증연구 기반조성사업 부지정비공사,주식회사 씨타조경건설,6088167217,이상호,609940991,90.362,675143000,40251794,Y,-2.0,2.0,405
R26BK01723644,2026-09-16,부경대학교,2026년 미래관 교육연수원 환경개선 설비공사,아성글로벌주식회사,6178137018,김창범,58313310,90.188,65016000,2759490,Y,-2.0,2.0,323
R26BK01718966,2026-09-16,부경대학교,2026년 미래관 교육연수원 환경개선 건축공사,(주)삼영건장,6058155051,조윤설,258113749,90.243,288389000,13669609,Y,-2.0,2.0,377
R26BK01732074,2026-09-16,한국농어촌공사 경남지역본부 창녕지사,도천면 송진리 한해대책공사,토성건설 주식회사,6118108892,김숙자,9370000,89.323,,,,,,1
R26BK01719957,2026-09-15,경상북도 경주시 맑은물사업본부,건천 대곡1리 하수관로 설치공사(3차),수호건설(주),1308802758,이현희,178944320,90.514,199265000,13365113,Y,-3.0,3.0,50
R26BK01722186,2026-09-16,전북특별자치도 군산시,청소년문화의집 복합문화센터 기능보강 소방공사,주식회사 세연,2548800167,최맹순,39500690,90.306,43252000,2196224,Y,-3.0,3.0,39
R26BK01723641,2026-09-16,경기도교육청 경기도용인교육지원청,삼가초 교사동 옥상 방수공사,주식회사 씨앤비,6088800587,이태우,200096090,90.328,222482000,12604339,Y,-3.0,3.0,621
R26BK01722011,2026-09-16,행정안전부 정부청사관리본부,정부세종청사 UPS 철거 및 축전지 교체 전기공사,우성이엔씨 주식회사,8208602634,조한엽,31778003,90.359,35093000,2106846,Y,-2.0,2.0,161
R26BK01723152,2026-09-16,전남광주통합특별시 여수시,소라면 소라천 하상 정비공사,두영토건 주식회사,4088123865,한형관,36028890,89.972,40000000,632326,Y,-3.0,3.0,51
R26BK01719689,2026-09-16,부산광역시교육청,부전도서관 외부포장 및 담장 보수공사(계속비),(주)혁성건설,3038147640,윤수진,296337700,90.354,326590000,19295796,Y,-3.0,3.0,282
R26BK01723943,2026-09-16,경북 청송군산림조합,2026년도 부곡리 옛지골지구 산불피해지 위험목제거사업(긴급벌채),숲지도,3626600660,김정호,96563410,90.391,107341000,5758445,Y,-3.0,3.0,36
R26BK01722137,2026-09-16,충청북도 충주시 하수도사업소,충주하수처리장 등 5개소 보수보강 공사,창조건설 주식회사,5818600779,황선홍,68703700,90.322,76370000,4133018,Y,-3.0,3.0,27
R26BK01723260,2026-09-16,전남광주통합특별시 화순군,화순 야사리 은행나무 모니터링 및 상시관리(2차),모소나무종합병원 주식회사,6728800332,김광섭,35345000,92.947,38600000,1964863,Y,-3.0,3.0,2
R26BK01723046,2026-09-16,경상북도 안동시,안동 산불피해 국가유산 복원(안동 국탄댁) 전기공사,주식회사 씨엔,2978603022,천명환,28062100,90.348,31064000,1757801,Y,-3.0,3.0,116
R26BK01723947,2026-09-16,경상북도 김천시,산지전용허가 소멸지 대행복구공사(남 운곡 215-1 외 1필지),삼원산림(주),2218146863,김영준,237960540,90.275,263109000,13132311,Y,-3.0,3.0,64
R26BK01721145,2026-09-16,경남 거제시 거제수산업협동조합,거제수협 구조라위판장 해수펌프 설치 공사,주식회사 우민공조,8408102725,손현철,45554080,89.989,50336000,1123004,Y,-3.0,3.0,13
R26BK01723212,2026-09-16,전남광주통합특별시 화순군,화순 야사리 느티나무 생육환경 개선 및 상처치료,동서나무종합병원 주식회사,3938800079,김연수,25284000,91.875,27600000,1448961,Y,-3.0,3.0,2
R26BK01724175,2026-09-16,충청북도 청주시,강내 청주하이테크밸리 종점지 조성사업(전기),주식회사 영창테크,4508800197,박정화,59169770,90.286,66132000,3371500,Y,-3.0,3.0,407
R26BK01723011,2026-09-16,경상북도 안동시,관내 수벽 전정공사,(주)길상건설,5088127313,강현준,35780000,89.911,39670000,461534,Y,-3.0,3.0,96
R26BK01723979,2026-09-16,경북 청송군산림조합,2026년도 시량리 예수바위골지구 산불피해지 위험목제거사업(긴급벌채),주식회사 애플산림,5718104055,장명훈,89534200,90.336,99190000,5280452,Y,-3.0,3.0,36
R26BK01630111,2026-09-16,조달청 대전지방조달청,한국식품안전관리인증원 청사 신축공사(통신),세안이엔씨 주식회사,1208117027,이은상,1146557542,89.48,1285787000,83394505,Y,-2.0,2.0,436
R26BK01716475,2026-09-16,대전광역시교육청 대전광역시동부교육지원청,(계속비)대전중앙초 급식실 및 화장실 증축 기계설비공사(전문),주식회사 대건이엔씨,3148169173,김주형,931952734,90.28,1028995000,53301182,Y,-3.0,3.0,203
R26BK01723895,2026-09-16,경북 청송군산림조합,2026년도 지경리 햇골지구 산불피해지 위험목제거사업(긴급벌채),숲지도,3626600660,김정호,105728240,90.349,117536000,6240485,Y,-3.0,3.0,36
R26BK01731176,2026-09-16,한국농어촌공사 경북지역본부 고령지사,[가뭄대책] 한해대책용 사촌간이양수장 긴급설치공사,(주)대광기공,5038616228,현은영,48400000,88.035,,,,,,1
R26BK01723174,2026-09-16,전남광주통합특별시 여수시,쌍봉천 안전시설 설치공사,에코그린 주식회사,5078107293,김한솔,26388260,90.166,29704000,939707,Y,-3.0,3.0,56
R26BK01719637,2026-09-16,산림청 동부지방산림청 태백국유림관리소,2026년 산불방지 안전공간 조성사업,장성임업 주식회사,1268703412,박상기,93300000,89.48,103849000,,Y,-2.0,2.0,2
R26BK01730724,2026-09-16,국가유산청 국립해양유산연구소,직원 편의시설 환경개선 전기공사,(유)사회적기업유비에코,4118166841,이승용,45210000,97.624,,,,,,1
R26BK01732046,2026-09-16,한국농어촌공사 경남지역본부 창녕지사,십이리저수지 긴급준설공사 가뭄대응사업,지비건설 주식회사,3458802194,김지오,16670000,89.321,,,,,,1
R26BK01723997,2026-09-16,경상남도 통영시,야생화 희귀품종 생산시설 구축(입찰대행),아르디엔이 주식회사,6138172143,안은미,304876670,90.14,337568000,12603855,Y,-3.0,3.0,136
R26BK01723536,2026-09-16,한국생산기술연구원,2026년 본원 및 지속가능기술연구소 노후시설 환경개선공사 2차,주)디엔지디자인,8678700267,김은혜,45029100,90.395,50020000,3152767,Y,-2.0,2.0,3091
R26BK01723796,2026-09-16,경기도 성남시,분당구 공원 화장실 시설개선공사(율동공원),주식회사 시우건설산업,5468801162,김주원,275259000,90.246,301856000,14900028,Y,-3.0,3.0,1050
R26BK01723194,2026-09-16,경기도교육청 경기도용인교육지원청,포곡고 교사동 옥상 방수공사,주식회사 위프로,2998700431,한지원,139959290,90.397,156596000,7676741,Y,-3.0,3.0,51
R26BK01722526,2026-09-16,양구군산림조합,2026년 조림지 사후관리사업(풀베기 2차 및 덩굴제거-8지구),양록임업(주),2218148288,김애란,99618000,91.37,109591000,5944530,Y,-3.0,3.0,2
R26BK01722173,2026-09-16,충청남도 아산시,2026년 열린관광지(영인산자연휴양림) 조성사업,주식회사 그린플러스,1118803149,황규린,293516000,90.337,327218000,17964955,Y,-3.0,3.0,225
R26BK01723556,2026-09-16,울산광역시 동구,화암등대길 공영주차장 노면 표시 정비 공사 소액수의 견적제출 안내공고,주식회사 영진기계기술,6588801257,황성일,35310189,89.939,39470000,731437,Y,-3.0,3.0,142
R26BK01722456,2026-09-16,양구군산림조합,2026년 조림지 사후관리사업(풀베기 2차 및 덩굴제거-3지구),양록임업(주),2218148288,김애란,72933000,91.304,80447000,4354282,Y,-3.0,3.0,2
R26BK01722501,2026-09-16,양구군산림조합,2026년 조림지 사후관리사업(풀베기 2차 및 덩굴제거-6지구),양록임업(주),2218148288,김애란,93528000,91.65,102273000,5545456,Y,-3.0,3.0,2
R26BK01722553,2026-09-16,양구군산림조합,2026년 조림지 사후관리사업(풀베기 2차-2지구),양록임업(주),2218148288,김애란,73363000,90.4,80859000,4369136,Y,-3.0,3.0,2
R26BK01722612,2026-09-16,양구군산림조합,2026년 조림지 사후관리사업(풀베기 2차-7지구),(주)엘림,2218133674,심혜경,56710000,92.353,61951000,3355573,Y,-3.0,3.0,2
R26BK01723372,2026-09-16,경기도교육청 경기도용인교육지원청,기흥고 교사동 옥상 방수공사,주식회사 도경개발,1298648992,유은미,94284500,90.272,104148000,5152877,Y,-3.0,3.0,51
R26BK01719034,2026-09-16,서울특별시 도봉구,유만경로당 그린리모델링 공사,주식회사 건융,2068150470,차윤정,104118700,90.362,115115000,6879417,Y,-3.0,3.0,144
R26BK01710938,2026-09-11,한화에어로스페이스 (주),군 마이크로그리드 태양광 발전설비 공사,이엘티 주식회사,4078700333,엄해일,4042233520,90.168,4467400000,111621535,Y,-2.0,2.0,9
R26BK01722591,2026-09-16,양구군산림조합,2026년 조림지 사후관리사업(풀베기 2차-5지구),(주)엘림,2218133674,심혜경,78946000,90.818,86859000,4691763,Y,-3.0,3.0,2
R26BK01714999,2026-09-16,경상북도교육청 경상북도영양교육지원청,일월초등학교 햇빛이음사업 태양광발전설비 설치 토목공사,제이에스건설주식회사,6058633862,최희정,51060719,90.182,56914000,2367862,Y,-3.0,3.0,47
R26BK01719753,2026-09-16,산림청 북부지방산림청 춘천국유림관리소,2026년 제28차 숲가꾸기(덩굴류제거)사업 지명경쟁 입찰 공고,푸른숲영림단,8292201299,원영권,45380000,89.904,50488000,,Y,-2.0,2.0,3
R26BK01723679,2026-09-16,경기도 평택시,(서부)새터근린공원 등 5개소 부분정비공사,주식회사 늠내조경,6908801493,박종남,75469000,90.248,83410000,3994706,Y,-3.0,3.0,29
R26BK01731398,2026-09-16,한국농어촌공사 경기지역본부 여주.이천지사,수탁배수장 제진기 조작반 보수공사,꿈나무생산시설,4048511410,김효선,27280000,95.019,,,,,,1
R26BK01723233,2026-09-16,한국마사회,서울경마공원 냉각수펌프 및 주변배관 교체공사,경일산업개발 주식회사,1378128594,김경영,140702959,90.203,157410000,6871353,Y,-2.0,2.0,855
R26BK01723643,2026-09-16,서울특별시교육청 서울특별시교육청교육시설관리본부,2026년 하반기 학교 내 수목가지치기 공사(1권역),해솔조경 주식회사,7048801701,김금옥,143181740,90.362,157362000,9464804,Y,-3.0,3.0,437
R26BK01722353,2026-09-16,양구군산림조합,2026년 조림지 사후관리사업(풀베기 2차 및 덩굴제거-1지구),(주)엘림,2218133674,심혜경,90214000,91.117,99596000,5387419,Y,-3.0,3.0,2
R26BK01718764,2026-09-16,국방기술품질원,국방기술품질원 광주사무소 석면 마감재 교체공사,(주)산해산업개발,4108637052,박기종,249236597,90.306,277508000,15057171,Y,-2.0,2.0,54
R26BK01722635,2026-09-16,전남광주통합특별시 상수도사업본부 덕남정수사업소,액상소석회 투입기 설치 전기공사,아름전기 주식회사,2428601679,유리,29420563,89.873,32725000,409223,Y,-3.0,3.0,587
R26BK01724160,2026-09-16,충청남도 아산시,2026년 열린관광지 조성사업 외암마을 일원 보수공사,(주)다산건설,3088143692,김봉래,291160479,90.323,323820000,17027047,Y,-3.0,3.0,34
R26BK01719037,2026-09-16,전북특별자치도 전주시 완산구,2026년 완산구 관내 도로유지보수공사(4차 단가계약),주식회사 장현건설,5138156896,유일한,90864500,90.427,99000000,6239009,Y,-3.0,3.0,78
R26BK01730919,2026-09-16,국가유산청 칠백의총관리소,칠백의총 전기실 자동소화장치 설치 및 보완공사,금산소방방재(주),3058634772,이수미,21450000,100.0,,,,,,1
R26BK01722483,2026-09-16,양구군산림조합,2026년 조림지 사후관리사업(풀베기 2차 및 덩굴제거-4지구),양록임업(주),2218148288,김애란,73210000,90.849,79820000,4316915,Y,-3.0,3.0,2
R26BK01722764,2026-09-16,한국농어촌공사 경남지역본부 진주.산청지사,단성면 기초생활거점조성사업 단성문화복합센터 지하수정수시설 설치공사,아이원이엔지 주식회사,6138133418,양동주,94012900,89.931,103991000,1896904,Y,-2.0,2.0,627
R26BK01723737,2026-09-16,부경대학교,2026년 미래관 교육연수원 환경개선 전기공사,대진전자통신주식회사,6058162912,설진길,146035000,90.365,161041000,9770004,Y,-2.0,2.0,916
R26BK01723966,2026-09-16,한국생산기술연구원,인간중심생산기술연구소 연구C동 실험실 판넬 공사,(주)태송이엔씨,2338601618,조은경,34773131,89.954,39060000,788662,Y,-2.0,2.0,1059
R26BK01719529,2026-09-16,전남광주통합특별시 영암군,시종 야월마을 토목공사(배수로 정비 및 클린하우스 설치),영암건설 주식회사,4688801426,나경주,53816370,90.305,59660000,3250564,Y,-3.0,3.0,94
R26BK01722301,2026-09-16,전남광주통합특별시 영암군,삼호 용두마을 진출입로 확장공사,유성건설 주식회사,6848702146,천성룡,77559000,90.342,85510000,4935158,Y,-3.0,3.0,94
R26BK01717465,2026-09-16,제주특별자치도 제주시,연동 1962-1번지 재활용도움센터 조성공사,주식회사 해강종합건설,6218800033,오송현,171087400,90.395,188772000,11926024,Y,-3.0,3.0,279
R26BK01722500,2026-09-16,전북특별자치도 전주시 완산구,2026년 완산구 관내 도로시설물 유지보수공사(4차 단가계약),유한회사 미래종합건설,4028147215,오태식,90393220,90.847,99000000,10665021,Y,-3.0,3.0,126
R26BK01732255,2026-09-16,한국농어촌공사 전남지역본부 구례지사,산동면 기초생활거점조성사업(농촌협약) 통신공사,주식회사 신화이앤씨,2288802531,신모은,47850000,89.987,,,,,,1
R26BK01711191,2026-09-14,한국광기술원,스마트모듈러센터 건립사업 소방공사,주식회사 테라이에프씨,3128670271,최종명,575320762,93.363,616840000,38086360,Y,-2.0,2.0,241
R26BK01732572,2026-09-16,한국농어촌공사 경남지역본부 창원지사,산남양배수장 외 1개소 전기설비 원격차단 구축 전기공사,주식회사 대륙,6228126134,정선희,18250000,89.011,,,,,,1
R26BK01721018,2026-09-16,한국농어촌공사 전남지역본부 함평지사,해보면 농촌중심지활성화사업 건축토목기계조경공사,리안채종합건설주식회사,4108676282,신동권,4429478695,89.385,4937457000,281734343,Y,-2.0,2.0,758
R26BK01720896,2026-09-16,충청남도 공주시,(입찰대행)우성면 옥성2리 주차장 차양(비가림)시설 설치사업,주식회사동서에코글로벌,3138108339,우승헌,61380000,90.023,68000000,1246917,Y,-3.0,3.0,13
R26BK01717501,2026-09-16,제주특별자치도 제주시,청수리 3389번지 재활용도움센터 조성공사,영주종합건설 주식회사,6168133741,이광춘,159218000,90.393,176940000,11099634,Y,-3.0,3.0,277
R26BK01724675,2026-09-15,한국농어촌공사 강원지역본부 원주지사,2026년 광격리 훼손농지 복구공사,주식회사 삼일건설산업,2288701438,한영분,19690000,90.23,,,,,,1
R26BK01732110,2026-09-16,한국농어촌공사 전남지역본부 장성지사,진원면 생활공유센터 증축사업 전기공사,주식회사 에이탑전력,7638702755,박윤숙,30800000,92.548,,,,,,1
R26BK01723818,2026-09-16,서울특별시교육청 서울특별시교육청교육시설관리본부,2026년 하반기 학교 내 수목가지치기 공사(2권역),고성조경(주),2098147862,최정인,139002000,90.374,155416000,9287847,Y,-3.0,3.0,436
R26BK01732282,2026-09-16,한국농어촌공사 경북지역본부 포항지사,안심저수지 임시양수기 설치에 따른 긴급 굴착작업,거산,3983501378,김성복,13700000,92.119,,,,,,1
R26BK01719606,2026-09-16,전남광주통합특별시 영암군,영암읍 교통사고 잦은 곳 개선사업,(주)토석건설,4128131160,박경란,73236500,90.267,81461000,3704395,Y,-3.0,3.0,38
R26BK01721127,2026-09-16,전북특별자치도 김제시,2026년 김제지평선게이트볼장 기능보강공사,제이앤에스엔지니어링 주식회사,6328600271,임순미,31466900,90.319,34900000,1695717,Y,-3.0,3.0,44
R26BK01719392,2026-09-16,전라북도 남원시 아영면,서갈 중매들 배수로 정비공사,유한회사 해우리건설,4078116304,김종명,36071629,90.326,39963000,2237234,Y,-3.0,3.0,146
R26BK01732201,2026-09-16,한국농어촌공사 전남지역본부 구례지사,산동면 기초생활거점조성사업(농촌협약) 소방공사,(주)구례전기,4168149191,김다혜,9880000,92.909,,,,,,1
R26BK01732521,2026-09-16,한국농어촌공사 경남지역본부 창원지사,산남양배수장 외 1개소 전기설비 원격차단 구축 자동화공사,주식회사 이지에버텍,6218609118,김정호,16750000,88.982,,,,,,1
R26BK01732089,2026-09-16,한국농어촌공사 전남지역본부 장성지사,진원면 기초생활거점조성사업 다목적광장 진출입로 신설 전기공사,주식회사 에이탑전력,7638702755,박윤숙,1380000,93.877,,,,,,1
R26BK01723170,2026-09-16,제주특별자치도 제주시,제주시 어촌정주어항(북촌항) 물양장 보강공사,주식회사한영건설,6168140219,한영남,89556460,90.405,98734000,6118174,Y,-3.0,3.0,219
R26BK01723901,2026-09-16,전남광주통합특별시 광주청사,광주교통정보센터 시설개선 정비 전기공사,(주)가경소방전력공사,4088144502,김경용,50979350,90.297,56958000,3025626,Y,-3.0,3.0,606
R26BK01732515,2026-09-16,한국농어촌공사 충북지역본부 옥천.영동지사,영동지구 수리시설정비사업,비봉건설 주식회사,3058635709,김순애,49200000,89.813,,,,,,1
R26BK01723999,2026-09-16,강원특별자치도 화천군,2026년 소규모주민숙원사업 마을회관 정비공사(동촌1리)(건축),주식회사 한보,7058800383,최규하,38595000,90.694,43077000,2018913,Y,-3.0,3.0,13
R26BK01724108,2026-09-16,충청남도 아산시,온양천 제방도로 확포장공사,주식회사 해성이엔씨,3638101423,김병섭,141721173,90.387,158510000,8505880,Y,-3.0,3.0,75
R26BK01721532,2026-09-16,(사)한국해비타트,[한국해비타트] 2026 민관협력형 노후주택개선사업 동두천 1차(29세대),양주건설 주식회사,4788801592,함연수,188336200,90.37,210260334,12590365,Y,-3.0,3.0,49
R26BK01720352,2026-09-16,경상북도 문경시 영순면,영순면 왕태리(780-1) 마을안길 선형개량공사,(주)도동건설,2768602934,김영희,23663111,90.31,26200000,1417375,Y,-3.0,3.0,89
R26BK01723742,2026-09-16,경기주택도시공사,GH 창업특화주택 인테리어공사(건축 등),주식회사 동일캔바스엔지니어링,1248146728,우현직,1130593360,89.236,1267623000,55286333,Y,-3.0,3.0,696
R26BK01730896,2026-09-16,서울특별시 서울아리수본부 동부수도사업소,동부수도사업소 본관 2층 리모델링 공사(전기),주식회사 새롬,4608101777,장건수,45057600,92.783,,,,,,1
R26BK01730506,2026-09-16,한국농어촌공사 전남지역본부 강진지사,홍수기 재해대비 마량배수장 외 1개소 간이양수장 임대설치 공사,주식회사 양현이엔지,5328601494,임윤자,11070000,90.014,,,,,,1
R26BK01723254,2026-09-16,경상남도 의령군,의령군 보행자 우선도로(중동지구) 정비공사,주식회사 태림지반,1418100955,이석봉,77635000,91.033,85000000,8793438,Y,-3.0,3.0,18
R26BK01722859,2026-09-16,한국보훈복지의료공단 중앙보훈병원,[긴급]2026년 중앙보훈병원 중앙관 조혈모세포이식실 병실 전환 공사(건축),주식회사 집텍,1298625757,염경학,309000000,90.352,341517000,18115971,Y,-2.0,2.0,218
R26BK01724157,2026-09-16,강원특별자치도 영월군,무릉도원면 법흥1리(마장동길) 농로포장공사,우성건설주식회사,2258118637,우종서,28864000,90.476,31747000,1836005,Y,-3.0,3.0,40
R26BK01711143,2026-09-14,한국광기술원,스마트모듈러센터 건립사업 정보통신공사,주식회사 이지통신,3138129450,박병운,360143700,92.439,389950000,31950422,Y,-2.0,2.0,396
R26BK01730188,2026-09-16,경기도 평택시,세교동 일원 등 6개소 하수관로 준설공사,주식회사 강이건설,8728702855,이세란,44837000,90.91,,,,,,1
R26BK01724141,2026-09-16,전남광주통합특별시 순천시,2026년 남산 숲길 정비사업,주식회사 동부,4098627802,김정숙,28340098,90.143,31448000,450177,Y,-3.0,3.0,3
R26BK01722468,2026-09-16,강원특별자치도 삼척시 상수도사업소,신기면 마차리 소규모급수시설 송배수관로 정비공사,(주)수현건설,1278131845,구도회,81350470,90.338,89986000,5020216,Y,-3.0,3.0,18
R26BK01722471,2026-09-16,인천광역시 옹진군 보건소,덕적 건강증진형 보건지소 이전신축 전기공사,(주)성일전력,1228644694,김성옥,253617133,90.459,282904710,19332533,Y,-3.0,3.0,722
R26BK01731730,2026-09-16,한국농어촌공사 충남지역본부 청양지사,2026년 금정용수지선 외 6개소 보수보강 공사,우인건설주식회사,3108125381,김지영,17420000,88.01,,,,,,1
R26BK01733194,2026-09-16,한국농어촌공사 경남지역본부 밀양지사,한해대책 평촌양수장 수중펌프 정비공사,신우중공업 주식회사,6098159516,안병구,12600000,89.749,,,,,,1
R26BK01723955,2026-09-16,서울특별시교육청 서울특별시교육청교육시설관리본부,2026년 하반기 학교 내 수목가지치기 공사(3권역),조은숲 주식회사,6138180599,박경숙,142340800,90.345,159335000,9113884,Y,-3.0,3.0,437
R26BK01732720,2026-09-16,한국농어촌공사 충남지역본부 홍성지사,갈산물관리구역 재해복구공사,일진건설(주),1138149972,임순택,16630000,90.479,,,,,,1
R26BK01724022,2026-09-16,서울특별시교육청 서울특별시교육청교육시설관리본부,2026년 하반기 학교 내 수목가지치기 공사(4권역),미류엘앤씨주식회사,2158638193,유희용,131108500,90.333,144969000,8307867,Y,-3.0,3.0,436
R26BK01732327,2026-09-16,서울물재생시설공단,에코센터 막구조물 정비 공사,주식회사 한아테크,1378153851,장성준,9288000,90.0,,,,,,1
R26BK01722754,2026-09-16,경기도 안산시,초지배수로 우수토구 환경개선공사,주식회사 창성공영,6288800596,조익현,47118980,90.818,51876000,5106871,Y,-3.0,3.0,22
R26BK01732272,2026-09-16,한국농어촌공사 충남지역본부 홍성지사,결성면 취약지역생활여건개조사업 사면보강공사,대건토건주식회사,6158192164,최성교,16200000,89.601,,,,,,1
R26BK01732997,2026-09-16,한국농어촌공사 충남지역본부 부여지사,칠산2지구 수리시설개보수사업 통신공사,에스엘케이정보통신,6440401961,박군규,9494000,89.999,,,,,,1
R26BK01732973,2026-09-16,한국농어촌공사 경남지역본부 밀양지사,한발대비 초동지구 간이양수장 설치 전기공사,주식회사 한진전력,6158152177,김재민,14403000,89.743,,,,,,1
R26BK01730558,2026-09-16,한국농어촌공사 전남지역본부 강진지사,2026년 군동지구 기계화경작로 확포장사업,(유)부성건설,4158116590,이은정,31820000,90.011,,,,,,1
R26BK01721788,2026-09-16,인천광역시 옹진군 보건소,덕적 건강증진형 보건지소 이전 신축 공사,제이티엠종합건설(주),2588600700,정태민,2323309500,89.391,2605537000,149015684,Y,-3.0,3.0,254
R26BK01733081,2026-09-16,한국농어촌공사 경남지역본부 밀양지사,한발대비 숭진지구 한해양수장 전기보수공사,주식회사 한진전력,6158152177,김재민,12073000,89.742,,,,,,1
R26BK01706424,2026-09-16,충청남도 천안시,천안 태학산 자연휴양림 확장사업(숲속의집)(건축),유한회사 삼성종합건설,4028136232,한웅진,2645409000,89.486,2964786000,177921935,Y,-3.0,3.0,37
R26BK01733018,2026-09-16,한국농어촌공사 강원지역본부 강릉지사,오봉저수지 주변마을 지원사업(명주용수간선 외 4개지구 용배수로 보수공사),주식회사 삼균,1458602606,박은균,19800000,90.456,,,,,,1
R26BK01729310,2026-09-16,서울특별시 동작소방서,동작소방서 옥외LED전광판 전기·통신 공사,주식회사 동산텔레콤,1068135107,송희원,4900000,98.0,,,,,,1
R26BK01733072,2026-09-16,서울특별시 북부공원여가센터,북서울꿈의숲 근로자 휴게공간 환경개선 통신공사,(주)한포넷,2068611905,이현우,10982000,95.0,,,,,,1
R26BK01722188,2026-09-16,행정안전부 국립과학수사연구원,2026년 국립과학수사연구원 마약과 신설에 따른 감정시설 보완공사(전기),주식회사 영민,2228118638,방지혜,143627675,90.386,158857000,9916903,Y,-2.0,2.0,1077
R26BK01720208,2026-09-15,경상북도 경주시,도지동 형제산 숲길 조성사업,주식회사 태창산림,5058156221,이진하,88000000,91.357,96667000,5330128,Y,-3.0,3.0,2
R26BK01717612,2026-09-16,산림청 중부지방산림청 보은국유림관리소,2026년 산불방지 안전공간 조성사업,주식회사 우경,2058601985,배경호,88400000,89.207,98832000,,N,-2.0,2.0,2
R26BK01723792,2026-09-16,충청북도 옥천군,2026년도 교통안전시설물 유지보수 공사(단가계약),장진전력공사,3020257679,박장우,30277230,90.437,33568000,1359457,Y,-3.0,3.0,26
R26BK01721956,2026-09-16,충청북도 옥천군,옥천군 폐기물종합처리장 진입로 낙석방지망 설치 공사,대명산업개발(주),3028110927,천권,363241650,90.277,403000000,20681093,Y,-3.0,3.0,36
R26BK01722636,2026-09-16,강원특별자치도 화천군,사내파크골프장 부대시설 조성공사(토목),주식회사 플렉스종합건설,5128109425,박재삼,184671170,90.279,203487000,9146420,Y,-3.0,3.0,13
R26BK01725557,2026-09-14,동양열처리,2026년도 산업계 에너지관리시스템 보급지원사업_계측인프라_001,누리절전시스템(주),1138197678,박옥철,39209500,100.0,,,,,,2
R26BK01725669,2026-09-14,동양열처리,2026년도 산업계 에너지관리시스템 보급 지원산업_제어인프라_001,누리절전시스템(주),1138197678,박옥철,33903100,100.0,,,,,,2
R26BK01719496,2026-09-16,전남광주통합특별시 해남군,송호항권역 어업지원시설 신축공사(건축),수성종합건설(주),4128111621,정찬욱,1052799800,89.342,1162889000,61885015,Y,-3.0,3.0,854
R26BK01732919,2026-09-17,한국지역난방공사,미래개발원 노후 시설물 철거 공사,(주)대영하이텍,1388177443,지은호,19360000,90.013,,,,,,1
R26BK01723649,2026-09-16,전남광주통합특별시 영광군,송이마을 생활개선 패키지사업 전기공사,중앙티디아이(주),4098146920,최미서,71689695,90.3,79623000,4219270,Y,-3.0,3.0,63
R26BK01723200,2026-09-16,충청북도 청주시,소각시설 2호기 후연소단 화격자 교체공사,주식회사 표림이엔지,7938102701,김희태,273501820,90.372,301120000,18408333,Y,-3.0,3.0,168
R26BK01723605,2026-09-16,전남광주통합특별시 영광군,송이마을 생활개선 패키지사업,대성베르힐건설 주식회사,4088149661,임미르,309456000,91.017,343852000,17481800,Y,-3.0,3.0,3
R26BK01725790,2026-09-14,주식회사 창윤산업,2026년도 산업계 에너지관리시스템 보급 지원사업_제어인프라_001,누리절전시스템(주),1138197678,박옥철,32180500,100.0,,,,,,2
R26BK01731381,2026-09-16,경기도 안성시,서인동 공영주차장 도색공사,주식회사 공간사이,2028601991,원유진,49171000,95.999,,,,,,1
R26BK01732854,2026-09-17,한국지역난방공사,미래개발원 야외무대 유리난간 설치 공사,주식회사 웅상,4898101986,이웅경,20900000,94.502,,,,,,1
R26BK01732900,2026-09-16,한국농어촌공사 충남지역본부 논산지사,탑정호 둘레길 잡목제거공사,주식회사 가보건설,4758503187,김응진,18169000,89.357,,,,,,1
R26BK01725754,2026-09-14,주식회사 창윤산업,2026년도 산업계 에너지관리시스템 보급 지원사업_계측인프라_001,누리절전시스템(주),1138197678,박옥철,41800000,100.0,,,,,,2
R26BK01710029,2026-09-17,서울특별시 서남병원,서남병원 옥상 방수공사,"에스알디자인컴퍼니 주식회사(SR.D Co.,Ltd)",7278101253,홍지영,40979500,89.967,45760000,982076,Y,-3.0,3.0,49
R26BK01724351,2026-09-17,강원특별자치도 강릉시 상하수도사업소,왕산면 왕산리 큰골(왕산리 133-4) 일원 소규모수도시설 급수관로 공사,(주)세명건설,2268122769,홍기찬,137770000,90.498,152790000,11117252,Y,-3.0,3.0,48
R26BK01724493,2026-09-17,경기도 고양시,2026년 덕양구 교통신호시설 유지보수 연간단가공사(2차),동일전기,1281382066,엄옥선,72054227,90.276,80000000,4114299,Y,-3.0,3.0,236
R26BK01725296,2026-09-17,서울교통공사,성수역 출입구(#3-1) 신설에 따른 전자공사,주식회사 케이엔엑스정보통신,8058600302,홍지연,85410924,90.407,95017320,6068976,Y,-3.0,3.0,1144
R26BK01721444,2026-09-17,강원특별자치도 영월군,동서강정원 연당원 산림복지 무장애나눔길 조성사업,주식회사 산엔들,2248161301,김민숙,563935700,90.672,630504000,46118961,Y,-3.0,3.0,26
R26BK01724238,2026-09-17,경상북도 구미시,[새로공고]농산물도매시장 채소동 증축 및 리모델링 공사,(주)예종종합건설,7478602547,박연호,1179526160,89.379,1325621000,74215896,Y,-3.0,3.0,831
R26BK01709449,2026-09-17,조달청 강원지방조달청,강원대 독신자연립주택 리모델링 공사,(주)우창종합건설,2248111475,김성남,618758000,90.273,688540000,35134425,Y,-2.0,2.0,332
R26BK01719881,2026-09-17,인천광역시 검단구,국공립 이편한 아라꿈 어린이집 리모델링 공사,미산건축 주식회사,1398600831,류민형,103878260,89.992,116006000,2694398,Y,-3.0,3.0,311
R26BK01723951,2026-09-17,대구광역시 달서구,덕인초등학교 등 2개소 어린이보호구역 개선공사,지성개발(주),5148132790,이성근,62818150,89.928,70144000,1243611,Y,-3.0,3.0,27
R26BK01720576,2026-09-17,한국공항공사 김해공항,대구공항 에스컬레이터 개량공사,(주)센스엔지니어링,7078801108,도윤영,91937800,90.41,101963000,4527668,Y,-2.0,2.0,9
R26BK01722657,2026-09-17,강원특별자치도교육청 강원특별자치도강릉교육지원청,강동초 주차장 조성공사 소액수의 견적제출 공고,(주)준진,2268143916,허준영,115070070,90.363,126900000,7643166,Y,-3.0,3.0,86
R26BK01722481,2026-09-17,경상북도 김천시 농업기술센터,김천자두 스마트과원 조성 사업 시설하우스 설치공사-아포,주식회사 서울기업,7348801546,김도형,146180020,90.04,163380000,4426046,Y,-3.0,3.0,27
R26BK01725333,2026-09-17,국토교통부 대전지방국토관리청 충주국토관리사무소,국도5호선 단양 통로BOX 신축이음 보수공사,주식회사 한국지반조성,3038124934,전민택,32251000,91.774,35220000,6443748,Y,-2.0,2.0,24
R26BK01724651,2026-09-17,사회복지법인 밀알복지재단,굿윌스토어 밀알청주흥덕점 인테리어공사(지명경쟁) 입찰공고(긴급),시너지디자인 주식회사,1628703382,장수용,90200000,91.249,99000000,,N,-3.0,3.0,5
R26BK01721197,2026-09-16,경남 거제시 거제수산업협동조합,"거제수협 외포, 구조라위판장 건축 공사",주식회사 남은종합건설,8508602294,이상모,45547160,90.124,51215000,946867,Y,-3.0,3.0,17
R26BK01725246,2026-09-17,경상북도 청송군,신점리 리도202호선 법수도로 사면정비공사,주식회사 한강건설,7088101719,권태은,40564600,90.305,45070000,2416406,Y,-3.0,3.0,56
R26BK01720521,2026-09-17,부산광역시,사상 유아체험숲 조성공사,(유)새천년건설,4028130368,노홍수,851392000,90.172,931960000,34209653,Y,-3.0,3.0,186
R26BK01723344,2026-09-17,울산광역시 울주군,두동 월평리 711번지 일원 오수관 연결공사(기계),주식회사에쓰지엔지니어링,6108137389,최철만,26965357,90.226,30190000,1366568,Y,-3.0,3.0,145
R26BK01724281,2026-09-17,(사)한국해비타트,[한국해비타트] 25-26 815런 한국전력공사 독립유공자후손 집짓기 사업(장수 1세대) 단독주택(목조주택) 시공,주식회사 유창이앤씨,5038607850,박소리,131381200,90.217,146000000,6689340,Y,-3.0,3.0,250
R26BK01721519,2026-09-17,주식회사 펌프킨,23-2차. 밀양시 맞춤형 무공해 대중교통 전환 브랜드 사업(삼랑진교통),창성전기(주),6058127268,허미숙,27632000,90.012,,,,,,3
R26BK01726313,2026-09-17,경상북도 의성군,의성소우당고택화재속보기 설치공사,(주)성창전기,5028161161,김진수,59544320,90.315,65116000,3453463,Y,-3.0,3.0,15
R26BK01723779,2026-09-17,충청남도 보령시 원산출장소,아름다운 벽화가 있는 마을 조성사업,신보령 주식회사,3138110500,홍대령,81644500,90.099,91400000,2270705,Y,-3.0,3.0,10
R26BK01725861,2026-09-17,경상남도 창원시 마산소방서,석전119안전센터 외벽공사,(주) 한주건설,6088166386,조용득,149845100,90.179,166661000,7023589,Y,-3.0,3.0,43
R26BK01726271,2026-09-17,강원특별자치도 춘천시,춘천시립복지원 디딤확산숲 조성사업,주식회사 송산조경,1558702371,박용길,134540328,90.206,148940000,6235076,Y,-3.0,3.0,92
R26BK01720881,2026-09-17,국립공원공단 북한산국립공원사무소,북한산 탐방로 및 산성계곡 무장애 탐방로 정비사업,주식회사 한설그린,2138151782,옥승엽,191980000,90.152,212900000,8359440,Y,-2.0,2.0,101
R26BK01725302,2026-09-17,충청북도교육청 충청북도청주교육지원청,"[긴급]청주고 후관 외 2동(과학관, 기숙사) 천장교체 및 기타공사 중 소방공사 입찰 공고",(주)네오스페이스,3018180513,박종두,220752300,90.352,244112000,14234368,Y,-3.0,3.0,219
R26BK01725341,2026-09-17,경기도 오산시,2026년 도로안내판 배면정비사업,주식회사 대림이앤씨,1248628045,권진아,162073800,90.438,178986000,10606798,Y,-3.0,3.0,14
R26BK01720957,2026-09-17,대구공공시설관리공단,황금고가교 등 3개소 교면포장 보수공사,주식회사 부천건설,5148147857,최승일,459679490,90.253,513360000,25074754,Y,-3.0,3.0,148
R26BK01726212,2026-09-17,충청남도 보령시,청라201호(옥계리 산113-2) 도로사면 복구공사),주식회사 지평건설,4378801946,고정윤,196958177,90.263,218938000,10832058,Y,-3.0,3.0,62
R26BK01715757,2026-09-17,강원특별자치도교육청 홍천농업고등학교,2026학년도 홍천농업고등학교 창의융합형 공동실습소 운전실습장 개보수 공사 소액수의 견적 제출 안내 공고,선우건설 주식회사,6678701216,김종명,122591800,90.271,135184000,6598262,Y,-3.0,3.0,20
R26BK01726296,2026-09-17,경상북도 의성군,춘산면농기계수리센터건립 건축공사,주식회사 종가종합건설,2198702791,김상우,203596720,90.289,225772000,10149649,Y,-3.0,3.0,26
R26BK01716202,2026-09-17,국립공원공단 지리산국립공원전남사무소,[재공고] 2026년 지리산전남 문화유산지구(화엄사 주차장) 정비공사,주식회사금북건설,2258112292,이상용,55849360,90.313,62422000,3416381,Y,-2.0,2.0,759
R26BK01716759,2026-09-17,국민건강보험공단 일산병원,노후 냉난방기 교체 공사,주식회사 태경건설산업,1238626665,김형용,155919460,90.186,174000000,7317118,Y,-2.0,2.0,793
R26BK01700662,2026-09-17,조달청 부산지방조달청,부산광역시교육청 영양교육체험센터 조리종사자 실습실 리모델링 전기공사,해동전기주식회사,6038170944,노석구,363744460,90.403,405371000,25569820,Y,-3.0,3.0,802
R26BK01726318,2026-09-17,경상북도 의성군,고운마을 임대주택 및 캠핑장복구 통신공사,주식회사 삼조,5918600378,김정화,120934398,90.873,135201000,8968620,Y,-3.0,3.0,15
R26BK01725158,2026-09-17,국토교통부 원주지방국토관리청 홍천국토관리사무소,2026년 홍천국토 관내 졸음쉼터 환경개선공사,(주)선일종합건설,2238105704,이순철,262985798,90.06,293653000,8861751,Y,-2.0,2.0,407
R26BK01720041,2026-09-17,서울특별시서대문구도시관리공단,서대문형무소 재난방지시설 구축(전기) 2차 공사,주식회사 파이런텍,1268159398,이병길,462726880,90.221,517572000,23759095,Y,-3.0,3.0,1573
R26BK01725076,2026-09-17,경기도 남양주시 상하수도관리센터,2026년 화도정수장 기계시설물 유지보수 단가계약(2차),광일건설(주),1328167461,최준식,58370840,90.399,64770000,3840580,Y,-3.0,3.0,72
R26BK01717777,2026-09-17,경기도 남양주시 상하수도관리센터,진접읍 연평리 134번지 일원 불량관로 교체공사,(주)신우공영,1278124475,이성수,200520000,90.875,221661000,24186726,Y,-3.0,3.0,1004
R26BK01725294,2026-09-17,국토교통부 부산지방국토관리청 포항국토관리사무소,국도4호선 경주 문무대왕 장항지구 등 5개소 도로시설물 정비공사,두암종합건설(주),5068121462,김홍도,455141240,91.107,500000000,66238194,Y,-2.0,2.0,717
R26BK01718622,2026-09-17,인천광역시 검단구,국공립 검단에코숲 어린이집 리모델링 공사,청우디자인,1371946182,조항수,91020640,89.991,100474000,2322509,Y,-3.0,3.0,309
R26BK01725184,2026-09-17,강원특별자치도 양양군,중소하천 거마천(임천지구) 정비사업,주식회사 동북임업,2278112828,강희숙,31552000,90.48,34987000,1536790,Y,-3.0,3.0,9
R26BK01719538,2026-09-17,한국보훈복지의료공단 부산보훈병원,부산보훈병원 장애인 건강검진기관 시설공사(건축·기계),교보종합건설(주),6078158369,유해술,448888690,90.296,495502000,26671604,Y,-2.0,2.0,468
R26BK01726319,2026-09-17,경상북도 의성군,의성군농산물공판장저온저장고 설치공사,주식회사 종가종합건설,2198702791,김상우,317458430,90.189,353273000,13360310,Y,-3.0,3.0,26
R26BK01725776,2026-09-17,세종특별자치시,금사리 배수로 수해복구공사,주식회사 세종이엔텍,2138159275,양창근,23577980,90.264,26110000,1289420,Y,-3.0,3.0,51
R26BK01713631,2026-09-17,조달청 전북지방조달청,특성화캠퍼스 5개동 외벽 방수공사,신정건설 주식회사,4188153648,최윤경,1074661489,89.3,1203484000,58914050,Y,-2.0,2.0,214
R26BK01725860,2026-09-17,세종특별자치시,신방1리 마을안길 포장공사,찬영토건 주식회사,5078703061,김일남,25619696,89.963,28430000,513977,Y,-3.0,3.0,35
R26BK01722665,2026-09-17,전남광주통합특별시 장흥군,장흥읍 시가지(미래2차~수창휴그린) 보행환경 정비사업,주식회사 대성건설,5538101647,김홍배,82018859,90.272,90429000,4303691,Y,-3.0,3.0,17
R26BK01725668,2026-09-17,경상북도 칠곡군,포남배수펌프장 시설물 정비공사,주식회사 거현,7508702818,변수식,39301367,90.304,43494000,2043059,Y,-3.0,3.0,21
R26BK01721875,2026-09-17,한국철도공사 회계통합센터,★실적제한/철도신호기술자보유★광주본부 건널목 표준화 개량 기타공사,호성이엔티 주식회사,5048621044,이현정,494789510,90.366,550930000,32422838,Y,-2.0,2.0,206
R26BK01724666,2026-09-17,부산광역시,녹산하수 1차침전지 찌꺼기수집기 교체 부대공사,주식회사 주일건설,6218132308,박강일,334010800,90.299,368600000,19957664,Y,-3.0,3.0,548
R26BK01725157,2026-09-17,울산광역시교육청 울산광역시강남교육지원청,[긴급] 온남초 옥상방수공사,주식회사 연정녹화개발,6108185367,류해술,300351370,90.413,329219000,16832485,Y,-3.0,3.0,90
R26BK01725869,2026-09-17,세종특별자치시시설관리공단,2026년 보람수영장 환경개선 공사,주식회사 다임하우징,6448100702,최태준,87530690,89.95,97504000,1686958,Y,-3.0,3.0,60
R26BK01723604,2026-09-17,공무원연금공단,남원상록골프장 그린칼라 개선공사,유한회사 한성조경,1428701172,강소연,165955450,90.001,184530000,4573976,Y,-2.0,2.0,435
R26BK01726299,2026-09-17,경상북도 의성군,2026년 사방댐설치사업(고운사지구),주식회사 청우,2048652273,김자은,135676000,90.559,150720000,6925417,Y,-3.0,3.0,7
R26BK01721713,2026-09-17,경상남도 창원시,봉암공단 일원 하수도 맨홀 교체공사,주식회사 희경,7248801710,김희숙,101427730,90.906,112390000,12192354,Y,-3.0,3.0,81
R26BK01725352,2026-09-17,경상남도 고성군 고성읍,송학마을 안길 정비공사 소액수의 견적제출 공고,주식회사 태한,3378702065,김용수,38283620,90.259,42800000,1926290,Y,-3.0,3.0,25
R26BK01723458,2026-09-17,국토교통부 서울지방국토관리청 수원국토관리사무소,2026년 수원국토 관내 과적검문소 보수보강공사,태화건설(주),1388101735,전수라,1059295100,89.857,1161600000,114598773,Y,-2.0,2.0,586
R26BK01726230,2026-09-17,충청남도 보령시,보령문화테마파크 접근성 개선공사,우미건설주식회사,3138114073,이환구,34939790,90.14,38649000,1468987,Y,-3.0,3.0,39
R26BK01713531,2026-09-17,해양경찰청 서해지방해양경찰청 완도해양경찰서,완도해양경찰서 사격장 리모델링 건축 공사(변경공고),미래건설 유한회사,4098601461,최성춘,29688600,90.237,32710000,1579754,Y,-2.0,2.0,505
R26BK01725654,2026-09-17,전북특별자치도 임실군,섬진강 에코뮤지엄 조성(에코누리캠퍼스)사업 통신공사 수의(소액) 견적 제출 안내,주식회사 천하정보통신,4028198470,하명희,91229140,90.481,101105000,6573450,Y,-3.0,3.0,6
R26BK01721560,2026-09-17,주식회사 펌프킨,24-2차. 밀양시 맞춤형 무공해 대중교통 전환 브랜드 사업(삼남교통),창성전기(주),6058127268,허미숙,27632000,100.0,,,,,,2
R26BK01725640,2026-09-17,강원특별자치도 양양군,중소하천 거마천 합류부(용천지구) 정비사업,주식회사 동북임업,2278112828,강희숙,180243000,90.238,199963000,9555746,Y,-3.0,3.0,9
R26BK01700256,2026-09-17,조달청 부산지방조달청,(가칭)부산환경체험교육관 리모델링공사(계속비),유일종합건설 주식회사,7298600371,이두화,6020886300,88.668,6708139000,343720158,Y,-3.0,3.0,160
R26BK01725672,2026-09-17,세종특별자치시,농업용수개발시설 개선공사(단가계약),(주)해림이엔지,4568802820,주효경,63326400,90.225,70000000,3087317,Y,-3.0,3.0,7
R26BK01724091,2026-09-17,경기도 의정부시,추동 숲정원 하늘마당 경관식재 공사,주식회사 경기개발,1278160239,이인표,48326800,89.89,53801000,679153,Y,-3.0,3.0,17
R26BK01725079,2026-09-17,국토교통부 대전지방국토관리청 충주국토관리사무소,국도17호선 진천터널 등 3개소 방재설비 보수공사,주식회사 대아이엔지,3018137767,박노형,258227980,90.033,286660000,8037349,Y,-2.0,2.0,212
R26BK01720889,2026-09-17,서울교통공사,지하철 2호선 잠실철교 방호울타리 개선공사(2차),주식회사 천일이엔에스,5138110740,황기진,183132767,94.169,192409200,73402056,Y,-3.0,3.0,19
R26BK01724480,2026-09-17,경기도 성남시,상대원동 2987번지 상수관 정비공사,(주)신원건설,1298108938,한민희,126837500,91.087,138170000,15806056,Y,-3.0,3.0,16
R26BK01722711,2026-09-17,전남광주통합특별시 강진군,보은산 일원 공원 재정비사업(전기),(주)희망전력,4158140071,고기영,212171528,90.375,236891000,14382365,Y,-3.0,3.0,1394
R26BK01726007,2026-09-17,제주특별자치도,돌문화공원 관람시설 주변 정비공사 (사업소),주식회사 태양포장건설,4048801403,정양순,164234806,90.396,181731000,11429684,Y,-3.0,3.0,158
R26BK01725427,2026-09-17,경기도 오산시,오산세교복지타운 주차타워 보수공사(건축),태호종합건설 주식회사,1118800555,차동호,227674702,90.522,255040860,15262129,Y,-3.0,3.0,26
R26BK01726280,2026-09-17,경상북도교육청 의성고등학교,의성고등학교 생활관 증축 소방공사 입찰 공고,주식회사 대상기업,5078113698,김상미,199781077,90.243,221177000,10749568,Y,-3.0,3.0,324
R26BK01723851,2026-09-17,강원특별자치도 춘천시 서면,"2026 하천정비 민원해소사업(당미천, 서면 방동리 427-2번지 일원)",(주)남토건설,5048130233,박승호,30853000,90.526,34583000,2016325,Y,-3.0,3.0,45
R26BK01723218,2026-09-17,충청북도교육청 충청북도청주교육지원청,"남성유 외2교(남성중, 산남고) 교문개선 및 기타공사",신동아특수방수(주),3158107883,신현왕,81817011,90.153,90465000,3559342,Y,-3.0,3.0,206
R26BK01719464,2026-09-16,충청북도교육청 충청북도청주교육지원청,"창신유 외2교(한벌초, 수곡중) 안전시설개선 및 기타공사 수의계약 안내공고",주식회사 인덕이앤씨,3038701156,이동숙,61023970,90.351,68305300,3311327,Y,-3.0,3.0,57
R26BK01725448,2026-09-17,경기도 안양시,새물공원 생활체육시설 개선사업,(주)삼연이앤씨,1198621021,윤경자,160129950,90.317,177782000,5768796,Y,-3.0,3.0,22
R26BK01725644,2026-09-17,전남광주통합특별시교육청 전남광주통합특별시화순교육지원청,화순제일중 다목적강당 드라이비트 교체 공사,주식회사이지,4088176265,박수영,131140000,90.276,146400000,6620899,Y,-3.0,3.0,17
R26BK01725220,2026-09-17,전남대학교,풍물연습장 철거공사,주식회사 마루건설,3298800350,박상봉,37010900,89.9,40975000,623434,Y,-2.0,2.0,376
R26BK01725963,2026-09-17,강원특별자치도 영월군,신천2리 마을회관 리모델링 공사,신광건설(주),1328140915,안은희,61856930,90.292,68800000,3363872,Y,-3.0,3.0,9
R26BK01725360,2026-09-17,경상남도 의령군,부자의령 상생협약프로젝트 건설공사,푸르미건설 주식회사,5248700282,이기남,5150295390,88.658,5841187000,318769268,Y,-3.0,3.0,310
R26BK01725057,2026-09-17,전남광주통합특별시 나주시,세지 죽동지구 흙수로 구조물화사업,금성건설공사 주식회사,2818100781,김정식,39202700,90.441,44010000,2485670,Y,-3.0,3.0,96
R26BK01724755,2026-09-17,대구도시개발공사,각산동 폐선부지 단지조성공사,주식회사 도촌건설,5148139963,도종열,301515890,91.068,330693000,42623210,Y,-3.0,3.0,155
R26BK01723112,2026-09-17,세종특별자치시산림조합,2026년 큰나무가꾸기사업,주식회사 두일,1568602284,박송이,147663000,90.39,161818000,8590890,Y,-3.0,3.0,163
R26BK01724734,2026-09-17,울산광역시교육청 울산광역시강남교육지원청,[긴급] 덕신초 강당동 옥상방수공사,케이건설 주식회사,2718701499,박재성,59076460,90.209,65879000,2930138,Y,-3.0,3.0,111
R26BK01722841,2026-09-17,경상북도 구미시 농업기술센터,경북 특화 발효 장류 산업화 시범사업 입찰대행,신화종합건설 주식회사,6728602073,최해용,116754000,90.377,131134000,6571133,Y,-3.0,3.0,98
R26BK01725755,2026-09-17,경상남도 산림환경연구원,2026년 경상남도수목원 수생식물원 정비사업,주식회사 남동조경개발,1188703221,김진수,61335435,89.874,68640000,825026,Y,-3.0,3.0,526
R26BK01726128,2026-09-17,충청북도 진천군,이월면 도시재생 골목길 정비사업[긴급],국보건설(주),3018159761,황인동,253557520,90.385,279520000,17368653,Y,-3.0,3.0,434
R26BK01726215,2026-09-17,강원특별자치도 속초시,속초 음식문화복합공간 조성사업(통신),(주)화창기업,2278112527,정명순,65968610,90.506,73051000,3809442,Y,-3.0,3.0,11
R26BK01725389,2026-09-17,국토교통부 부산지방국토관리청 포항국토관리사무소,국도7호선 영덕 축산 고곡지구 등 7개소 도로시설물 정비공사,주식회사 지엘이앤씨,8128101094,김애경,484671820,91.026,530000000,66440319,Y,-2.0,2.0,712
R26BK01721779,2026-09-17,경기도 하남시,감일 수변공원2호 테니스장 확장공사 수의견적 제출 공고,주식회사 무림건설,2648602042,최성덕,176482721,90.437,194590000,11792156,Y,-3.0,3.0,26
R26BK01721002,2026-09-17,강원특별자치도교육청 강원특별자치도인제교육지원청,용대초등학교 포장공사,주식회사 인,2278107612,이미정,62374800,90.299,68665000,3567022,Y,-3.0,3.0,20
R26BK01721750,2026-09-17,한국철도공사 회계통합센터,경부선 한강철교C교량 교측보도 설치에 따른 통신설비 이설공사,신해공영주식회사,2048644152,이승훈,369259273,90.377,408263000,25185767,Y,-2.0,2.0,1044
R26BK01724753,2026-09-17,경기도 수원시 장안구,2026년 장안구 빗물받이 준설공사(3권역)(2차) 단가계약,인성건설 주식회사,8698100975,김신진,109580,91.973,118000,25359,Y,-3.0,3.0,35
R26BK01725239,2026-09-17,국토교통부 대전지방국토관리청 충주국토관리사무소,국도34호선 적석1터널 등 2개소 회차로 전기공사,주식회사 효명전기,3338103925,박창범,289071900,89.927,322000000,5636301,Y,-2.0,2.0,785
R26BK01712321,2026-09-17,조달청 서울지방조달청,창덕궁 미분무 소화설비 성능개선 공사(건축),주식회사 희찬건설,5278800615,최재성,170433520,90.504,190497000,11775625,Y,-2.0,2.0,111
R26BK01720203,2026-09-17,국가보훈부88골프장,국가보훈부88골프장 여성락카 목욕탕 리모델링 공사,주식회사 더패스트,5018702496,장윤정,293455750,91.105,320540000,19945793,Y,-2.0,2.0,942
R26BK01725160,2026-09-17,강릉시산림조합,2026년 산불예방 숲가꾸기사업(사천면 사기막리 산20임 외),주식회사 선진산림기술공사,7538602431,이봉재,159967000,90.491,175911000,9760919,Y,-3.0,3.0,14
R26BK01712082,2026-09-17,조달청 강원지방조달청,중앙도서관 환경개선공사(전기),주식회사 유비파워텍,2248141964,송병호,460810250,90.457,510276000,35364981,Y,-2.0,2.0,1017
R26BK01722169,2026-09-17,제주특별자치도 제주시 우도면,2026년 우도면 오봉리(연평리 1348 ~ 1315번지 일원) 농로 포장 공사 소액수의 견적제출 안내 공고,정우토건 주식회사,6168129776,안정현,159893900,90.507,176514000,13063724,Y,-3.0,3.0,244
R26BK01724352,2026-09-17,전북특별자치도교육청 전북특별자치도익산교육지원청,이리초 외부환경 개선공사,유한회사 홍익조경건설,4038150426,양감용,909761800,90.566,1003489000,80222957,Y,-3.0,3.0,301
R26BK01721265,2026-09-17,경상북도교육청 경상북도칠곡교육지원청,장곡중학교 교사동 교실출입문개체공사,주식회사 삼운,6708801150,박승시,428631860,90.144,474958000,18427211,Y,-3.0,3.0,480
R26BK01721441,2026-09-17,경기도 안성시,도시바람길숲 조성사업(공도 가로숲),(주)대일조경개발,1268199798,한미희,575826900,90.186,637762000,27254016,Y,-3.0,3.0,1043
R26BK01721657,2026-09-17,한국철도공사 회계통합센터,경부고속선 오송역 비상통화장치 개량공사,케이엘아이티 주식회사,6068803569,이민호,229155413,90.19,251797000,10536139,Y,-2.0,2.0,341
R26BK01725678,2026-09-17,경기도 오산시,교량시설물 유지보수 공사(세교2교),주식회사 동진건설산업,4038118426,정수동,458538690,90.279,507370000,26111158,Y,-3.0,3.0,501
R26BK01707339,2026-09-17,수원여자대학교,수원여자대학교 간호대학 SMART시뮬레이션센터 구축공사,주식회사 무은컴퍼니,1228175305,장은영,257800000,60.346,,,,,,16
R26BK01724409,2026-09-17,전북특별자치도교육청 전북특별자치도전주교육지원청,전주새뜰유 식생활관 환기설비개선 기계설비공사,주식회사 라온에너텍,6818601480,김근희,194554429,90.247,215658000,10517227,Y,-3.0,3.0,308
R26BK01726172,2026-09-17,경상북도교육청 의성고등학교,의성고등학교 생활관 증축공사 입찰 공고[긴급],호림건설 주식회사,1278136419,지수근,1827674720,89.352,2039939000,109717583,Y,-3.0,3.0,807
R26BK01721964,2026-09-17,울산광역시 남구,삼산·여천 배수구역 하수암거 준설공사(2구간),정현이엔지 주식회사,6108190249,이화영,738015059,91.579,797380000,41256385,Y,-3.0,3.0,19
R26BK01726273,2026-09-17,경상북도교육청 의성고등학교,의성고등학교 생활관 증축 전기공사 입찰 공고,(주)삼영전기,6078151202,김인순,246370060,90.401,272414000,17432702,Y,-3.0,3.0,1418
R26BK01726126,2026-09-17,한국농어촌공사 경남지역본부 거창.함양지사,조산지구 취약지역생활여건개조사업 전기공사,주식회사 한종,6088167589,전영애,74586457,90.398,82115000,4496222,Y,-2.0,2.0,39
R26BK01723527,2026-09-17,국토교통부 서울지방국토관리청 수원국토관리사무소,2026년 수원국토 관내 과적검문소 보수보강공사(전기·통신),이에스아이 주식회사,1358103388,황근순,154562930,90.239,169925000,8196184,Y,-2.0,2.0,3464
R26BK01723899,2026-09-17,대구광역시 달서구,선원초등학교 등 2개소 어린이보호구역 개선공사,초전산업 주식회사,5028622028,우지훈,52717000,90.522,59499000,1185934,Y,-3.0,3.0,27
R26BK01722887,2026-09-17,한국산업단지공단,춘천지사 사무실 인테리어 건축공사,(주)진용,2268141669,함성용,70721163,90.324,78333000,4420668,Y,-2.0,2.0,340
R26BK01722844,2026-09-17,경기도 고양시 덕양구,신원체육공원 화장실 개선공사,(주)유익이엔씨,1288138797,박광재,121715000,90.35,134251900,7896395,Y,-3.0,3.0,74
R26BK01721906,2026-09-17,울산광역시 남구,삼산·여천 배수구역 하수암거 준설공사(1구간),대운건설주식회사,1258166595,조병옥,724742588,90.318,799780000,41450359,Y,-3.0,3.0,19
R26BK01725496,2026-09-17,국토교통부 원주지방국토관리청 강릉국토관리사무소,2026년 강릉국토 관내 속사터널 등 3개소 시설물 보수공사,(주)그린파워텍,8048600819,이태복,295510000,90.491,327547000,23747115,Y,-2.0,2.0,1037
R26BK01725575,2026-09-17,경기도 오산시,교량시설물 유지보수 공사(세교1교),주식회사 조이건설,6088125779,송훈,372462000,90.283,413910000,21349535,Y,-3.0,3.0,245
R26BK01725652,2026-09-17,경상남도 거제시,거제 학동 진석중가옥 별채 기둥 등 보수공사,주식회사 소야원,6128131547,윤엄준,163757000,90.661,182918000,11438869,Y,-3.0,3.0,20
R26BK01723989,2026-09-17,대구광역시 달서구,남송초등학교 등 2개소 어린이보호구역 개선공사,평산건설(주),5048120851,신현준,131358800,90.318,145049000,7362623,Y,-3.0,3.0,27
R26BK01725176,2026-09-17,강릉시산림조합,2026년 산불예방 숲가꾸기사업(옥계면 낙풍리 산166임 외),주식회사 대림산업,2268149356,남대현,154994000,90.412,171800000,9828313,Y,-3.0,3.0,14
R26BK01724505,2026-09-17,경기도 수원시 장안구,2026년 장안구 빗물받이 준설공사(1권역)(2차) 단가계약,민희건설주식회사,5138163534,안차현,108394,92.0,118000,25359,Y,-3.0,3.0,35
R26BK01724416,2026-09-17,전북특별자치도교육청 전북특별자치도전주교육지원청,전주새뜰유 외 1교(새솔유) 식생활관 환기설비개선 전기공사,주식회사 에스이씨,4048143059,최귀숙,65319870,90.402,73751000,4366949,Y,-3.0,3.0,1153
R26BK01723495,2026-09-17,충청남도교육청 충청남도공주교육지원청,정안초등학교 외벽수선공사,유량건설(주),1938101106,이병훈,137472000,90.237,152928000,7165273,Y,-3.0,3.0,32
R26BK01726170,2026-09-17,경상남도 하동군,(구)GS주유소 잔여부지 철거공사,주식회사 청화,4728800974,김정우,36531400,90.413,40540000,620866,Y,-3.0,3.0,7
R26BK01725166,2026-09-17,강릉시산림조합,2026년 산불예방 숲가꾸기사업(강동면 상시동리 산159-2임 외),주식회사 대림산업,2268149356,남대현,158670000,90.364,175889000,9940674,Y,-3.0,3.0,14
R26BK01723978,2026-09-17,창원시설공단,창원시설공단 공영차고지 녹지관리 공사,주식회사 솔빛조경,1308194152,유재현,17355270,90.353,19410000,1054427,Y,-3.0,3.0,91
R26BK01721060,2026-09-17,경상남도,함양소방서 안의119안전센터 이전 신축공사(전기),주식회사 현대산업전기,4188701614,장봉현,234989872,90.527,257210000,19740975,Y,-3.0,3.0,1313
R26BK01723397,2026-09-17,경상북도 김천시 농업기술센터,김천자두 스마트과원 조성 사업 시설하우스 설치공사-남면,주식회사 예촌건설,7128100572,장명숙,106959000,90.261,117300000,3171240,Y,-3.0,3.0,27
R26BK01719344,2026-09-17,대전광역시,대전로(대성동삼거리~대별삼거리) 일원 노후관 개량공사,(주)세진환경건설,3068132016,남상기,467277278,90.391,513858000,30330495,Y,-3.0,3.0,166
R26BK01722054,2026-09-17,전남광주통합특별시 무안군,양월지구 연안침식방지사업,주식회사금북건설,2258112292,이상용,420061830,90.15,470360000,18212133,Y,-3.0,3.0,930
R26BK01725761,2026-09-17,충청북도 제천시 백운면,백운면 소하천 긴급 보수공사,청룡건설산업 주식회사,4168109879,안미,49367780,90.174,54940000,2252966,Y,-3.0,3.0,86
R26BK01724620,2026-09-17,경기도 안산시,2026년 안산스마트허브 포트홀 정비공사,대신건설(주),1348628299,박상현,50725000,90.518,55418000,3973454,Y,-3.0,3.0,30
R26BK01726262,2026-09-17,경상북도교육청 의성고등학교,의성고등학교 생활관 증축 기계설비공사 입찰 변경공고,주식회사건우설비,5128105225,장효덕,332397203,90.233,368676000,17503114,Y,-3.0,3.0,340
R26BK01721599,2026-09-17,한국철도공사 회계통합센터,★실적보유★경부선 구로SS 등 2개소 단권변압기 개량 기타공사,주식회사 화성종합전기,6088194295,김지균,141182867,89.93,156484000,2742102,Y,-2.0,2.0,71
R26BK01724490,2026-09-17,대전광역시 건설관리본부,2026년 시 관내 도로상 맨홀 정비공사(2차),(주)피엘건설,3148646501,박범예,73752000,90.255,80272390,3699029,Y,-3.0,3.0,129
R26BK01725357,2026-09-17,국토교통부 부산지방국토관리청 포항국토관리사무소,국도4호선 영천 금호 신월지구 등 5개소 도로시설물 정비공사,대유종합건설 주식회사,5138168897,유대구,453298900,91.101,500000000,65460123,Y,-2.0,2.0,712
R26BK01720579,2026-09-17,경상남도 창원시 농업기술센터,펫빌리지 건립공사 BF인증 보완공사,화신건설 주식회사,6098151566,김호숙,32049730,90.235,35706000,1688843,Y,-3.0,3.0,201
R26BK01726189,2026-09-17,강원특별자치도 속초시,속초 음식문화복합공간 조성사업(기계),주식회사 대국엔지니어링,3478602051,박복자,171354260,90.38,190672000,9152969,Y,-3.0,3.0,10
R26BK01726204,2026-09-17,강원특별자치도 속초시,속초 음식문화복합공간 조성사업(소방),주식회사 제일전력,2278113448,함 미 경,61312240,90.399,67803000,3239261,Y,-3.0,3.0,10
R26BK01722967,2026-09-17,세종특별자치시산림조합,"2026년 조림지가꾸기(어린,덩굴)사업",유한회사 대산임업,5628103090,박주희,72980871,89.874,81474000,962601,Y,-3.0,3.0,166
R26BK01724858,2026-09-17,충청남도 금산군,남일면 마장지구 배수로 정비공사,천수건설 주식회사,6238100025,신지선,196766500,90.332,216500000,12223472,Y,-3.0,3.0,60
R26BK01724963,2026-09-17,전남광주통합특별시 보성군,2026년 일림산 등산로 정비사업,대원임업주식회사,4028165867,손태완,102481000,90.461,112821000,6687373,Y,-3.0,3.0,4
R26BK01725182,2026-09-17,강릉시산림조합,2026년 산불예방 숲가꾸기사업(성산면 보광리 산285임),주식회사 강남개발,2268151696,김태우,161026000,90.881,175605000,9489517,Y,-3.0,3.0,14
R26BK01724725,2026-09-17,경기도 수원시 장안구,2026년 장안구 빗물받이 준설공사(2원역)(2차) 단가계약,평원개발(주),1248116127,이창원,108834,92.004,118000,25359,Y,-3.0,3.0,35
R26BK01734157,2026-09-17,한국농어촌공사 강원지역본부 홍천.춘천지사,홍천군 속초 제1호 용수간선 수로관 설치 공사,(주)진선건설,2238105005,허춘봉,18418000,89.997,,,,,,1
R26BK01734193,2026-09-17,국립공원공단 덕유산국립공원사무소,2026 덕유산 문화유산지구(백련사) 광케이블 설치공사,유한회사 지우,7728101971,김영민,26620000,97.975,,,,,,1
R26BK01730709,2026-09-17,국가유산청 국립해양유산연구소,구내식당 조리시설 현대화 공사,주식회사 더쿡,6378600091,박성관,20900000,97.663,,,,,,1
R26BK01730660,2026-09-17,국가유산청 국립해양유산연구소,직원 편의시설 환경 개선 공사,산웅건설 주식회사,4088135153,조미연,42680000,97.755,,,,,,1
R26BK01725951,2026-09-17,국토교통부 서울지방국토관리청 의정부국토관리사무소,국도37호선 양평 상평 교차로~신청평대교 등 차선도색 정비공사,주식회사 방수존건설,1378142766,김양환,1450536670,89.317,1633900000,80004346,Y,-2.0,2.0,413
R26BK01733185,2026-09-17,서울특별시 서북병원,서북병원 주방 인덕션 전원공급 관련 전기공사,대현전력(주),2148158546,조금옥,52991000,96.999,,,,,,1
R26BK01725602,2026-09-17,전남광주통합특별시 각화동농산물도매시장관리사무소,노후전기설비정비 전기공사,주식회사 대림이엔지,4128146396,선미영,84638243,90.237,94316000,4496920,Y,-3.0,3.0,611
R26BK01724902,2026-09-17,사회복지법인 황전실버타운,"황전실버타운 개보수공사(건축,토목건축)",계림종합건설 주식회사,6158610847,박성현,204017090,90.251,225060000,11124418,Y,-3.0,3.0,413
R26BK01726224,2026-09-17,한국철도공사 회계통합센터,춘양역사 옥상 방수공사,신창건설 주식회사,5128105017,맹태호,43133080,89.977,47993000,1042014,Y,-2.0,2.0,180
R26BK01723119,2026-09-17,산림청 서부지방산림청 정읍국유림관리소,2026년 숲가꾸기(덩굴류제거)사업(기번3)지명경쟁 입찰 공고,산들기계화영림단,4021645484,박태승,43017000,89.763,48172000,,N,-2.0,2.0,3
R26BK01719961,2026-09-17,전남광주통합특별시 서구,우기철 도시침수 예방을 위한 하수도정비,전우건설주식회사,4098174047,고영매,232767920,90.593,259612000,13772662,Y,-3.0,3.0,37
R26BK01723422,2026-09-17,(재)울산테크노파크,대면적 알칼라인 수전해 시스템 실내 설치 공간 공사(건축) 시행,주식회사 동경건설,6108148339,박상철,100777600,90.101,110352000,3040059,Y,-3.0,3.0,182
R26BK01721217,2026-09-17,충청북도 청주시,청주공공하수처리시설 우수펌프동 고압펌프 동력케이블 교체공사,두원전기공사,3030255126,진상철,215017000,90.158,238213000,9615229,Y,-3.0,3.0,817
R26BK01725993,2026-09-17,국토교통부 서울지방국토관리청 의정부국토관리사무소,국도37호선 양평/여주 경계~양평IC 등 7개 노선 차선도색 정비공사,주식회사 성전건설,1358125698,황연상,888403160,90.268,984000000,49994249,Y,-2.0,2.0,390
R26BK01723215,2026-09-17,산림청 서부지방산림청 정읍국유림관리소,2026년 숲가꾸기(덩굴류제거)사업(기번4) 지명경쟁 입찰 공고,미래숲국유림영림단 사회적협동조합,8258601760,정병휘,19226000,89.716,21530000,,N,-2.0,2.0,3
R26BK01723380,2026-09-17,산림청 서부지방산림청 정읍국유림관리소,2026년 숲가꾸기(덩굴류제거)사업(기번5) 지명경쟁 입찰 공고,푸른숲 기계화 영림단,4180387062,이희종,33720000,89.552,37761000,,N,-2.0,2.0,3
R26BK01723767,2026-09-17,전북특별자치도 전주시 완산구,2026년 8차분 하수도 긴급보수공사(단가계약),(유)부덕개발,4028177723,정주현,88411390,90.182,98000000,3815502,Y,-3.0,3.0,65
R26BK01725463,2026-09-17,국토교통부 익산지방국토관리청 남원국토관리사무소,국도19호선 무주 안성 구량천교(하) 등 시설물 보수공사,유한회사 노아토건,4028191517,최년철,1286667000,89.255,1432000000,64061605,Y,-2.0,2.0,520
R26BK01725826,2026-09-17,국토교통부 서울지방국토관리청 의정부국토관리사무소,국도37호선 연천 황지 교차로~파주 당동IC 등 차선도색 정비공사,(주)더휴,6058125595,최은아,1372359746,89.254,1521930000,69433891,Y,-2.0,2.0,418
R26BK01724999,2026-09-17,서울물재생시설공단,"(사전 실적 제출 및 확인) 탄천센터 슬러지건조시설 기존 건조기 A,B호 정비공사",바스코리아 주식회사,1198128733,백강철,196943000,90.968,219667000,6508124,Y,-3.0,3.0,17
R26BK01725466,2026-09-17,구미시산림조합,2026년 일반조림지 덩굴제거사업(무을지구),주식회사 영주임업,6458103492,손길준,49726400,89.919,54811000,616599,Y,-3.0,3.0,15
R26BK01720899,2026-09-17,서울고속도로주식회사,수도권제1순환(일산~퇴계원간)고속도로 2026년 장흥면 삼상리 60-6외 2필지 인입전주 이설 공사,주식회사 나노이에프,2178139704,김주영,34423785,90.24,38192000,1839939,Y,-2.0,2.0,3893
R26BK01680322,2026-09-17,조달청 대전지방조달청,신창나들목(하이패스 전용) 설치공사(토목),주식회사 진형건설,3128146214,박상철,9728943000,87.458,11057942000,1299822550,Y,-3.0,3.0,77
R26BK01723882,2026-09-17,제주대학교,제주대학교 학내 노면 및 주차 도색 공사,池安建設 株式會社,6168154557,김인행,93998900,90.341,104577000,5860701,Y,-2.0,2.0,158
R26BK01725997,2026-09-17,경북 봉화군산림조합,2026년 3차 큰나무가꾸기사업(소로지구),내성임업 주식회사,4568602582,배선희,60901000,90.181,67671000,1151102,Y,-3.0,3.0,9
R26BK01725627,2026-09-17,경북 봉화군산림조합,2026년 3차 큰나무가꾸기사업(도심지구),주식회사 거송,5128121996,권영하,67674900,90.178,75940000,1291738,Y,-3.0,3.0,9
R26BK01726197,2026-09-17,강원특별자치도 인제군,"2026년 조림지풀베기사업(북,서화지구 2차)",인제산림개발,2238112660,최형근,53945000,90.069,60334000,676895,Y,-3.0,3.0,6
R26BK01725142,2026-09-17,구미시산림조합,2026년 일반조림지 덩굴제거사업(옥성지구),주식회사 푸른산,8838103809,이재권,67100700,89.889,74043000,838560,Y,-3.0,3.0,15
R26BK01725521,2026-09-17,국토교통부 익산지방국토관리청 남원국토관리사무소,국도27호선 순창 인계 탑리 등 3개소 배수시설 개선공사,주식회사 오신건설,6748601497,유완근,151782000,90.346,168300000,9852211,Y,-2.0,2.0,411
R26BK01697823,2026-09-17,조달청 대구지방조달청,오천읍 하수관로 정비사업(2단계),대림종합개발 주식회사,5088127370,김재모,10724383970,85.094,12627486000,1151670716,Y,-3.0,3.0,80
R26BK01723912,2026-09-17,산림청 서부지방산림청 정읍국유림관리소,2026년 숲가꾸기(덩굴류제거)사업(기번2) 지명경쟁 입찰 공고,푸름이국유림영림단사회적협동조합,3408601823,정구석,51167000,88.753,57363000,,N,-2.0,2.0,2
R26BK01726018,2026-09-17,엘에스이링크㈜,무공해차 충전인프라 보급 사업_18_새천안교통_공사,미래전기 주식회사,5908701293,박길수,123262455,90.26,136840000,4799988,Y,-2.0,2.0,15
R26BK01716796,2026-09-17,경상북도교육청,경상북도교육청연수원 외부계단보수 및 기타공사,주식회사 대경,5088124015,이현옥,221785100,90.249,247007000,11869356,Y,-3.0,3.0,335
R26BK01725723,2026-09-17,충청북도 청주시,청주국제에코콤플렉스 외부 방수 및 마감 보수공사,삼우석재(주),3018174331,노재용,52961800,90.219,58960000,2639716,Y,-3.0,3.0,120
R26BK01724287,2026-09-17,광주도시관리공사,2026년 공공하수도 준설공사 하반기 2구역[단가계약],두향건설,1263004284,이경은,6667000,90.265,7453000,360571,Y,-3.0,3.0,10
R26BK01720265,2026-09-17,한국학중앙연구원,한국학도서관 항온항습기 설치 공사(전기) 입찰 공고,주식회사 태광이알텍,3078144418,윤순한,60666020,90.225,67653000,3148026,Y,-2.0,2.0,9927
R26BK01726292,2026-09-17,경상남도 하동군 양보면,집홀 마을만들기 2단계 사업,주식회사 대정원,5158122543,하성문,31926000,89.986,35451000,534193,Y,-3.0,3.0,19
R26BK01726295,2026-09-17,경상남도 하동군 양보면,원양 마을만들기 2단계 사업,주식회사 마천,8228101470,전정숙,37376000,89.986,42057000,664178,Y,-3.0,3.0,19
R26BK01724950,2026-09-17,전남광주통합특별시 신안군,안좌 글라스큐브 치유센터 조성공사(전기),주식회사 서현,4128141839,김종아,164631700,90.533,182897000,13975887,Y,-3.0,3.0,1251
R26BK01723929,2026-09-17,충청북도 충주시 주덕읍,주덕 원대곡마을 배수로 정비,동남건설(주),3038156760,정민화,24105900,90.581,26380000,2044534,Y,-3.0,3.0,127
R26BK01720816,2026-09-16,경상남도하동교육청 진교초등학교,진교초등학교 노후 시설물 철거 공사 수의계약 안내공고,주식회사 남광건설,6138120567,염홍선,27757900,90.919,30888000,578936,Y,-3.0,3.0,2
R26BK01704730,2026-09-17,조달청 인천지방조달청,신흥고가차도 철거공사,가산건설 주식회사,3058103992,배병훈,11686449300,85.236,13658922000,1158484085,Y,-3.0,3.0,92
R26BK01725479,2026-09-17,국토교통부 부산지방국토관리청 포항국토관리사무소,국도28호선 포항 흥해 학천지구 등 3개소 도로시설물 정비공사,지디종합건설(주),5058128860,김영엄,366061937,91.174,400000000,55861364,Y,-2.0,2.0,711
R26BK01725422,2026-09-17,국토교통부 부산지방국토관리청 포항국토관리사무소,국도20호선 경주 산내 의곡지구 등 13개소 도로시설물 정비공사,(주)대흥건설,2218117897,김주동,485800800,91.084,530000000,69547569,Y,-2.0,2.0,713
R26BK01725072,2026-09-17,전남광주통합특별시 신안군,홍도 문화생태탐방로 및 선착장 조성사업(탐방로),연우조경 주식회사,4138105869,신흥식,638629364,90.25,706390000,34839412,Y,-3.0,3.0,186
R26BK01724302,2026-09-17,광주도시관리공사,2026년 공공하수도 준설공사 하반기 3구역[단가계약],(주)씨앤케이,1268633205,권수진,6722131,90.602,7453000,360571,Y,-3.0,3.0,10
R26BK01722221,2026-09-17,한종산업개발 주식회사,3호기 소각로 재추출기 교체공사,엔에코기술주식회사,1108176602,하관중,1398023000,89.213,1574958000,59972097,Y,-3.0,3.0,21
R26BK01725495,2026-09-17,국토교통부 익산지방국토관리청 남원국토관리사무소,국도30호선 진안 상전 등 도로유지 보수공사,주식회사하나종합건설,7628801269,이정선,1068664028,89.311,1207000000,59002318,Y,-2.0,2.0,521
R26BK01723105,2026-09-17,전북특별자치도교육청 한국경마축산고등학교,한국경마축산고등학교 외곽펜스 설치 공사,(주)서진비에스,2028702094,김동명,174405430,90.123,194062000,7124017,Y,-3.0,3.0,498
R26BK01726014,2026-09-17,경북 봉화군산림조합,2026년 4차 산불예방 숲가꾸기사업(어지지구),주식회사 태림,4668702586,윤순녀,74572000,89.969,82232000,1398190,Y,-3.0,3.0,9
R26BK01704079,2026-09-17,충청남도개발공사,금산 아이조아센터 조성사업 통신공사 입찰 공고,주식회사 서광전기통신,3118148387,구본충,266079550,90.449,295744000,19812350,Y,-3.0,3.0,410
R26BK01725508,2026-09-17,구미시산림조합,"2026년 일반조림지 덩굴제거사업(고아,도개지구)",주식회사 승원,2718101328,박은지,24522523,89.873,27169000,305655,Y,-3.0,3.0,15
R26BK01725365,2026-09-17,구미시산림조합,"2026년 일반조림지 덩굴제거사업(옥성,선산지구)",주식회사 계림,1118194296,류재준,65934000,90.008,72668000,822475,Y,-3.0,3.0,15
R26BK01725560,2026-09-17,국토교통부 익산지방국토관리청 남원국토관리사무소,국도17호선 임실 성수 월평 등 6개소 낙석산사태 정비공사,유한회사 천지인조경,4028600312,정미영,227877490,90.228,254100000,11277363,Y,-2.0,2.0,151
R26BK01724677,2026-09-17,서울특별시,2026년 중앙버스전용차로  고강성 콘크리트 포장공사(성동),산하건설(주),1208130184,최산하,619121560,90.556,690800000,53873242,Y,-3.0,3.0,543
R26BK01725901,2026-09-17,근로복지공단 부산지역본부,근로복지공단 부산지역본부 청사 이전 관련 인테리어 공사(건축),(주)성판,6178108774,이현승,430998010,90.265,479107200,24128967,Y,-2.0,2.0,362
R26BK01726286,2026-09-17,경상남도 하동군 양보면,수척 마을만들기 2단계 사업,용선지조경 주식회사,1528800653,배선희,41982700,89.916,47000000,672879,Y,-3.0,3.0,19
R26BK01724276,2026-09-17,광주도시관리공사,2026년 공공하수도 준설공사 하반기 1구역[단가계약],(주)경인종합개발,1268123911,권재현,6739838,90.314,7453000,360571,Y,-3.0,3.0,10
R26BK01724317,2026-09-17,광주도시관리공사,2026년 공공하수도 준설공사 하반기 4구역[단가계약],홍성건설주식회사,1268159821,이종만,6755000,90.453,7453000,360571,Y,-3.0,3.0,10
R26BK01725730,2026-09-17,경상북도교육청 경상북도칠곡교육지원청,대교초등학교 교사방수공사 수의계약 안내공고,주식회사 로하스기술,6128801611,이근영,93230148,90.454,101913000,5759775,Y,-3.0,3.0,21
R26BK01720891,2026-09-17,서울특별시,건축토목 정수시설물 유지관리공사(단가계약)(장기계속),주식회사 다옴건설,1428168147,이창석,236562500,90.376,258720000,15597559,Y,-3.0,3.0,71
R26BK01724599,2026-09-17,경상남도 거창군,덕거저수지 보수보강공사,남동 주식회사 (南東 株式會社),6168132854,지영심,558528600,90.296,619800000,33190793,Y,-3.0,3.0,711
R26BK01724854,2026-09-17,전남광주통합특별시 신안군,2026년 산불예방 숲가꾸기사업,주식회사 푸른숲,6968803446,윤연택,143949320,90.554,159160000,9318655,Y,-3.0,3.0,5
R26BK01725510,2026-09-17,국토교통부 부산지방국토관리청 포항국토관리사무소,국도31호선 포항 연일 학전지구 도로정비공사,주식회사서진산업개발,6088132867,김학태,299749000,90.999,328300000,40185438,Y,-2.0,2.0,707
R26BK01726043,2026-09-17,경상북도 예천군,마산리 취약지역 생활여건개조사업 침수 배수로(용포지구) 정비공사,덕산개발(주),5128108770,박화순,33254269,90.218,36900000,1692505,Y,-3.0,3.0,16
R26BK01703737,2026-09-17,충청남도개발공사,금산 아이조아센터 조성사업 전기공사 입찰 공고,제이에스시스템주식회사,2618127302,김영미,671329331,90.442,741174000,50183811,Y,-3.0,3.0,1020
R26BK01726114,2026-09-17,경상북도 예천군,감천 대맥2리(장자골)세천 정비공사,덕산개발(주),5128108770,박화순,84818061,90.374,94000000,5735565,Y,-3.0,3.0,95
R26BK01704046,2026-09-17,충청남도개발공사,금산 아이조아센터 조성사업 소방공사 입찰 공고,주식회사 구주전력,1318629585,황원의,518901532,90.463,580065000,37565197,Y,-3.0,3.0,251
R26BK01726153,2026-09-17,전북특별자치도 남원시,2026년 하반기 슬레이트 처리지원사업 지붕해체·포장공사(1권역),(유)미르산림개발,4078123746,최인범,79536100,90.404,89113000,4904503,Y,-3.0,3.0,24
R26BK01726168,2026-09-17,강원특별자치도 인제군,"2026년 조림지풀베기사업(기린,상남지구 2차)",인제산림개발,2238112660,최형근,81961000,91.313,89884000,4844908,Y,-3.0,3.0,6
R26BK01726297,2026-09-17,경상남도 하동군 양보면,운산 마을만들기 2단계 사업,부광조경 주식회사,6138158893,김미정,42071880,90.135,47000000,747000,Y,-3.0,3.0,21
R26BK01724321,2026-09-17,광주도시관리공사,2026년 공공하수도 준설공사 하반기 5구역[단가계약],정은건설 주식회사,6978101383,박은정,6771167,91.222,7453000,360571,Y,-3.0,3.0,10
R26BK01724812,2026-09-17,전남광주통합특별시 신안군,2026년 증도 증동지구 산불진화임도 개설사업,주식회사 백림,1938802685,박정호,210508660,90.3,233234000,10155753,Y,-3.0,3.0,53
R26BK01721047,2026-09-17,경상북도 포항시,수소연료전지 클러스터 구축사업 부지 및 도로조성 전기공사,주식회사 화성전기,1258701954,김영옥,294561544,90.387,324964000,20408477,Y,-3.0,3.0,1410
R26BK01721695,2026-09-17,경상북도 구미시,산호대교 보도 정비공사,주시회사 문무건설,1388801563,김영희,392339287,90.357,435876000,25768726,Y,-3.0,3.0,608
R26BK01721760,2026-09-17,국립공원공단 국립공원야생생물보전원,2026년 북부보전센터 우제류 복원을 위한 계류장 개선공사,예향건설(주),3018155300,이명수,188078500,90.238,208670000,9871766,Y,-2.0,2.0,65
R26BK01717534,2026-09-17,경상북도교육청,청도학생수련원 본관동 보수공사,백야종합건설 주식회사,7628602075,박원서,2054004890,89.243,2310649000,101418667,Y,-3.0,3.0,803
R26BK01734063,2026-09-17,한국농어촌공사 전남지역본부 순천.광양.여수지사,2026년 오사지구 배수개선사업 배수장 입간판 및 안전시설물 설치공사,신대디자인테크(주),4168189058,신경숙,25130000,93.018,,,,,,1
R26BK01733006,2026-09-17,한국농어촌공사 경남지역본부 울산지사,울주형스마트팜 농어촌관광휴양단지사업 조경공사,미광건설주식회사,2278104522,김지원,21000000,90.012,,,,,,1
R26BK01726209,2026-09-17,경기도 안성시,2026년 하반기 교통시설물(전기분야) 유지보수 연간단가,나일전기,1251646742,김만중,37457600,90.149,41405000,1479100,Y,-3.0,3.0,90
R26BK01722401,2026-09-17,전남광주통합특별시 장흥군,장흥읍 노후상수관로 여과장치 설치공사,(주)성원엔지니어링,4108128941,고성수,124564976,90.184,137030000,5681732,Y,-3.0,3.0,11
R26BK01724131,2026-09-17,강원특별자치도 정선군,사북읍 빛의도시 회전교차로 조성공사,주식회사 정선종합건설,6118110025,이현희,335775340,90.413,369230000,21866548,Y,-3.0,3.0,23
R26BK01733056,2026-09-17,한국농어촌공사 경남지역본부 울산지사,울주형스마트팜 농어촌관광휴양단지사업 부지정비공사,디에스종합건설(주),7918601749,윤동섭,19500000,90.399,,,,,,1
R26BK01734210,2026-09-17,한국농어촌공사 강원지역본부 홍천.춘천지사,홍천군 상오안 제14호 배수지선 수로관 설치 공사,주식회사 에스엔제이건설,4718102266,이국재,18263000,89.996,,,,,,1
R26BK01731062,2026-09-17,서울특별시 도로사업소 서부도로사업소,2026년 운행제한차량 공고표지판 정비공사,(주)해창건업,2048801948,오창섭,9000000,90.0,,,,,,1
R26BK01723883,2026-09-17,전남광주통합특별시 구례군,섬진강 레인보우워크(전망대) 통신공사,구례케이블티비시스템(주),4168137259,전영림,60372220,90.496,67287000,3415873,Y,-3.0,3.0,8
R26BK01698849,2026-09-17,조달청 대구지방조달청,국도28호선 경주 안강 두류 교차로 개선공사,비지종합건설 주식회사,4098146162,양병구,4967160950,90.012,5471442000,615660190,Y,-2.0,2.0,278
R26BK01716276,2026-09-17,전남광주통합특별시 구례군,2026년 산림유역관리사업(간전중대),주식회사 한들,4108636596,정민호,762675821,90.595,855703000,44648079,Y,-3.0,3.0,56
R26BK01725499,2026-09-17,강원특별자치도 철원군 상하수도사업소,2026년 상수도 긴급 누수복구공사(단가계약)_서면 급수구역,(주)세양건설,1278133106,이희석,90685710,90.548,100000000,5310310,Y,-3.0,3.0,16
R26BK01725971,2026-09-17,대구광역시교육청 대구광역시동부교육지원청,대구두산초등학교 외벽대수선공사,주식회사 예장건설,5108122441,정숙남,61099370,90.089,68190000,2164811,Y,-3.0,3.0,306
R26BK01724440,2026-09-17,대구광역시교육청 대구광역시동부교육지원청,대구수성초등학교 외 1교(지봉초) 환경개선공사(긴급),(주)창조건설,5028167767,전상원,259538440,90.345,283180000,15975505,Y,-3.0,3.0,116
R26BK01698132,2026-09-17,조달청 대구지방조달청,(가칭)해마루고등학교 신축공사(계속비),동신건설 주식회사,5088102200,김근한,14151274000,87.116,16260794000,911932451,Y,-3.0,3.0,78
R26BK01724357,2026-09-17,울산광역시교육청 울산광역시강남교육지원청,[긴급]울산중앙중 공간재구조화 증축 및 리모델링 전기공사(계속비),한국전기(주),6108173352,이훈미,982877114,89.39,1102816000,62653097,Y,-3.0,3.0,368
R26BK01722831,2026-09-17,산림청 서부지방산림청 정읍국유림관리소,2026년 숲가꾸기(덩굴류제거)사업(기번1) 지명경쟁 입찰 공고,녹색영림단,5456200670,백영철,40046000,89.468,44845000,,N,-2.0,2.0,3
R26BK01726184,2026-09-17,강원특별자치도 인제군,"2026년 조림지풀베기사업(인제,남면지구 2차)",주식회사 다내산,2238110115,최문일,85142000,90.921,93548000,5036928,Y,-3.0,3.0,6
R26BK01725906,2026-09-17,전남광주통합특별시 구례군,광의 당촌마을만들기사업,동서건설주식회사,2238106038,정명섭,97238000,90.383,107950000,5630338,Y,-3.0,3.0,13
R26BK01706773,2026-09-17,전남광주통합특별시 여수시 상하수도사업단,"미급수지역(율촌,화양) 농어촌 생활용수 개발사업 토목공사(총괄 및 1차분)",주식회사 대영,4088115201,박수정,1542557000,89.889,1707715000,174050501,Y,-3.0,3.0,635
R26BK01725876,2026-09-17,전남광주통합특별시 구례군,마산 광평마을만들기사업(건축),기흥건설주식회사,6168137602,류치완,96891430,90.559,107950000,5630338,Y,-3.0,3.0,13
R26BK01725958,2026-09-17,전남광주통합특별시 구례군,산동 현천마을만들기사업,수성종합건설(주),4128111621,정찬욱,105010400,90.366,116100000,6813814,Y,-3.0,3.0,13
R26BK01725205,2026-09-17,한국석유관리원,한국석유관리원 석유통합관제센터 구축 공사(소방),주식회사 한양이엘이씨,8678601560,정현영,61902057,90.305,68387000,3453051,Y,-2.0,2.0,59
R26BK01725481,2026-09-17,강원특별자치도 철원군 상하수도사업소,2026년 상수도 긴급 누수복구공사(단가계약)_동송 급수구역,일광수도건설(주),6628102799,한혜경,90151814,90.309,100000000,5310310,Y,-3.0,3.0,16
R26BK01724885,2026-09-17,산림청 동부지방산림청 강릉국유림관리소,2026년 산불방지 안전공간 조성사업 지명경쟁 긴급공고,강릉영림단,8682501524,박용구,97000000,87.961,108987000,,Y,-2.0,2.0,2
R26BK01725348,2026-09-17,전남광주통합특별시교육청 전남광주통합특별시무안교육지원청,전남체육중고 다목적훈련장(승리관) 환기개선공사 입찰 공고(새로공고),주식회사 제이앤비,4178148706,김종현,198820530,89.986,223356000,5177414,Y,-3.0,3.0,278
R26BK01723515,2026-09-17,부산광역시 부산진구,2026년 하반기 은행나무 암·수 교체공사,청아건설 주식회사,7158700893,박지숙,22477890,89.882,25000000,308905,Y,-3.0,3.0,189
R26BK01724794,2026-09-17,충청북도교육청 충청북도보은교육지원청,충북생명산업고 후관 외 1동(실습동) 옥상방수 및 외벽보수공사,(주)삼보하이드로테크,3028117293,장철승,131272180,90.156,146784000,5113456,Y,-3.0,3.0,7
R26BK01725417,2026-09-17,경기도 김포시,2026년 마산동 원형교차로 쌈지공원 조성사업,청세조경건설주식회사,7398700303,홍진주,77632000,90.243,87085000,3534947,Y,-3.0,3.0,63
R26BK01718958,2026-09-17,환경에너지솔루션 주식회사,과천시자원정화센터 재활용선별동 전동식방수총 설치공사,주식회사 오성기계설비,1278617057,김성환,44235360,89.97,49500000,1045578,Y,-3.0,3.0,495
R26BK01725567,2026-09-17,한국석유관리원,한국석유관리원 석유통합관제센터 구축 공사(건축),금강이앤씨 주식회사,4688601174,김경란,375272000,91.198,410402000,18290671,Y,-2.0,2.0,39
R26BK01718122,2026-09-17,해양수산부 포항지방해양수산청,포항항 등 방파제 안전시설 설치공사,주식회사 해송라이팅,4628702100,김상배,178715670,90.074,198200000,6314489,Y,-2.0,2.0,637
R26BK01723944,2026-09-17,경기도 수원시 장안구,2026년 장안구 도시공원 시설물 유지관리공사(단가계약)(2차),서진조경주식회사,7218101629,이재인,16793200,90.132,18780000,680978,Y,-3.0,3.0,93
R26BK01725059,2026-09-17,한국석유관리원,한국석유관리원 석유통합관제센터 구축 공사(전기),(주)도림,1088194515,이재화,70595770,90.47,77517000,5203104,Y,-2.0,2.0,167
R26BK01725210,2026-09-17,경기도 김포시,2026년 장기동 보행자도로 도시숲리모델링사업,주식회사 동산조경,1378169969,고재철,69798400,90.129,77454000,2801954,Y,-3.0,3.0,63
R26BK01720942,2026-09-17,(재)경기문화재단 경기북부어린이박물관,2026 경기북부어린이박물관 전시체험고도화 관람환경 서비스 개선 공사,광명건설산업 주식회사,5118125719,유준영,399326670,90.356,442277000,26306335,Y,-3.0,3.0,623
R26BK01724586,2026-09-17,강원특별자치도 정선군,2026년 관광도로 활성화 사업,주식회사 은진종합건설,5138118984,김현기,376919260,90.575,417805000,33264194,Y,-3.0,3.0,23
R26BK01724456,2026-09-17,울산광역시교육청 울산광역시강남교육지원청,[긴급]울산중앙중 공간재구조화 증축 및 리모델링 통신공사(계속비),(주)엘씨유니택,6108132157,박헌동,470299100,90.482,513788000,32434324,Y,-3.0,3.0,145
R26BK01734054,2026-09-17,서울특별시 서울대공원,동물원 기린사 샤워실 조성공사(기계분야),(주)도원디에스,1138611108,이정우,43617000,93.0,,,,,,1
R26BK01698902,2026-09-11,한국방송공사,대전총국 노후 전력설비 교체공사,이에스지주식회사,3188801494,김경한,258785257,85.391,302500000,,N,-2.0,2.0,2
R26BK01732474,2026-09-16,한국농어촌공사 경북지역본부 경산청도지사,농지은행사업 매입농지 훼손복구 공사,주식회사 제영,2128701262,김경영,14600000,90.909,,,,,,1
R26BK01724473,2026-09-17,울산광역시교육청 울산광역시강남교육지원청,[긴급]울산중앙중 공간재구조화 증축 및 리모델링 소방공사(계속비),주식회사 선문,6108143839,이상대,267930803,90.353,299955000,17488361,Y,-3.0,3.0,92
R26BK01722477,2026-09-16,경기도 군포시,군포시 도시침수 대응 하수도 시설물(빗물받이) 정비공사,명성건설주식회사,1238146744,박병수,168538400,90.565,186483000,9443027,Y,-3.0,3.0,10
R26BK01719974,2026-09-17,충청남도 공주시,2026년 화암정 보수정비사업,여원건설 주식회사,3168126490,노재은,48349000,90.102,54198000,570642,Y,-3.0,3.0,11
R26BK01726190,2026-09-17,경상남도 진주시,충무공동 관광홍보탑 철거공사,태온건설 주식회사,6138115142,정웅섭,40172571,89.982,44781000,859594,Y,-3.0,3.0,27
R26BK01726133,2026-09-17,한국농어촌공사 경기지역본부 여주.이천지사,설성면 행정공간 확대사업 전기공사,주식회사 신후에너지,4078111518,이창용,109118000,90.452,120951000,8317960,Y,-2.0,2.0,3845
R26BK01720755,2026-09-17,충청남도 공주시,"이인면 행정복지센터 신축사업(건축,토목,기계,조경)",장수종합건설 주식회사,3148172440,이상신,3924543300,89.402,4333274000,243914252,Y,-3.0,3.0,406
R26BK01718559,2026-09-17,에덴동산,에덴동산 요양원 개보수공사,(주)하윤건설,3128677390,우범진,348956560,90.223,389080000,16642020,Y,-3.0,3.0,162
R26BK01725859,2026-09-16,엘에스이링크㈜,무공해차 충전인프라 보급 사업_24_문경여객자동차_공사,이에스엔 주식회사,4678802887,이영택,87230000,99.125,,,,,,2
R26BK01725864,2026-09-17,충청남도 천안시,만복소하천 재해복구사업(개선),화성토건주식회사,3148122765,이승훈,3772635900,89.582,4245890000,300381160,Y,-3.0,3.0,337
R26BK01718824,2026-09-17,경상북도 영덕군 물관리사업소,낙후지역 발전 전략사업 지원사업(영덕읍 창포리~대탄리)(총괄분) 가격입찰 공고,가야준설 주식회사,6798100969,박명화,940758000,91.012,1030600000,126225398,Y,-3.0,3.0,482
R26BK01724563,2026-09-17,충청남도 태안군,2026년 슬레이트지붕 해체공사(2차사업 주택1권역),덕영건설주식회사,3208701466,조진영,36933516,90.386,40934430,2314883,Y,-3.0,3.0,8
R26BK01723125,2026-09-17,경상북도 남부건설사업소,국지도69호선 하옥도로 사면정비공사,이정건설(주),5108119247,홍석보,32361080,91.203,35400000,5031610,Y,-3.0,3.0,1290
R26BK01726131,2026-09-17,전북특별자치도 정읍시,제19회정읍구절초꽃축제행사장전기공사,단풍전력,6111402784,홍진휘,56967600,89.879,63689000,811301,Y,-3.0,3.0,100
R26BK01726287,2026-09-17,경상남도 함양군 수동면,수동면 기초생활거점 진입도로 정비사업,주식회사 대한조경,5478701227,김수진,27642000,90.155,30780000,1168201,Y,-3.0,3.0,53
R26BK01724374,2026-09-17,경상남도 의령군,부림정수장 약품실 정비공사(기계건축),남영종합건설 주식회사,5718800500,배성택,165000000,96.37,168069000,6526627,Y,-3.0,3.0,11
R26BK01726261,2026-09-17,경상남도 진주시,서부관내 시각장애인용 음향신호기 정비공사,주식회사 부성정보통신,8498701609,성부성,146665000,90.074,161308000,4641388,Y,-3.0,3.0,74
R26BK01724464,2026-09-17,전북특별자치도 부안군,효동마을 만들기사업 건축공사,일온건설 주식회사,5028638914,이세윤,358373000,90.344,396034000,18834337,Y,-3.0,3.0,21
R26BK01725685,2026-09-17,강원특별자치도 횡성군,우천면 양적리 마을환경 정비사업,주식회사 아리,6088159532,고영은,73376640,90.245,81103000,3315568,Y,-3.0,3.0,36
R26BK01734524,2026-09-17,한국농어촌공사 전남지역본부 구례지사,"온당지구 수원공 수리시설개보수사업 월평저수지, 온난저수지 폐통부 보수공사",광남건설(주),4168106038,이정순,36000000,90.0,,,,,,1
R26BK01724607,2026-09-17,충청남도 태안군,2026년 슬레이트지붕 해체공사(2차사업 주택2권역),신화환경건설주식회사,4688800922,김선영,28632410,90.432,31439720,1777947,Y,-3.0,3.0,8
R26BK01719256,2026-09-17,한국농어촌공사 전남지역본부 장흥지사,장흥 관산지구 수산가공분야 에너지절감시설 보급사업 기계설치공사,(주)샤인개발,5758100158,김란심,329396781,89.81,369272000,2268010,Y,-2.0,2.0,461
R26BK01716146,2026-09-16,충청남도 수산자원연구소,어류 사육동 환경개선 기계설비 공사,(주)하나환경,3128138709,민인자,32937865,90.287,36259000,1924525,Y,-3.0,3.0,224
R26BK01678248,2026-09-17,조달청,경주 손곡동과 물천리 유적공원조성공사[1단계](총괄분),주식회사 서호건설,6558103408,민경진,2072471700,86.35,2416933000,93538549,Y,-3.0,3.0,28
R26BK01721908,2026-09-17,법무부 대구지방교정청 밀양구치소,밀양구치소 보안과 2층 샤워장 등 환경개선공사 소액수의 견적 제출 안내공고,이레건설주식회사,6158155233,김선주,83249682,90.314,92461000,4505017,Y,-2.0,2.0,32
R26BK01726118,2026-09-17,전북특별자치도 정읍시,두승산화장실정비공사,주식회사 다해건설,1398127306,한완수,41291360,90.257,45281000,1718135,Y,-3.0,3.0,25
R26BK01726112,2026-09-17,전북특별자치도 정읍시,은행나무열매진동제거공사,유한회사 청호조경,4048119016,박준철,67947000,90.156,75518000,2963977,Y,-3.0,3.0,48
R26BK01726214,2026-09-17,강원특별자치도 인제군,인제군 스마트힐링센터 인테리어 공사,주식회사 대하건설,4338100738,김영호,183384793,90.375,204454000,11752934,Y,-3.0,3.0,5
R26BK01724365,2026-09-17,경상남도 의령군,부림정수장 약품실 정비공사(전기),주식회사 대도전기,6098154618,김정자,49993709,90.502,54615000,2887665,Y,-3.0,3.0,21
R26BK01725252,2026-09-17,한국마사회 부산경남경마본부,영남지역본부 본관 환경개선 공사,주식회사 더가림,4088702974,김영덕,157718633,90.189,172990000,7520762,Y,-2.0,2.0,1088
R26BK01724485,2026-09-17,전남광주통합특별시 함평군,대동 정창소하천 재해복구사업,주식회사 현진토건,4118125699,정민교,931184352,90.604,1035340000,86140557,Y,-3.0,3.0,903
R26BK01726149,2026-09-17,경상남도 진주시,선학공원 매화원 조성사업,정훈토건 주식회사,5108118331,하정훈,157294000,90.184,173058000,7146542,Y,-3.0,3.0,64
R26BK01715949,2026-09-17,거제해양관광개발공사,거제시 동부면 율포지구 농촌공간정비사업 축사 철거 및 해체공사,주식회사 태경산업환경,1248681322,조상봉,257850020,90.321,281842000,15110740,Y,-3.0,3.0,214
R26BK01677739,2026-09-17,한국환경공단,구미시 이계천 통합집중형 오염지류 개선사업(1공구),백송건설 주식회사,5098103051,이우필,14998164820,85.45,17563436000,1308172544,Y,-3.0,3.0,26
R26BK01733834,2026-09-17,한국농어촌공사 경남지역본부 진주.산청지사,율현(배양)지구 재해복구사업 토목공사,성은건설 주식회사,8828802562,공현정,9530000,91.021,,,,,,1
R26BK01732867,2026-09-17,한국농어촌공사 경남지역본부 진주.산청지사,율현지구 재해복구사업 율현발전소 건물 도장공사,주식회사 유엔아이건설,8158102016,박정훈,19375000,90.003,,,,,,1
R26BK01733092,2026-09-17,한국농어촌공사 경남지역본부 진주.산청지사,진성(대사)지구 시비개보수사업 보수공사,영림토건 주식회사,6108124303,최혜정,49700000,90.528,,,,,,1
R26BK01733833,2026-09-17,한국농어촌공사 경남지역본부 진주.산청지사,진성(대사)지구 시비개보수사업 강관압입공사,예담건설 주식회사,2518100854,장지은,48680000,90.483,,,,,,1
R26BK01720706,2026-09-17,서울특별시 은평구,"난지처리구역 내 원형관로 보수공사 (불광1-8,구파발2~3)",(주)국제화건,2128141530,최진용,619774320,90.262,687913000,33601396,Y,-3.0,3.0,33
R26BK01720449,2026-09-17,서울시설공단,천호역 공영주차장 진출입로 융설시스템 설치공사,주식회사 동명이앤씨,8668602305,최만호,120629950,90.212,132649000,6073219,Y,-3.0,3.0,1587
R26BK01725831,2026-09-16,엘에스이링크㈜,무공해차 충전인프라 보급 사업_1_창성여객_용당차고지_공사,이에스엔 주식회사,4678802887,이영택,87230000,99.125,,,,,,2
R26BK01720027,2026-09-17,경기도 포천시,설운교 내진보강 및 보수공사,건화종합건설 주식회사,1288150879,김성구,467053000,90.681,516678000,46854064,Y,-3.0,3.0,629
R26BK01722118,2026-09-17,경상남도 김해시,2026년 삼방동장애인복지관 기능보강사업(전기),주식회사 제일이엔지,5238602072,신정민,45280366,90.36,50449000,2971028,Y,-3.0,3.0,147
R26BK01722170,2026-09-16,충청남도 아산시,마곡리 임도 구조보수사업 취소공고 및 새로공고,주식회사 에코랜드,3128140317,강춘식,139852200,90.641,154380000,8658020,Y,-3.0,3.0,6
R26BK01724262,2026-09-17,경상북도 상주시,이안 이안2리 율정저수지 사면보강 추가공사,주식회사 경도,6108143386,김성균,59850452,90.61,65300000,3896815,Y,-3.0,3.0,14
R26BK01735015,2026-09-17,한국농어촌공사 경남지역본부 진주.산청지사,모고저수지 한해대책 암반관정 개발공사(이용시설),토성지오텍 주식회사,6138117719,서영수,19770000,90.027,,,,,,1
R26BK01726205,2026-09-17,부산광역시교육청 부산정보관광고등학교,부산정보관광고등학교 운동장 조성공사 견적제출 안내공고,에이치앤케이2건설 주식회사,1258122641,곽우혁,89519647,90.562,98420000,7747712,Y,-3.0,3.0,260
R26BK01722113,2026-09-17,경상남도 김해시,"2026년 삼방동장애인복지관 기능보강사업(건축,기계)",프라임건설 주식회사,6068175045,강범식,183544400,90.313,205361000,11197426,Y,-3.0,3.0,88
R26BK01717512,2026-09-17,경기도 포천시,청계수변공원 안심둘레길 조성사업(1단계),주식회사 모모조경,5818702717,조아름,285663340,90.37,313202000,19087444,Y,-3.0,3.0,809
R26BK01720604,2026-09-17,인천광역시 영종구,왕산마리나교 외 2개소 도로정비공사,(주)라인원이앤씨,7128701627,강근순,100150690,90.274,111320000,5640586,Y,-3.0,3.0,165
R26BK01726083,2026-09-17,인천광역시 옹진군,영흥면 생태공원 맨발체험길 및 조경시설 환경개선사업,(주)삼승화학,1368123126,배정권,122047980,90.153,136609000,5391087,Y,-3.0,3.0,272
R26BK01714558,2026-09-17,경상북도 상주시,남원동 공영주차장 조성공사,주경건설 주식회사,6778103131,김경환,78778607,90.289,87500000,4532170,Y,-3.0,3.0,73
R26BK01705479,2026-09-17,경상북도 상주시,은척면 지방상수도 확장공사(잔여분)[입찰대행],우재건설 주식회사,5138175966,손강훈,2090646280,90.277,2294500000,315332949,Y,-3.0,3.0,652
R26BK01724565,2026-09-17,경상북도 경산시 맑은물사업본부 하수도과,사매소하천(진량 다문1)제방 정비공사 소액수의계약 견적제출 안내 공고,지운건설 주식회사,5158153842,이용문,108648700,90.552,119390000,7819705,Y,-3.0,3.0,46
R26BK01724454,2026-09-17,서울특별시북부교육청 선덕중학교,선덕중학교 운동장 환경개선(인조잔디 및 다목적구장 조성)공사,주식회사 꿈여울건설,6168167620,이영진,114953000,89.92,126798000,2183183,Y,-3.0,3.0,492
R26BK01724364,2026-09-17,경상북도 상주시,이안 지산천 정비사업,주식회사 우림이앤시,5718101359,김상경,87561260,90.348,97300000,5640597,Y,-3.0,3.0,100
R26BK01724410,2026-09-17,경상북도 상주시,과수무병묘 모수포 조성지원,조각하는사람들,5110289080,이창호,89927470,89.998,100000000,2377012,Y,-3.0,3.0,42
R26BK01723888,2026-09-17,서울특별시 서초구,"강남역(1구역) 일대 배수개선공사(우선시공분, 남부터미널역 주변)",주식회사 윈피앤에스,2188100686,정찬호,1971473938,89.591,2185606000,165454931,Y,-3.0,3.0,359
R26BK01722116,2026-09-17,중부대학교 중부대학교고양캠퍼스,「긴급」[2026년 앵커사업]고양창의캠퍼스 공연영상 촬영 스튜디오 구축 공사,주식회사 이투워크솔루션,2158725619,이원희,65000000,92.857,,,,,,2
R26BK01719648,2026-09-17,경찰청 경기도남부경찰청,양평경찰서 지평파출소 내진보강공사 [건축],케이이앤씨(주),1288640997,김남수,131995350,90.346,146950000,8541135,Y,-2.0,2.0,917
R26BK01722109,2026-09-17,경상남도 김해시,조만강 생태하천 경관정비공사,부경조경개발 주식회사,2398802225,강영호,96190400,90.556,105590000,7189092,Y,-3.0,3.0,66
R26BK01725714,2026-09-17,한국철도공사 회계통합센터,순천차량사업소 욕장 개수 기타공사,(주)태민건설,2338800103,김정석,133130000,90.284,147790000,7756913,Y,-2.0,2.0,412
R26BK01725764,2026-09-17,엘에스이링크㈜,무공해차 충전인프라 보급 사업_25_상주여객자동차_공사,주식회사 에스엠전기,6578602735,정종규,118248313,90.037,131230000,3205200,Y,-2.0,2.0,18
R26BK01714393,2026-09-17,(의료）길의료재단,권역책임의료기관 외상중환자실 리모델링 공사(전기),광운전기소방주식회사,3278100938,박효근,441839850,90.291,486900000,26082005,Y,-2.0,2.0,164
R26BK01724747,2026-09-17,경상북도 경산시 맑은물사업본부 하수도과,사매소하천(진량 다문3)제방 정비공사 소액수의계약 견적제출 안내 공고,주식회사 힐엔지니어링,7088600578,이승규,112922215,90.705,124693000,11419044,Y,-3.0,3.0,46
R26BK01712136,2026-09-11,한국보훈복지의료공단 중앙보훈병원,2026년 중앙보훈병원 외래 장애인화장실 호츨벨 개선공사,주식회사 메이커스테크놀로지,1198682955,조태연,31527430,89.938,35100000,650346,Y,-2.0,2.0,492
R26BK01714584,2026-09-17,경상북도 상주시,이안천(신흥제) 정비사업,주식회사풍원건설,3898600533,조용재,107844319,90.22,120000000,5482622,Y,-3.0,3.0,100
R26BK01724820,2026-09-17,전남광주통합특별시 함평군,손불 산남마을 기계화 경작로 확포장공사,구보 주식회사,2088702753,신년호,23350390,90.362,25740000,1421703,Y,-3.0,3.0,47
R26BK01725569,2026-09-17,엘에스이링크㈜,무공해차 충전인프라 보급 사업_29_아리랑운수_공사,주식회사 성창건설,1128147777,이기성,163930428,90.08,181500000,4903416,Y,-2.0,2.0,16
R26BK01724453,2026-09-17,전북특별자치도 전주시 완산구,여울로(광진산업장미아파트~여울초)인도 정비사업,(유)신협토건,4188126253,송순이,29505730,90.531,32659000,2349088,Y,-3.0,3.0,75
R26BK01725091,2026-09-17,전남광주통합특별시 함평군,2025년 수산물산지가공시설지원사업(전기공사)(민간대행),주식회사 희테크,3268601773,김햇빛,69857680,90.934,78059000,4149187,Y,-3.0,3.0,35
R26BK01735076,2026-09-17,한국농어촌공사 충남지역본부 서산.태안지사,팔봉면 어송리 관수로 보수공사,서호건설(주),3168103935,정경숙,19800000,90.081,,,,,,1
R26BK01725732,2026-09-17,(재)경남로봇랜드재단,서비스 로봇 공통 플랫폼 제작∙실증 사업_시범운영환경(실외) 환경개선 공사 (포장),광덕건설주식회사,3768701417,박갑례,37742000,89.98,41776000,932306,Y,-3.0,3.0,458
R26BK01725787,2026-09-17,한국철도공사 회계통합센터,제천차량사업소 사무동 옥상 방수공사,선민엔지니어링(주),3018180769,김남향,108020223,90.084,120864700,3305619,Y,-2.0,2.0,136
R26BK01725111,2026-09-17,전남광주통합특별시 해남군,생활자원처리시설 보수 공사,원광전력주식회사,4158119511,전연수,63289870,91.061,70300000,2249936,Y,-3.0,3.0,3
R26BK01721967,2026-09-16,충청남도 아산시,지방도 623호 순천향로(신인동~읍내동) 보행환경 개선사업 공사,주식회사 성화,3088123624,전유진,620557500,90.66,682183000,60555600,Y,-3.0,3.0,498
R26BK01718722,2026-09-17,충청북도 제천시,친환경미래농업 체험교육센터(전기) 공사,주식회사 창부전업,2538602800,정순옥,316760575,90.331,353496000,19872339,Y,-3.0,3.0,806
R26BK01722049,2026-09-17,경기도 용인시,2026년 하갈2교 보수공사,주식회사연우지앤비,2298116266,조태준,477624525,90.272,527343000,26862177,Y,-3.0,3.0,440
R26BK01735113,2026-09-17,서울특별시 도로사업소 서부도로사업소,성산지하차도 외 1개소 노후 인입선로 교체공사,주식회사 더바른전력,3758702577,이문희,48906000,90.0,,,,,,1
R26BK01725050,2026-09-17,전남광주통합특별시 함평군,2025년 수산물산지가공시설지원사업(건축및기계설비공사)(민간대행),세화종합건설 주식회사,1278652068,서성안,231038641,90.281,256619000,11665465,Y,-3.0,3.0,30
R26BK01733540,2026-09-17,서울특별시 서울식물원,덕은양묘장 노후 비닐하우스 정비공사,주식회사 한영그린,1388185021,한헌수,18600000,93.0,,,,,,1
R26BK01724093,2026-09-17,충청남도 청양군,청양군 매립장 침출수처리시설 설치사업(건설공사),주식회사 에코프라임,3118128440,김성현,784523900,90.579,860222000,62818730,Y,-3.0,3.0,15
R26BK01726100,2026-09-17,전북특별자치도 정읍시,신태인단풍나무가로수전지사업,대원조경 유한회사,6388103494,정재경,32484800,89.856,36232000,283355,Y,-3.0,3.0,47
R26BK01724518,2026-09-17,경상남도 거창군,거창창포원 화장실 개선공사,공간건설 주식회사,6118106050,서정실,78242900,90.089,86493000,1888746,Y,-3.0,3.0,17
R26BK01724331,2026-09-17,충청남도 청양군,청양군 매립장 침출수처리시설 설치사업(전기공사),누림에너지 주식회사,1818800874,장옥근,161189200,90.33,178255000,10128648,Y,-3.0,3.0,911
R26BK01732881,2026-09-17,경기도 연천군,전곡제일풍경채 다함께돌봄센터 인테리어 공사(전기),건일전기공업사,1272360544,김건수,18600000,,,,,,,1
R26BK01732819,2026-09-17,가덕도신공항건설공단,신규 전산실 항온항습기 설치 및 부대공사,(주)에이알,1338125483,한영모,17600000,100.0,,,,,,1
R26BK01713398,2026-09-17,신구대학 산학협력단,"식물원,(녹색자금)산림복지 제공자 편의개선 공사",공간조경 주식회사,3288103340,우수진,85800000,61.024,,,,,,6
R26BK01722522,2026-09-16,충청남도 서산시,진장천(지방하천) 재해복구사업(4구간),주식회사 백제,3108103878,황명옥,27330190,90.294,30000000,1539896,Y,-3.0,3.0,40
R26BK01724639,2026-09-17,한국생산기술연구원,멀티직화식 가스온수 보일러 교체 공사,주식회사 일우기공,1138131166,배호일,36337600,89.891,40378700,567733,Y,-2.0,2.0,344
R26BK01735243,2026-09-17,한국농어촌공사 경기지역본부 여주.이천지사,여주시 이포배수장 전기설비 보수공사,주식회사 케이피전기,7598700796,길혜영,49950000,91.0,,,,,,1
R26BK01720072,2026-09-17,경상북도 경주시 맑은물사업본부,선도 장매마을 하수관로 설치공사(2차),정환건설(주),4108141153,임석규,255042610,90.405,284147000,17953259,Y,-3.0,3.0,646
R26BK01722502,2026-09-16,충청남도 서산시,해미천(소하천) 재해복구사업(3구간),진성건설(주),3058132196,이봉규,32965530,90.275,36740000,1791798,Y,-3.0,3.0,40
R26BK01712509,2026-09-16,한국보훈복지의료공단 중앙보훈병원,2026년 중앙보훈병원 화재연동 방화문 자동폐쇄장치 설치공사,주식회사 기현테크윈,2298125713,강신훈,41210204,90.258,46222000,629624,Y,-2.0,2.0,279
R26BK01694416,2026-09-18,금성농업협동조합,금성농협 농산물산지유통센터(APC) 신축 공사(통신),대명텔레콤,5080237422,이성원,39490000,69.681,,,,,,10
R26BK01693927,2026-09-18,금성농업협동조합,금성농협 농산물산지유통센터(APC) 신축공사(건축),다인종합건설주식회사,6868600598,노영섭,3180000000,73.433,,,,,,40
R26BK01724069,2026-09-18,제주도 제주시농업협동조합,제주시농협 외도지점 증축공사,비에스건설,6160189258,김정애,147589230,89.752,164223000,,N,-3.0,3.0,131
R26BK01734937,2026-09-17,한국농어촌공사 경남지역본부 창녕지사,이방2지구 과실전문생산단지 기반조성사업 전기공사,우리전력 주식회사,6088192579,김석순,28490000,89.31,,,,,,1
R26BK01721355,2026-09-17,농업회사법인주식회사태안발효,태안군 농촌신활력플러스 고도화지원사업 증축공사,주식회사 경동,3168112996,지이환,169940730,90.174,186000000,,N,-3.0,3.0,15
R26BK01734963,2026-09-17,한국농어촌공사 경남지역본부 창녕지사,2026년 훼손농지복구사업,아이엑스 주식회사,6158158545,전은재,53753000,98.0,,,,,,1
R26BK01712293,2026-09-17,한국보훈복지의료공단 중앙보훈병원,2026년 중앙보훈병원 공용 와이파이 설치공사,주식회사 대원네시스,1088127729,이연호,36203100,89.938,40407000,753267,Y,-2.0,2.0,481
R26BK01694466,2026-09-18,금성농업협동조합,금성농협 농산물산지유통센터(APC) 신축 공사(소방),주식회사 덕성전력,2808703297,최안아,142000000,84.861,,,,,,8
R26BK01727100,2026-09-18,전남광주통합특별시교육청 전남광주통합특별시담양교육지원청,담양공업고 옹벽시설 보수공사,제이씨건설주식회사,2628800023,김민영,45383000,90.221,50685000,2315450,Y,-3.0,3.0,41
R26BK01727171,2026-09-18,대전교통공사,외삼기지 종합관리동 냉난방설비 교체 공사,주식회사 케이제이기술사이앤씨,7658801894,윤기진,53894423,89.822,59919000,403094,Y,-3.0,3.0,231
R26BK01728042,2026-09-18,경상북도 영주시,노림정 보수공사(민간입찰대행),한길종합건설 주식회사,3838600011,김기호,60052777,90.306,67109000,3468812,Y,-3.0,3.0,5
R26BK01726407,2026-09-18,경상남도 양산시,천성산 해맞이 산책로 조성사업,유진,6210319632,정종칠,171153618,90.251,189406000,8855228,Y,-3.0,3.0,45
R26BK01727793,2026-09-18,경기도 고양시,은행마을공원 흙향기 맨발길 조성사업,대풍조경 주식회사,1288604308,김형옥,47725200,89.917,52728000,536530,Y,-3.0,3.0,75
R26BK01727889,2026-09-18,충청북도 옥천군 상하수도사업소,2026년 안내면 방하목리 낙후지역 먹는물 수질개선사업,세움건설(주),4168136658,박철재,66442000,90.171,73269000,2874711,Y,-3.0,3.0,42
R26BK01727066,2026-09-18,전남광주통합특별시교육청 전남광주통합특별시담양교육지원청,용면초 담장시설 보수공사,(주)국제에너지,4108661606,김인석,38509101,90.239,42514000,1840377,Y,-3.0,3.0,41
R26BK01727823,2026-09-18,충청북도교육청 충청북도청주교육지원청,율량초 외 1교(비상초) 교문교체공사 수의계약 안내공고,주식회사 한에스앤디,4468701472,김근영,112113800,90.19,123849000,5078989,Y,-3.0,3.0,63
R26BK01724541,2026-09-18,전북특별자치도교육청 남성고등학교,남성고 장애인 승강기 설치 건축공사,유한회사 강호건설,4188101776,배문식,232251000,90.245,256639512,12532816,Y,-3.0,3.0,638
R26BK01725175,2026-09-18,강원특별자치도 강릉시 상하수도사업소,"강릉공공하수처리시설 생물반응조(C,D) 산기관 지지대 보강공사",주식회사가나,2398601386,이명화,167211310,90.333,181900000,8259343,Y,-3.0,3.0,45
R26BK01724139,2026-09-18,울산광역시,2026년 회야하수처리구역 하수관로 정비 및 콘크리트 맨홀뚜껑 교체공사,도원건설주식회사,2238105081,양태의,223104850,91.129,244500000,31923662,Y,-3.0,3.0,137
R26BK01723738,2026-09-18,경기도 시흥시,장현유수지1호 친수공간 조성공사(조경),(주)반여개발,1328147918,윤경미,434903926,90.351,488169000,28077402,Y,-3.0,3.0,704
R26BK01726834,2026-09-18,경상북도 김천시,도공촌 커뮤니티센터 환경개선 건축공사,대주건설산업 주식회사,5158105786,정수정,44215500,90.045,48940000,1113799,Y,-3.0,3.0,20
R26BK01713607,2026-09-18,조달청 전북지방조달청,농대 본관 등 3개동 외벽 방수공사,엘케이개발 주식회사,1218117170,김재영,1480149000,89.287,1667072000,78444520,Y,-2.0,2.0,212
R26BK01727791,2026-09-18,전북특별자치도 전주시,전주역세권 혁신관광소셜플랫폼 인테리어공사(건축),유한회사 동인기업,4028165440,진기훈,61032864,90.106,66946000,1548617,Y,-3.0,3.0,146
R26BK01726771,2026-09-18,경기도 고양시 덕양구,2026년 호우 피해 응급복구공사(연간단가),강서건설 주식회사,1288103769,장정수,44602279,90.458,50000000,1964684,Y,-3.0,3.0,55
R26BK01726979,2026-09-18,충청남도 부여군,규암면 노화1리 마을안길 정비공사(소규모공공),주식회사 삼익토건,3088103953,김인식,66637800,90.386,74170000,4171434,Y,-3.0,3.0,120
R26BK01727724,2026-09-18,전북특별자치도 전주시,2026년 빈집철거(정비) 지원사업(도시지역) 지장물 철거공사,그린이엔티(주),4058108701,안성국,84888000,90.515,94791000,5898810,Y,-3.0,3.0,46
R26BK01720097,2026-09-18,경상남도교육청 경상남도진주교육지원청,선학초등학교 치장벽돌 보강 및 환경개선공사 입찰 공고(특허공법),도원건설 주식회사,7408700657,김은경,280486930,90.283,308143000,16276460,Y,-3.0,3.0,521
R26BK01728034,2026-09-18,강원특별자치도 고성군,해조류 생육촉진 영양공급 시설 구축 사업,주식회사 재성건설,2278109167,박두선,45334980,91.129,50060000,2872451,Y,-3.0,3.0,2
R26BK01723301,2026-09-18,경상북도 포항시 북구,죽도동 도시계획도로(대2-8) 보도정비공사,주식회사 전원건설,2508101092,허정,90795100,90.405,100830000,6370785,Y,-3.0,3.0,97
R26BK01727281,2026-09-18,전남광주통합특별시 담양군,대덕 문학리 마을안길 매설 배수관 확장공사,주식회사표준환경건설,4088142784,황순기,31180990,90.294,34210000,1795748,Y,-3.0,3.0,65
R26BK01724697,2026-09-18,경상남도 창원시 하수도사업소,덕동물재생센터 지하공동구 배기장치 개선공사,주식회사 대건,6098149401,김영찬,72008053,90.115,79057000,2839288,Y,-3.0,3.0,148
R26BK01726865,2026-09-18,경상북도 김천시,「김천시 지좌동 마잠마을 공공디자인사업」  가로환경 조성공사,주식회사 보강디엠에스,5108106096,진혜윤,143083000,90.376,157800000,8056943,Y,-3.0,3.0,4
R26BK01725413,2026-09-18,전남광주통합특별시교육청 전남광주통합특별시영광교육지원청,영광중 본관동 및 관사 2동 드라이비트 개선공사 수의계약 안내 공고,주식회사 대원,4108679902,조영미,184090990,90.61,205337000,13648545,Y,-3.0,3.0,23
R26BK01724090,2026-09-18,영천시산림조합,2026년 어린나무가꾸기사업,주식회사 대산개발,5058171256,이준희,37296000,90.045,41646000,470943,Y,-3.0,3.0,3
R26BK01729145,2026-09-18,경상남도 합천군,대부배수장 제진기 설치사업,주식회사 에이치제이에스,3688801505,김동환,113557140,90.135,124420000,3864951,Y,-3.0,3.0,46
R26BK01726557,2026-09-18,충청북도 옥천군 농업기술센터,"2026년 하반기 옥천군 농촌가로등 신설공사(1,3권역)",(주)문화전기건설,1268151154,우수곤,25271040,90.371,28197000,1650119,Y,-3.0,3.0,40
R26BK01726705,2026-09-18,대전광역시교육청 대전광역시동부교육지원청,대전판암초 강당수선 및 기타 전기공사,세종일렉스 주식회사,1058715094,황인옥,32469669,90.37,35904000,2185916,Y,-3.0,3.0,536
R26BK01722757,2026-09-18,서울특별시 성동구,2026년 가로변 공유정원 조성사업,주식회사 범선이엔디,3908602318,박현미,183048220,90.161,201144000,7711566,Y,-3.0,3.0,370
R26BK01728309,2026-09-18,제주특별자치도개발공사,2026년 장애인 주택개조사업,주식회사 공간미라클,6168618935,신은실,115500300,90.317,129723000,6546508,Y,-3.0,3.0,144
R26BK01728004,2026-09-18,충청북도 진천군,문백 석복마을 구거 정비공사,대훈건설산업(주),3018136303,이상환,34606696,90.461,38800000,1844052,Y,-3.0,3.0,31
R26BK01729157,2026-09-18,경상남도 합천군,가산마을 희망마을만들기사업 주민공동이용시설 신축공사,주식회사 보루,1888600094,김정태,268781000,90.457,298650000,18953076,Y,-3.0,3.0,16
R26BK01726897,2026-09-18,인천광역시 서해구,율도근린공원 체육 및 편익시설 정비사업(전기),주식회사진성전기공사,6358601814,안영수,155374400,90.355,171831000,10189033,Y,-3.0,3.0,707
R26BK01729176,2026-09-18,김천시산림조합,2026년 산불예방숲가꾸기사업(구성지구),삼원산림(주),2218146863,김영준,93333000,90.246,103235000,1132841,Y,-3.0,3.0,7
R26BK01728190,2026-09-18,강원특별자치도 고성군,농어촌도로 203호 용촌리구간 도로확포장공사,신원토건주식회사,2278105685,김봉임,275836738,90.879,300960000,26357408,Y,-3.0,3.0,28
R26BK01726369,2026-09-18,인천광역시 남동구,구월남로 북측 등 관내 도로시설 정비공사,(주)동화종합건설,2108119987,설선영,141926700,90.368,157938000,9477420,Y,-3.0,3.0,193
R26BK01728401,2026-09-18,울산광역시,탈수동 탈취기 교체공사,(주)오케이텍,6108618806,김동구,121713650,90.179,135531000,5455799,Y,-3.0,3.0,166
R26BK01728061,2026-09-18,서울특별시 은평구,향림근린공원 보수정비공사,주식회사 후니드,2158665235,김진무,133326500,90.591,148870940,12056532,Y,-3.0,3.0,462
R26BK01726688,2026-09-18,대전광역시교육청 대전광역시동부교육지원청,대전판암초 강당수선 및 기타 소방공사,한솔엔지니어링,3063586515,박용우,18745430,90.073,21064000,611307,Y,-3.0,3.0,168
R26BK01726405,2026-09-18,경상남도 양산시,덕계종합상설시장 소방시설물 교체 공사(건축),주식회사 옥승이엔씨,6218190778,이석,109247640,90.245,121330000,4290249,Y,-3.0,3.0,33
R26BK01694284,2026-09-18,금성농업협동조합,금성농협 농산물산지유통센터(APC) 신축 공사(전기),주식회사 제일전력기술,8358700713,박민철,197000000,56.905,,,,,,18
R26BK01725978,2026-09-18,전남광주통합특별시교육청 전남광주통합특별시곡성교육지원청,구-도상초 교실 보수 전기공사,주식회사 태림전력,2838602441,박영주,27039576,90.2,29934000,1323084,Y,-3.0,3.0,38
R26BK01729131,2026-09-18,부산광역시 사상구,서당골공원 재정비사업,(주)서진조경,6078178711,류향복,126865330,90.282,142470000,7035635,Y,-3.0,3.0,214
R26BK01722902,2026-09-18,충청남도 서산시,서산시 인지면 둔당리 노유자시설 증축공사,천룡건설 주식회사,6988102202,김영식,877311000,90.273,969645000,49306756,Y,-3.0,3.0,427
R26BK01684892,2026-09-18,제주특별자치도개발공사,마음에온 동홍2차 건설공사(건축),대원종합건설주식회사,6168113032,김택주,4672903000,88.736,5200677657,320266781,Y,-3.0,3.0,86
R26BK01728646,2026-09-18,경기도 이천시,관고교~중앙교사거리 주변환경 개선공사,(주)에스티이엔씨,1268168335,김선태,189294520,90.301,207938000,10915179,Y,-3.0,3.0,28
R26BK01720229,2026-09-18,충청북도교육청 충청북도음성교육지원청,원당초 보차도 포장공사,주식회사 대진건설,3038168650,허미숙,154813126,90.217,170665000,7876445,Y,-3.0,3.0,70
R26BK01721807,2026-09-18,강원특별자치도 춘천시 상하수도사업본부,사북면 1차 농촌생활용수 개발사업(지촌마을),(합)천년건설,2248118556,이현창,708989000,90.543,768000000,59891675,Y,-3.0,3.0,264
R26BK01726731,2026-09-18,대전광역시교육청 대전광역시동부교육지원청,대전판암초 강당수선 및 기타 정보통신공사,주식회사지오정보통신,3148178731,고귀환,25807136,90.321,28907000,1592178,Y,-3.0,3.0,300
R26BK01726406,2026-09-18,경상남도 양산시,종합운동장 실외테니스장 정비공사,(주)신아건설,5088124878,권중락,109409895,90.535,119640000,6661677,Y,-3.0,3.0,38
R26BK01726545,2026-09-18,경상남도 함양군,송전마을회관 신축공사(건축，기계),보덕건설 주식회사,3168102988,김효진,274439700,90.35,305307000,15911189,Y,-3.0,3.0,17
R26BK01722819,2026-09-17,경상남도교육청 경상남도진주교육지원청,진주여자중학교 옥상방수공사  수의계약 안내공고,주식회사 영호건설,1188800648,임순영,180903460,90.455,199320000,13680669,Y,-3.0,3.0,45
R26BK01734094,2026-09-18,태광산업(주) 석유화학1,탄소중립 설비투자 프로젝트 경매사업 전기공사_터보블로어,주식회사 우성이앤씨,3058196884,홍상준,21670000,100.0,,,,,,1
R26BK01728640,2026-09-18,제주특별자치도,제주시 구좌읍 한동리 빈집 리모델링 공사,도화산업주식회사,8608801428,강복연,56011000,90.198,61923400,2678167,Y,-3.0,3.0,155
R26BK01729053,2026-09-18,춘천도시공사,기후변화 대응 복합센터 바닥타일 설치공사 수의계약 견적제출 안내 공고,(주)올드앤뉴,6108196049,유세현,61478050,89.984,68000000,1423732,Y,-3.0,3.0,86
R26BK01726152,2026-09-17,충청남도 부여군,"2026년 소나무재선충병 예방나무주사사업(부여, 초촌 3지구)",늘봄 주식회사,8358703025,안영진,22113730,90.407,24782000,297058,Y,-3.0,3.0,11
R26BK01730492,2026-09-18,한국도로교통공단 청주운전면허시험장,2026 청주운전면허시험장 대형코스 및 방호시설 보수공사,(주)네오정보시스템,2158185084,고재형,52536000,99.98,,,,,,1
R26BK01727135,2026-09-18,인천관광공사,"덕적도 북1리 스마트팜 및 체험, 교육센터 조성공사(건축·토목·기계설비)",주식회사 무진종합건설,5858601289,한철희,248284000,90.181,274120000,11608931,Y,-3.0,3.0,53
R26BK01734032,2026-09-18,태광산업(주) 석유화학1,탄소중립 설비투자 프로젝트 경매사업 기계설비공사_터보블로어,주식회사 성우솔루텍,7508603009,정민호,21890000,100.0,,,,,,1
R26BK01693015,2026-09-18,조달청 인천지방조달청,인천광역시 청소년특화시설 조성사업,(주)부성종합건설,8718700698,김영수,10343505994,85.632,12286833000,873855251,Y,-3.0,3.0,85
R26BK01729178,2026-09-18,김천시산림조합,2026년 산불예방숲가꾸기사업(봉산지구),삼원산림(주),2218146863,김영준,46850000,90.154,51502000,575274,Y,-3.0,3.0,7
R26BK01719352,2026-09-18,조달청 경남지방조달청,사천중 본관동 개축 전기공사,주식회사 명륜전력,3018184687,이정숙,1326388599,89.435,1495549000,90297790,Y,-3.0,3.0,1315
R26BK01722726,2026-09-18,경상남도교육청 경상남도진주교육지원청,금성초등학교 외 1교(봉곡초) 옥상방수공사 수의계약 안내 공고,주식회사 명진건축,6678801358,김승지,158843892,90.423,174449000,10956542,Y,-3.0,3.0,50
R26BK01724537,2026-09-18,경기도교육청 경기도군포의왕교육지원청 의왕부곡초등학교,의왕부곡초 상상형놀이터 조성사업 공사 2인 이상 수의 계약 견적 제출,주식회사 탑에코,5098800844,임종목,99355700,90.044,111068486,2999413,Y,-3.0,3.0,39
R26BK01727656,2026-09-18,경기도 의정부시,2026년 하천 시설물 유지 보수 공사,세웅건설(주),1278140378,이경미,126326960,90.322,140000000,7465909,Y,-3.0,3.0,14
R26BK01718736,2026-09-18,전라남도교육청 목포제일정보중.고등학교,학력인정 목포제일정보중․고 본관 장애인 승강기 건축공사,새하늘종합건설(주),4108652752,송세관,247489000,90.146,272803000,10722361,Y,-3.0,3.0,1080
R26BK01722151,2026-09-18,충청북도 제천시 봉양읍,봉양읍 삼거2리 갈경이천 정비사업,중앙건설 주식회사,6438601741,김정희,80133750,90.207,88599000,3969570,Y,-3.0,3.0,89
R26BK01728737,2026-09-18,전북특별자치도 전주시,2026년 하반기 자전거이용시설 유지보수공사(단가계약),주식회사기대건설,3408603267,이막래,50365341,90.567,55000000,3734925,Y,-3.0,3.0,75
R26BK01727054,2026-09-18,경상북도교육청 경상북도포항교육지원청,포항여자전자고등학교 태양광발전장치 설치 전기공사 소액수의 견적제출 공고,한솔티엔씨주식회사,6138117534,도원준,49490000,90.162,55253000,2234810,Y,-3.0,3.0,194
R26BK01668564,2026-09-18,서울특별시 성북구,길음 복합문화체육센터 신축공사,유호산업개발 주식회사,2208184660,유정환,23359258000,85.565,27637240000,1456591517,Y,-3.0,3.0,17
R26BK01729025,2026-09-18,전북특별자치도 장수군,계남배수지  농어촌 생활용수  개발사업 전기 및 계측제어 공사 수의계약 안내공고,(주)디에이치건설,4078115533,김도현,55556310,90.422,61983000,3063994,Y,-3.0,3.0,19
R26BK01727803,2026-09-18,서울교통공사,2026년 진접차량기지 기술분야 침실 조성 전기공사,고양종합건설 주식회사,2208108978,이홍준,115509460,90.405,128620060,8219865,Y,-3.0,3.0,5424
R26BK01728851,2026-09-18,경북 영양군산림조합,2026년 풀베기(조림지가꾸기)2차 사업(청기2지구),주식회사 우리숲,2708101723,신진화,117262000,89.937,129479000,1458393,Y,-3.0,3.0,14
R26BK01728092,2026-09-18,경기도 고양시,태영동문육교 상부 재포장 공사,가야조경건설 주식회사,1288647419,김임순,55595083,91.192,61163000,8485946,Y,-3.0,3.0,53
R26BK01728156,2026-09-18,경상북도 영주시,동부초등학교 인근 공영주차장 기존건축물 철거공사,(주)대신환경,5128105171,김기돈,140540100,90.506,154250000,9670990,Y,-3.0,3.0,11
R26BK01726560,2026-09-18,충청북도 옥천군 농업기술센터,2026년 하반기 옥천군 농촌가로등 신설공사(2권역),용호전기공사,3020498897,김현수,31880204,90.321,35567000,1934971,Y,-3.0,3.0,40
R26BK01728388,2026-09-18,경기도 고양시,혜음령터널 유지관리 연간단가 공사,(주)동남개발,1288110988,백흥종,22108700,90.201,24600000,1067997,Y,-3.0,3.0,16
R26BK01728872,2026-09-18,경북 영양군산림조합,2026년 풀베기(조림지가꾸기)2차 사업(청기1지구),연세개발주식회사,7528603664,하희선,98759300,89.917,110383144,1237018,Y,-3.0,3.0,14
R26BK01726548,2026-09-18,경상남도 함양군,2026년 군도 농어촌도로 교통안전시설물 설치사업,동보건설 주식회사,5788602000,강숙희,153062210,90.268,170340000,8138793,Y,-3.0,3.0,22
R26BK01727436,2026-09-18,충청남도교육청 충청남도예산교육지원청,예산학생수영장 지붕교체 전기공사,(주)에이치디전력,6168150696,임은숙,49263490,90.396,54042000,3264333,Y,-3.0,3.0,48
R26BK01726766,2026-09-18,부산환경공단 강변사업단,엄궁중계펌프장 수중펌프 오버홀,세고엔텍,6060793005,김윤완,60046120,90.127,67311000,846213,Y,-3.0,3.0,51
R26BK01727581,2026-09-18,한국농어촌공사 경남지역본부 의령지사,가례면 기초생활거점조성사업 가례마을 경관개선 공사,새롬종합건설 주식회사,4098155813,손영성,187626250,90.777,206580000,17338954,Y,-2.0,2.0,14
R26BK01723753,2026-09-18,한국농어촌공사 제주지역본부,중서귀3지구 지하수 수질전용측정망 시추조사 공사,주식회사 삼화엔지니어링,6168611816,최금옥,242925000,90.439,271100000,16165606,Y,-2.0,2.0,25
R26BK01727953,2026-09-18,거창군산림조합,2026년 산림사업의 관리업무대행 어린나무가꾸기사업(가북외지구),주식회사 미정임업,3378101778,서미정,46811000,90.0,51703000,607851,Y,-3.0,3.0,11
R26BK01726544,2026-09-18,경상남도 함양군,백연유원지 조성사업 오수관로 정비공사,유한회사 유승,4058106135,김남식,130114000,92.122,140800000,26177313,Y,-3.0,3.0,18
R26BK01727573,2026-09-18,전국재해구호협회,농어촌 안전거점 마을회관 리모델링 공사 (여수),주식회사 더지음종합건설,7748800389,김태린,211249730,90.245,233387000,11416132,Y,-2.0,2.0,1057
R26BK01718462,2026-09-18,조달청 경남지방조달청,사천중 본관동 개축 통신공사,우진네트웍스,8341002400,최명희,864239113,90.405,953900000,61293362,Y,-3.0,3.0,409
R26BK01726503,2026-09-18,충청북도 청주시 흥덕구,복대동 3364번지 일원 보도정비공사,대현산업개발(주),3018131633,김인섭,53891620,90.614,59480000,4985815,Y,-3.0,3.0,138
R26BK01729003,2026-09-18,한국농어촌공사 제주지역본부,동서귀1지구 지하수 수질전용측정망 시추조사 공사,주식회사 해강종합기술,7158701868,정광호,64617400,90.272,71820000,3604597,Y,-2.0,2.0,23
R26BK01728099,2026-09-18,충청북도 진천군,성암천 큰보 가동보 설치공사,주식회사 티지종합건설,4128110506,이민구,250828070,90.438,277390000,18744457,Y,-3.0,3.0,14
R26BK01723717,2026-09-18,경기도,디지털농업 첨단온실 개선 기계설비 공사,주식회사 주원씨앤아이(CNI),1288654297,손정진,505365970,90.234,557957000,26725278,Y,-3.0,3.0,570
R26BK01728914,2026-09-18,경북 영양군산림조합,2026년 풀베기(조림지가꾸기)2차 사업(영양지구 외),주식회사 청림,3308802514,유종길,69117160,89.932,76753000,864562,Y,-3.0,3.0,14
R26BK01722430,2026-09-18,경상남도교육청 경상남도진주교육지원청,집현초등학교 본관동 옥상방수공사 수의계약 안내 공고,주식회사 성지건설,6138136507,정순희,83921937,90.426,92466000,6045007,Y,-3.0,3.0,50
R26BK01728965,2026-09-18,경기도,2026년 양평군 지방도342호선 외 1개 노선 재포장공사,세화건설 주식회사,5088802193,홍세윤,153718300,90.789,168580000,17187820,Y,-3.0,3.0,818
R26BK01728119,2026-09-18,경상북도 경주시,경주시 도시바림길숲 조성사업(2단계) 전기공사,주식회사 천마전력,4288600648,송은정,115178720,90.374,128337000,7604940,Y,-3.0,3.0,124
R26BK01726461,2026-09-18,인천광역시 강화군,광역시도78호선 신문사거리~수협사거리(송해방면) 인도정비공사,(주)진환토건,1378191990,이수진,67146322,89.968,74580000,1518055,Y,-3.0,3.0,40
R26BK01724272,2026-09-18,서울특별시 영등포구,양평누리체육공원 테니스장 확충 공사,오케이엔지니어링 주식회사,1208198864,오두익,245726490,90.281,272891000,14097654,Y,-3.0,3.0,146
R26BK01729127,2026-09-18,경상북도 의성군,2026년하반기훈증제거소나무재선충병 방제사업(동부지구),주식회사 태산임업,8638103805,송혜정,17253700,89.861,19206000,192014,Y,-3.0,3.0,23
R26BK01726364,2026-09-18,경상북도 울릉군,사동2리 세천 정비사업,상우산업(주),5068132130,이석태,46890000,90.297,51500000,2752815,Y,-3.0,3.0,19
R26BK01721235,2026-09-18,강원특별자치도 영월군,영월읍(방절리) 하수관로 설치공사(전기 및 계측제어),동보(주),2228121754,정상철,165207690,90.404,185280000,11669716,Y,-3.0,3.0,964
R26BK01726101,2026-09-18,전남광주통합특별시교육청 전남광주통합특별시곡성교육지원청,구-겸면초마삼분교장 천장 보수 전기공사,주식회사 금강엔지니어링,4098135952,박성훈,50801810,90.338,56488000,3023277,Y,-3.0,3.0,38
R26BK01721341,2026-09-18,문화체육관광부 국립중앙박물관 제주박물관,국립제주박물관 전시관 화장실 개선공사,엘케이디엔씨 주식회사,3158802188,김이경,150031900,90.341,166513000,9610998,Y,-2.0,2.0,143
R26BK01726538,2026-09-18,충청북도교육청 충청북도청주교육지원청,충북고 외 1교(산남중) 인조잔디 운동장 조성 및 기타공사 수의계약 안내공고,태정에너지산업(주),3018129781,전효정,177980150,90.007,198720000,4944441,Y,-3.0,3.0,214
R26BK01729047,2026-09-18,전북특별자치도 장수군,"장수군 조림지 풀베기사업 (장계,계북지구 3차) 수의계약 안내공고",유한회사 일로,2598601681,이세미,38087000,89.95,42047000,473035,Y,-3.0,3.0,14
R26BK01726467,2026-09-18,전남광주통합특별시 보성군,조성 매현 리도203호 도로확장공사,(유)남진건설,4168174119,송계필,51514300,90.335,57180000,3231227,Y,-3.0,3.0,60
R26BK01728802,2026-09-18,충청남도 계룡시,2026년 가로수 유지관리 사업(전정),주식회사 성화,3088123624,전유진,44392800,90.766,48850000,1757753,Y,-3.0,3.0,11
R26BK01727938,2026-09-18,충청북도교육청 충청북도청주교육지원청,양청초 외 1교(내수중) 옥상 방수공사 수의계약 안내공고,인성개발(주),3018114992,김연화,170429220,90.318,187429000,9053051,Y,-3.0,3.0,10
R26BK01729043,2026-09-18,전북특별자치도 장수군,"장수군 조림지 풀베기사업 (번암,산서지구 3차) 수의계약 안내공고",(유)아름드리,6848103589,김해인,36590210,89.971,41097000,462545,Y,-3.0,3.0,14
R26BK01724230,2026-09-18,한국농어촌공사 경북지역본부,양숙1지구 과실전문생산단지 지하수개발공사,(주)양지개발,5058117500,오명숙,223780200,90.132,249260000,9229402,Y,-2.0,2.0,72
R26BK01726470,2026-09-18,전남광주통합특별시 보성군,벌교 옥전 군도6호 배수로 정비공사,해담건설(주),4168139067,손태완,40530000,90.293,44560000,2346766,Y,-3.0,3.0,60
R26BK01728998,2026-09-18,세종특별자치시,2026년 하반기 공영주차장 유지관리공사(단가계약),다우개발 주식회사,4128154256,박영찬,40342970,90.274,44710000,2291029,Y,-3.0,3.0,35
R26BK01710410,2026-09-18,서울교통공사,지하철 4호선 수유역 환기시스템 개량 기계공사,현대기계건설(주),2248114695,성현옥,1543490160,89.431,1715493500,103827825,Y,-3.0,3.0,399
R26BK01728614,2026-09-18,제주특별자치도,제주시 삼도일동 빈집 리모델링 공사,(주)예술과공간,6168149942,임민희,46425753,89.972,51692300,1065637,Y,-3.0,3.0,155
R26BK01728724,2026-09-18,세종특별자치시,2026년 은행나무(가로수) 열매 조기 제거 공사,주식회사 상록조경,3078139593,문성원,49530000,90.279,54276000,2800870,Y,-3.0,3.0,85
R26BK01726508,2026-09-18,인천광역시 강화군,대한성공회 강화성당 정비공사(마당정비),동건종합건설 주식회사,1218136691,이정국,27696500,90.369,30822000,1269043,Y,-3.0,3.0,3
R26BK01726502,2026-09-18,충청북도 청주시 흥덕구,직지초등학교 통학로 개선공사,주식회사태성건설산업,4358703276,노민정,37979611,90.648,41796000,3676899,Y,-3.0,3.0,137
R26BK01725629,2026-09-18,부산광역시 중구,코모도호텔~부산터널 삼거리(중구로) 일원 도로정비공사,남우산업개발(주),2098139095,황규진,121587400,90.269,133118000,6862625,Y,-3.0,3.0,256
R26BK01724053,2026-09-18,경기도,디지털농업 첨단온실 개선 전기공사,청명전기주식회사,1288612206,안상연,303052616,90.349,331366000,19672531,Y,-3.0,3.0,3562
R26BK01728240,2026-09-18,충청북도교육청 충청북도청주교육지원청,증안초 외 1교(충북예술고) 옥상방수 및 기타공사 수의계약 안내 공고,주식회사 한울종합건설,8848701198,이은주,117303210,90.761,130670000,6383246,Y,-3.0,3.0,10
R26BK01722978,2026-09-16,충청북도 음성군,2026년 임도구조개량사업(백야동음임도),유한회사 한백산림,1268668780,김영란,63309900,90.951,70229000,4671743,Y,-3.0,3.0,5
R26BK01725478,2026-09-18,충청남도 서산시,서산 해미읍성 동문 주변정비공사,주식회사 지유산업개발,2898101203,이지연,24547900,91.591,27348000,1024986,Y,-3.0,3.0,2
R26BK01710279,2026-09-18,서울교통공사,지하철 2호선 신림역 환기시스템 개량 기계공사,해광이엔씨(주),4098141809,조인호,1444127237,89.43,1614759000,98294544,Y,-3.0,3.0,405
R26BK01726365,2026-09-18,경상북도 울릉군,울릉천국 아트센터 보수정비공사,주식회사 덕성종합건설,6648702138,이형근,47684000,90.32,52893000,2803170,Y,-3.0,3.0,6
R26BK01726447,2026-09-18,전북특별자치도 고창군,2026년 도지정 목조문화유산 재난방지시설 구축사업,우진이엔티 주식회사,4108143054,임재섭,56432087,90.743,62001000,2347208,Y,-3.0,3.0,5
R26BK01687266,2026-09-18,조달청 서울지방조달청,(가칭)창릉5유 신축공사,(주)태영종합건설,1388117654,고광용,9622233390,86.047,11062872000,606016467,Y,-3.0,3.0,297
R26BK01728999,2026-09-18,경북 영양군산림조합,2026년 풀베기(조림지가꾸기)2차 사업(석보지구),연세개발주식회사,7528603664,하희선,43998700,90.07,49177000,553957,Y,-3.0,3.0,14
R26BK01725598,2026-09-18,경기도 고양시 덕양구,벽제동 703-3번지 일원 혜음로 사면 보수공사,(주)미광테크,1058601803,양정국,94251000,90.6,103660000,7817626,Y,-3.0,3.0,29
R26BK01726931,2026-09-18,경상남도 사천시,남일마레 워케이션 거점센터 조성사업(통신),주식회사 명천전기통신,2838100472,정복순,29397150,90.469,31966000,2274978,Y,-3.0,3.0,19
R26BK01726918,2026-09-18,충청남도 부여군,내산면 군도20호 도로보수공사,동인건설(주),3088111735,강현모,99314100,90.388,108540000,4406030,Y,-3.0,3.0,39
R26BK01727989,2026-09-18,거창군산림조합,2026년 산림사업의 관리업무대행 어린나무가꾸기사업(북상지구),주식회사 조은산림경영,7518103249,김기융,60104000,89.875,66882000,786302,Y,-3.0,3.0,11
R26BK01721545,2026-09-18,충청남도교육청 충청남도청양교육지원청,장평초등학교 관사 외벽수선 및 기타공사,(주)청성건설,5158112517,송원자,34715904,90.411,38350000,1630633,Y,-3.0,3.0,4
R26BK01724593,2026-09-18,(주)강원랜드,하이원CC 티하우스 환경개선 전기공사,주식회사 이원이앤씨,3478700647,전언희,56004533,90.293,62296000,3304714,Y,-2.0,2.0,93
R26BK01728539,2026-09-18,충청남도교육청 충청남도서산교육지원청,서산석림중학교 햇빛이음학교 조성 전기공사,신한솔라이앤씨 주식회사,8048602025,이석호,59410000,90.195,66596000,2687408,Y,-3.0,3.0,91
R26BK01725450,2026-09-18,서울교통공사,[실적제한]2026년 4호선 궤도시설 보수보강공사에 따른 신호설비공사,주식회사 나노이에프,2178139704,김주영,70995280,90.549,78116040,5791718,Y,-3.0,3.0,22
R26BK01727615,2026-09-18,전남광주통합특별시 동구,혜성교회 공유주차장 시설개선 공사,주식회사 금선건설,3018189533,정슬아,59594360,90.212,65876000,2892076,Y,-3.0,3.0,134
R26BK01725877,2026-09-18,충청남도교육청 충청남도아산교육지원청,신화초등학교 외벽방수 공사,새솔안전 주식회사,3738100310,방문권,111772170,90.068,124509000,3285797,Y,-3.0,3.0,28
R26BK01728667,2026-09-18,경상북도 안동시,북문동(태사2길) 노후상수도관 교체공사,주식회사 대신건설,5088102379,정인수,79463900,90.391,87900000,4853900,Y,-3.0,3.0,68
R26BK01728097,2026-09-18,강원특별자치도교육청 강원특별자치도강릉교육지원청,강릉중앙고 에듀버스 차고지 차양시설 설치공사 소액수의 견적제출 공고,주식회사 태백티앤씨,2268136583,장영삼,277576364,90.953,311163000,15323290,Y,-3.0,3.0,84
R26BK01722212,2026-09-18,국토교통부 부산지방국토관리청 김해국토관리사무소,김해국토 관내(동·서부권) 시설물 일상유지 정비공사,주식회사 태우건설,6138115929,김진석,288926700,91.162,320000000,43430223,Y,-2.0,2.0,600
R26BK01726892,2026-09-18,경상남도 사천시,남일마레 워케이션 거점센터 조성사업(전기),백남전기,3101860894,김은영,71980592,90.436,80520000,4857509,Y,-3.0,3.0,62
R26BK01706326,2026-09-18,서울특별시 종로구,"인왕산근린공원 생활밀착형 공원 조성사업(건축, 기계)",서이종합건설 주식회사,8708800881,김종현,1020436390,89.334,1146741000,59564039,Y,-3.0,3.0,819
R26BK01725615,2026-09-18,인천광역시 서해구,원적산 무장애나눔길 조성사업,주식회사천명,7528801898,윤은영,1795865400,89.394,1983916000,114370224,Y,-3.0,3.0,116
R26BK01729134,2026-09-18,경상남도 거제시,생활권역 실외정원 조성사업,금강엘앤씨 주식회사,6138147945,김택균,375000000,94.909,390761000,15038040,Y,-3.0,3.0,2
R26BK01728661,2026-09-18,충청남도 금산군,2026년 하반기 가로수 정비사업(인삼로 외 1개소),늘푸른산림산업(주),1258701648,박춘기,26805500,90.275,29903000,1522249,Y,-3.0,3.0,36
R26BK01726674,2026-09-18,경기도 성남시,판교공원 X-game장 재정비공사,현이조경 주식회사,1658701762,백성현,55059200,89.971,61290000,1344205,Y,-3.0,3.0,80
R26BK01728890,2026-09-18,경북 영양군산림조합,2026년 풀베기(조림지가꾸기)2차 사업(일월지구),주식회사 청림,3308802514,유종길,90590800,90.028,100599000,1133057,Y,-3.0,3.0,14
R26BK01727090,2026-09-18,충청남도 부여군,국가하천(금강) 시설물 유지보수공사,주식회사 원건설,3088119737,하홍식,128698800,90.1,142362000,4935210,Y,-3.0,3.0,120
R26BK01729119,2026-09-18,경상북도 의성군,농산물공동집하장지원(춘산면주민숙원)공사,주식회사진운건설,8148601299,사공영식,143619231,90.306,160270000,6915630,Y,-3.0,3.0,26
R26BK01723836,2026-09-18,해양수산부 인천지방해양수산청,선미도등대 태양광 발전설비 이설 및 보완공사,주식회사진성소방전력,1318169980,박하진,53909520,90.269,59500000,3039952,Y,-2.0,2.0,666
R26BK01723931,2026-09-18,춘천도시공사,기후변화 대응 복합센터 조경공사 입찰공고,주식회사 이림,1418602467,최재호,249465280,90.18,274580000,11552377,Y,-3.0,3.0,324
R26BK01727991,2026-09-18,충청남도교육청 충청남도서산교육지원청,[견적공고]서산중앙고등학교 음악실동 내진보강공사,동원종합건설(주),3108112246,안상철,290169000,90.324,321240000,17130471,Y,-3.0,3.0,45
R26BK01726382,2026-09-18,충청북도교육청 청주여자상업고등학교,청주여상 인조잔디 운동장 조성공사 소액수의견적 공고,디케이건설 주식회사,6528600241,김영미,110623880,90.526,123475000,9165058,Y,-3.0,3.0,185
R26BK01726511,2026-09-18,경상북도 구미시,금오산 올레길 편의시설 설치사업,주식회사 지앤케이,6028168391,도경국,81360120,90.454,91046000,5639862,Y,-3.0,3.0,63
R26BK01728324,2026-09-18,충청북도교육청 충청북도청주교육지원청,옥산초 호죽폐교 및 가덕초 상야폐교 건물 철거공사 수의계약 안내 공고,주식회사 거목이엔씨,3018625169,이병미,61939969,89.938,69707000,968120,Y,-3.0,3.0,57
R26BK01722605,2026-09-18,경상북도 영천시,2026년 노후 농업용 관정 시설개선사업,동해건설 주식회사,5058112922,김종수,60684050,90.354,66900000,3365283,Y,-3.0,3.0,43
R26BK01698450,2026-09-18,조달청 인천지방조달청,(가칭)대장2유 신축공사(계속비),일신건설 주식회사,3018116705,한직환,8011334800,88.752,9168400000,537412194,Y,-3.0,3.0,601
R26BK01722800,2026-09-18,충청남도교육청 충청남도청양교육지원청,청송초등학교 본관동 지붕방수공사,한솔건설 주식회사,3598101725,윤문섭,69726475,90.775,77330000,4165360,Y,-3.0,3.0,7
R26BK01724295,2026-09-18,대구광역시 중구,중구 시니어클럽 건립공사(통신),주식회사 대명이엔씨,6878600233,김진천,199631038,90.44,222284000,14870206,Y,-3.0,3.0,334
R26BK01726044,2026-09-17,충청남도 부여군,"2026년 소나무재선충병 예방나무주사사업(부여, 초촌 2지구)",(유)해인조경,4148803198,김해인,26443475,89.882,29539000,353546,Y,-3.0,3.0,11
R26BK01729035,2026-09-18,전북특별자치도 장수군,"장수군 조림지 풀베기사업 (장수지구,3차) 수의계약 안내공고",대가임업 유한회사,8088800116,정근훈,36570300,90.031,40658000,457560,Y,-3.0,3.0,14
R26BK01726465,2026-09-18,전남광주통합특별시 보성군,조성 조성 리도203호 아스콘 포장공사,주식회사 시온건설,3148170480,지진미,24857600,90.815,27110000,1032393,Y,-3.0,3.0,20
R26BK01728650,2026-09-18,충청남도 계룡시,두산신성아파트 경로당 그린리모델링 공사(건축),주식회사 이현이엔씨,1328801721,이미영,58578900,90.319,65253000,3125533,Y,-3.0,3.0,5
R26BK01723361,2026-09-18,서울특별시 영등포구,신길종합사회복지관 수영장 환경개선 공사(건축+기계),(주)이순종합건설,1348613141,차재윤,679905900,90.324,749046000,42389924,Y,-3.0,3.0,858
R26BK01727407,2026-09-18,충청남도교육청 충청남도예산교육지원청,예산학생수영장 지붕교체 기계설비공사,주식회사 성우이앤씨,1288613049,한상도,112034310,90.749,124710000,6687448,Y,-3.0,3.0,7
R26BK01728952,2026-09-18,경북 영양군산림조합,2026년 풀베기(조림지가꾸기)2차 사업(당해연도),백운임업 주식회사,5088131670,황동섭,63060000,90.465,70722000,796423,Y,-3.0,3.0,14
R26BK01707939,2026-09-18,조달청 인천지방조달청,(가칭)초평중 신축 소방공사,제이원스 주식회사,1198154906,한은영,1431950522,89.37,1603528000,88441392,Y,-3.0,3.0,1041
R26BK01725800,2026-09-18,경기도 안산시,성포농협 뒤 공영주차장 유지보수공사,대동이앤씨주식회사,1058651768,이진주,39629527,90.84,43125000,4580818,Y,-3.0,3.0,28
R26BK01722127,2026-09-18,대구광역시 중구,중구 시니어클럽 건립공사(전기),주식회사 에이치씨동화주택,5018110204,석용택,609938680,90.441,680500000,45762110,Y,-3.0,3.0,657
R26BK01728878,2026-09-18,서울교통공사,고덕차량사업소 검수고 침실 개선공사,주식회사 프리다츠,3228701744,문영태,147811000,90.38,162610800,10141777,Y,-3.0,3.0,1287
R26BK01726459,2026-09-18,전남광주통합특별시 보성군,회천 객산 군도1호 배수로 정비공사,주식회사 휘강건설,4818100703,장수인,65377000,90.342,71800000,3964180,Y,-3.0,3.0,60
R26BK01726377,2026-09-18,경상남도 남해군,빈집활용 활성화 사업 건축공사,동원토건 주식회사,1268168693,김상원,172264000,90.597,190685000,8868196,Y,-3.0,3.0,13
R26BK01727552,2026-09-18,충청북도 단양군,단양장애인복지관 옥상방수공사(건축),태하이앤씨 주식회사,6118119614,이현수,44807030,90.338,49357000,2204013,Y,-3.0,3.0,11
R26BK01723985,2026-09-18,한국마사회,강북지사 내부 관람공간 개선공사,주식회사 에이디자인그룹,1058739548,나진철,508120500,90.171,560791000,23376311,Y,-2.0,2.0,1008
R26BK01727749,2026-09-18,충청북도 청주시,남청주현도 산단 공공폐수처리시설 설치사업(소방),온누리이앤씨(주),3018154844,양복기,25445060,90.232,28138000,1291505,Y,-3.0,3.0,114
R26BK01728003,2026-09-18,경상남도 창녕군,2026년 추계 도로평가 대비 도로변 풀베기사업(지방도1022호 등 3개 노선),월드산업개발주식회사,6118118008,김해정,25666530,89.87,28600000,317643,Y,-3.0,3.0,20
R26BK01728358,2026-09-18,부산교통공사,양산선 고가구간 우수관 연결공사,(합)동운건설,6118106308,이회숙,99747500,90.248,111910000,5408823,Y,-3.0,3.0,776
R26BK01729124,2026-09-18,충청북도 청주시,율량동 신동아아파트 사거리 교통사고 잦은 곳 개선사업,카엘건설 합자회사,3018109029,윤정식,68361690,91.643,74500000,13790456,Y,-3.0,3.0,143
R26BK01720718,2026-09-17,서울특별시 은평구,"난지처리구역 내 원형관로 보수공사 (불광1-9,진관2)",대현산업기술(주),1078165375,윤영근,671102900,90.24,741940000,35809349,Y,-3.0,3.0,29
R26BK01723099,2026-09-18,인천광역시 강화군,길상공원 내 맨발산책로 조성사업,주식회사 푸른조경개발,5628101942,김영일,240128824,90.264,271326000,9716731,Y,-3.0,3.0,233
R26BK01686908,2026-09-18,경상북도,부경항 정비공사,제이디건설 주식회사,5058123865,전중달,6804201000,88.924,7613329000,589238563,Y,-3.0,3.0,477
R26BK01728592,2026-09-18,전남광주통합특별시 상수도사업본부 동북수도사업소,2026년 긴급누수복구공사 연간단가계약(북구3권역)2차,(주)동도,4108669118,김재현,189212360,90.206,210000000,9130410,Y,-3.0,3.0,150
R26BK01720757,2026-09-17,(주)에스이엠,"2026년 에너지관리시스템 계측,제어 인프라구축 공사",누리절전시스템(주),1138197678,박옥철,101650000,99.901,,,,,,2
R26BK01728030,2026-09-18,경상남도 창녕군,2026년 추계 도로평가 대비 도로변 풀베기사업(국도79호선 등 2개 노선),엠알건설주식회사,3788801142,정재영,24799090,89.914,27700000,307546,Y,-3.0,3.0,20
R26BK01727880,2026-09-18,충청북도 청주시,2026년 흥덕구 누수수리 및 시설물 보수공사(연간단가 6차),에스엠건설 주식회사,5838803005,홍석민,179367770,90.347,200000000,10194429,Y,-3.0,3.0,98
R26BK01727011,2026-09-18,충청북도 청주시,2026년 청원구 관내 빗물받이 긴급복구공사(2차),주식회사 가재건설,6888802863,김예진,163721587,90.652,181647000,15819010,Y,-3.0,3.0,116
R26BK01726378,2026-09-18,경상남도 남해군,남해읍 북변 공영주차장 조성공사,만포건설 주식회사,2278119739,강진해,242501500,90.5,268400000,18530310,Y,-3.0,3.0,16
R26BK01727596,2026-09-18,충청북도 청주시,청주 다목적 실내체육관 교통영향평가 이행사업 전기공사,선경전설,3010652679,김수옥,132393870,90.415,145491000,9408699,Y,-3.0,3.0,408
R26BK01727386,2026-09-18,경기도교육청 경기도수원교육지원청,2026년 하반기 학교 무선인프라 구축 정보통신공사,우주미디어정보통신(주),1198137585,김용석,117170820,90.419,129040000,8361270,Y,-3.0,3.0,115
R26BK01728460,2026-09-18,경기도 의왕시,2026년 은행나무 열매채취 공사,(주)조경상록원,1238150821,음재천,31250200,89.986,34991820,378703,Y,-3.0,3.0,22
R26BK01723369,2026-09-18,경상북도 영덕군,영덕군 생활폐기물 소각시설 철거공사 입찰공고,주식회사 삼영환경,5128119087,하헌석,499427220,90.247,559507000,25438202,Y,-3.0,3.0,260
R26BK01726518,2026-09-18,경상북도 영양군,입암면 방전리 실버수련관 리모델링 공사(건축)(입찰대행),디에스대농건설 주식회사,5068136422,황재호,131474490,90.315,145651100,6008054,Y,-3.0,3.0,7
R26BK01694348,2026-09-18,조달청 인천지방조달청,서울도시철도7호선 청라국제도시 연장 006정거장 정보통신공사,진우에이티에스 주식회사,1058153698,정진태,1958857521,89.539,2222220000,148963612,Y,-3.0,3.0,469
R26BK01721348,2026-09-18,한국원자력연구원,해체폐기물저장고-1 내화 보강공사,(주)칠일공사,3148157018,임월수,309647600,90.174,342440000,14336565,Y,-2.0,2.0,313
R26BK01728148,2026-09-18,경상북도 경주시,제2공영주차장 비가림시설 교체공사,주식회사 한결건설,5058161253,김미연,23455296,89.95,26070000,467483,Y,-3.0,3.0,65
R26BK01726443,2026-09-18,인천광역시 강화군,2026년 불은면(덕성리) 제수문 설치 공사,기승종합건설(주),1378131503,나근재,146547800,90.54,162882000,10847420,Y,-3.0,3.0,18
R26BK01724191,2026-09-18,중소기업은행,삼양동지점 무인점포 신설 레이아웃 건축공사,(주)우리실내인테리어,2118654847,신상철,60997000,90.326,67639000,1433124,Y,-2.0,2.0,11
R26BK01728673,2026-09-18,부산광역시 북구,트래블로드 거점 구간 디자인 경관 개선 공사,주식회사 선진기술엔지니어링,5938602732,박대영,82096400,90.918,90720000,10231985,Y,-3.0,3.0,210
R26BK01727445,2026-09-18,경상북도교육청 우석여자고등학교,우석여자고등학교 본관동 및 후관동 우천통로 설치공사,주식회사 태현건설,6188126585,김대철,67182360,90.287,74503000,3937634,Y,-3.0,3.0,47
R26BK01728769,2026-09-18,경기도 수원시 장안구,2026년 장안구 도로 유지관리공사 하반기 (1권역),정원건설(주),1288121506,문옥주,90781120,90.769,99548000,9975995,Y,-3.0,3.0,56
R26BK01727265,2026-09-18,경기도 용인시,2026년 동파 및 고장계량기 시설물 연간단가공사(기흥2구역)(2차),주식회사 서호건설,3718101327,유근상,35951507,90.542,40000000,2787484,Y,-3.0,3.0,69
R26BK01727327,2026-09-18,충청북도 청주시,체육시설 조명 교체 공사,(주)해오름건설,7438702896,연제현,123936220,90.487,135635000,9662585,Y,-3.0,3.0,406
R26BK01728933,2026-09-18,경기도 수원시 장안구,2026년 장안구 도로 유지관리공사 하반기 (2권역),건양건설 주식회사,1358151518,이지아,90459340,90.799,99548000,9975995,Y,-3.0,3.0,55
R26BK01727700,2026-09-18,서울특별시 광진구,군자역사거리 동측 남북간 횡단보도 교통신호기 공사,한국신호산전 주식회사,1108197626,황세룡,85237360,90.129,94784000,3531281,Y,-3.0,3.0,1589
R26BK01727112,2026-09-18,충청북도 청주시,2026년 청원구 관내 하수도 긴급복구공사(2차),주식회사 강물,3018619158,유현상,169957587,90.682,187374000,16587661,Y,-3.0,3.0,117
R26BK01726341,2026-09-18,대전광역시 서구,2026년 관저동 일원 어린이보호구역 개선사업,(주)종합방수건설,8228102071,김형호,120069500,90.371,133249000,8087217,Y,-3.0,3.0,141
R26BK01728038,2026-09-18,경상북도 포항시,2026 형산강 가로등 추가 설치 공사(상생인도교-연일대교),명인전력 주식회사,5108127882,홍명희,115767220,90.347,129326000,7470652,Y,-3.0,3.0,201
R26BK01726376,2026-09-18,경상남도 남해군,2026년 금석 교량 보수공사,한길건설주식회사,4018801781,박인수,104307946,90.466,115500000,7911989,Y,-3.0,3.0,35
R26BK01726460,2026-09-18,경상북도 영양군,2026년 안심귀가거리 조성 전기공사,주식회사 미래전력,8158103562,사영순,31669650,90.498,34900000,1881029,Y,-3.0,3.0,12
R26BK01724689,2026-09-18,한국교원대학교,종합교육관 치장벽돌 보수보강공사(2차),하람산업 주식회사,6488702062,이현창,184934300,90.348,204204000,11620519,Y,-2.0,2.0,219
R26BK01726515,2026-09-18,경상북도 영양군,입암면 방전리 실버수련관 리모델링 공사(전기)(입찰대행),영양조명전기,5080199120,김기준,22751300,90.33,25200000,1400143,Y,-3.0,3.0,11
R26BK01718256,2026-09-18,마하재활병원,마하재활병원 조리실증축 전기공사 수의계약 견적 제출 안내(변경)공고,주식회사상상전기,6128140916,윤명수,161225000,95.063,,,,,,2
R26BK01729071,2026-09-18,경기도 용인시,경안천 자전거보행자겸용도로 이용환경 개선사업,주식회사 노바,1328630765,홍연희,61132030,90.822,67919000,6944868,Y,-3.0,3.0,83
R26BK01722727,2026-09-18,경기도 화성시 맑은물사업소,병점3지구 배수펌프 설치공사 (전기),(주)태화이앤지,5028642664,서진석,64824030,90.208,71327000,3143371,Y,-3.0,3.0,336
R26BK01719880,2026-09-18,인천광역시 강화군,"군도7호선(부근삼거리~홍의마을입구) 도로확포장공사(전체분,1차분)",풍창건설주식회사,1228135486,홍상의,706265360,90.81,774936900,80678909,Y,-3.0,3.0,124
R26BK01728672,2026-09-18,충청북도 청주시 청원구,내수읍 청암교 주변 야간경관개선사업,주식회사 이룸이앤씨,4318100353,김범영,72966964,90.251,81400000,3809745,Y,-3.0,3.0,405
R26BK01727818,2026-09-18,충청북도 청주시,2026년 청원구 누수수리 및 시설물 보수공사(연간단가 6차),주식회사 서영,4608702706,마진영,181691530,90.283,200000000,10194429,Y,-3.0,3.0,99
R26BK01723229,2026-09-18,경상북도 경산시,경산1일반산업단지 노후공공시설물 정비 [보도블록 교체] 공사,하나건설주식회사,5128110562,정재철,208497300,90.398,235330000,13713570,Y,-3.0,3.0,1343
R26BK01726373,2026-09-18,경상남도 남해군,남해전통시장 화장실 리모델링공사,유진산업 주식회사,6138128609,김태용,125778950,90.545,139931000,5866650,Y,-3.0,3.0,3
R26BK01728807,2026-09-18,충청남도 청양군,운곡면 분회경로당 부지조성공사,주식회사 제이에스,7128701724,성기문,34102000,90.375,37530000,1780003,Y,-3.0,3.0,21
R26BK01728822,2026-09-18,경기도 고양시,중산체육공원 안전쉼터(동물놀이터) 조성 공사(조경),주식회사 정인이앤씨,1288640056,이성실,50496800,90.107,56262400,1959608,Y,-3.0,3.0,75
R26BK01728411,2026-09-18,대전광역시 서구,2026년 가로등 수선공사(3차),지광전력주식회사,1818701482,유영찬,45791800,90.332,51000000,2894905,Y,-3.0,3.0,541
R26BK01727343,2026-09-18,충청북도 청주시,2026년 청원구 관내 하수도 긴급준설공사(2차),아이이엔씨 주식회사,6748703721,사한나,175353220,90.349,193556000,10223044,Y,-3.0,3.0,22
R26BK01718030,2026-09-18,합천군산림조합,2026년 어린나무가꾸기사업(가회둔내외지구),주식회사 동우산림개발,6118122462,최지은,58886000,90.039,65937000,740116,Y,-3.0,3.0,14
R26BK01729034,2026-09-18,경상북도 포항시,강사1리항 어촌신활력증진사업(유형2) 보안등 설치공사,주식회사 엠에이치,4878600365,김종식,39996990,90.23,43990000,2059609,Y,-3.0,3.0,193
R26BK01718150,2026-09-18,합천군산림조합,2026년 어린나무가꾸기사업(삼가문송외지구),성림숲 주식회사,2258113200,유경상,57557500,89.886,64350000,740116,Y,-3.0,3.0,14
R26BK01694330,2026-09-18,조달청 인천지방조달청,서울도시철도7호선 청라국제도시 연장 003정거장 소방전기공사,주식회사 미림에너텍,1218171776,김유신,1909525292,89.485,2124090000,140251184,Y,-3.0,3.0,299
R26BK01728109,2026-09-18,경상북도 포항시,2026 형산강 가로등 추가 설치 공사(연일대교-섬안대교),주식회사 태영산전,5068171899,이종화,52437561,90.353,57706000,3395545,Y,-3.0,3.0,195
R26BK01727795,2026-09-18,충청북도 청주시,2026년 서원구 누수수리 및 시설물 보수공사(연간단가 6차),길우건설(주),3158134304,이상춘,179954000,90.275,200000000,10194429,Y,-3.0,3.0,96
R26BK01713606,2026-09-18,조달청 강원지방조달청,지정초 강원형 학교시설 증개축 전기공사,이스타건설(주),2568100811,김찬우,567965100,90.396,626662000,39858965,Y,-3.0,3.0,1013
R26BK01728079,2026-09-18,경상북도 포항시,2026 형산강 가로등 추가 설치 공사(연일대교-물빛마루),이지전력(주),5068163254,이인선,75455733,90.41,84659000,4858154,Y,-3.0,3.0,199
R26BK01729117,2026-09-18,충청북도 청주시,"강내 청주하이테크밸리 종점지 조성사업(건축,기계설비)",신화종합건설주식회사,5068170003,조춘희,341807897,90.271,377707000,19339335,Y,-3.0,3.0,307
R26BK01727580,2026-09-18,전남광주통합특별시 여수시,2026년 하반기 읍면동 민원해소 보안등 정비공사,한솔산전,4170595113,김재운,40667513,90.35,45024500,2639547,Y,-3.0,3.0,116
R26BK01729032,2026-09-18,경상북도 안동시,남선면 이천리 친수시설 정비공사,명효기업 주식회사,4878602441,이남숙,42054970,90.248,47200000,2077238,Y,-3.0,3.0,139
R26BK01734933,2026-09-18,국가유산청 한국전통문화대학교,대학원종합연구관 대형강의실 조명기구 교체 공사,태성전설주식회사,3138115053,김미옥,21800000,99.752,,,,,,1
R26BK01729124,2026-09-18,충청북도 청주시,율량동 신동아아파트 사거리 교통사고 잦은 곳 개선사업,카엘건설 합자회사,3018109029,윤정식,68361690,91.643,74500000,13790456,Y,-3.0,3.0,143
R26BK01674887,2026-09-18,조달청 대전지방조달청,"당진시 청소년수련관 건립사업(건축,토목,기계,조경)",대운종합건설 주식회사,4098130791,조신원,15392206000,85.478,18003378000,1012336991,Y,-3.0,3.0,381
R26BK01728961,2026-09-18,경상남도 통영시,통영 삼도수군통제영 의두헌 보수공사,주식회사 고영문화재,6088191056,박영윤,21460000,90.393,24000000,908005,Y,-3.0,3.0,10
R26BK01723728,2026-09-18,전남광주통합특별시 무안군,무안군 생활폐기물 매립시설 침출수처리시설 개선사업(토목)공사 (총괄 및 1차분),엘에스건설 주식회사,4118150897,김남용,594306220,90.547,657780000,51115531,Y,-3.0,3.0,914
R26BK01727598,2026-09-18,광주광역시 도시공사,2026년 매입임대 시설개선사업 욕실개선공사,남강로드라인(주),4098135200,김윤경,95989000,90.312,106390000,5807211,Y,-3.0,3.0,402
R26BK01728460,2026-09-18,경기도 의왕시,2026년 은행나무 열매채취 공사,(주)조경상록원,1238150821,음재천,31250200,89.986,34991820,378703,Y,-3.0,3.0,22
R26BK01723369,2026-09-18,경상북도 영덕군,영덕군 생활폐기물 소각시설 철거공사 입찰공고,주식회사 삼영환경,5128119087,하헌석,499427220,90.247,559507000,25438202,Y,-3.0,3.0,260
R26BK01736139,2026-09-18,경기도 양주시,2026년 임도 구조개량(남면 등) 사업,양주지역산림조합,1278201237,이태문,131404350,95.287,,,,,,1
R26BK01722093,2026-09-18,산림청 북부지방산림청 춘천국유림관리소,2026년 제31차 숲가꾸기(덩굴류제거)사업 지명경쟁 입찰 공고,현승영림,4700801581,김정기,75060000,90.074,83492000,,Y,-2.0,2.0,3
R26BK01724746,2026-09-17,인천시설공단,송도 1·3공동구 유도배수판 설치 공사,주식회사 풍성인더스,1318642860,호민재,30571600,90.091,34044000,1065048,Y,-3.0,3.0,209
R26BK01726518,2026-09-18,경상북도 영양군,입암면 방전리 실버수련관 리모델링 공사(건축)(입찰대행),디에스대농건설 주식회사,5068136422,황재호,131474490,90.315,145651100,6008054,Y,-3.0,3.0,7
R26BK01694348,2026-09-18,조달청 인천지방조달청,서울도시철도7호선 청라국제도시 연장 006정거장 정보통신공사,진우에이티에스 주식회사,1058153698,정진태,1958857521,89.539,2222220000,148963612,Y,-3.0,3.0,469
R26BK01721348,2026-09-18,한국원자력연구원,해체폐기물저장고-1 내화 보강공사,(주)칠일공사,3148157018,임월수,309647600,90.174,342440000,14336565,Y,-2.0,2.0,313
R26BK01726173,2026-09-18,울산광역시 울주군,삼남 상평경로당 시설개선공사(건축),주식회사 씨에이건설그룹,6108613927,이동기,57436600,90.201,63784600,2777171,Y,-3.0,3.0,136
R26BK01729023,2026-09-18,경상북도 안동시,낙동강변(수하동) 목교 보수공사,피움개발 주식회사,1088619184,김순득,35987800,90.263,39800000,1946003,Y,-3.0,3.0,51
R26BK01700810,2026-09-18,조달청 부산지방조달청,부산광역시교육청교육연수원 내진보강 및 기타공사(계속비),주식회사 경도종합건설,6078146354,김진심,4891204130,89.255,5483483000,248230373,Y,-3.0,3.0,253
R26BK01718150,2026-09-18,합천군산림조합,2026년 어린나무가꾸기사업(삼가문송외지구),성림숲 주식회사,2258113200,유경상,57557500,89.886,64350000,740116,Y,-3.0,3.0,14
R26BK01694330,2026-09-18,조달청 인천지방조달청,서울도시철도7호선 청라국제도시 연장 003정거장 소방전기공사,주식회사 미림에너텍,1218171776,김유신,1909525292,89.485,2124090000,140251184,Y,-3.0,3.0,299
R26BK01735062,2026-09-18,한국농어촌공사 충북지역본부 청주지사,동부3지구 농업생산기반시설 방수공사,(주) 청성이엔씨,3058189272,최순이,47520000,88.001,,,,,,1
R26BK01722090,2026-09-18,산림청 북부지방산림청 춘천국유림관리소,2026년 제29차 숲가꾸기(덩굴류제거)사업 지명경쟁 입찰 공고,철원기능영림단,3940700113,윤석용,66900000,89.56,74429000,,Y,-2.0,2.0,3
R26BK01725452,2026-09-18,현대건설(주),태안군 강소형 스마트시티 조성사업 투어스테이션 건축공사,황룡건설(주),3128147659,황한일,1676157768,89.272,1896858700,82324561,Y,-3.0,3.0,1267
R26BK01726317,2026-09-18,대구광역시 군위군,선곡3리 장갈 농로정비공사,주식회사 정도토건,2878600111,김은석,102179600,90.383,113810000,6971261,Y,-3.0,3.0,288
R26BK01728424,2026-09-18,경기도 군포시,금정동 892번지 일원 관세척공사,(주)신성건설,1288111482,김형복,86175080,90.491,93872000,1073278,Y,-3.0,3.0,10
R26BK01721425,2026-09-18,전북지리산낙농농업협동조합,전북지리산낙농농협 순창작목반 사무실 신축공사(건축 및 기계설비 공사),삼도토건 주식회사,5138127218,김민수,116200000,63.846,,,,,,10
R26BK01724285,2026-09-18,대구광역시 중구,중구 시니어클럽 건립공사(소방),재현전력 (주),5048162021,정탁현,662178650,90.304,730736000,39626356,Y,-3.0,3.0,202
R26BK01728138,2026-09-18,경기도 군포시,2026년 제3회 수도계량기 유지관리(단가) 공사,대원건설(주),1238153264,이재원,89917700,90.15,100000000,894659,Y,-3.0,3.0,9
R26BK01726312,2026-09-18,대구광역시 군위군,의흥면 금양1리 장곡지 물넘이 정비공사,(주)남양토건,1358123201,김종호,52883242,90.298,59200000,3076647,Y,-3.0,3.0,157
R26BK01727157,2026-09-18,대구광역시 군위군,삼국유사테마파크 감은못 외 1개소 시설보강공사,(주)서방종합건설,5048182667,김성복,251890400,90.385,278900000,16974810,Y,-3.0,3.0,151
R26BK01724286,2026-09-17,충청북도 충주시,산척명서소규모공공하수처리시설설치사업(전기및계측제어),주식회사 대명파워텍,3018627978,노승미,718136234,90.519,810504000,49873858,Y,-3.0,3.0,757
R26BK01728986,2026-09-18,경북 영양군산림조합,2026년 풀베기(조림지가꾸기)2차 사업(수비지구 외),주식회사 푸른숲,4288701019,김형태,56208000,90.3,61540000,693080,Y,-3.0,3.0,14
R26BK01726161,2026-09-17,제주특별자치도 제주시 추자면,신양1리 해변 문화 공원 조성 사업,주식회사형진,6168117168,양석건,113391000,90.394,123270000,5366294,Y,-3.0,3.0,203
R26BK01726300,2026-09-18,대구광역시 군위군,의흥면 원산3리 샘칠보 용수로 개설공사,성화건설 주식회사,2458602658,김미경,146062370,90.412,159300000,10321772,Y,-3.0,3.0,164
R26BK01726320,2026-09-18,대구광역시 군위군,성1리 안길 배수로 개체공사,강토건설(주),4558603424,이은정,55066170,90.381,60900000,3780568,Y,-3.0,3.0,280
R26BK01727059,2026-09-18,대구광역시 군위군,산불대응센터 설치사업 전기공사,주식회사 우진이앤씨,6158122391,최진섭,29686591,90.072,33407000,1023902,Y,-3.0,3.0,721
R26BK01729132,2026-09-18,충청북도 청주시,금천회전교차로 교통사고 잦은 곳 개선사업,주식회사 올테크건설,2918803391,노재우,177390929,90.946,193043000,22799088,Y,-3.0,3.0,142
R26BK01723675,2026-09-18,한국기계연구원,S4동 노후 흡수식 냉온수기 교체공사,주식회사 석화,3148127343,최석화,60555605,90.34,67177000,3880697,Y,-2.0,2.0,232
R26BK01671243,2026-09-18,조달청 대전지방조달청,월오지구 배수개선사업 토목건축기계공사,주식회사 명작,4858603347,강철수,8608002150,88.622,9656741000,860466146,Y,-2.0,2.0,126
R26BK01726322,2026-09-18,대구광역시 군위군,산불대응센터 설치 공사,대진건업 주식회사,5028133947,조규철,182694016,90.202,204250000,9018446,Y,-3.0,3.0,407
R26BK01728167,2026-09-18,전북특별자치도 익산시,2026년 자전거도로 유지보수 단가계약(4차),우리방재건설주식회사,3148169907,강현구,7950110,90.134,8866000,297301,Y,-3.0,3.0,70
R26BK01729037,2026-09-18,경상북도 상주시 상수도사업소,내서 고곡1리(둔덕이) 소규모급수시설 설치공사,(주)예스산업개발,5118119731,권경현,132755530,90.323,148900000,7643504,Y,-3.0,3.0,72
R26BK01728228,2026-09-18,전북특별자치도 익산시,2026년 익산시 교통안전표지판 유지관리 단가계약 6차,(유)동신강건,4038119390,정승진,37651700,90.117,41947780,1483667,Y,-3.0,3.0,59
R26BK01721886,2026-09-18,전북지리산낙농농업협동조합,전북지리산낙농농협 순창작목반 사무실 신축공사(전기설비공사),유한회사 토승전력공사,4028137532,이도희,7940000,53.217,,,,,,20
R26BK01728169,2026-09-18,울산광역시 동구,2026년 2차 긴급도로복구공사 단가계약 소액수의 견적제출 안내공고,주식회사 진풍이엔씨,6108122722,김현수,167074000,91.101,185500000,24078048,Y,-3.0,3.0,141
R26BK01728518,2026-09-18,충청남도 논산시,2026년 논산시일원 보안등 신설 및 보수사업(2차),(주)우송전기,3088106339,김희중,69275760,90.447,76570000,5232037,Y,-3.0,3.0,78
R26BK01707744,2026-09-18,조달청 광주지방조달청,광주보훈병원 중증․응급 의료인프라 구축 증축공사[소방],(합자)현대소방시설공사,4098113768,정병철,776879465,90.354,865291000,51047741,Y,-2.0,2.0,434
R26BK01724970,2026-09-18,전남광주통합특별시 영암군,재해예방 지방하천(삼포천) 하상 정비공사,(주)영암토건,7448702943,김현화,77591215,89.925,86700000,1340031,Y,-3.0,3.0,73
R26BK01726451,2026-09-18,전북특별자치도 고창군,고창 신재효판소리 박물관 LED전광판 설치 공사(통신공사),유한회사 신도정보통신,4048134642,박희복,45143550,89.931,49988500,880526,Y,-3.0,3.0,12
R26BK01726781,2026-09-18,한국마사회 부산경남경마본부,영남본부 노후사택 환경개선 공사,주식회사 네스티지,4108181437,정환욱,190384856,90.148,209919000,8245293,Y,-2.0,2.0,1073
R26BK01718254,2026-09-18,보은군산림조합,2026년 큰나무조림사업,주식회사 보은산림조경,7618603009,김혜정,52540240,91.465,58115000,703120,Y,-3.0,3.0,2
R26BK01728213,2026-09-18,전북특별자치도 익산시,2026년 자전거도로 유지보수 단가계약(3차),주식회사신토성건설,4108181612,이수근,8015217,90.108,8866000,297301,Y,-3.0,3.0,69
R26BK01725709,2026-09-18,전남광주통합특별시 영암군,영암읍 장암1리 회화정마을회관 증축공사,(유)혜원종합건설,4118145996,마광식,39751100,90.218,43700000,1843652,Y,-3.0,3.0,22
R26BK01726437,2026-09-18,전북특별자치도 군산시,사정동 사정동길 재포장공사,청파토건주식회사,4018156536,송수빈,36668800,90.12,40535000,1396405,Y,-3.0,3.0,51
R26BK01726454,2026-09-18,전북특별자치도 군산시,옥서 리도 204호(남동마을) 도로확포장공사 석면해체공사,유한회사 전일건설,4018112391,김종서,25479682,89.978,28402000,505734,Y,-3.0,3.0,36
R26BK01727738,2026-09-18,인천광역시 영종구,스마트 가로등디밍 원격제어시스템 구축사업,주식회사비에스이엔지,1448800948,김정하,123422240,90.25,136565000,6690547,Y,-3.0,3.0,701
R26BK01725297,2026-09-18,춘강장애인근로센터,춘강장애인근로센터 대수선 장애인용 승강기 설치공사,이진건설 주식회사,6168158136,박순자,137880845,90.141,153049000,5783543,Y,-3.0,3.0,252
R26BK01726145,2026-09-18,경상북도 문경시,2026년 임도보수사업,주식회사강산,5118113983,김제수,28070000,91.006,30449000,1478165,Y,-3.0,3.0,2
R26BK01727168,2026-09-18,전북특별자치도 군산시,청소년 문화의집 복합문화센터 기능보강 통신공사,유한책임회사 엔에이치네트웍스,4128119924,이근신,68891586,90.385,76615000,4202598,Y,-3.0,3.0,45
R26BK01727364,2026-09-18,충청남도 천안시 맑은물사업본부,서북구 직산읍 마정리 227-17 급수공사,(주)엠디건설,4088609460,김선우,23948000,89.789,26421350,,Y,-3.0,3.0,53
R26BK01724011,2026-09-18,한국철도공사 회계통합센터,★기술자 및 실적보유★대전충남본부 전차선로 보호모니터링 시스템 설치공사,주식회사성진전기,1238186824,조만형,526022056,90.31,579348000,32071545,Y,-2.0,2.0,137
R26BK01724064,2026-09-18,경상남도 의령군 농업기술센터,개 사육시설 철거 공사,주식회사 태림지반,1418100955,이석봉,82908000,90.291,91700000,4370385,Y,-3.0,3.0,8
R26BK01736333,2026-09-18,한국농어촌공사 충남지역본부,충남본부 사옥 창호방수공사,주식회사 현대데코,6688602808,송선미,18000000,,,,,,,1
R26BK01728478,2026-09-18,충청남도 천안시 서북구,서당육교 계단 설치공사,(주)평리건설,3128124113,김선호,111501700,90.537,122771000,7113742,Y,-3.0,3.0,5
R26BK01736093,2026-09-18,군서농업협동조합,군서농협 2026년 전략작물산업화지원사업(두류 등 사업다각화)콩 선별장 증축 및 리모델링 소방공사,주식회사 전진전기소방공사,4128126013,박홍진,30000000,88.995,,,,,,2
R26BK01727634,2026-09-18,경상북도교육청 경상북도청도교육지원청,이서초등학교 외 1교(남성현초) 우천통로 및 담장설치공사,주식회사 재아건설,1748700224,박재찬,104939180,90.457,117238000,7238556,Y,-3.0,3.0,31
R26BK01728768,2026-09-18,충청남도 천안시 서북구,성거읍 송남리 리도208호(오송선) 도로확포장공사(1구간 2공구),길림개발 주식회사,3128129705,전상현,286925000,90.707,318428000,28009443,Y,-3.0,3.0,54
R26BK01727230,2026-09-18,경기도 용인시 처인구 남사읍,2026년 남사읍 도로시설물 유지보수 연간단가 공사(2차),(주)한남종합건설,1358179350,이한응,90833600,90.225,100000000,4510018,Y,-3.0,3.0,81
R26BK01728841,2026-09-18,충청남도 천안시 서북구,안궁5리 배수로 정비공사,하이스산업(주),3128639339,정재권,66658620,90.686,72900000,6411278,Y,-3.0,3.0,55
R26BK01725437,2026-09-18,국립생태원,2026년 국립생태원 관람객 도보길 및 도로 침하구간 개선공사,주식회사 동우건설,3088118209,유동조,124492500,90.258,137200000,6903110,Y,-2.0,2.0,464
R26BK01722146,2026-09-18,충청남도 홍성군,군도25호선 아스콘 절삭덧씌우기공사,(주)도원조경,3108115923,배강태,98196600,90.232,108080000,4968351,Y,-3.0,3.0,35
R26BK01734849,2026-09-18,경상남도 산청군,2026년 재해위험목 제거사업(3차),산청군산림조합,6138200082,황인수,29768000,89.746,,,,,,1
R26BK01725198,2026-09-18,경상남도 김해시,김해시 다함께돌봄센터 5호점(이편한세상주촌더프리미어) 리모델링 공사[입찰대행],주식회사 다빈실내건축,7268700078,임연환,61752300,90.064,68590000,1719659,Y,-3.0,3.0,61
R26BK01728755,2026-09-18,춘천도시공사,환경사업부 절탄기 및 여과집진기 등 퇴적물 제거 공사 수의계약 견적제출 안내 공고,강신엔지니어링,1220322488,강신규,31762540,89.92,35430000,601536,Y,-3.0,3.0,21
R26BK01727414,2026-09-18,강원특별자치도 평창군,2026년 노후슬레이트 철거공사(2차분),행운환경(합),2258110538,손세호,87508400,90.305,96272000,5011677,Y,-3.0,3.0,5
R26BK01728165,2026-09-18,경상북도 안동시 농업기술센터,[수의계약 안내공고] 안동시 유기견보호센터 보수공사,홍익산업개발 주식회사,5088134911,황경화,82379800,90.351,92099000,4713885,Y,-3.0,3.0,75
R26BK01727387,2026-09-18,강원특별자치도 평창군,평창강 지방하천 하도정비사업,(주)대덕종합건설,2248132368,김은희,161937110,90.269,178700000,8814985,Y,-3.0,3.0,23
R26BK01726264,2026-09-18,경상남도 의령군,서본마을 제2공영주차장 조성사업 지장물 철거공사,주식회사 아트건설,1058672685,조현봉,40877400,90.165,45200000,1347205,Y,-3.0,3.0,8
R26BK01736217,2026-09-18,한국농어촌공사 충남지역본부 청양지사,2026년 농업생산기반시설 안전시설 설치공사,(주)효엘엔지니어링,1068608283,박 소 정,38552000,87.998,,,,,,1
R26BK01725593,2026-09-18,경기도교육청 은혜고등학교,(긴급)은혜고등학교 본관동 창호교체공사 전자입찰 공고,초담건설 주식회사,2348600887,이명희,665684380,90.174,730850000,30651261,Y,-3.0,3.0,811
R26BK01727624,2026-09-18,강원특별자치도 평창군,대화면(상안미리 973-13) 상수관로 확장공사,주식회사 예인건설,2078700387,최철순,69049900,90.638,76326000,4538911,Y,-3.0,3.0,16
R26BK01725886,2026-09-18,재단법인 프란치스꼬회 산청분소 성심원,재)프란치스꼬회 산청분소 성심원 가정사1동 시설개선(단열보강) 사업 공고(긴급),해람건설 주식회사,8118703179,한서윤,212822600,90.192,236071000,10283129,Y,-3.0,3.0,553
R26BK01725603,2026-09-18,경상남도 김해시,소규모 위험시설(호계1세천) 정비사업,배가건설 주식회사,5118109951,배영옥,46169880,90.38,51900000,3021980,Y,-3.0,3.0,57
R26BK01726000,2026-09-18,경상남도 김해시,배중개마을 일원 오수관로 정비공사,주식회사 대득건설,6098133893,최용철,211165630,91.063,232070000,29533084,Y,-3.0,3.0,448
R26BK01727696,2026-09-18,강원특별자치도 평창군,청심대 주변 정비공사,정화건설(합),2258110877,김현아,56460000,90.353,61994000,2711939,Y,-3.0,3.0,26
R26BK01734993,2026-09-18,국가유산청 한국전통문화대학교,스마트 강의실 조성 등 노후 교육공간 개선 공사(2차),주식회사  케이엔디산업,3988801151,이해덕,21900000,99.772,,,,,,1
R26BK01735859,2026-09-18,경기도 용인시 처인구,2026년 처인구 녹지·공공공지 수목 및 시설물 유지관리공사(2차),주식회사 모모조경,5818702717,조아름,24570000,90.0,,,,,,1
R26BK01728250,2026-09-18,강원특별자치도 화천군,2026년 소규모주민숙원사업(거례리 200번지 일원) 배수로 설치공사,동현건설(주),2218122255,구재실,22813110,90.325,24928000,1296641,Y,-3.0,3.0,36
R26BK01728277,2026-09-18,강원특별자치도 화천군,2026년 소규모주민숙원사업(동촌리 417-11번지 일원) 아스콘 포장공사,주식회사 은강,8398601814,유익환,86714500,90.347,95978000,4094681,Y,-3.0,3.0,16
R26BK01725628,2026-09-18,천안시다함께돌봄센터 19호점,천안시다함께돌봄센터19호점 리모델링 공사,주식회사 우성창호금속,8868601372,김영희,60536930,90.259,68156000,2839496,Y,-3.0,3.0,87
R26BK01723561,2026-09-18,영천시산림조합,2026년 큰나무가꾸기사업,주식회사 영산임업,5058141669,이옥순,47922000,90.17,53367000,1735101,Y,-3.0,3.0,3
R26BK01726623,2026-09-18,강원특별자치도 홍천군,2026년 화전농공단지 개보수(인도)공사,신영토건(주),2238102537,김명옥,344712700,90.58,381970000,29718717,Y,-3.0,3.0,59
R26BK01728174,2026-09-18,강원특별자치도 화천군,2026년 군도2호선 위험사면 복구사업(마현리 산45-5번지 일원),조양건설주식회사,2218130565,김중옥,40003300,90.675,43951000,3016277,Y,-3.0,3.0,16
R26BK01726308,2026-09-18,서울특별시 성동구,난지처리구역 불량 하수관로 비굴착 보수공사(2권역),(주) 알파에코,1278149248,장정진,423254000,90.441,469040000,29492967,Y,-3.0,3.0,26
R26BK01723308,2026-09-18,산림조합중앙회 광양시산림조합,2026년 큰나무 숲가꾸기 사업,주식회사 원일산림,4168194250,이경환,54044000,90.167,59943000,1011941,Y,-3.0,3.0,6
R26BK01728111,2026-09-18,강원특별자치도 화천군,2026년 산불방지 안전공간 조성사업,주식회사 태해임업,2888104134,조해인,76203000,90.295,85480000,3262934,Y,-3.0,3.0,9
R26BK01722912,2026-09-18,한종산업개발 주식회사,마산자원회수시설 폐열보일러 NO.2 Generator Tube 및 Economizer Tube 교체,주식회사 우경플랜트,6098605975,최현묵,447515200,93.611,476080000,27457049,Y,-3.0,3.0,5
R26BK01736761,2026-09-18,한국농어촌공사 경북지역본부 칠곡지사,가뭄대비 임시양수장 등 시설 설치 전기공사,(주)태원전력,5138141734,이민영,32150000,88.058,,,,,,1
R26BK01725394,2026-09-18,서울특별시 성동구,난지처리구역 불량 하수관로 비굴착 보수공사(1권역),(주)덕천기공,1148134133,차은희,412657000,90.483,457970000,28943538,Y,-3.0,3.0,26
R26BK01736848,2026-09-18,한국농어촌공사 경북지역본부 칠곡지사,지천지구 임시양수장 설치공사,(주)대광기공,5038616228,현은영,47650000,88.045,,,,,,1
R26BK01736869,2026-09-18,한국농어촌공사 경북지역본부 칠곡지사,칠곡지구 용배수로 보수공사,주식회사 향주건설,5718602770,강수정,27210000,88.026,,,,,,1
R26BK01728678,2026-09-18,경상북도 예천군,지보 소화2리(새터)농로 정비공사,재백건설 주식회사,8618701496,노혜림,23938540,90.313,26600000,1446072,Y,-3.0,3.0,94
R26BK01736222,2026-09-18,서울특별시 동부공원여가센터,매헌시민의 숲 등 2개소 CCTV 구조물 정비공사,주식회사 반석,4298602713,강대준,12000000,93.457,,,,,,1
R26BK01729186,2026-09-18,전남광주통합특별시 진도군,2026년 사방지 보완사업(고군지구),유한회사 미래산림토목,6528603234,김해영,35660970,90.765,39299000,645433,Y,-3.0,3.0,5
R26BK01716805,2026-09-15,제이엔케이글로벌(주),탄소포집형수소생산기지(인천생산기지) - 건축.토목공사,삼일주식회사,5078701059,전성진,2038446954,90.325,2270000000,132120408,Y,-2.0,2.0,3
R26BK01736159,2026-09-18,한국농어촌공사 경북지역본부 청송.영양지사,가뭄대책 청운간이양수기 설치공사,(주)금당,3148144089,전미영,16900000,88.481,,,,,,1
R26BK01736205,2026-09-18,한국농어촌공사 경북지역본부 청송.영양지사,가뭄대책 청운간이양수기 기계공사,정직건설,8783500860,박승종,17400000,88.617,,,,,,1
R26BK01723680,2026-09-17,한국방송통신대학교,창조관 직원관사 추가 조성 전기공사,경동이엔씨주식회사,1088185597,박성기,93995790,90.432,104204000,6964701,Y,-2.0,2.0,1662
R26BK01720934,2026-09-18,한국농어촌공사 경남지역본부 고성.통영.거제지사,2026년 고성권역 농업에너지이용효율화사업 공기열 히트펌프 설치공사,주식회사 서정개발,6138134440,김용란,892347830,90.033,998569000,27559720,Y,-2.0,2.0,309
R26BK01735605,2026-09-18,서울특별시 기술교육원 동부캠퍼스,수변전설비 개보수 공사,주식회사 씨엘테크,1388157317,윤지영,52415000,93.598,,,,,,1
R26BK01721997,2026-09-18,한국지역난방공사 강남지사,일원역 일대 삼성의료원 앞 양재대로 열수송관 전기방식 보강공사,동양방식(주),2018148663,정상화,75073900,90.388,83309600,2987888,Y,-2.0,2.0,2
R26BK01723719,2026-09-17,서울특별시 물재생센터 난지물재생센터,수1처리장 이차침전지 슬러지수집기 철거 및 설치공사,주식회사 에스피하우징,6508702013,황인재,151085280,90.453,167000000,11526615,Y,-3.0,3.0,805
R26BK01730067,2026-09-21,경상남도 고성군,마암 자연재해위험개선지구 정비사업 지정폐기물(석면) 해체공사 견적 제출 공고,유림건설주식회사,6138164129,차승주,29068700,89.775,32698000,,Y,-3.0,3.0,14
R26BK01730190,2026-09-21,세종특별자치시산림조합,2026년 산불예방숲가꾸기사업,그린애플(주),3188803395,황명성,13449000,89.875,14868000,164046,Y,-3.0,3.0,89
R26BK01725250,2026-09-21,한국환경보전원,ASF 차단시설물 철거공사(2구역),주식회사 현진산업,5138190574,유재원,324092990,92.003,350894000,28682945,Y,-2.0,2.0,647
R26BK01730596,2026-09-21,주식회사 한국티비티,SILO(곡물창고) 옥상 안전난간 제작 설치 공사,(주)혜성기업,1338140897,박양균,208780000,100.0,,,,,,1
R26BK01731418,2026-09-21,전남광주통합특별시 나주시,동강면 곡천리 흙수로 구조물화사업,서아산업개발(주),8498600049,김정모,55210690,90.37,61020000,3679890,Y,-3.0,3.0,93
R26BK01731391,2026-09-21,경상남도 진주시,2026년 도시공원 유지관리 3차사업(옥봉·장재지구),대산조경건설 주식회사,2978601024,이정혜,20822117,89.887,23190000,236818,Y,-3.0,3.0,75
R26BK01731618,2026-09-21,김천시산림조합,2026년 산불예방숲가꾸기사업(봉산광천지구),주식회사 포레피아,8398800916,한양석,94159700,89.936,103994000,1146996,Y,-3.0,3.0,7
R26BK01731508,2026-09-21,충청남도 보령시,계약대행[공립명천시티프라디움 어린이집 기능보강 사업],주식회사 현대데코,6688602808,송선미,27150234,90.034,30000000,641742,Y,-3.0,3.0,15
R26BK01728959,2026-09-21,경상북도 문경시,철로자전거(진남역) 주차장 조성공사,수아산업개발,7222302034,박연희,115384000,90.543,127610000,9729319,Y,-3.0,3.0,100
R26BK01728115,2026-09-21,경상북도 영주시 수도사업소,가흥정수장 급속침전지 지붕 증축공사,대명산업 주식회사,1408702665,우영아,129680968,90.331,143121000,7923155,Y,-3.0,3.0,10
R26BK01730954,2026-09-21,서울교통공사,진접차량기지 검수고 옥상점검대 개선공사(2공구),주식회사 천강이엔씨,1248688344,하자현,129501528,90.037,143269000,4067698,Y,-3.0,3.0,1444
R26BK01713399,2026-09-21,광주광역시 도시공사,신규 체육시설 개보수 건축공사,주식회사 한림,4128123622,최정희,1865606410,90.193,2042953000,136964498,Y,-3.0,3.0,248
R26BK01724974,2026-09-21,한국환경보전원,ASF 차단시설물 철거공사(1구역),신도건설(주),1298127406,김춘화,264192612,90.626,289802000,23379967,Y,-2.0,2.0,654
R26BK01734039,2026-09-18,서울특별시 양천소방서,신트리119안전센터 청사 누수 보수 공사,이한디자인,7686600887,한준숙,29000000,95.081,,,,,,1
R26BK01730662,2026-09-21,제주특별자치도교육청 제주시교육지원청,광양초 다목적체육관 수리공사 입찰 공고(긴급),주식회사 영보,6168117644,진정우,1139772100,89.173,1275094000,46134185,Y,-3.0,3.0,276
R26BK01730949,2026-09-21,(주)코벡,폐수처리시설 철구조물 공사,재보건설 주식회사,1178180413,민영남,97740110,90.039,108428312,2993300,Y,-2.0,2.0,21
R26BK01731106,2026-09-21,경기도 광주시,2026년 급수취약지역 상수도 확대보급사업(용수리 254),유승건설주식회사,1268197937,권오순,112417700,90.953,123580000,14311913,Y,-3.0,3.0,43
R26BK01730047,2026-09-21,경상남도 고성군,2026년 임도변 풀베기사업(구만주평~회화삼덕 임도 외 5개소) 견적 제출 공고,주식회사 연호산림,4538103272,정동민,44599700,89.859,49910000,549460,Y,-3.0,3.0,16
R26BK01704314,2026-09-21,강원특별자치도교육청 강원특별자치도교육청교직원수련원,강원특별자치도교육청교직원수련원 별관동 냉난방기 설치공사 수의계약 견적제출 안내공고,청호건설(주),2258118302,고이덕,73625776,90.197,81980000,2672802,Y,-3.0,3.0,35
R26BK01712458,2026-09-21,강원특별자치도,국도56호선 갈천2지구 위험도로 개선공사,시원건설주식회사,5128108519,최인순,2927700190,89.344,3306869000,171395495,Y,-3.0,3.0,572
R26BK01729165,2026-09-18,경상남도 합천군,합천 삼가 고분군 내 지장물 철거공사 관련 석면해체공사,미산종합건설 주식회사,6118106934,김영식,28154800,90.679,30826000,2061718,Y,-3.0,3.0,13
R26BK01728325,2026-09-21,경기도시흥교육청 신천중학교,신천중학교 2026학년도 친환경운동장 인조잔디 조성공사 소액수의 견적제출 안내공고,주식회사 옥구토건,7588101709,김진구,92628100,90.141,103083200,3972134,Y,-3.0,3.0,104
R26BK01725935,2026-09-21,한국농어촌공사 경남지역본부 울산지사,울주군 평동항 어촌신활력증진사업(연계사업) 전기공사,(주)국제산업개발,6108159419,안규영,78965900,90.216,86915000,4012065,Y,-2.0,2.0,375
R26BK01728990,2026-09-21,충청남도 금산군,추부면 하마전로 일원 하수도준설공사,주식회사 그린에코,6338600124,박근배,49218000,92.488,53612000,2054226,Y,-3.0,3.0,2
R26BK01731014,2026-09-21,전남광주통합특별시 장성군,2026년 장성유림회관 서고증축 사업 건축공사,영조건설주식회사,6018139869,박성우,46259000,90.148,52200000,1956601,Y,-3.0,3.0,21
R26BK01730020,2026-09-21,경상북도 영덕군,금진1리 세천 정비공사 견적제출 안내공고,동해조경 주식회사,6118126342,김금미,62709600,90.257,70090000,3460982,Y,-3.0,3.0,18
R26BK01721983,2026-09-21,부산광역시교육청 부산광역시남부교육지원청,개성고등학교 화장실개량 및 기타공사(계속비),"주식회사 케이에스알피 (KSRP Co.,Ltd)",8938600992,김점석,999936200,90.367,1095358000,67121265,Y,-3.0,3.0,475
R26BK01730075,2026-09-21,경상남도 고성군,남산공원 공영주차장 조성사업 전기공사 견적 제출 공고,合資會社 大新電氣工業社,6128100194,박기태,27823186,90.286,30653000,1532948,Y,-3.0,3.0,46
R26BK01730551,2026-09-21,충청북도 보은군,보은대추 유통관리센터 건립사업(건축),주식회사 승진건설산업,4098630520,김승록,684220000,90.301,761717000,40289557,Y,-3.0,3.0,513
R26BK01728949,2026-09-21,경상북도 문경시,점촌2동 영신지구 경작로 개설공사,부건건설 주식회사,5118111933,김광수,37363791,90.449,41800000,2141635,Y,-3.0,3.0,33
R26BK01728203,2026-09-21,한국농어촌공사 경남지역본부 창원지사,오서지구 농촌공간정비사업 철거공사,주식회사 남동,6138160161,정명미,244162900,90.568,271300000,21509517,Y,-2.0,2.0,211
R26BK01730566,2026-09-21,대구광역시교육청 대구농업마이스터고등학교,2026. 직업계고 학점제 학교 공간조성 공사,주식회사 정도종합건설,5138174803,김은석,884410800,90.286,979949000,51729016,Y,-3.0,3.0,414
R26BK01726408,2026-09-21,경상남도 양산시,사송처리분구 하수관로 정비사업(총괄분),청목종합건설주식회사,6118108494,정연주,1778923000,89.456,1996210000,124740729,Y,-3.0,3.0,639
R26BK01731226,2026-09-21,경상남도 양산시,수벽 정비사업(국도35호선 일원 2차),주식회사 미승이엔씨,7438101202,김미현,32061000,89.858,35389000,388026,Y,-3.0,3.0,52
R26BK01725085,2026-09-21,한국철도공사 회계통합센터,경부고속선 광명역 가스계 소화설비 개량기타공사,(주)청우전설,7078102054,김미영,811636320,90.302,901806000,48684780,Y,-2.0,2.0,932
R26BK01731273,2026-09-21,강원특별자치도 인제군,2026년 상생협력사업 12사단 칠성고개 군거부 장애물 시설 도장 공사,대일건설주식회사,8498100971,전대일,132617237,89.943,147600000,2477064,Y,-3.0,3.0,45
R26BK01730619,2026-09-21,서울특별시교육청 서울특별시성동광진교육지원청,성동광진 수학과학융합교육센터(경일중 내) 조성 공사,주식회사 한누리,1348667725,이태호,84110000,89.935,92978000,1736576,Y,-3.0,3.0,962
R26BK01729443,2026-09-21,부산광역시 사하구,신평초교일원 보행환경안심길 조성공사,화성기업 주식회사,6058602108,노대환,141033350,90.692,155220000,14267596,Y,-3.0,3.0,314
R26BK01723601,2026-09-21,울산광역시 울주군,서생 화산리 153번지 일원 세천정비공사,(주)신우주건설,6108121024,황봉,75189070,90.265,83940000,3844974,Y,-3.0,3.0,168
R26BK01730231,2026-09-21,국토교통부 원주지방국토관리청 홍천국토관리사무소,홍천국토 관내권역 터널 안전시설물 보수공사,동림건설(주）,2228115382,전명길,296606030,90.148,328438000,12753512,Y,-2.0,2.0,408
R26BK01730256,2026-09-21,경상남도 양산시 웅상출장소,덕계사거리(70번 교차로) 교통사고 잦은 곳 개선사업 전기공사,주식회사 내일이앤씨,2498703127,박은미,26773685,90.296,29570000,1413278,Y,-3.0,3.0,93
R26BK01731182,2026-09-21,경상남도 양산시,수벽 정비사업(물금 일원 2차),주식회사 에덴조경,7288801411,박성국,41396770,90.027,46255000,501903,Y,-3.0,3.0,52
R26BK01724161,2026-09-21,강원특별자치도 속초시,속초 음식문화복합공간 조성사업(전기),주식회사 케이솔라,2248163347,홍성운,220101625,90.433,240266000,16320781,Y,-3.0,3.0,1053
R26BK01731122,2026-09-21,경상남도 양산시,내원로 교차로 개선공사,(주)도건건설,8938803163,최헌경,43182325,90.169,47910000,1579058,Y,-3.0,3.0,38
R26BK01731475,2026-09-21,경상남도 진주시,2026년 도시공원 유지관리 3차사업(평거·신안·이현지구),주식회사 성원조경,6138136657,백은영,30719380,89.861,34250000,350127,Y,-3.0,3.0,75
R26BK01730604,2026-09-21,경상남도교육청 경상남도거제교육지원청,명사초등학교 재해복구공사 수의계약 안내공고,태우종합건설(주),2738602686,신미순,323265580,90.481,356840000,20750440,Y,-3.0,3.0,20
R26BK01725950,2026-09-21,서울특별시서울의료원,원내 도로 아스콘 보수공사,명림건설 주식회사,8968601078,김하나,210143890,90.011,234520000,6037419,Y,-3.0,3.0,595
R26BK01730266,2026-09-21,강원특별자치도 고성군,2026년도 문암1리항 준설사업,주식회사 재성건설,2278109167,박두선,60614390,91.537,66900000,5205791,Y,-3.0,3.0,2
R26BK01731269,2026-09-21,경상남도 양산시,양산대로 중앙분리대 수목 관리사업(2차),(주)푸른들조경,6218128371,이용희,40345300,89.903,45373000,496772,Y,-3.0,3.0,52
R26BK01702548,2026-09-21,(사)한국김생산어민연합회 고흥군지회,김 배양장 건축 및 시설 공사,삼양건설주식회사,5588602350,김소정,1326930000,90.008,1460000000,53031825,Y,-3.0,3.0,3
R26BK01729517,2026-09-21,충청남도 서산시,2026년 하반기 차선도색 유지보수 단가계약,새길포장건설 주식회사,2968700257,홍성만,517856,90.158,573843,22383,Y,-3.0,3.0,34
R26BK01730110,2026-09-21,강원특별자치도교육청 강원특별자치도강릉교육지원청,강릉초 외 10교 수목 관리공사 소액수의 견적제출 공고,주식회사 평화조경,4888101979,신원정,59909714,89.868,66393000,718583,Y,-3.0,3.0,50
R26BK01730137,2026-09-21,강원특별자치도교육청 강원특별자치도강릉교육지원청,강릉고 외 9교 수목 관리공사 소액수의 견적제출 공고,삼양산업개발(주),2268106283,김진묵,61917130,89.979,68398000,736625,Y,-3.0,3.0,50
R26BK01725556,2026-09-21,전북특별자치도 임실군,섬진강 에코뮤지엄 조성(에코누리캠퍼스)사업 전기공사,주식회사 화성이엔지,6208131723,임아란,233233998,90.419,260728000,16959147,Y,-3.0,3.0,1087
R26BK01726120,2026-09-21,(재)경남로봇랜드재단,서비스로봇 공통플랫폼 제작·실증 사업 시범운영환경(험지) 토목공사,메이드건설(주),5158119150,박광신,158083090,90.324,175940000,9882393,Y,-3.0,3.0,610
R26BK01723567,2026-09-21,울산광역시 울주군,두동 만화(481-1) 칠조마을 농로개선공사,(주)선도건설,6168122981,신영춘,66268500,90.385,72830000,4299941,Y,-3.0,3.0,145
R26BK01730876,2026-09-21,제주특별자치도,2026년 구국도(동부권역) 태풍 및 집중호우 대비 빗물받이 및 배수로 준설공사,주식회사 성광산업,3778600466,홍애진,86994369,90.205,96659000,4138125,Y,-3.0,3.0,23
R26BK01730005,2026-09-21,경상북도 영덕군,군도1호선 상직~천전간 도로포장공사 견적제출 안내공고,주식회사 태극건설,4118135839,이수진,83490250,90.454,92540000,6063872,Y,-3.0,3.0,18
R26BK01727530,2026-09-21,한국철도공사 회계통합센터,경부고속선 오송보수기지 등 29개소 조경시설 정비공사,성재조경건설(주),1298132568,윤주하,145290460,90.456,160761000,11108231,Y,-2.0,2.0,1602
R26BK01728438,2026-09-21,전남광주통합특별시교육청 전남광주통합특별시순천교육지원청,순천왕의중 햇빛이음학교 전기공사,주식회사 삼일이앤에스,8238800982,장형주,34431230,90.087,38533000,1258956,Y,-3.0,3.0,145
R26BK01729563,2026-09-21,경기도,2026년 누산배수문교 내진보강공사,건양건설 주식회사,1358151518,이지아,791286500,90.668,867880000,76452946,Y,-3.0,3.0,213
R26BK01723650,2026-09-21,울산광역시 울주군,두동 은편상리마을 농로배수로 설치공사,주식회사 정민건설,6108193756,김정수,62229600,90.353,69470000,4051432,Y,-3.0,3.0,156
R26BK01727092,2026-09-21,전남광주통합특별시 농업기술원,고구마 재배온실 신축 공사,주식회사 호연건설,4088180449,윤재성,115269480,90.056,128255000,3824563,Y,-3.0,3.0,563
R26BK01729084,2026-09-21,전남광주통합특별시교육청 전남광주통합특별시완도교육지원청,고금초 배수정비사업 토목공사,화신건설(주),4158106388,우정승,36265890,90.227,40190000,1331104,Y,-3.0,3.0,8
R26BK01710282,2026-09-21,영남대학교,[대학혁신지원사업] [SMART환경개선] 이희건기념관 환경개선 공사(전기) 외 1건,주식회사 본일렉트릭,5628103483,박홍길,96236040,83.683,,,,,,8
R26BK01730208,2026-09-21,강원특별자치도 고성군,어천3리 교량 재설치공사,신동건설(주),2278113943,신태호,201244090,90.402,225177000,14090503,Y,-3.0,3.0,28
R26BK01727693,2026-09-21,(주)우주엔비텍,"익산시신재생자원센터 1,2호기 소각로 내화물 보수 공사",대방산업주식회사,1288676495,조진영,58544689,90.267,64680000,1357206,Y,-3.0,3.0,21
R26BK01723457,2026-09-21,울산광역시 울주군,청량 율리 수변공원 산책로 조성공사(전기),강산산업전기 주식회사,6108627912,최명동,58113400,90.345,63863000,3689131,Y,-3.0,3.0,374
R26BK01726171,2026-09-21,인천광역시 서해구,율도근린공원 체육 및 편익시설 정비사업(토목),경신플랜트(주),1218125122,이동훈,232680192,90.561,255970000,11345705,Y,-3.0,3.0,8
R26BK01730906,2026-09-21,제주특별자치도,2026년 구국도(서부권역) 태풍 및 집중호우 대비 빗물받이 및 배수로 준설공사,충남건설 주식회사,8178702673,김정아,86974150,90.206,96659000,4138125,Y,-3.0,3.0,23
R26BK01730212,2026-09-21,충청북도교육청 충청북도청주교육지원청,청주고 외 1교(청주내곡초) 옥상방수 및 기타공사 수의계약 안내 공고,한결산업개발 주식회사,4128129738,류광현,61556458,90.266,68255000,3446842,Y,-3.0,3.0,115
R26BK01726529,2026-09-21,대구광역시교육청 대구농업마이스터고등학교,대구농업마이스터고 직업계고 학점제 공간조성을 위한 전기공사,한성전력,5010197102,이운용,258954790,90.402,287221000,18351964,Y,-3.0,3.0,699
R26BK01725579,2026-09-21,국립공원공단 소백산국립공원북부사무소,2026년 소백산북부 농경훼손지 복원 공사,도담조경주식회사,4108642711,조용우,81546823,90.286,90000000,4101506,Y,-2.0,2.0,31
R26BK01730377,2026-09-21,국토교통부 부산지방국토관리청 포항국토관리사무소,[등록기준 사실조사 대상사업]국도31호선 포항 동해 석Ⅱ지구 등 7개소 낙석산사태 정비공사,신안건설(주),5138115008,홍기옥,632903380,91.419,694000000,112395346,Y,-2.0,2.0,311
R26BK01717037,2026-09-21,인하대학교,"인하대학교 미래우주교육센터 시험실습동 건축공사(토목,기계 포함)",(주)재인건설,8378800870,김상현,758000000,71.916,,,,,,13
R26BK01726219,2026-09-21,한국농어촌공사 경기지역본부 화성.수원지사,장하지구 수리시설정비사업 토목공사,동보건설(주),1278160864,주희진,100859260,90.215,112138000,5110947,Y,-2.0,2.0,579
R26BK01725551,2026-09-21,경기도교육청 경기도화성오산교육지원청 안용중학교,(긴급)안용중학교 8동 리모델링 건축기계 공사,이오스종합건설 주식회사,1628801227,이범식,240405686,90.198,267752490,11736640,Y,-3.0,3.0,975
R26BK01725345,2026-09-21,인천광역시 연수구,2026년 송도문화로 84번길 일원 보도정비공사,(주)엠아이알,1418124035,남택선,261376630,90.466,288640000,19988413,Y,-3.0,3.0,209
R26BK01723398,2026-09-21,울산광역시 울주군,두동 만화(1145) 구거정비공사,주식회사다승건설,7888802668,김성훈,93760900,90.417,102960000,6477383,Y,-3.0,3.0,158
R26BK01719924,2026-09-21,한국방송공사,망운산(송) 노후 발전기 원격제어반 교체 공사,주식회사서광전력,6128125900,김태훈,62926734,85.0,74000000,,N,-2.0,2.0,1208
R26BK01716434,2026-09-21,충청북도교육청 충청북도진천교육지원청,만승초 본관 외벽 보수공사 소액수의 견적 공고,덕양건설 주식회사,3158134245,김일동,44087267,91.319,48818000,4023356,Y,-3.0,3.0,11
R26BK01729504,2026-09-21,충청남도 서산시,황락리 사면 보강공사,합자회사 신호산업,3168102561,최재선,33465800,90.693,36647000,3375447,Y,-3.0,3.0,120
R26BK01731602,2026-09-21,경상북도 의성군,2026년하반기훈증제거소나무재선충병 방제사업(서부지구),주식회사 하나산림개발,1128156484,최은경,16651000,90.011,18480000,184724,Y,-3.0,3.0,26
R26BK01731606,2026-09-21,경상북도 의성군,의성읍도동4리마을회관 신축공사,주식회사 케이아이앤,3038116531,변진경,228465900,90.557,255409000,14185174,Y,-3.0,3.0,26
R26BK01728542,2026-09-21,경상북도교육청 의성고등학교,의성고등학교 생활관 증축 정보통신공사 소액수의 견적 제출 공고,주식회사 보명전설,5088126648,황성수,66092900,90.341,73468000,4123198,Y,-3.0,3.0,16
R26BK01728931,2026-09-21,경상북도 문경시,문경에코월드 가은모노레일 배전간선 설치공사,주식회사 정화전력,5118112214,남정화,44519326,90.34,49800000,2479725,Y,-3.0,3.0,41
R26BK01731504,2026-09-21,충청남도 보령시,대천그라운드 골프장 개보수공사,서대종합건설 주식회사,3138102242,정해천,229644100,90.791,253770000,11963352,Y,-3.0,3.0,5
R26BK01729452,2026-09-21,강원특별자치도 양양군,북암리(산4)마을안길 포장공사,일신건설 주식회사,7468101254,최선자,91220340,90.309,101300000,5449557,Y,-3.0,3.0,30
R26BK01730083,2026-09-21,강원특별자치도교육청 강원특별자치도강릉교육지원청,강동초 외 9교 수목 관리공사 소액수의 견적제출 공고,주식회사 새암조경,2268137544,최승대,47611360,90.297,52290000,547506,Y,-3.0,3.0,50
R26BK01731329,2026-09-21,충청남도 금산군,2026년 내수면 양식장 현대화 사업[민간입찰대행],(주)태양건설,4168143902,김백근,64340000,90.361,71818000,3747877,Y,-3.0,3.0,55
R26BK01723449,2026-09-21,한국공항공사 김해공항,김해공항 Air-Side 변압기 개선공사,주식회사 명성기전,7268801318,김종국,297349990,90.139,327462790,12544519,Y,-2.0,2.0,798
R26BK01728259,2026-09-21,전남광주통합특별시교육청 전남광주통합특별시화순교육지원청,(구)화순오성초주도분교장 외 1교(청풍초신석분교장) 철거공사,청계건설(주),4088183354,김병일,88751776,91.509,99099000,4548809,Y,-3.0,3.0,14
R26BK01725423,2026-09-21,과학기술정보통신부 우정사업본부 우정인재개발원,후생동 3층 출입구 진입데크(좌측) 바닥공사,주식회사 윤,1678700487,윤충재,36321554,90.139,40716000,809240,Y,-2.0,2.0,71
R26BK01723519,2026-09-21,충청남도 아산시 인주면,"인주모원리경로당 그린리모델링 공사(건축, 기계)",제이피이엔씨 주식회사,3128662034,이승주,101687615,90.151,112542000,4274250,Y,-3.0,3.0,45
R26BK01730833,2026-09-21,서울교통공사,진접차량기지 검수고 옥상점검대 개선공사(1공구),주식회사 명운,8918103514,김흥진,146972888,90.037,161796000,4631993,Y,-3.0,3.0,1447
R26BK01727429,2026-09-21,경기도교육청 경기도안성교육지원청 안성초등학교,2026년 안성초등학교 외부환경개선 사업 공사,매크로드 주식회사,2158659470,최은철,228253390,90.156,252400000,9927318,Y,-3.0,3.0,22
R26BK01730658,2026-09-21,국토교통부 부산지방국토관리청 포항국토관리사무소,[등록기준 사실조사 대상사업]국도7호선 효현 내남 STA.4+420~4+564(내남) 등 8개소 낙석산사태 정비공사,삼양종합건설주식회사,4018119735,송필동,463907000,92.078,506400000,114325502,Y,-2.0,2.0,309
R26BK01731599,2026-09-21,경상북도 의성군,다인평림2리공영주차장조성공사,(주) 영남,5098102843,조양식,115406469,90.463,128880000,7740599,Y,-3.0,3.0,47
R26BK01727344,2026-09-21,(주)우주엔비텍,"익산시신재생자원센터 1,2호기 소각로 및 방지시설 클링커 제거외 부대설비 청소작업",경찬 주식회사,2868100898,박정아,56688500,90.308,63580000,1190023,Y,-3.0,3.0,7
R26BK01723593,2026-09-21,국민건강보험공단 일산병원,자동문 설치 공사,해인씨앤아이주식회사,1078756562,윤정하,75676060,90.525,83500000,2166355,Y,-2.0,2.0,1053
R26BK01730706,2026-09-21,울산광역시교육청 울산광역시강북교육지원청,평산초 옥상방수공사,(주)녹색지대,6178626160,김정수,171599400,90.679,192346000,12117647,Y,-3.0,3.0,101
R26BK01731393,2026-09-21,강원특별자치도 태백시,2026년 조림지 풀베기사업(3년차이상),(주)모세,7738802142,정승구,103472000,89.871,114815000,1293349,Y,-3.0,3.0,4
R26BK01724098,2026-09-21,한국농어촌공사 전남지역본부 보성지사,석호 마을만들기사업 건축토목기계공사,주식회사 삼아종합건설,4088143589,김다연,320529000,90.22,354100000,16307207,Y,-2.0,2.0,15
R26BK01727616,2026-09-21,서울시설공단,서울월드컵경기장 열교환기 및 부대설비 교체 공사,엔비 주식회사,7608803034,임화자,37749837,90.172,42620000,1658054,Y,-3.0,3.0,336
R26BK01729971,2026-09-21,부산광역시 체육시설관리사업소,부산실내빙상장 노후 통신시설 보수공사,주식회사 이레정보통신기술,8558701792,김진우,110601460,90.38,122611000,7544856,Y,-3.0,3.0,516
R26BK01727648,2026-09-21,경기도교육청 경기도포천교육지원청,대경중 교사동 옥상 방수공사,(주)남천건설,1358151255,박준순,271919526,90.596,306970000,16755659,Y,-3.0,3.0,602
R26BK01731615,2026-09-21,김천시산림조합,2026년 산불예방숲가꾸기사업(감천무안지구),삼원산림(주),2218146863,김영준,75954600,90.024,84425000,930356,Y,-3.0,3.0,7
R26BK01729857,2026-09-21,경기도교육청 포곡고등학교,포곡고 인조잔디 운동장 재조성공사 소액수의(견적서 제출) 안내,서원산업개발(주),1358117669,박정훈,104400000,90.304,114949000,5932709,Y,-3.0,3.0,79
R26BK01725405,2026-09-21,산림청 북부지방산림청 춘천국유림관리소,2026년 제27차 숲가꾸기(덩굴류제거)사업 지명경쟁 입찰 공고,가평 국유림 영림단,7420603229,안광희,33530000,89.718,37270000,,Y,-2.0,2.0,3
R26BK01724425,2026-09-21,서울특별시 영등포구,중앙어린이공원 재정비사업,주원조경주식회사,1278144879,최정우,374723000,90.393,410926000,25749412,Y,-3.0,3.0,436
R26BK01723524,2026-09-21,울산광역시 울주군,언양 반천 유수지 체육시설 및 자주식 철골주차장 조성공사(통신),석우정보기술 주식회사,6248101857,정승희,156859100,90.453,175000000,11718589,Y,-3.0,3.0,166
R26BK01731350,2026-09-21,경상남도 진주시,2026년 도시공원 유지관리 3차사업(상평·하대·초전지구),주식회사 서경엔지니어링,6138147019,진호원,25545900,89.849,28100000,287271,Y,-3.0,3.0,75
R26BK01730455,2026-09-21,경기도 남양주시 상하수도관리센터,2026년「4권역」누수복구공사 단가계약(6차)(진건읍 등 4개소),주식회사 길산건설,1328194949,이관섭,62833670,90.409,68797000,3503516,Y,-3.0,3.0,29
R26BK01712373,2026-09-21,한국자산관리공사 국유재산관리기금,중앙전파관리소 증축 소방공사,진영씨엠 주식회사,2108155737,이진호,2357345780,91.473,2583729496,163400137,Y,-2.0,2.0,1584
R26BK01730476,2026-09-21,경상북도교육청 경상북도구미교육지원청,(수정)구미중학교 다목적강당 보수 및 특별교실 증축 기계설비공사 수의견적 제출 안내,주식회사 대경기계산업,5848703748,전영구,155472250,90.367,172381000,9498369,Y,-3.0,3.0,87
R26BK01729294,2026-09-21,경상남도 거창군 가조면,시설공사 수의계약 견적제출 안내(동례마을 준영구 논두렁 설치),(합자)부영건설,6118106540,신승목,96465640,90.322,107030000,5718955,Y,-3.0,3.0,89
R26BK01729429,2026-09-21,경기도교육청 경기도수원교육지원청,영덕중 교사동 방수공사,주식회사 정해,1358606847,곽복희,33142300,89.933,36849000,664031,Y,-3.0,3.0,44
R26BK01731420,2026-09-21,경상남도 진주시,2026년 도시공원 유지관리 3차사업(신진주역세권지구),(주)화인조경,6138133984,손영용,26456300,89.86,29430000,302669,Y,-3.0,3.0,75
R26BK01730758,2026-09-21,충청북도 보은군,보은대추 유통관리센터 건립사업(전기),보은전업사,3020138433,김주완,58364798,90.355,65186000,3737000,Y,-3.0,3.0,25
R26BK01730754,2026-09-21,전남광주통합특별시 보성군,보성읍 대야리 강산마을 오수관로 보수공사,법상건설 주식회사,4168173594,김천하,239102000,90.371,265190000,14744579,Y,-3.0,3.0,35
R26BK01730213,2026-09-21,서울시설공단,강동공영차고지 사무동 3층 냉난방설비(EHP) 설치공사,지엠방재산업(주),1148662522,김태형,88795210,89.961,99253000,2071034,Y,-3.0,3.0,453
R26BK01731207,2026-09-21,강원특별자치도 인제군,상남면 상남리 엄달골천 소하천 정비공사,주식회사 남우종합건설,5088115710,이진구,3990377992,90.07,4461600000,516186908,Y,-3.0,3.0,501
R26BK01729255,2026-09-21,산림청 중부지방산림청 충주국유림관리소,2026년 소나무재선충병 소구역모두베기 방제사업,충주기계화영림단,3030914779,노대식,13200000,90.166,14620000,,Y,-2.0,2.0,3
R26BK01722958,2026-09-21,경기도교육청 안양공업고등학교,안양공업고등학교 친환경운동장(인조잔디)조성공사,(주)금파건설,1368130364,최춘기,297416486,90.194,325663000,14063698,Y,-3.0,3.0,833
R26BK01729549,2026-09-21,강원특별자치도교육청 강원특별자치도고성교육지원청,2026년 간성초 외 21교(중고 병설 포함) 수목전정공사 소액수의 견적제출 공고,주식회사 이에스조경,7818702578,최희정,84177500,92.572,89990000,4345837,Y,-3.0,3.0,6
R26BK01731617,2026-09-21,김천시산림조합,2026년 산불예방숲가꾸기사업(남오봉지구),주식회사 수경산림,2178150223,김경수,90272800,90.784,101178000,1126891,Y,-3.0,3.0,7
R26BK01729438,2026-09-21,경기도 고양시,2026년 급수설비 교체 및 폐전 연간단가 공사(덕양구역-3차),주식회사 가가건설,5138156654,이승훈,151723000,90.243,170000000,7191407,Y,-3.0,3.0,67
R26BK01732350,2026-09-16,한국어촌어항공단,2022년 보령시 열호항 어촌뉴딜사업 보완사업공사(건축),주식회사 지평종합건설,3808702282,최은진,16720000,95.0,,,,,,1
R26BK01723758,2026-09-21,부산광역시서부교육청 태종대중학교,테종대중학교 인조잔디 운동장 조성공사,(주)누리세움,6058181321,최태용,214196600,90.388,236826000,14402437,Y,-3.0,3.0,153
R26BK01728520,2026-09-21,전남광주통합특별시 신안군,하의 장병도 마을안길 정비사업,(주)송림토건,4118115833,이해정,117560640,90.027,130477000,3141235,Y,-3.0,3.0,20
R26BK01737264,2026-09-21,강원특별자치도 강릉시 송정동,안목해변 벤치 라인등 설치 공사,주식회사 용현전기공사,8428101149,이미화,44310000,90.985,,,,,,1
R26BK01725451,2026-09-21,한국환경보전원,ASF 차단시설물 철거공사(4구역),합자회사 디케이산업,2218111253,김주영,305020972,90.566,334561000,26904108,Y,-2.0,2.0,341
R26BK01731523,2026-09-21,한국어촌어항공단,2026년 국가어항(호미곶항 등 7개항) 유지보수공사,일진건설 주식회사,5038155814,하영규,146307200,90.239,162950000,7770074,Y,-2.0,2.0,636
R26BK01726649,2026-09-21,경기도양평교육청 청운초등학교,청운초 담장 개선공사,현토건설 주식회사,1268127862,최성락,63941100,90.003,70800000,1764494,Y,-3.0,3.0,118
R26BK01726269,2026-09-21,경기도 용인시,2026년 (구)월촌교 보수보강공사,(주)효창건설,1278122050,최상진,463355540,90.37,513468000,31155172,Y,-3.0,3.0,439
R26BK01714141,2026-09-18,군포도시공사,2026년 군포환경관리소 SCR 촉매 제작구매 및 교체 공사 소액수의 견적제출,주식회사유이티엔지니어링,2068154331,남두현,88937927,90.217,99440000,2155550,Y,-3.0,3.0,5
R26BK01728503,2026-09-21,사회복지법인 빛과소금 복지재단 부산사하시니어클럽,우리동네 ESG센터 사하점 조성,디와이산업건설(주),3768103145,김창현,105773809,90.333,117997000,6680428,Y,-3.0,3.0,488
R26BK01729120,2026-09-21,충청북도 영동군,2026년 과속방지턱 설치공사,대건 주식회사,5108127785,손동기,79654000,90.199,88570000,3301086,Y,-3.0,3.0,65
R26BK01729103,2026-09-21,충청북도 영동군,2026년 하반기 저수지 예초사업(1지구),서문산림주식회사,3488800273,김예종,29525960,90.113,33100000,386379,Y,-3.0,3.0,32
R26BK01729092,2026-09-21,충청북도 영동군,여의 소하천 정비관리사업,주식회사 삼원건설,5138170826,김정준,38344600,90.348,42020000,2205812,Y,-3.0,3.0,101
R26BK01729991,2026-09-21,경기도교육청 경기도구리남양주교육지원청,별내중 옥상방수공사,주식회사 뉴영진,1258153222,박현미,202940460,90.364,223912000,13499740,Y,-3.0,3.0,623
R26BK01730767,2026-09-21,국토교통부 부산지방국토관리청 포항국토관리사무소,[등록기준 사실조사 대상사업]국도7호선 영덕 축산 고곡Ⅰ등 8개소 낙석산사태 정비공사,주식회사 동광,5128104532,김춘한,423669600,92.314,460200000,114620508,Y,-2.0,2.0,307
R26BK01728505,2026-09-21,전남광주통합특별시 신안군,도초 고란 새뜰마을 기반시설 정비공사,(주)서해건설,4118117490,김철이,122747830,90.368,135890000,8174312,Y,-3.0,3.0,54
R26BK01732438,2026-09-21,주식회사 정도,2026년 친환경 퇴비생산시설 현대화,주식회사 성심산업,3128608627,이건택,249999800,89.747,,,,,,4
R26BK01730913,2026-09-21,한국어촌어항공단,2026년 국가어항(서거차항 등 7개항) 유지보수공사,부광건설(주),4098601234,정원기,409440640,90.085,454430000,14967875,Y,-2.0,2.0,955
R26BK01725473,2026-09-21,한국환경보전원,ASF 차단시설물 철거공사(5구역),주식회사 호연,8088602920,최정구,59087261,90.541,65404000,5045357,Y,-2.0,2.0,406
R26BK01723411,2026-09-21,창혜원,창혜원 장애인거주시설 보일러 배관교체 공사,그린종합건설 주식회사,4018140543,김재호,110938800,90.025,124945000,3151660,Y,-3.0,3.0,466
R26BK01726137,2026-09-21,충청남도 아산시,둔포면 봉재리 교량 재가설 공사,선진건설(주),3118110085,윤희순,243199340,90.407,267500000,17288328,Y,-3.0,3.0,877
R26BK01730992,2026-09-21,경상남도 양산시,대리버섯재배단지 태양광발전시설 설치 전기공사,주식회사 선광전력,3938103534,황진흥,21624780,90.21,23853000,1078573,Y,-3.0,3.0,92
R26BK01725349,2026-09-21,한국환경보전원,ASF 차단시설물 철거공사(3구역),주식회사 인디자인,2268151769,김석범,388120269,90.573,430196000,34478482,Y,-2.0,2.0,333
R26BK01730283,2026-09-21,경기도교육청 경기도구리남양주교육지원청,남양주송라초 교사동 후관 및 체육관 옥상 방수공사,(주)보람씨앤씨,7688602961,이경희,178047400,90.37,198013000,11256693,Y,-3.0,3.0,56
R26BK01731339,2026-09-21,한국수산자원공단제주본부,2026년 제주 해중림 조성사업 행원리 자연석 시설,제주해양개발주식회사,4798703451,오창건,151519000,90.772,169730000,7744678,Y,-3.0,3.0,25
R26BK01725762,2026-09-21,한국생산기술연구원,대경기술실용화본부 연구장비 보관창고 증축공사,주식회사 아진씨앤씨,5148140456,곽미향,243099400,90.277,269850000,13903220,Y,-2.0,2.0,407
R26BK01730857,2026-09-21,국토교통부 부산지방국토관리청 포항국토관리사무소,[등록기준 사실조사 대상사업]국도31호선 감포~구룡포 절토사면1(STA.1+540~1+760) 등 6개소 낙석산사태 정비공사,마루종합건설주식회사,2718800935,강경미,348400979,91.658,377300000,70626026,Y,-2.0,2.0,308
R26BK01731253,2026-09-21,한국수산자원공단제주본부,2026년 제주 해중림 조성사업 신양리 자연석 시설,(주)우영개발,6168104076,조현배,152888700,90.236,169605000,8114885,Y,-3.0,3.0,25
R26BK01721377,2026-09-21,한국원자력연구원,첨단방사선연구소 RI-Biomics연구동 동물실험실(RI) 공조기 실외기(EHP) 교체공사,주식회사 태광이엔지,1248196062,김오영,130546830,90.09,145000000,4853998,Y,-2.0,2.0,267
R26BK01724798,2026-09-21,경기도 광주시 광남1동,광남1동 제설재 보관창고 축조공사(건축토목),해평종합건설 주식회사,3628801846,임현교,181772600,90.317,199892000,10937287,Y,-3.0,3.0,42
R26BK01729788,2026-09-21,충청북도 제천시,솔치로 옹벽 정비공사,주식회사 서호건설,3048117697,장영오,136263682,90.343,150250000,8131721,Y,-3.0,3.0,88
R26BK01731171,2026-09-21,경기도교육청 경기도용인교육지원청,보정고 교사동 옥상 방수공사,(주)남경이엔씨,1428139088,전미라,243348926,90.333,273176000,14840479,Y,-3.0,3.0,621
R26BK01730858,2026-09-21,충청북도 보은군,중초1리 소교량 재가설 공사,그린건설 합자회사,6118114491,차재흥,31108600,90.333,34210000,1544485,Y,-3.0,3.0,47
R26BK01730364,2026-09-21,한국농어촌공사 경기지역본부 여주.이천지사,설성면 행정공간 확대사업 통신공사,(주)동양시스컴,6178176364,정형보,70382315,90.314,77682000,4330551,Y,-2.0,2.0,2048
R26BK01731362,2026-09-21,전남광주통합특별시 해남군,2026년 계류보전사업(마산맹진),주식회사 엘림산업,4158127705,원성숙,141787000,99.305,142087000,6020779,Y,-3.0,3.0,2
R26BK01725268,2026-09-21,국토교통부 부산지방국토관리청 김해국토관리사무소,국도24호선 울주 상북 덕현 등 3개소 교통안전시설 정비공사,뉴마린엔지니어링 주식회사,6018132885,고성광,116024540,89.958,129800000,2657735,Y,-2.0,2.0,629
R26BK01731291,2026-09-21,전남광주통합특별시 해남군,북평 영전 취약지역 생활여건 개조사업 공동생활시설 리모델링 공사,(유)현신환경,4158113744,김용하,292172000,90.26,322764000,15788223,Y,-3.0,3.0,33
R26BK01727835,2026-09-21,시립서울청소년센터,2026년  시립서울청소년센터 기능보강사업 입찰공고 (기능보강사업 완강기 교체공사),주식회사 플러스소방산업,6618600454,박진호,2000000,99.84,2000000,,N,-3.0,3.0,2
R26BK01725916,2026-09-21,관세청 관세국경인재개발원,관세국경인재개발원 생활관 승강기 구축공사,중부토건 주식회사,1248176727,이무호,150106000,90.128,167267000,6082568,Y,-2.0,2.0,358
R26BK01731161,2026-09-21,전남광주통합특별시 해남군,송호항권역 어업지원시설 신축공사(전기),주식회사 태산이엔씨,1408601878,장경옥,114322230,90.307,126877000,6267367,Y,-3.0,3.0,57
R26BK01731282,2026-09-21,한국철도공사 회계통합센터,*영세율*경춘선 마석~남춘천간 34.005km부근외 7개소 점검시설 개량 기타공사,진성산업주식회사,1258121604,김진섭,169362000,90.381,188630000,11615241,Y,-2.0,2.0,991
R26BK01728316,2026-09-21,한국농어촌공사 경남지역본부 창원지사,제덕항 어촌뉴딜300사업 부잔교 설치공사,주식회사 자인건설,1588603810,배민숙,138957200,90.115,154978000,5460367,Y,-2.0,2.0,569
R26BK01714449,2026-09-10,강원특별자치도 고성군,아야진홍게직판장 시설개선 공사(건축),동국건설(주),4188134563,강홍구,50318000,90.408,55345000,3048336,Y,-3.0,3.0,18
R26BK01730824,2026-09-21,경상북도 안동시,서후면 이송천리(아래기) 마을안길정비공사,주식회사 태안건설,5088114064,강경순,58188955,90.316,64300000,3591572,Y,-3.0,3.0,113
R26BK01729228,2026-09-21,서울특별시 노원구,불암산근린공원 넓은마당지구 재조성사업(긴급),주식회사 재민나무병원,4478602268,최정재,105912500,90.228,118083730,5416059,Y,-3.0,3.0,363
R26BK01727108,2026-09-21,한국철도공사 회계통합센터,*특허포함*경원선 방학~도봉간 도봉고가 교량보강공사,칸텍 주식회사,4128701294,송영미,665593350,90.349,738470000,43108991,Y,-2.0,2.0,248
R26BK01730935,2026-09-21,한국철도공사 회계통합센터,영동선 임기-현동 51.550km부근 옹벽개량 기타공사,한서안전(주),5058118703,서상섭,151226000,90.314,166540000,9199843,Y,-2.0,2.0,182
R26BK01731086,2026-09-21,충청남도 금산군 진산면,진산면 읍내리 아스콘 포장공사,주식회사 태송산업개발,2608601570,김영철,22205700,91.033,24340000,2798397,Y,-3.0,3.0,17
R26BK01736679,2026-09-18,서울특별시 체육시설관리사업소,제2수영장 스쿠버풀 여과기 정비공사,에이치앤엠,8586000475,김혜경,14938000,97.0,,,,,,1
R26BK01730969,2026-09-21,경기도 화성시 병점구,병점구 일원 상습침수구역 배수체계 개선사업,주식회사 제이에이엠씨,1348655613,신영준,84953367,91.22,93030000,13282817,Y,-3.0,3.0,94
R26BK01731345,2026-09-21,한국철도공사 회계통합센터,안동역사 캐노피 설치공사,주식회사 케이지에스,1648103329,안재범,126224190,90.034,140147000,3914890,Y,-2.0,2.0,95
R26BK01726333,2026-09-21,경기도 경기도건설본부,2026년 경기북부 위임국도 상시보수공사 단가계약(2차),청심건설(주),4508101386,최성환,179430430,90.317,198055000,9598480,Y,-3.0,3.0,13
R26BK01731240,2026-09-21,경기도 구리시,"2026년 구리시 국가하천(한강) 예초 등 유지관리공사(단가, 2차분)",주식회사 충서건설,1128602703,김택유,1472830,90.347,1645814,82878,Y,-3.0,3.0,13
R26BK01730751,2026-09-21,경상북도 안동시,신세동 벽화마을 포토포인트 지붕도색 공사,주식회사 대광,5088117590,안은영,53220960,90.603,59281000,4240448,Y,-3.0,3.0,41
R26BK01702080,2026-09-21,진원농협협동조합,"진원농협 농산물산지유통센터 신축공사 (건축,토목,기계설비)",주식회사 남양종합건설,4128102267,최순범,979000000,81.52,,,,,,12
R26BK01738155,2026-09-21,경기도 이천시 환경수자원국 하수과,2026년 하반기 침하 및 파손 하수맨홀 긴급 보수공사,(주)보명이엔지,2588803152,강현숙,49469400,90.909,,,,,,1
R26BK01729897,2026-09-21,대구광역시 달서구,장기공원 지장물 철거지 녹지정비사업,주식회사용흥조경,5148186108,박미영,61014420,90.158,67915000,2667894,Y,-3.0,3.0,263
R26BK01730163,2026-09-21,한국원자력안전기술원,노후 전기설비 교체 전기공사,주식회사 진 솔루션,6058178597,김용구,78923590,90.14,87362000,3356048,Y,-2.0,2.0,555
R26BK01724503,2026-09-21,고용노동부 경기지방고용노동청 성남지청,성남지청 여주고용센터 업무공간 재배치 공사,주식회사 이음디자인,1448603354,이혜정,145180650,88.0,,,,,,2
R26BK01730837,2026-09-21,경기도 군포시,청년공간 플라잉 진입로 개선사업,대영그린조경,8193400700,양승국,34229280,90.255,37763000,1875521,Y,-3.0,3.0,19
R26BK01736221,2026-09-21,서울특별시 서울시립대학교,2026년 소방시설 종합점검 지적사항 보수공사,원앤원산업개발(주),2058140829,배애순,49383000,90.0,,,,,,1
R26BK01736758,2026-09-21,한국지역난방공사 고양사업소,고객설비 열에너지 절약시스템 설치 공사,하나테크,6041562379,김용조,328350000,91.925,,,,,,1
R26BK01723412,2026-09-21,목포대학교,국립목포대학교 담양캠퍼스 통신광케이블 구축 공사,케이에스원 주식회사,4088196091,김형욱,279353679,90.304,312840000,16262568,Y,-2.0,2.0,745
R26BK01730610,2026-09-21,경기도 군포시,금정동 782번지 일원 관세척공사,건양건설 주식회사,1358151518,이지아,102947200,93.249,108922000,1545373,Y,-3.0,3.0,11
R26BK01731365,2026-09-21,전남광주통합특별시 광양시,금호동 주택단지 계단안전난간대 설치 공사,(주)민디자인,4168175952,서영민,59245800,90.072,65411000,1244708,Y,-3.0,3.0,51
R26BK01726984,2026-09-21,충청남도교육청 충청남도당진교육지원청,유곡초등학교 외 1교 햇빛이음학교 사업 전기공사(손해배상보험공제료 포함),주식회사 대덕전기,1648803556,이종익,63236459,90.187,70699000,2953758,Y,-3.0,3.0,91
R26BK01738453,2026-09-21,한국농어촌공사 경남지역본부 하동남해지사,양보면 하사용수간선 유지관리용 도로 포장공사,목민토건(주),1468701140,김지희,19000000,90.813,,,,,,1
R26BK01730635,2026-09-21,전북특별자치도 익산시,이병기선생생가 초가이엉잇기 공사,(주)다온,4038165875,양소영,76082000,90.258,84530000,3946358,Y,-3.0,3.0,4
R26BK01728879,2026-09-21,경기도 부천시,2026년 2차 원미구 노면표시 유지보수공사(단가계약),천강건설(주),5858702174,임창석,53680200,90.435,58871000,3891759,Y,-3.0,3.0,49
R26BK01727569,2026-09-21,서울특별시 도로사업소 동부도로사업소,위례터널 수신성능 개선공사,주식회사 넥스톤,5908102247,이용택,101055759,90.262,110633040,5561490,Y,-3.0,3.0,1176
R26BK01727671,2026-09-21,충청남도 공주시,"체류형 작은농장 공주여-U (3차) 조성사업(건축,토목,기계설비)",주식회사 다경종합건설,1208652937,경태현,122595100,90.374,136607000,7144287,Y,-3.0,3.0,48
R26BK01731238,2026-09-21,서울특별시 종로구,한국방송통신대학교 생활밀착형숲(실내정원) 조성사업,주식회사 건일조경,2048620693,유지혜,212292500,90.088,235774000,7800286,Y,-3.0,3.0,360
R26BK01727571,2026-09-21,충청남도 공주시,반포면 학봉리 면도 102호 노후도로 재포장 공사,유량건설(주),1938101106,이병훈,57197000,90.181,63120000,2504143,Y,-3.0,3.0,49
R26BK01702399,2026-09-21,진원농협협동조합,진원농협 농산물산지유통센터 신축공사(전기),주식회사 형설전기,4108608601,윤중현,79750000,35.909,,,,,,29
R26BK01720667,2026-09-21,(재)제주테크노파크,사용후 배터리 회수 및 보관인프라 증축 공사,(주)대오종합건설,8138801096,김흥수,209046100,90.322,229768000,12450438,Y,-3.0,3.0,299
R26BK01730356,2026-09-21,충청남도 논산시,연산면 신양리 세천 정비공사,(주)청림조경,3088116841,윤정은,71425000,90.834,77300000,3945390,Y,-3.0,3.0,69
R26BK01722918,2026-09-21,서울특별시교육청 영동고등학교,"영동고 체육관 외부도장 및 방수공사 전자입찰 공고(본관, 정문경비실, 구령대 등 일부 포함)",(주)명지건업,2128134820,윤명칠,121451824,90.006,136554000,2198603,Y,-3.0,3.0,228
R26BK01723538,2026-09-21,서울특별시 서부공원여가센터,북동산 노후시설 정비공사,(주)아이포조경건설,2048649235,박주은,164598000,90.915,184342790,19845097,Y,-3.0,3.0,414
R26BK01738914,2026-09-21,벤다선광공업(주),인버터 콤푸레샤,주식회사가람,1218604364,강수민,219340000,100.0,,,,,,1
R26BK01730440,2026-09-21,충청남도 논산시,연산면 송정리 배수로 확장공사,주식회사 세종산업개발,3128127880,정순경,64302000,90.611,72350000,3616771,Y,-3.0,3.0,108
R26BK01730536,2026-09-21,충청남도 논산시,상월면 산성리 마을안길 포장공사,광복건설(주),3088106718,김달용,48721300,90.25,54110000,2634930,Y,-3.0,3.0,107
R26BK01728659,2026-09-21,강원대학교,중앙도서관 환경개선공사(기계),동진에코텍,1221027915,윤팔석,149756230,90.592,165497000,12992542,Y,-2.0,2.0,53
R26BK01727629,2026-09-21,충청남도 공주시,공주문화관광지(백제문화전당) 진출입로 조성공사,(합)대한건설,3078109842,김재정,115961000,90.604,130470000,6588762,Y,-3.0,3.0,108
R26BK01729849,2026-09-21,전북특별자치도 김제시,2026년 생활권 소나무재선충병 방제사업,주식회사 숲토피아,3298703419,김기현,158137000,90.518,173110000,13041720,Y,-3.0,3.0,64
R26BK01702414,2026-09-21,진원농협협동조합,진원농협 농산물산지유통센터 신축공사(소방),(주)태운전력산업,4088180997,양동선,10296000,37.488,,,,,,16
R26BK01730197,2026-09-21,전남광주통합특별시 영광군,염산 봉양 마을만들기사업,주식회사 일성건설,4108193777,서영숙,56315590,90.007,62818000,1309587,Y,-3.0,3.0,62
R26BK01726752,2026-09-21,전남광주통합특별시 영암군,영암 후정마을 사거리~회문교차로 아스콘 재포장공사,주식회사 도광,5078801041,김성훈,126223140,90.171,139040000,5521926,Y,-3.0,3.0,40
R26BK01730196,2026-09-21,부경대학교,교내 실험실 수요조사에 따른 전기공사,(주)해인정보통신,6058162192,박경우,65782520,90.22,72631000,3365109,Y,-2.0,2.0,898
R26BK01738662,2026-09-21,국립공원공단 국립공원야생생물보전원,야외묘포장 배수로 정비 공사,주식회사 라인건설,2258601280,정도은,52820000,97.996,,,,,,1
R26BK01739027,2026-09-21,한국농어촌공사 전남지역본부 영암지사,2026년 가뭄대책 유수저수지 직접급수 송수관로 설치공사(기계),주식회사 양현이엔지,5328601494,임윤자,41700000,91.878,,,,,,1
R26BK01730267,2026-09-21,전남광주통합특별시 영광군,2026년 영광 매간당 고택 초가이엉잇기,지음문화재 주식회사,5188703533,박병화,32018000,92.46,34593450,510144,Y,-3.0,3.0,2
R26BK01725332,2026-09-21,전북특별자치도 김제시,지역자활센터 구조보강 및 리모델링 공사(전기),금만전력공사,4050596346,유동수,112286570,90.391,123273000,7635311,Y,-3.0,3.0,74
R26BK01725385,2026-09-21,전북특별자치도 김제시,"지역자활센터 구조보강 및 리모델링 공사(건축, 기계)",(주)용민종합건설,6138123661,박용희,529662000,90.398,589551000,37179834,Y,-3.0,3.0,656
R26BK01730428,2026-09-21,부경대학교,교내 실험실 수요조사에 따른 설비공사,주식회사우신플랜트,6078170776,김상민,66582630,90.269,73560000,3763406,Y,-2.0,2.0,315
R26BK01730358,2026-09-21,전남광주통합특별시 영광군,2026년 시지정유산 초가이엉잇기,지음문화재 주식회사,5188703533,박병화,34985000,92.239,37833072,566037,Y,-3.0,3.0,2
R26BK01737247,2026-09-21,서울특별시 물재생센터 중랑물재생센터,#4유입동 입축사류 모터펌프 3호기 수리 공사,세신기연 주식회사,2128131838,신만철,20805000,95.0,,,,,,1
R26BK01728002,2026-09-21,전북특별자치도 김제시,동헌마루 조성사업 석면해체 공사,삼부건설산업 주식회사,5538800822,김민호,37309370,90.314,41019000,1986618,Y,-3.0,3.0,24
R26BK01738162,2026-09-21,경기도 이천시,2026년 하반기 공원 잔디관리공사,주식회사 드림조경,5958702128,유미자,49500000,90.0,,,,,,1
R26BK01736967,2026-09-21,경기도 이천시,2026년 하반기 초화 유지관리 공사,주식회사 유에프씨,3628801583,강지애,49500000,90.0,,,,,,1
R26BK01738280,2026-09-21,한국농어촌공사 전남지역본부 담양지사,가뭄대책 덕취입보 간이양수장 설치공사,에스에스건설 주식회사,2158801443,조준용,18500000,90.129,,,,,,1
R26BK01739036,2026-09-21,한국농어촌공사 경남지역본부 의령지사,가뭄대책 칠곡지구 관정 개발공사,장원개발 주식회사,6138120553,김기복,24600000,89.801,,,,,,1
R26BK01731250,2026-09-21,제천산림조합,2026년 추기조림사업(경제수),(주)청산영림,3048113600,김종원,65307000,90.02,72024000,834101,Y,-3.0,3.0,11
R26BK01731294,2026-09-21,제천산림조합,2026년 조림지가꾸기(덩굴제거)사업,주식회사 금률,3048129586,김경환,39258000,89.952,43059000,585455,Y,-3.0,3.0,9
R26BK01721739,2026-09-21,강원특별자치도 도로관리사업소 강릉지소,2026년 국도56호선 광원지구 낙석산사태 정비공사 변경공고,(주) 동트는건설,1308649778,황선주,113464700,91.157,124008000,17138407,Y,-3.0,3.0,610
R26BK01723853,2026-09-21,산림청 북부지방산림청 인제국유림관리소,2026년 덩굴류제거(제2차)사업 지명경쟁입찰 공고,솔봉국유림영림단 사회적협동조합,7168603203,안영복,24400000,89.222,27195000,,Y,-2.0,2.0,2
R26BK01725125,2026-09-21,서울특별시 양천소방서,양천소방서 중대재해 예방 유해·위험요인 개선 공사,(주)에스제이아이건설,2068620326,노승정,69667000,89.967,77649000,1664862,Y,-3.0,3.0,359
R26BK01725719,2026-09-21,법무부 대전지방교정청 청주여자교도소,청주여자교도소 수용동 내 세탁실 및 연무관 화장실 등 환경개선 공사(건축),더건스,5644701186,최서아,165358020,90.315,183381000,10120966,Y,-2.0,2.0,245
R26BK01723920,2026-09-21,산림청 북부지방산림청 인제국유림관리소,2026년 덩굴류제거(제3차)사업 지명경쟁입찰 공고,하남국유림영림단 사회적협동조합,4878102709,함근표,39900000,89.58,44538000,,Y,-2.0,2.0,2
R26BK01730539,2026-09-21,경상북도 성주군,2026년 등산로 주변 풀베기 및 잡관목 제거사업(2차),주식회사 이로운산림,8638603057,김경수,21373400,90.311,23921000,,Y,-3.0,3.0,7
R26BK01720914,2026-09-21,재단법인 녹색에너지연구원,글로벌특구 인프라구축 배전선로 설치 공사,남부에너지(주),5978600565,윤정현,340275802,90.09,374778000,12693744,Y,-3.0,3.0,1356
R26BK01722431,2026-09-21,한국과학기술원,중앙기계실 흡수식 냉동기(2호기) 교체 배관공사(기계),진흥설비산업(주),3068114740,김삼구,42310020,90.156,46900000,1876435,Y,-2.0,2.0,220
R26BK01738667,2026-09-21,국립공원공단 국립공원야생생물보전원,2026 반달가슴곰 생태학습장 진입로 정비공사,주석건설(주),4168165298,신명화,44900000,94.986,,,,,,1
R26BK01738673,2026-09-21,국립공원공단 국립공원야생생물보전원,중부보전센터 노후 계류동 개선 공사,강림건설(주),5128105851,김미화,52060000,95.0,,,,,,1
R26BK01729403,2026-09-21,산림청 국립자연휴양림관리소,2026년 국립방장산자연휴양림 숲속의집(화목동) 개축공사(건축),산이건설 주식회사,4158111770,고형운,321731600,90.267,356714000,17527421,Y,-2.0,2.0,46
R26BK01730013,2026-09-21,경상남도 의령군,정암2 파크골프장 조성공사,주식회사인우건설,6168130569,김춘홍,823995400,90.062,917930000,28048804,Y,-3.0,3.0,111
R26BK01737161,2026-09-21,서울특별시 서초소방서,(서초소방서) 본서 상황실 긴급 누수 보수 공사,부강설비기공 주식회사,1088163818,강선옥,9400000,98.947,,,,,,1
R26BK01703771,2026-09-21,국립중앙청소년디딤센터,2026년 국립중앙청소년디딤센터 배수로 정비 공사 입찰 공고 계획(안),정석건설주식회사,3118118826,고순주,102083740,90.281,113489000,5900474,Y,-2.0,2.0,3195
R26BK01728357,2026-09-18,전북특별자치도 순창군,순창군 어학 및 진로진학센터 조성사업 내부 인테리어 공사,주식회사 청수,4108153265,최은주,158084900,90.467,174103000,7446393,Y,-3.0,3.0,6
R26BK01731415,2026-09-21,전남광주통합특별시 나주시,빛가람동 주민참여형 어린이놀이시설 개선사업,(주)다산조경,4088177866,전윤선,51329350,90.188,57302000,1849749,Y,-3.0,3.0,25
R26BK01737762,2026-09-21,서울특별시 은평소방서,은평소방서 현장대응단 수관건조대 수리 및 추락방지장치 등 설치 공,(주)스페샬화인,6368501784,허수탁,3700000,97.857,,,,,,1
R26BK01726223,2026-09-21,경기도교육청 용문고등학교,용문고등학교 공간재구조화사업 개축 및 리모델링 공사,에이에스종합건설(주),1258142138,송재헌,4314470227,89.424,4878284000,289623046,Y,-3.0,3.0,1213
R26BK01725279,2026-09-21,경기도교육청 용문고등학교,용문고등학교 공간재구조화사업 개축 및 리모델링 전기공사,주식회사 세원이엔티,1298610424,박순화,627028490,90.429,698632000,46260216,Y,-3.0,3.0,3402
R26BK01739006,2026-09-21,한국농어촌공사 경기지역본부 안성지사,용설양수장 외 1개소 기계 보수공사,대흥기계공업(주),3988703230,이흥식,20800000,94.977,,,,,,1
R26BK01725543,2026-09-21,경기도교육청 용문고등학교,용문고등학교 공간재구조화사업 개축 및 리모델링 소방공사,(주)대한전설,1348157713,주동선,381478820,90.337,416768000,24350292,Y,-3.0,3.0,1032
R26BK01725425,2026-09-21,경기도교육청 용문고등학교,용문고등학교 공간재구조화사업 개축 및 리모델링 통신공사,주식회사 프라임테크넷,1298658845,장길중,304446720,90.415,338580000,21963271,Y,-3.0,3.0,1962
R26BK01739173,2026-09-21,한국농어촌공사 경기지역본부 안성지사,2026년 마둔저수지 둘레길 정비공사(3차),송림건설조경(주),1258176604,공수진,18220000,93.435,,,,,,1
R26BK01739136,2026-09-21,한국농어촌공사 경기지역본부 안성지사,2026년 고삼저수지 등 16개소 제당 예초(나무베기)작업공사,우림조경건설(주),1258163749,김재문,33700000,94.75,,,,,,1
R26BK01739417,2026-09-22,국립공원공단 국립공원야생생물보전원,2026년 북부보전센터 자연적응훈련장 시설 정비 공사,정광건설(주),4108603251,서영자,52300000,96.995,,,,,,1
R26BK01719832,2026-09-18,충청남도 서천군,시초면 용곡리 외 1개소 배수로 정비공사,주식회사 세원,3138118972,정지영,43287290,90.232,47854000,2177840,Y,-3.0,3.0,63
R26BK01739018,2026-09-21,한국농어촌공사 전남지역본부 순천.광양.여수지사,인덕제 1-0-0 용수간선 단면보수공사,(주)미래창조건설,2128145496,이옥희,37000000,90.243,,,,,,1
R26BK01725346,2026-09-21,도토리팜,2026년 토하마을 조성사업,유한회사 건이앤지,1958101441,황은경,212805520,91.442,237096000,10685854,Y,-3.0,3.0,38
R26BK01725824,2026-09-21,한국농어촌공사 제주지역본부,월정리 마을단위특화개발사업 「달빛센터」 조성 전기공사,윈디텍 주식회사,5428800481,부용혁,97614488,90.441,108050000,7203198,Y,-2.0,2.0,401
R26BK01722738,2026-09-21,경찰청 충청남도경찰청,충남경찰청 불용 무인교통단속장비 지주 철거사업 입찰 공고,주식회사다인전설,1298150095,황순규,46813588,90.079,51600000,1694272,Y,-3.0,3.0,1321
R26BK01729182,2026-09-21,경기도 가평군,삼회2리 마을상수도 개선 공사,명지건설,1320961836,정주완,54931530,90.402,61201000,2981090,Y,-3.0,3.0,10
R26BK01739517,2026-09-21,한국농어촌공사 충남지역본부 당진지사,2026년 석문지구 송산11단지 누수보수 등 4개소 긴급보수공사,디에이치건설 주식회사,4628100319,이두환,20000000,91.365,,,,,,1
R26BK01739560,2026-09-21,경기도 이천시,2026년 하반기 공원수목 및 녹지대 유지관리공사(3구역),(주)대일조경개발,1268199798,한미희,49500000,90.0,,,,,,1
R26BK01739591,2026-09-21,경기도 이천시,2026년 보호수 수세회복사업(남부지역),주식회사 에버그린나무병원,1218643708,양정희,31050000,90.0,,,,,,1
