공고번호,날짜,발주기관,공고명,1순위업체,투찰금액,투찰률,기초금액
R26BK01471548,2026-04-23,경상남도 사천시,용현하수처리구역 하수관로 정비사업,백경건설(주),121712540,90.301,
R26BK01472133,2026-04-23,제주특별자치도 제주시 추자면,추자올레 인도교 및 수변공원 조성사업 항로표지 설치공사,주식회사 엠에스엘테크놀로지,270000000,90.242,298335000
R26BK01471997,2026-04-23,전남광주통합특별시 무안청사,평여119안전센터 신축공사(건축),주식회사 시지종합건설,1907193980,89.413,
R26BK01446042,2026-04-23,대전광역시 유성구,방동 수변공간 여가숲 조성사업,(주)우리조경건설,3571369000,89.335,
R26BK01470997,2026-04-23,강원특별자치도교육청 강원특별자치도춘천교육지원청,2026년 공립학교 수목 병충해 방제,주식회사성원티씨,112777671,90.443,
R26BK01451349,2026-04-23,해양수산부 울산지방해양수산청,2026년 유·무인등대 도장공사,주식회사 대득건설,35786178,90.535,
R26BK01472785,2026-04-23,전남광주통합특별시교육청 전남광주통합특별시광주동부교육지원청,광주북성중 강당동 방수공사 수의계약 안내공고,주식회사 바른색,119533690,90.019,
R26BK01471795,2026-04-23,경상남도 창원시,2026년 노후 CCTV카메라 교체공사,데이타콤,46724000,90.483,
R26BK01471055,2026-04-23,국토교통부 부산지방국토관리청 대구국토관리사무소,국도25호선 상주권역 등 3권역 도로시설물 정비공사,주식회사 일근,353753000,91.638,
R26BK01472365,2026-04-23,경상남도 창원시 의창구,북면 감계리 1422 구거 정비공사,지안건설 주식회사,37890000,90.557,
R26BK01470291,2026-04-23,경기도 수원시 팔달구,화서문로~행궁동 행정복지센터 인근 도로정비공사,주식회사 건동,66412800,90.834,
R26BK01472555,2026-04-23,전남광주통합특별시교육청 전남광주통합특별시광주동부교육지원청,일곡초 강당 방수공사 수의계약 안내공고,주식회사 금태건설,107674410,90.311,
R26BK01472100,2026-04-23,경상북도 상주시,내서 낙서리(숫골) 농업용 암반관정 설치공사,주식회사 대경이앤씨,108867451,90.463,
R26BK01474087,2026-04-23,경상남도 진주시,시청사 쓰레기 수거장 교체공사,(주)광명건설,44484470,90.347,
R26BK01471729,2026-04-23,전남광주통합특별시 곡성군,2026년 경제수 조림사업(죽곡 유봉지구),곡성군산림조합,48707201,90.23,54594000
R26BK01473225,2026-04-23,서울특별시,2026년 한강공원 수영장 기계설비 보수공사,주식회사 주인정보시스템,332357900,90.328,
R26BK01452087,2026-04-23,조달청 인천지방조달청,관내 지하차도 통합관리센터 분리공사(통신),소울테크(주),267093400,90.126,
R26BK01484463,2026-04-23,경기도 안성시,고삼작은도서관 리모델링 공사(건축),주식회사 제이엠건설,48000000,96.819,
R26BK01474131,2026-04-23,인천광역시 옹진군,굴업리 경로당 신축공사,성인종합건설 주식회사,337835000,90.998,
R26BK01462652,2026-04-23,해양수산부 국립해양측위정보원,포항 Loran 송신국 정비공사,(주)데이타콤,221581060,90.427,
R26BK01474146,2026-04-23,서울특별시 용산구,효창공원 노후화 시설물 정비사업,수국조경개발(주),99128400,90.288,
R26BK01468126,2026-04-23,대구광역시 서구,평리로72길 일원 하수관로 정비공사,주식회사 호영산업개발,169755500,90.343,
R26BK01472506,2026-04-23,충청북도 충주시,2026년산불진화임도공사(용탄절골지구),주식회사 누리뫼,713867580,90.279,
R26BK01467880,2026-04-23,충청남도 당진시,농공단지 기반시설 노후구간 정비공사,(유)승후건설,40371600,90.353,
R26BK01458591,2026-04-23,충청남도교육청 충청남도청양교육지원청,청양교육지원청 외 1기관 냉난방개선 기계설비공사,공영건설 주식회사,26794160,90.99,
R26BK01467702,2026-04-23,인천광역시 경제자유구역청,청라 커낼웨이 친수문화공간 조성사업,(주)엠코이앤씨,196222380,90.265,
R26BK01472967,2026-04-23,한국철도공사 회계통합센터,고속선 천안아산역 등 2역 영상감시설비 개량공사,주식회사 대한전력,157308447,90.264,
R26BK01473974,2026-04-23,경기도 용인시,2026년 대각선횡단보도 설치공사(전기),대광전기,58928210,89.96,
R26BK01464254,2026-04-23,경상북도 경주시 사적관리사무소,불국 구정리 방형분 주변 예초 공사,주식회사 푸른정원,20699650,90.351,
R26BK01474159,2026-04-23,강원특별자치도교육청 강원특별자치도원주교육지원청,[긴급]흥업초 교사동 강원형 학교시설 증개축 전기공사,(주)동양기전,739476725,90.403,
R26BK01474109,2026-04-23,경찰청 충청북도경찰청,괴산경찰서 칠성파출소 재건축공사(변경3),주식회사 아름종합건설,454271600,90.372,
R26BK01470456,2026-04-23,충청남도 아산시,2026년 온양온천역 철도하부공간 비둘기 방지망 설치공사,삼성온실건설주식회사,88090700,89.937,
R26BK01474048,2026-04-23,한국농어촌공사 경북지역본부,2026년 영천시 지하수 보조측정망 시추공사,(주)태흥건설,109355030,90.278,
R26BK01481314,2026-04-23,한국농어촌공사 전남지역본부 진도지사,2026년 소포 외 3지구 용배수로 수문 보수공사,(주)중부기계,19500000,91.851,
R26BK01482373,2026-04-23,서울특별시 은평소방서,2026년 은평소방서 녹번119안전센터 수관건조대 개선 공사,블루코스텍 주식회사,15520000,97.0,
R26BK01471787,2026-04-23,대구광역시 군위군,동부리 도시계획도로(소2-11) 정비공사,성보건설(주),76109880,90.296,
R26BK01460978,2026-04-23,경상북도 남부건설사업소,국도59호선 김천 (조마)지구 포장도 보수공사,주식회사 대서건설,55205880,91.077,
R26BK01472852,2026-04-23,한국공항공사 김해공항,김해공항 교통약자 이동편의시설 교체공사,"에스알디자인컴퍼니 주식회사(SR.D Co.,Ltd)",37578100,90.467,
R26BK01471973,2026-04-23,대전광역시,중리동 105-6번지 일원 노후관 개량공사,(주)세진환경건설,515925193,90.438,
R26BK01480596,2026-04-23,채비(주),2025년 무공해차 전환 브랜드사업(2차) 삼성교통 공사 건,주식회사 이모션플레이스,28967730,100.0,
R26BK01480605,2026-04-23,채비(주),2025년 지역별 무공해차 전환 브랜드사업(3차) 태진운수 공사 건,주식회사 이모션플레이스,31158160,100.0,
R26BK01485721,2026-04-23,한국농어촌공사 경북지역본부 포항지사,기일지 외 1개소 간이방류시설(수문) 설치공사,두류종합건설 주식회사,31980000,90.008,
R26BK01482399,2026-04-23,서울특별시 중부공원여가센터,낙산공원 노후시설 및 녹지대 정비공사,워터알앤디 주식회사,49500000,90.0,
R26BK01472230,2026-04-23,강원특별자치도 홍천군,2026년 산림연접 생활권주변 피해우려수목 제거사업(1차),주식회사 청솔나무,127138960,89.955,
R26BK01471967,2026-04-23,전남광주통합특별시 무안청사,생일119지역대 신축공사(건축),(유)혜원종합건설,921113330,90.387,
R26BK01472280,2026-04-23,전남광주통합특별시 동구,2026년 꽤재 등산로 산림피해지 복구사업(2차),유한회사 호남산림종합개발,53366680,90.314,
R26BK01472039,2026-04-23,하동군산림조합,2026년 하동군 산불피해지 조림사업(7지구),주식회사 목화임업,80975561,89.954,
R26BK01484476,2026-04-23,한국농어촌공사 경북지역본부 청송.영양지사,이평1용수간선 1잠관 보수공사,(주)대한건업,6200000,88.206,
R26BK01471812,2026-04-23,울산광역시,부모커뮤니티센터 설치 리모델링 공사(전기),태하전력,117489500,90.497,
R26BK01467368,2026-04-23,한국공항공사 제주공항,광주공항 계류장 전면 재포장공사,(주)양정건설,906869630,90.925,
R26BK01472826,2026-04-23,경기도 성남시,하이테크밸리공원 재정비사업,(주)태화에스앤지,197688000,90.368,
R26BK01472322,2026-04-23,경기도 성남시,2026년 등산로 정비공사 1구역,육백십 주식회사,201255494,90.23,
R26BK01469232,2026-04-23,충청남도교육청 충청남도보령교육지원청,대천동대초등학교 외벽방수 및 기타공사,주식회사 인주피앤피,219527600,90.419,
R26BK01464040,2026-04-23,한국농어촌공사 경남지역본부 합천지사,광암지구 배수개선사업 전기공사,송광전력 주식회사,231020830,90.313,
R26BK01473536,2026-04-23,경찰청 충청북도경찰청,보은경찰서 마로파출소 대수선공사(변경4),유한회사 서정씨앤이,335315900,90.361,
R26BK01473842,2026-04-23,한국철도공사 회계통합센터,2026년 서울본부 관내 소규모 유지보수 기타공사,주식회사 제이비탑,285195100,90.448,
R26BK01482264,2026-04-22,한국농어촌공사 경남지역본부 창원지사,대산지구 분수문 보수공사,주식회사 부광산업,19600000,89.09,
R26BK01484146,2026-04-23,한국농어촌공사 충남지역본부 청양지사,청양지사 신축사옥 기타공사,주식회사청암,5399500,87.999,
R26BK01469084,2026-04-23,경상남도 고성군 고성읍,교동소하천 정비공사 소액수의 견적 제출 공고,주식회사 신영건설,34333000,90.316,
R26BK01474013,2026-04-23,충청남도 보령시,대천항 공중화장실 개보수 공사(건축),주식회사 동방건축사사무소,60361320,89.937,
R26BK01471384,2026-04-23,충청남도 논산시,노성면 읍내 공공하수처리장 체육시설 설치공사,원진건설산업 주식회사,83995000,90.151,
R26BK01464508,2026-04-23,경상북도 경주시 사적관리사무소,성동동전랑지 일원 예초 공사,(주)에덴조경,53223902,90.335,
R26BK01483363,2026-04-23,경기도 평택시 상하수도사업소,공업용수도(1단계) 무단점유 방지 시설물(메쉬휀스) 설치 공사,주식회사 유한이엔씨,44467000,88.001,
R26BK01483312,2026-04-23,경기도 평택시 상하수도사업소,고덕공업용수 제수밸브실 안전발판 설치공사,주식회사 써밋필텍,48158000,88.0,
R26BK01473897,2026-04-23,강원특별자치도 횡성군,군도22호선(횡성읍 추동리 419-8번지 일원) 배수로 정비공사,삼양건설주식회사,34720000,91.365,
R26BK01483313,2026-04-23,서울특별시 관악소방서,관악소방서 외벽 노후 타일 철거 및 도장 공사,라인종합안전건설,10250000,96.862,
R26BK01479328,2026-04-22,한국농어촌공사 전남지역본부 보성지사,고읍지구 배수로 보수공사,주식회사 시온건설,20000000,91.32,
R26BK01478428,2026-04-23,강원특별자치도 춘천시 농업기술센터,"2026년 임도신설사업(간선, 팔미순환)",춘천시산림조합,516836000,100.0,
R26BK01478469,2026-04-23,강원특별자치도 춘천시 농업기술센터,"2026년 임도신설사업(산불, 평촌~신이)",춘천시산림조합,623985000,89.745,
R26BK01483468,2026-04-23,강원특별자치도 양구군,2026년 사방댐 설치공사(이현리),양구군산림조합,155021920,89.744,
R26BK01468096,2026-04-23,경기주택도시공사,`26년 매입임대주택 유지보수공사(토목),두리산업 주식회사,194163050,90.29,
R26BK01472325,2026-04-23,경기도 이천시,2026년 안흥유원지 소공원 조성 및 공원개선사업,(주)여림,129758500,90.005,
R26BK01473748,2026-04-23,경상북도 영주시,방산아파트 단지 내 도로 포장공사,세일건설 주식회사,24421430,89.947,
R26BK01469688,2026-04-23,경상남도 산청군,"7.16~20. 집중호우 산사태 복구사업(3차,장천양전지구)",(주) 알프스토목,131563190,90.747,
R26BK01447636,2026-04-23,수소에너지네트워크(주),"하이넷 평택신장 수소충전소 구축공사(건축,토목)",주식회사신세대테크,1302070000,89.249,
R26BK01471547,2026-04-23,인천광역시 중구,공영주차장 공중화장실 오수처리시설 교체공사,주식회사 대진에코닉,71550000,91.523,
R26BK01471647,2026-04-23,전남광주통합특별시 곡성군,유팽로 역사촌 보강토 옹벽 보수보강 공사,구양토건(주),228771540,90.497,
R26BK01471650,2026-04-23,서울특별시 노원구,영축산 산림복합체험센터 신축 전기공사,경일건설,256386778,90.434,
R26BK01480289,2026-04-22,한국농어촌공사 전남지역본부 보성지사,새마을지구 용수로 보수공사,(주)코리아나산업,16000000,90.049,
R26BK01473800,2026-04-23,경기도 여주시,2026년 현암지구 수목식재 사업,주식회사 나무사랑,62427603,90.215,
R26BK01471498,2026-04-23,충청남도 아산시 미래도시관리사업소,2026년 생활환경숲 조성사업,주식회사 라온조경,173079740,90.213,
R26BK01469292,2026-04-23,파주도시공사,2026년 주차관리팀 조경 유지관리,청림이엔씨(주),58973440,90.349,
R26BK01461335,2026-04-23,경기도 안산시 상록구,2026년 철도변 녹지대 정비공사,성안조경 주식회사,174812000,90.794,190802000
R26BK01470287,2026-04-22,남해군산림조합,2026년 어린나무가꾸기사업(남해지구),주식회사 거산,57701300,90.284,
R26BK01454378,2026-04-23,조달청 부산지방조달청,부산출입국외국인청 신규임차청사(교보생명) 인테리어공사,(주)세명아이디,469804020,90.29,
R26BK01481927,2026-04-23,한국농어촌공사 전남지역본부 영광지사,유풍양배수장 외 1개소 물관리자동화시스템 공사,이아이시텍주식회사,14840000,89.999,
R26BK01471760,2026-04-23,충청북도 영동군,용암1 게이트 펌프장 유수지 확장사업,주식회사 창명건설,170655810,90.38,
R26BK01470132,2026-04-23,경기도 수원시 팔달구,팔달구 손바닥정원 유지관리공사(단가계약),한성에코그린 주식회사,8028500,90.021,
R26BK01473932,2026-04-23,경상남도 밀양시,밀양시종합사회복지관 가곡분관 지정폐기물철거공사,"주식회사 이엔에프(ENF Co.,Ltd.)",21719900,90.021,
R26BK01473728,2026-04-23,경상북도 영주시,2026년 조경지 유지관리 공사(시내2권역),주식회사 대로,137777016,90.414,
R26BK01473989,2026-04-23,강원특별자치도 철원군,청양1리 마을 휴게공간 조성사업,주식회사푸른결조경,61609400,90.367,
R26BK01472982,2026-04-23,전북특별자치도 산림환경연구원,2026년 산지사방시설(남원산내백일 산10) 설치공사,유한회사 늘푸른산림개발,60182728,90.32,
R26BK01472661,2026-04-23,경기도 성남시,2026년 등산로 정비공사 2구역,청목이엔씨 주식회사,205428900,90.243,
R26BK01470170,2026-04-23,충청남도 당진시,당진천변 기후대응도시숲 조성사업,늘사랑산림산업(주),756610070,90.126,
R26BK01473969,2026-04-23,강원특별자치도 철원군,2026년 생활환경개선사업(서면권),주식회사 명성디자인앤건설,149912500,90.662,
R26BK01478457,2026-04-23,강원특별자치도 춘천시 농업기술센터,"2026년 임도신설사업(간선, 신이~품안)",춘천시산림조합,395122000,89.745,
R26BK01474040,2026-04-23,전남광주통합특별시 완도군,청산 여서도 마을안길 확포장 정비공사,씨에스건설(주),386899950,90.314,
R26BK01471178,2026-04-23,충청북도 옥천군 청산면,청산 대성지구 용수로 정비 및 수문설치사업,주식회사기산이앤씨,35004684,90.085,
R26BK01469424,2026-04-23,전북대학교병원,2026년 냉동기 세관,(유)아연건설,89690160,90.399,
R26BK01473928,2026-04-23,강원특별자치도 횡성군,군도10호선(안흥면 소사리 1732-2번지 일원) 노후도로 재포장공사,합자회사 동양건설건업,46438700,90.668,
R26BK01481889,2026-04-22,한국농어촌공사 전남지역본부 진도지사,진도 태양광발전소 태양광모듈 보수공사,주식회사 화광이엔씨,20000000,91.549,
R26BK01471340,2026-04-23,음성군산림조합,2026년 숲가꾸기사업(1차),음성숲 주식회사,11497540,89.969,
R26BK01481964,2026-04-22,한국농어촌공사 경북지역본부 상주지사,사벌지구 수문 보수공사,신화이엔지,12705000,90.023,
R26BK01482430,2026-04-22,한국농어촌공사 경남지역본부 창원지사,본포양수장 진공차단기(VCB) 교체공사,(주)이도이엔지,24200000,89.285,
R26BK01481271,2026-04-22,한국지역난방공사 화성지사,2026년 화성지사 공기압축기 정기점검보수공사,세아엔지니어링,9680000,89.929,
R26BK01428156,2026-04-23,조달청 광주지방조달청,용당부두 및 흑산도항 유지보수공사,원남건설 주식회사,3137132020,89.382,
R26BK01378282,2026-04-23,조달청,고양창릉 공공주택지구 부지조성공사(3공구),주식회사 건영,62157984220,90.511,
R26BK01469132,2026-04-23,경상북도 구미시 상하수도사업본부,(긴급)구미시 지방상수도 비상공급망 구축사업,주식회사 홍익인간,1886734770,89.769,
R26BK01471659,2026-04-23,전남광주통합특별시 곡성군,섬진강 침실습지 연하원 인도교 설치공사,민경기술(주),218412229,90.348,
R26BK01471649,2026-04-23,충청남도 아산시 미래도시관리사업소,[새로공고] 2026년 은행나무길 일원 제초 및 관목전정 사업,건흥건설 주식회사,77797983,90.332,
R26BK01468779,2026-04-23,고용노동부 대전지방고용노동청 충주지청,고용노동부 충주지청 별관 실내건축공사 수의시담 견적서 제출 안내 수정 공고,주식회사 이음디자인,142351000,89.868,
R26BK01473929,2026-04-23,경상북도 구미시,송정동 백산로(상공회의소) 일원 도로정비공사,주식회사 서흥건설,31893920,90.241,
R26BK01473967,2026-04-23,경상북도 구미시,선산읍 봉남리 시도 15호선 도로측구 정비공사,지동건설 주식회사,42924800,90.436,
R26BK01474110,2026-04-23,전남광주통합특별시 순천시,2026년 관문 철쭉동산 유지관리 사업,건미건설(주),78956600,90.425,
R26BK01472948,2026-04-23,강원특별자치도교육청 강원특별자치도강릉교육지원청,초당초 외 13교 예초작업 수의계약견적제출공고 안내,주식회사 우신조경산업,96081090,90.475,
R26BK01473266,2026-04-23,법무부 대구지방교정청 경북북부제3교도소,경북북부제3교도소 수용거실문 잠금장치 교체 공사 입찰 공고,주식회사 서연,60079810,89.922,
R26BK01473709,2026-04-23,경기도 고양시,탄현동 어린이공원 경계 휀스 교체사업,주식회사 사월조경,33076900,90.37,
R26BK01471897,2026-04-23,경기도 남양주시 와부읍,2026년 와부읍 생활민원처리 단가계약(2차),덕현건설(주),60201397,90.197,
R26BK01484658,2026-04-23,한국농어촌공사 전남지역본부 담양지사,호우대비 홍수예경보시스템 보수공사,주식회사 아주엔지니어링,18513000,90.0,
R26BK01471710,2026-04-23,전남광주통합특별시 곡성군,2026년 어린나무가꾸기사업(목사동죽곡지구),유한회사 만재산림,48198800,90.361,53116000
R26BK01471552,2026-04-23,부산광역시 부산진구,2026년 등산로 정비사업,주식회사 초록개발,106828240,91.359,
R26BK01463389,2026-04-23,경기도 안양시 만안구,안양9동 율목주공아파트 주변 보도정비공사,거상건설(주),84795998,90.886,
R26BK01467388,2026-04-23,인천시설공단,2026년 청라국제도시 가로녹지 유지관리 공사(연간단가),주식회사 중흥조경,250651340,90.313,
R26BK01471314,2026-04-23,충청남도 아산시 미래도시관리사업소,곡교천~신정호 자전거도로 개선사업,주식회사 다원건설,24497060,89.959,
R26BK01476864,2026-04-20,한국농어촌공사 전남지역본부 보성지사,배수장 사전 예방정비 덕산 및 안심배수장 펌프설비 보수공사,주식회사 동부그린,19600000,90.355,
R26BK01474111,2026-04-23,경상남도 진주시,"배수펌프장 바닥 도장공사(나불천, 상평배수장)",우리산업 주식회사,59287800,89.992,
R26BK01474083,2026-04-23,전남광주통합특별시 순천시,주암 문성관정 외 29개소 농업용 대형관정 사후관리 공사,지수개발,129213200,90.477,
R26BK01472885,2026-04-23,서울특별시 강남구,2026년 가로변 녹지량 확충 및 매력정원 조성공사,(주)에스제이베스텍,106561300,90.387,
R26BK01470984,2026-04-23,전남광주통합특별시 북구,북구 골목형상점가 상인교육관 건립 통신공사,(주)테라이앤씨,45687000,90.219,
R26BK01452227,2026-04-23,부산교통공사,1호선 교대~부산대 전차선로 급전선 교체공사,현창전기(주),1993642000,89.695,
R26BK01474020,2026-04-23,경상북도 구미시,고아 파산천 정비공사,주식회사 풍경산업개발,189600000,97.982,
R26BK01472952,2026-04-23,경기도 성남시,자혜공원 내 노후 산책로 및 쉼터 재정비공사,주식회사 동백엘앤씨,141929000,90.26,
R26BK01466528,2026-04-23,충청남도 당진시,2026년 지하수 보조관측망 설치공사,(주)창신건설,27365000,98.506,
R26BK01471372,2026-04-23,한국어촌어항공단,2026년 국가어항(연도항(여수) 등 4개항) 부잔교 유지보수공사,주식회사 삼현,435129800,90.084,
R26BK01474134,2026-04-23,인천광역시 옹진군,2026년 가뭄대비 용수개발 사업,(주)해밀이엔씨,246958430,90.523,
R26BK01471707,2026-04-23,경상북도 구미시,구미시립인동도서관 옥외계단방수공사,(주)퍼팩트라인,35639921,89.96,
R26BK01480956,2026-04-22,서울특별시 동부공원여가센터,매헌시민의숲 노후 시설물 개선공사,주식회사 다옴조경,48500000,90.158,
R26BK01473827,2026-04-23,경상북도 고령군,덕곡면 가륜1리 마을회관 신축 공사(전기),동양전기(주),35464700,90.458,
R26BK01473314,2026-04-23,충청북도 청주시 청원구,호명리 674번지 일원 도로 정비공사,주식회사 올테크건설,25864995,90.174,
R26BK01482825,2026-04-22,서울특별시 서울대공원,서울대공원 음영지역 와이파이 확대설치 공사,(주)나라이엔씨,28908000,90.0,
R26BK01472617,2026-04-23,경상남도 창녕군,영산 월령2구 진입로 확포장공사,(주)태흥건설,47311900,90.292,
R26BK01482120,2026-04-23,한국농어촌공사 전남지역본부 영광지사,2026년 염산지구 자체유지보수사업,보다건설(주),16461000,89.995,
R26BK01482359,2026-04-23,한국농어촌공사 경남지역본부 의령지사,2025년 재해복구사업(마쌍배수장) 비가림막 설치공사,태림개발주식회사,33430000,89.962,
R26BK01465886,2026-04-23,서울교통공사,2026년 본선 통신케이블 개량 정보통신공사(2호선),세기정보통신,2772328500,89.457,
R26BK01474085,2026-04-23,전남광주통합특별시 순천시,호두삼거리 배수로 정비공사,티엠건설 주식회사,27883235,90.252,
R26BK01478510,2026-04-23,강원특별자치도 춘천시 농업기술센터,"2026년 임도신설사업(간선, 품걸)",춘천시산림조합,441071000,89.745,
R26BK01471720,2026-04-23,충청남도 논산시,2026년 지역특화 조림사업(양촌지구),유한회사 아성,81790000,89.984,
R26BK01473461,2026-04-23,경상남도 창원시 진해구,창원시진해종합사회복지관 기능보강공사,주식회사 아남산업개발,122568740,90.263,
R26BK01470898,2026-04-23,전남대학교,[여수캠퍼스] 수산해양교육연구지원센터 외 1동 외벽 마감재 교체공사,유진엔지니어링(주),491207481,90.503,
R26BK01465400,2026-04-23,강원특별자치도교육청 강원특별자치도태백교육지원청,장성여고 관사 외벽보수 공사,삼성방수개발(주),297146526,90.259,327031000
R26BK01470076,2026-04-22,(재)제주테크노파크,연구소 AI 교육 인프라 구축 리모델링(건축) 공사,대유디자인 주식회사,129759270,90.319,
R26BK01462475,2026-04-23,한국농어촌공사 경남지역본부 고성.통영.거제지사,견유 권역단위거점개발사업 토목건축공사,주식회사 배산건설,2405756800,89.473,
R26BK01473450,2026-04-23,강원특별자치도 원주시,혁신도시 상업지구 경관조명 설치공사,주식회사 가나전기공사,72004770,90.313,79433000
R26BK01471790,2026-04-23,대구광역시 군위군,위천수변테마파크 유지관리사업,(주)성남건설,68411831,90.311,
R26BK01473780,2026-04-23,대전광역시 대덕구,2026년 장동문화공원 잔디유지관리사업,천지조경(주),38007900,90.312,
R26BK01468324,2026-04-23,부산광역시,수영하수 MBR분리막 철거공사,무림종합건설 주식회사,504076800,90.448,
R26BK01473772,2026-04-23,경상북도 영주시,동진타워 외벽 도장공사,주식회사싸이트건설,64661110,90.022,
R26BK01466708,2026-04-23,전남광주통합특별시교육청 서강고등학교,서강고 체육관 드라이비트 해소 외벽교체공사,동경건설(주),76812330,90.387,
R26BK01456862,2026-04-23,조달청,"캄보디아 귀국 이주노동자 재통합 지원센터 인테리어 공사(건축, 기계)",태용종합건설 주식회사,534931460,90.531,
R26BK01465442,2026-04-23,대전광역시 대덕구,2026년 도시공원 및 녹지 잔디유지관리사업,주식회사 파인조경건설,231513843,90.396,
R26BK01473120,2026-04-23,전남광주통합특별시 북구,장등동 1014번지 일원 농업시설 정비공사,주식회사정상개발,98751100,90.449,
R26BK01470409,2026-04-23,전북특별자치도 익산시 상하수도사업단,2026년 하수도 맨홀보수공사 단가계약(2차),(유)주신테크,14455004,90.411,
R26BK01472367,2026-04-23,고양시 일산서구청,일산1동 행정복지센터 내진보강공사,주식회사 펀플스토리,168579000,90.366,
R26BK01466403,2026-04-23,한국농어촌공사 경남지역본부,오천 등 6지구 재해예방계측시스템 통신설비공사,양산정보통신(주),267249120,90.252,
R26BK01484468,2026-04-23,서울특별시 구로소방서,구로소방서 중대재해예방 및 위험요인개선 공사 계약,주식회사 디자인에스아이,9000000,97.508,
R26BK01472378,2026-04-23,산림청 북부지방산림청 수원국유림관리소,2026년 숲가꾸기(어린나무가꾸기) 사업(기번3),양자산 국유림영림단,73930000,89.699,82009000
R26BK01472645,2026-04-23,산림청 북부지방산림청 수원국유림관리소,2026년 공익림 기능증진사업(기번2),상산국유림영림단,77920000,89.46,86378000
R26BK01464923,2026-04-15,한국농어촌공사 전남지역본부 영암지사,2026년 금지지구 흙수로 구조물화사업 신북18 용수지선 수로관 설치공사,인영건설(주),11090000,90.991,
R26BK01482517,2026-04-22,한국농어촌공사 경남지역본부 창원지사,신천배수장 외 4개소 전기설비 보수공사,주식회사 대륙,18700000,88.958,
R26BK01482564,2026-04-22,한국농어촌공사 경남지역본부 창원지사,동읍지구 분수문 보수공사,진성수기,18700000,89.047,
R26BK01473042,2026-04-23,부산광역시 동래구,2026년 맨홀 추락방지시설 설치공사(수민·안락권역),수환건설(주),107711620,90.235,
R26BK01472717,2026-04-23,충청남도 태안군,양잠1리 마을안길 포장공사,서평건설산업(주),28706325,90.335,
R26BK01473675,2026-04-23,전북특별자치도 익산시,2026년 무왕로 중앙분리대 유지관리 사업,(유)일상조경,34027570,89.963,
R26BK01473187,2026-04-23,경상북도 의성군,안티드론산업지원센터건립사업 조성부지 석면해체공사,주식회사 대찬건설,73389826,90.218,
R26BK01472742,2026-04-23,한국철도공사 회계통합센터,수송차량정비부 대차정비용 바닥판 설치,주식회사해인이엔지,53797596,89.954,
R26BK01469894,2026-04-23,경상남도 창원시 상수도사업소,칠서정수장 급속여과지 유충차단망 설치공사,주식회사 한길건설,88952200,89.98,
R26BK01468968,2026-04-23,경기도 남양주시 의회사무국,"시의회 지하공간 리모델링 및 1층 사무공간 환경 개선 공사(건축, 기계설비)",진보종합건설 주식회사,220438630,90.321,
R26BK01469558,2026-04-23,함평군농협쌀조합공동사업법인,고품질쌀유통활성화사업 가공시설현대화 기계설비공사,주식회사 아이디알시스템,2928000000,95.003,
R26BK01479588,2026-04-23,경상북도 문경시 문경새재관리사무소,미로측백나무 수종개선 공사,주식회사 녹색조경,52723200,96.0,
R26BK01480949,2026-04-23,한국농어촌공사 영산강사업단,영암제수문 섹터게이트 사이드 씰빔 보수공사,주식회사 대길산업,18700000,88.495,
R26BK01472595,2026-04-23,강원특별자치도 춘천시 서면,2026년 행복한 우리마을 조성사업(서면 방동리 1008-55일원),국도건설 주식회사,120843932,90.224,
R26BK01471263,2026-04-23,경기도 수원시 권선구,세류고가차도 도로정비공사,동호산업주식회사,29761110,91.406,
R26BK01472399,2026-04-23,경기도 고양시 일산동구,"쥐똥나무 철쭉류 등 관목 전정공사(마두, 백석, 정발산동 등)",주식회사 우신조경개발,67389000,90.325,
R26BK01472900,2026-04-23,대구광역시서부교육청 관음중학교,관음중학교 학교숲 조성공사,주식회사 미래정원,68793300,90.174,
R26BK01472974,2026-04-23,전남광주통합특별시 북구,생용동 677-16번지 일원 관로정비공사,다문토건 주식회사,179760600,90.46,
R26BK01473100,2026-04-23,한국농어촌공사 전남지역본부 함평지사,2026년 방축지구 저수지준설사업,주식회사 태형건설,167267240,90.679,
R26BK01478049,2026-04-23,한국농어촌공사 충남서부관리단,홍보지구 배수갑문 주변 안전난간 보강공사,주식회사 태화애드이엔씨,27630000,90.029,
R26BK01475113,2026-04-22,코레일유통(주),동대구역 3번출구 옆 전문점 통합공사,(주)호연씨아이,13602400,98.823,
R26BK01472114,2026-04-23,국토교통부 익산지방국토관리청 순천국토관리사무소,2026년 순천국토 북부권 도로시설물보수 연간단가공사,주식회사 미래기술산업,510524837,90.363,
R26BK01471364,2026-04-23,경기도 김포시,나진포천 수초목 제거공사,에스에이치 조경건설,71665320,90.478,
R26BK01471848,2026-04-23,전북특별자치도,2026년 대아수목원 금낭화 육성온실 보완사업,(유)금성기업,331307357,90.21,
R26BK01467505,2026-04-23,한국공항공사 김포공항,김포공항 국제선 비상전화 교체 정보통신공사,주식회사 엠스톤유넷,334482270,90.179,
R26BK01473296,2026-04-23,경상남도 밀양시,2026년도 밀양시 청사 조경 유지관리 공사,주식회사 해송건설,86338737,90.409,
R26BK01473347,2026-04-23,경상남도 밀양시,덕곡들 송수관로 정비공사,주식회사 태림건설,125707108,90.891,
R26BK01470093,2026-04-23,경기도 김포시,2026년 운양지하차도 조도개선 전기공사,대성전기,140860260,90.032,
R26BK01470852,2026-04-23,의령군산림조합,2026년 산불예방 숲가꾸기사업(1차)(지정1지구),주식회사 성우숲,54003000,89.875,
R26BK01472244,2026-04-23,전남광주통합특별시 동구,2026년 소태동 산림피해지 복구사업,우성임업주식회사,46666600,90.329,
R26BK01467050,2026-04-22,충청남도 천안시,통계청사거리 외1개소 교통사고잦은곳 개선공사,주식회사 통일,107068230,90.79,
R26BK01473223,2026-04-23,경상북도 봉화군,봉화대교~SK주유소 외 1개소 인도정비공사,(주)덕일건설,251051000,90.29,
R26BK01471083,2026-04-23,충청남도 당진시,송악읍 방계리 통합 마을회관 신축공사(전기)(입찰대행),주식회사 구주전력,20448546,90.324,
R26BK01473470,2026-04-23,경상남도 양산시,어린이공원 및 소공원 어린이놀이시설 정비공사,(주)푸른들조경,81872400,90.2,
R26BK01472933,2026-04-23,고양시 일산서구청,2026년 가로수 관리 연간단가공사,주홍조경,116896400,90.187,
R26BK01472799,2026-04-23,강원특별자치도 평창군,평창 파크골프장 화장실 및 락카룸 신축공사,세진건설(주),278878000,90.583,
R26BK01472605,2026-04-23,충청북도 제천시,2026년 지역특화 조림사업(옥전산곡지구),주식회사 대산환희임업,58334710,90.083,
R26BK01471867,2026-04-23,충청북도 단양군,(입찰대행)대강면 성금리 경로당 리모델링 건축 공사,다솔디자인 주식회사,50379800,91.086,
R26BK01473810,2026-04-23,경기도 용인시,고매IC출구 교통체계 개선공사(전기),주식회사 메가이엔지,92293140,90.511,
R26BK01477894,2026-04-21,서울특별시 도로사업소 강서도로사업소,쿨링로드(등촌역) 시설물 수리,레인보우스케이프(주),5223000,92.992,
R26BK01471798,2026-04-23,경상남도 함안군,칠원도서관 책마루 조성사업(통신),명진아이씨티 주식회사,293614080,90.438,
R26BK01473737,2026-04-23,전북특별자치도 익산시,낭산면 외성마을 안길정비공사,(유)도암건설,18276940,90.207,
R26BK01473048,2026-04-23,강원특별자치도 평창군,평창전통시장 기반시설 정비공사,청산건설(주),42653000,91.145,
R26BK01472313,2026-04-23,제주특별자치도 서귀포시,2026년 교통사고 잦은 곳 개선사업(법환동 760번지 일원),세운건설주식회사,185928000,91.099,
R26BK01470815,2026-04-23,충청남도 당진시,의회 외부 바닥 보수 및 공원 모래 포설 공사,하영건설 주식회사,42374550,89.986,
R26BK01472629,2026-04-23,충청북도 제천시,2026년 지역특화 조림사업(단돈지구),용태산림개발주식회사,113361000,89.912,
R26BK01477943,2026-04-23,국립공원공단 내장산국립공원백암사무소,2026년 내장산백암 피크닉존 조성사업,(주)에스에이치건설,23500000,94.0,
R26BK01472528,2026-04-23,충청북도 제천시,"하소천, 장평천, 고암천 꽃가꾸기사업",주식회사 신라,99472614,90.361,
R26BK01472203,2026-04-23,하동군산림조합,2026년 하동군 산불피해지 밀원수 조림사업,주식회사 백산임업,43689000,89.891,
R26BK01466389,2026-04-23,대구광역시 도시건설본부,서대구산단 스마트주차장 인프라구축사업(1단계) 지정폐기물(석면) 철거공사,대영건설 주식회사,411867550,90.305,
R26BK01468493,2026-04-23,부산광역시교육청 부산광역시북부교육지원청,신천초등학교 등 2교(양덕초) 냉난방기교체 및 기타 전기공사,(주)동진정보통신,266831863,90.383,
R26BK01473077,2026-04-23,충청북도 충주시 대소원면,공사 수의견적 제출 안내 공고(대소원 수주마을 배수로 정비),정안토건 주식회사,50446200,90.413,
R26BK01471991,2026-04-23,경기도 용인시,2026년 쌈지공원 조성공사,황동엘앤씨 주식회사,46898480,90.258,
R26BK01466168,2026-04-23,서울특별시 서대문구,2026년 통일로 노후 가로등 개량공사,대호건축주식회사,235405400,90.327,
R26BK01472078,2026-04-23,경상북도 상주시,계림 계산11통(화산들) 용배수로 정비공사,용호산업개발 주식회사,27558480,90.648,
R26BK01472775,2026-04-23,경기도 성남시,머내과학공원 산책로 재정비공사,주식회사 형호엘엔씨,135702900,90.42,
R26BK01472385,2026-04-23,포항시시설관리공단,연일빗물펌프장 유입수로 준설공사,주식회사 신명,68515450,90.359,75700000
R26BK01473604,2026-04-23,전북특별자치도 익산시,읍면동 마을안길보수 단가계약(3차),주식회사 거산,7131400,90.014,
R26BK01473354,2026-04-23,인천광역시 연수구,2026년 조림사업,옹진부천산림조합,21607000,90.014,24000000
R26BK01473515,2026-04-23,인천광역시 연수구,송도국제도시 보도 1구역(1~4공구) 제초공사(연간단가),알파건설(주),158637190,90.458,
R26BK01484790,2026-04-23,한국농어촌공사 전남지역본부 나주지사,2026년 공공임대용 농지매입사업 훼손농지복구사업(세지지구),정남건설 주식회사,13200000,88.0,
R26BK01470714,2026-04-23,대구광역시 북구,2026년 양버즘나무 등 병충해 방제공사,(주)일성조경,60355500,90.783,
R26BK01473667,2026-04-23,경기도 고양시,성라공원 시설 정비사업,주식회사 우신조경개발,47487100,90.265,
R26BK01472416,2026-04-23,경기도 군포시,2026년 신도시지역 쥐똥나무 등 관목 전정 및 수목하부 제초공사,지성조경,135786435,90.43,
R26BK01472234,2026-04-23,경상북도 상주시,화서 지산리 구거정비공사,주식회사 제이케이건설,103803000,90.523,
R26BK01473316,2026-04-23,경상남도 의령군,평촌마을 만들기사업,청암건설주식회사,105029600,90.895,
R26BK01473493,2026-04-23,경상남도 양산시,어린이공원 및 소공원 휴게시설 정비공사,주식회사 건우조경,55424700,90.163,
R26BK01471566,2026-04-23,충청북도 단양군,단양 석문 경관개선 수목정비 사업,(주)현대나무병원,45568700,91.193,
R26BK01473390,2026-04-23,전남광주통합특별시 서구,풍암생활체육공원 내 공공체육시설 개보수 사업,태화종합조경(주),62010967,90.268,
R26BK01457003,2026-04-23,경상북도 구미시 상하수도사업본부,하수도 맨홀추락방지시설 설치공사(원평8구역),(주)진웅건설,103529943,90.695,
R26BK01473538,2026-04-23,경기도 가평군,청평 파크골프장 조성공사,건희건설(주),3113024050,89.364,
R26BK01472518,2026-04-23,전북특별자치도 김제시,죽산배수지 구내배관 개선공사,유한회사 일우건설,63755000,92.704,
R26BK01473864,2026-04-23,강원특별자치도 춘천시,캠프페이지 문화공원 유지보수공사(토목),주식회사 공간드림,189102970,90.387,208323000
R26BK01483988,2026-04-23,서울특별시 어린이병원,어린이병원 본관동 관류보일러 교체 공사,주식회사 부-스타,18876500,95.0,
R26BK01473506,2026-04-23,경상북도 영주시,2026년 조경지 유지관리 공사(남부권역),주식회사 창조조경개발,98607000,90.523,
R26BK01471990,2026-04-23,강원특별자치도 춘천시,2026년 유수소통 지장물 정비사업(팔미천),주식회사 유성,110952996,90.205,
R26BK01473328,2026-04-23,경상북도 안동시,2026년 춘기 큰나무조림사업(임동박곡지구),주식회사 푸른청산림,144373300,89.889,
R26BK01468020,2026-04-23,전북특별자치도,동향119지역대 신축 건축공사,유한회사 한가람,929473000,90.292,
R26BK01473498,2026-04-23,충청북도 괴산군,푸른내귀농귀촌주택조성사업(통신)공사,삼원전력(주),155917081,90.785,
R26BK01468509,2026-04-23,경상남도 김해시,명동정수장 시설물 보수보강공사,삼복건설 주식회사,188053405,90.326,
R26BK01469697,2026-04-23,경기도 광주시 오포1동,2026년 풍수해 예방 오산천 소규모 준설사업,주식회사 한문건설,71692855,89.967,
R26BK01464574,2026-04-23,강원특별자치도,지방도463호선 하오터널 전기설비(트레이‧터널조명) 보수공사,우리전력 주식회사,656311498,90.468,
R26BK01469680,2026-04-23,경상남도 산청군,신등 가술취입보 재해복구사업(2공구),대성건설(주),127700000,90.381,
R26BK01481633,2026-04-22,한국농어촌공사 전남지역본부 진도지사,2026년 지산 외 2지구 용배수로 수문 보수공사,유일정공주식회사,20000000,91.074,
R26BK01469202,2026-04-23,인천광역시 상수도사업본부,2026년 배수지 수목관리 및 제초 공사,금강산생태조경디자인,141982689,90.424,158378000
R26BK01471599,2026-04-23,경기도 동두천시,2026년 녹지 잔디 관리공사,(주)이담조경,128227690,90.442,
R26BK01483345,2026-04-23,경북 영양군산림조합,2026년 산불피해지 복구조림사업(답곡1지구),영양임업 주식회사,27088000,92.001,
R26BK01471750,2026-04-23,경기도 안양시,안양 열가수분해설비(THP) 분해정비 공사,주식회사 에스엔씨,166685371,90.031,
R26BK01472148,2026-04-23,경기도교육청 경기도수원교육지원청,원천중 교사동 옥상 방수공사,기호건설 주식회사,146789000,90.399,163775000
R26BK01473501,2026-04-23,부산교통공사,금련산역 갤러리 화재예방안전진단 소방공사,원전전기주식회사,48993493,90.332,
R26BK01472216,2026-04-23,서울특별시,2026년 개포공동구 대체관로 구축공사(장기계속),신명탑건설(주),4970160000,88.888,
R26BK01474091,2026-04-23,전남광주통합특별시 순천시,해룡면 선월마을 안길 배수로 정비공사,경진건설(주),47562740,90.267,
R26BK01473133,2026-04-23,한국철도공사 회계통합센터,병점차량기지 검수고 석면철거 및 내부개량에 따른 전기공사,(주)이엠에스,96593930,90.302,
R26BK01472474,2026-04-23,산림청 북부지방산림청 수원국유림관리소,2026년 숲가꾸기(어린나무가꾸기) 사업(기번4),원적봉 국유림 영림단,73850000,90.402,81923000
R26BK01473473,2026-04-23,경기도 동두천시 시설사업소,종합운동장 행사용 분전반 설치 전기공사,주식회사 대흥전력,44476900,90.008,
R26BK01472398,2026-04-23,한국철도공사 회계통합센터,[영세율대상]경춘선 청평~상천 44.390km 등 16개소 재해예방 기타공사,주식회사효광엔지니어링,1807225000,89.43,
R26BK01468519,2026-04-23,충청남도 공주시,의당면 리도 208호(월곡리 19) 위험도로 정비사업,주식회사 우원,37571207,90.318,
R26BK01471667,2026-04-23,전남광주통합특별시 장흥군,장평 보성강 지방하천 유지관리사업,갈렙건설(주),92170800,90.438,
R26BK01469671,2026-04-23,경상남도 산청군,산청 공공 실내놀이터 조성사업 전기공사,홍수전설,42398054,90.295,
R26BK01472914,2026-04-23,경기도 김포시,2026년 배수펌프장 예초 및 관목전정 공사,(주)수려조경,62758560,90.392,
R26BK01464079,2026-04-23,해양수산부 국립해양측위정보원,소청도 eLoran 송신국 정비공사,(주)디에스텔레콤,71216980,90.14,
R26BK01467772,2026-04-22,서울시 강남구도시관리공단,강남구민회관 지하주차장 진출입 캐노피 교체공사,주식회사 현인테리어,121378000,90.026,
R26BK01471668,2026-04-23,전남광주통합특별시 곡성군,창정천 하천재해예방사업 및 퇴적토 준설사업,금강건설 유한회사,86268750,90.178,
R26BK01470847,2026-04-23,서울시설공단,2026년 청계천 유지용수 침전지 보수공사,주식회사 대명멀티텍,52064000,90.224,
R26BK01471387,2026-04-23,경기도 수원시 권선구,수원제3일반산업단지교 도로정비공사,씨시피건설주식회사,36890268,91.183,
R26BK01396619,2026-04-23,조달청,동해신항 석탄부두 건설공사,주식회사 동양건설산업,100500000000,86.905,
R26BK01466950,2026-04-23,충청남도교육청 충청남도보령교육지원청,미산중학교 지붕방수 및 기타공사,에스아이건설(주),57849540,90.273,
R26BK01465287,2026-04-23,경기도 고양시,장항동 893-1번지 일원 하수관로 정비공사,주식회사 삼광건설,219947000,90.652,
R26BK01473868,2026-04-23,경상북도 봉화군,봉성~명호 농어촌생활용수개발사업(본선)(총괄)(긴급),대세종합건설 주식회사,2391971370,89.861,
R26BK01472389,2026-04-23,전남광주통합특별시교육청 전남광주통합특별시광주동부교육지원청,서일초 본관동 및 후관동 방수공사 수의계약 안내공고,주식회사 경남건설,115280510,90.322,
R26BK01471513,2026-04-23,경기도 수원시 권선구,수원역고가도로교 도로정비공사,주현건설 주식회사,56813480,90.853,
R26BK01469629,2026-04-23,함평군농협쌀조합공동사업법인,고품질쌀유통활성화사업 벼건조저장시설 기계설비공사,주식회사 신흥강판,3097000000,91.007,
R26BK01472788,2026-04-23,경상북도 의성군,안티드론산업지원센터건립사업 조성부지 철거공사,주식회사 수성건설,155797900,90.044,
R26BK01467327,2026-04-23,전남광주통합특별시 상수도사업본부,2026년 고장 디지털계량기 교체공사(동북),효림건설 주식회사,258649000,90.542,
R26BK01472485,2026-04-23,경기도 고양시 일산동구,"쥐똥나무 철쭉류 등 관목 전정공사(중산, 식사, 풍동 등)",성일조경주식회사,66125000,90.332,
R26BK01467066,2026-04-23,한국농수산식품유통공사 서울경기지역본부,이천비축기지 D동 2층(13~14호실) 덕트 설치공사,아쿠아테크코리아(주),124932400,90.027,
R26BK01471645,2026-04-23,전남광주통합특별시 장흥군,용산 인암천 지방하천 유지관리사업,세영건설주식회사,87061700,90.294,
R26BK01471714,2026-04-23,경상북도 구미시,고아 내예지구 양수장 송수관로 개체공사,수창테크 주식회사,44810840,90.279,
R26BK01452338,2026-04-23,부산광역시교육청 부산광역시해운대교육지원청,죽성초등학교 다목적강당 증축공사,지엘건설 주식회사,2897615700,89.483,
R26BK01476905,2026-04-23,사회복지법인쌘뽈원,사회복지법인 쌘뽈원 쌘뽈요양원 바닥재 및 난방설비 교체 공사,주식회사 유연이앤씨,371349000,94.268,390500000
R26BK01470228,2026-04-23,부산광역시,부산예술회관(공연장) 리모델링 건축공사,주식회사 두잉건설,718860000,90.291,
R26BK01472109,2026-04-23,하동군산림조합,2026년 하동군 산불피해지 오동나무 조림사업,주식회사 주산임업,157946077,89.894,
R26BK01474042,2026-04-23,강원특별자치도 철원군,"2026년 가로수 유지관리사업(철원, 동송권역)",주식회사큐,122814000,90.497,
R26BK01474037,2026-04-23,경상북도 구미시,2026년 강동(읍면)지역 긴급복구공사 단가계약(4차),주식회사 영인,88769440,90.253,
R26BK01470499,2026-04-23,경상남도 창원시,2026년 지능형 CCTV 구축공사,주식회사투위즈넷,56440420,90.388,
R26BK01468254,2026-04-23,부산환경공단 수영사업단,수영하수처리장 시설물 보수·보강공사,주식회사 이담건설,345198720,90.413,
R26BK01470176,2026-04-23,충청북도 옥천군 군북면,군북 증약리 재해위험 개선공사 (소액)수의견적 제출 안내 공고,주식회사 자모이엔지,25222230,90.108,
R26BK01473481,2026-04-23,경기도 용인시,2026년 숲길(등산로) 조성(정비)사업 공사,주식회사 나우산림,116287695,90.754,
R26BK01458046,2026-04-23,조달청 대구지방조달청,(글로컬대학) K-인문 Factory 조성 건축 공사[긴급],주식회사 두창종합건설,616810370,90.3,
R26BK01470896,2026-04-23,의령군산림조합,2026년 산불예방 숲가꾸기사업(1차)(지정2지구),주식회사 미지숲,72652000,90.078,
R26BK01469012,2026-04-23,인천광역시 동구,CCTV 통합관제센터 환경개선사업(건축·기계),주식회사 한서종합건설,253510139,90.234,
R26BK01473567,2026-04-23,경기도 용인시,2026년 마북근린공원 노후시설 정비사업,상아조경건설,460587750,90.213,
R26BK01472077,2026-04-23,강원특별자치도 도로관리사업소,지방도403호선 덕두원교 외 1개소 유지보수공사,유성건설 주식회사,155970917,90.987,
R26BK01481393,2026-04-22,서울특별시 서울아리수본부 동부수도사업소,흡수식 냉온수기 세관 및 보수 공사,주식회사 큐앤아이엔지니어링,6930000,92.783,
R26BK01473166,2026-04-23,충청북도 충주시 대소원면,공사 수의견적 제출 안내 공고(대소원 영평1구 배수로 정비),동남건설(주),95394270,90.483,
R26BK01473368,2026-04-23,경상남도 밀양시,마을상수도 배수지 철거공사,주식회사 수정이앤씨,34537930,90.436,
R26BK01473331,2026-04-23,전남광주통합특별시 완도군,2026년 고금 덕암지구 임도구조개량사업,완도군산림조합,41000000,96.507,
R26BK01468616,2026-04-23,충청북도 청주시,2026년 재난 예경보시설 개선사업(자동음성통보시스템) 전자입찰공고,주식회사 태영,213884920,90.278,
R26BK01485463,2026-04-23,한국농어촌공사 경북지역본부 포항지사,기동지 2 용수간선 외 3개소 개거 보수공사,주식회사 대현이엔씨,19800000,90.452,
R26BK01469154,2026-04-23,전라북도 남원시 운봉읍,운봉 용은마을 992-18지구 용배수로 정비공사,주식회사  동양산업,21807820,90.297,24112000
R26BK01472390,2026-04-23,강원특별자치도 화천군,화천문화예술회관 외부주차장 보수공사,(주)유림종합건설,133080310,90.396,
R26BK01473997,2026-04-23,경기도 평택시,2026년 노인보호구역 도색공사,주안건설 주식회사,29153000,90.075,
R26BK01472747,2026-04-23,전북특별자치도 군산시,시민문화회관 GHP 소음저감장치 설치공사,(주)씨아이씨이엔지,44326170,90.053,
R26BK01468216,2026-04-23,제주특별자치도 제주시,2026년 패조류 투석 사업,주식회사 해정개발,626510000,90.146,
R26BK01471546,2026-04-23,경기도 평택시,(남부)2026년 상반기 공원 병해충 방제 단가공사(동부근린공원 등 35개소),(주)가나엔지니어링,934828,90.508,
R26BK01474099,2026-04-23,전남광주통합특별시 순천시,율산길 교차로 설치공사,주식회사 한토이엔지,81716700,90.535,
R26BK01472735,2026-04-23,충청남도 태안군,흥인천 사면 보강공사,합자회사신일,75188960,90.292,
R26BK01473416,2026-04-23,전남광주통합특별시 완도군,2026년 해안침식방지사업(보길 선창지구),인동종합개발 주식회사,120235000,98.536,
R26BK01473884,2026-04-23,경기도 용인시,2026년 대각선횡단보도 설치공사(토목),한국전문건설 주식회사,70737322,91.017,
R26BK01466635,2026-04-23,충청남도 공주시,계룡면 양화2리 보목마을회관 등 1개소 노인보호구역 개선사업,미르건설산업(주),66700000,90.479,
R26BK01471718,2026-04-23,전남광주통합특별시 곡성군,2026년 어린나무가꾸기사업(고달오곡지구),주식회사 대성영림,51405500,90.802,
R26BK01481972,2026-04-23,강원특별자치도 원주시 체육시설사업소,"원주시 파크골프장(태장, 취병) 유지 관리 공사",주식회사 부길,30312000,89.357,
R26BK01484932,2026-04-23,한국농어촌공사 경북지역본부 청송.영양지사,지소지구 양수시설 펌프 보수공사,(주)대광기공,6400000,88.963,
R26BK01484994,2026-04-23,한국농어촌공사 경남지역본부 창녕지사,월령지구 배수로교체 유지관리공사,보선건설 주식회사,10080000,89.279,
R26BK01472751,2026-04-23,충청남도 태안군,갈두천 사면 복구공사,공간산업개발 주식회사,21026742,90.346,
R26BK01473646,2026-04-23,한국철도공사 회계통합센터,교외선 곡능천1교 등 3개소 교측보도 설치 기타공사,대경산업 주식회사,75920680,90.23,
R26BK01473400,2026-04-23,경상북도 의성군,구천내산지구간이배수장설치공사,(주)대화개발,153349720,90.48,
R26BK01482078,2026-04-23,한국농어촌공사 전남지역본부 광주지사,2026년 재해대비 노안간선 용수암거 탄구부 재해복구 긴급 보수공사,주식회사 나경건설,48330000,88.0,
R26BK01484367,2026-04-23,산림청 동부지방산림청 평창국유림관리소,2026년 계류보전사업(유포),산림조합중앙회 동부산림사업본부,106000000,89.983,
R26BK01473771,2026-04-23,전북특별자치도 익산시,웅포면 소마마을 외 1개소 안길정비공사,(유)보현 유토피아,22732888,90.337,
R26BK01472158,2026-04-23,경상북도 상주시,사벌국면 행정복지센터 외벽 개선공사,주식회사 무림이엔씨,116634830,90.046,
R26BK01474052,2026-04-23,경상북도 구미시,2026년 강서(동)지역 긴급복구공사 단가계약(4차),(주)미송건설,88470890,90.322,98000000
R26BK01473513,2026-04-23,충청북도 괴산군,숲길정비사업(진산),주식회사 기화건설조경,46048310,90.317,51198000
R26BK01472574,2026-04-23,충청북도 제천시,제천 박약재 지붕 보수공사,주식회사 부강,76158600,96.886,
R26BK01472919,2026-04-23,경기도 고양시,2026년 고양시 국가유산 조경정비공사,더조경 주식회사,31215050,90.619,
R26BK01471313,2026-04-23,경기도 김포시,가마지천 수초목 제거공사,(주)원림,59454110,90.285,
R26BK01470843,2026-04-23,한국농어촌공사 새만금사업단,2026년 변산해수욕장 양빈 및 정지 공사,주)보광건설,457405100,89.957,
R26BK01466031,2026-04-23,한국농어촌공사 경남지역본부,감동 등 6지구 재해예방계측시스템 통신설비공사,고정전기통신주식회사,273183490,90.313,
R26BK01471700,2026-04-23,전남광주통합특별시 곡성군,2026년 큰나무가꾸기사업(고달겸면지구),유한회사 송림,52260292,90.5,
R26BK01468505,2026-04-22,충청남도 천안시 동남구,신흥교 보수공사,(주)대정건설,148070950,90.828,
R26BK01467290,2026-04-23,전북특별자치도 익산시,황등2처리분구 시서마을 배수설비 설치공사,주식회사 한국건설,568714582,90.29,
R26BK01472315,2026-04-23,전남광주통합특별시 동구,2026년 슬레이트 처리 지원사업(단가계약),주식회사 아인건설,30276,90.337,
R26BK01467221,2026-04-23,서울특별시 영등포구,신길공원(2차구간) 노후시설 정비사업,주식회사 디자인하다,372557600,90.456,
R26BK01469653,2026-04-23,경찰청 중앙경찰학교,중앙생활관(중앙2관) 환경개선 공사(전기),유한회사세림,143057900,90.485,
R26BK01474098,2026-04-23,전남광주통합특별시 순천시,2026년 순천만 원형갈대 군락 복원 정비 공사,(주)남부이엔씨,125715730,90.53,
R26BK01473504,2026-04-23,경기도 용인시,2026년 임도 조성지 유지관리,주식회사 바른숲,24719299,90.441,
R26BK01471478,2026-04-23,충청남도 홍성군 수도사업소,홍성지구 농어촌생활용수 개발사업 배수관로 확장사업,두영건설 주식회사,132729843,90.943,148830000
R26BK01477371,2026-04-23,경상북도 문경시 문경새재관리사무소,문경새재 산림욕장 정비사업,문경시산림조합,421400000,95.998,
R26BK01472110,2026-04-23,경기도 안산시,2026년 대부해솔길 등 시설물 연간 유지보수공사,주식회사제현산업,89483500,90.237,
R26BK01465904,2026-04-23,한국기계연구원,L1동 노후 수배전반 교체 전기공사,행복전기,71159090,90.608,
R26BK01471970,2026-04-23,경기도 파주시,소리천 자동차단시설 인프라 구축공사(전기),주식회사 서이전설,205523263,90.36,
R26BK01472486,2026-04-23,경상남도 창원시 의창구,도계만남의광장 보행데크 정비공사,주식회사 풍경길,53916140,89.955,
R26BK01472494,2026-04-23,전남광주통합특별시 해남군,2026년 해남가로수길 조성사업,청담조경주식회사,127371860,90.208,
R26BK01472010,2026-04-23,국토교통부 익산지방국토관리청 순천국토관리사무소,2026년 순천국토 남부권 도로시설물보수 연간단가공사,주식회사 한중건설,511914640,90.304,
R26BK01473968,2026-04-23,강원특별자치도 태백시,2026년 가로수 정비 공사,산처럼주식회사,122118590,90.827,
R26BK01470836,2026-04-22,충청남도 천안시,성환장천 자연재해위험개선지구 정비사업(전기),(주)동광전기,224745460,90.266,
R26BK01471395,2026-04-23,제주특별자치도 제주시 도시건설국 상하수도과,김녕 중점관리지역 맨홀 추락방지시설 설치공사,기풍토건 주식회사,368611106,90.713,
R26BK01466946,2026-04-23,인천광역시 남동소방서,2026년 남동소방서 소방용수시설 유지보수 공사 연간단가 계약 견적제출 공고,수신건설 주식회사,62431500,90.286,
R26BK01471947,2026-04-23,해양수산부 군산지방해양수산청,무인표지 안전시설 보강공사,주식회사 드림메탈산업,25184330,90.304,
R26BK01471632,2026-04-23,전남광주통합특별시 곡성군,곡성 보성강변 이색 체험관광자원 조성사업,(주)태원산업,1229350800,89.391,
R26BK01466532,2026-04-23,충청남도 공주시,신관초등 8개소 어린이보호구역 개선사업,(주)공주주거복지센터,34854035,90.355,
R26BK01472587,2026-04-23,전남광주통합특별시 해남군,2026년 산림병해충 방제사업(솔잎혹파리),유한회사 태창산림,66667170,90.438,
R26BK01466775,2026-04-23,충청남도 공주시,이인면 용성리(리도203호) 확포장공사,주식회사 성림이앤씨,185723991,90.382,
R26BK01481064,2026-04-22,한국농어촌공사 경남지역본부 함안지사,창동지구 대장보양수장 등 2개소 전기공사,주식회사 남문전기,17800000,88.911,
R26BK01467858,2026-04-23,법무부 광주지방교정청 광주교도소,광주교도소 기결수용동 보호 및 진정실 증축공사(건축·기계),주식회사 신아산업개발,570204000,90.285,
R26BK01482275,2026-04-23,경기도 평택시,자가망 이설 및 보행자 신호 자동연장기 이설공사,주식회사 소공,24623000,90.91,
R26BK01473660,2026-04-23,서울특별시 종로구,"대학로어린이집 그린리모델링 공사(건축,기계)",더빌딩종합건설 주식회사,167873050,90.172,
R26BK01467813,2026-04-23,한국공항공사 제주공항,광주공항 석면 해체작업 및 기타공사,주식회사 비케이에스건설,59166499,90.321,
R26BK01464033,2026-04-23,경상북도 경주시 사적관리사무소,서남산주차장 일원 예초 공사,(주) 풍진조경,40174700,90.338,
R26BK01471607,2026-04-23,경기도 평택시,(남부)2026년 상반기 공원 병해충 방제 단가공사(모산근린공원 등 60개소),주식회사 한솔나무종합병원,935334,90.381,
R26BK01471716,2026-04-23,충청남도 논산시,2026년 지역특화 조림사업(부적지구),주식회사 산애숲,104918800,89.918,
R26BK01467837,2026-04-23,대전광역시 유성구,방동 수변공간 여가숲 조성사업(통신),(주)아이넷테크,30163274,90.252,
R26BK01469690,2026-04-23,경상남도 산청군,소귀 갈티천 소하천 정비공사,주식회사 에스씨건설,104718530,90.341,
R26BK01471556,2026-04-23,충청남도 아산시 미래도시관리사업소,2026년 시청사 및 도시녹화사업지 수목전정 사업,한림조경건설(주),72919000,90.326,
R26BK01469698,2026-04-23,경기도 안양시,안양 열가수분해설비(THP) 개선공사,(주)더원이앤씨,44541200,89.956,
R26BK01472337,2026-04-23,서울특별시,2026년 난계로 블록시스템 구축공사(장기계속),용능건설 주식회사,1147041000,89.738,
R26BK01469945,2026-04-23,경상남도 산청군 신안면,신안 신안양수장(3공구)재해복구사업,동우건설주식회사,47887054,90.189,
R26BK01468488,2026-04-23,충청남도 공주시,우성면 단지리(리도209호) 확포장공사,대길환경 주식회사,98809000,90.363,
R26BK01466475,2026-04-23,한국농어촌공사 경남지역본부,죽전 등 6지구 재해예방계측시스템 통신설비공사,하나정보통신,278915200,90.275,
R26BK01470954,2026-04-23,제주특별자치도 제주시 도시건설국 상하수도과,화북 중점관리지역 맨홀 추락방지시시설 설치공사,주식회사 문현건설,480439850,90.939,
R26BK01466655,2026-04-23,강원특별자치도 강릉시,솔향하늘길 청사 건물 외벽 보수공사,정석건설 주식회사,330715000,90.411,
R26BK01471244,2026-04-23,화성도시공사,2026년 동탄파크골프장 수목 및 잔디 유지관리 공사,(주)라온조경,118295140,90.449,
R26BK01470750,2026-04-23,전남광주통합특별시 북구,"북구 골목형상점가 상인교육관 건립공사(건축, 기계)",주식회사 도아종합건설,313521180,90.319,
R26BK01474028,2026-04-23,경기도 연천군,자작리 주민쉼터 개선공사(전기),정원전력 주식회사,22075800,91.112,
R26BK01466451,2026-04-23,한국농어촌공사 경남지역본부,원산 등 3지구 재해예방계측시스템 통신설비공사,태양정보통신,287060348,90.329,
R26BK01466362,2026-04-23,한국농어촌공사 경남지역본부,삽다리 등 6지구 재해예방계측시스템 통신설비공사,오성정보통신 주식회사,277932330,90.261,
R26BK01471341,2026-04-23,경기도 김포시,계양천 수초목 제거공사,주식회사 동우,199063340,90.405,
R26BK01468242,2026-04-23,서울특별시 구로구,안양천 명품 생태문화 하천화사업,주식회사 모라컴퍼니,286384539,90.685,
R26BK01472344,2026-04-23,충청북도 충주시,지방도531호선(요각골마을)도로사면정비공사,(주)유신건설,176103566,90.855,
R26BK01471579,2026-04-23,충청북도 단양군,(입찰대행)단양읍 도전3리 경로당 증축 건축 공사,주식회사 성우,130551800,90.348,
R26BK01473964,2026-04-23,경상남도 밀양시,신명 소규모하수처리시설 외 8개소 자외선 소독설비 설치 및 교체공사,대도기공 주식회사,30542827,90.293,
R26BK01465387,2026-04-23,경상북도 구미시,굴현저수지 보강공사,주식회사 대명개발,237180160,90.618,
R26BK01470988,2026-04-23,의령군산림조합,2026년 산불예방 숲가꾸기사업(1차)(유곡2지구),주식회사 한그루,74117000,89.883,
R26BK01466318,2026-04-23,한국농어촌공사 경남지역본부,병산 등 6지구 재해예방계측시스템 통신설비공사,고정전기통신주식회사,259231240,90.241,
R26BK01473946,2026-04-23,충청남도 보령시,동오2리(153-1) 소교량 재가설공사,주식회사 사민건설,56925730,90.672,
R26BK01471960,2026-04-23,전남광주통합특별시 나주시,시청사 부설주차장 정비공사,임화건설주식회사,110432388,90.42,
R26BK01464306,2026-04-23,경기도 경기도건설본부,2026년 가평 지방도 상시보수공사 단가계약(1차),건륭건설 주식회사,184139800,91.414,
R26BK01460950,2026-04-23,한국방송공사,KBS 가엽산(송) UHD 송신시설 구축 공사,(주)성강통신기술사사무소,175267982,85.258,
R26BK01463954,2026-04-23,경상북도 경주시 사적관리사무소,동부사적지 일원 예초 공사,대풍건설주식회사,24577190,90.387,
R26BK01474025,2026-04-23,강원특별자치도 철원군,"2026년 가로수 유지관리사업(갈말, 김화, 서면, 근남권역)",(주)마루조경,106267700,90.454,
R26BK01466257,2026-04-23,한국농어촌공사 경남지역본부,명 등 5지구 재해예방계측시스템 통신설비공사,유비트정보통신(주),269473109,90.28,
R26BK01471723,2026-04-23,전남광주통합특별시 곡성군,2026년 어린나무가꾸기사업(삼기석곡지구),한그루 유한회사,64712640,90.37,
R26BK01483218,2026-04-22,강원특별자치도 홍천군,2026년 간선임도(철정리) 설치사업,홍천군산림조합,301710000,89.745,
R26BK01471774,2026-04-23,경기도 안양시 동안구,평촌공동구 통로유도등 교체공사,경운기술산업(주),103297100,90.133,
R26BK01471917,2026-04-23,충청북도 충주시 주덕읍,주덕 푸르미하우스 외벽 도장공사[입찰대행],주식회사 금강그라우팅,22692330,89.919,25000000
R26BK01458585,2026-04-23,충청남도교육청 충청남도청양교육지원청,청양교육지원청 외 1기관 냉난방개선 전기공사,칠갑전기,55713000,90.454,
R26BK01472908,2026-04-23,강원특별자치도교육청 강원특별자치도강릉교육지원청,남산초 외 10교 예초작업 수의계약견적제출공고 안내,주식회사 강산에,110642000,90.436,
R26BK01471777,2026-04-23,전남광주통합특별시 곡성군,2026년 경제수 조림사업(오곡 봉조2지구),유한회사 대흥임업,97083281,89.902,
R26BK01466152,2026-04-23,한국농어촌공사 경남지역본부,골안 등 5지구 재해예방계측시스템 통신설비공사,주식회사 광진티앤씨,238894023,90.264,
R26BK01472125,2026-04-23,부경대학교,용당9관 외 3개동 냉난방기 교체 전기공사,주식회사 엠에스산전,82365994,90.401,
R26BK01466335,2026-04-23,중소기업은행,중소기업은행 하남데이터센터 팽창기수분리기 추가 설치공사,주식회사 신행설비,64920130,92.843,
R26BK01471785,2026-04-23,경상남도 함안군,칠원도서관 책마루 조성사업(전기),주식회사 엘에이치파워,402327910,90.435,
R26BK01471954,2026-04-23,강원대학교,문예대1호관 외 4개동 방수 및 기타공사,(주)삼오건설,166980000,90.451,
R26BK01473777,2026-04-23,경상북도 고령군,고령 벽송정 주변정비 공사,산울문화재,38202000,90.39,
R26BK01472620,2026-04-23,경상북도 의성군 상하수도사업소,소방용수시설주변정비공사 수의견적 제출안내 공고,주식회사 예진건설,71066830,90.542,
R26BK01471291,2026-04-23,제주특별자치도 제주시 도시건설국 상하수도과,삼양 중점관리지역 맨홀 추락방지시설 설치공사,주식회사 가온이노베이션,459441000,90.946,
R26BK01471655,2026-04-23,서울특별시 노원구,영축산 산림복합체험센터 신축 통신공사,(주)대창일렉스,89231326,90.304,
R26BK01465291,2026-04-23,서울특별시 강서구,강서구민회관 리모델링 공사(통신),삼언전공 주식회사,260030490,90.442,
R26BK01467734,2026-04-23,서울특별시 동대문구,2026년 관내 불량맨홀 정비공사(연간단가),주식회사 학산건설,89481320,90.532,
R26BK01463309,2026-04-23,부산광역시,사상역 일원 도시비우기 사업 토목공사,금상건설(주),576085000,90.263,
R26BK01470367,2026-04-23,전북특별자치도 익산시 상하수도사업단,2026년 2분기 하수도 기계준설공사 단가계약(북부권),유한회사 대길환경,1249730,90.257,
R26BK01457386,2026-04-23,인천항만공사,2026년 인천항 통시시설 보수 및 개선공사,주식회사 단아통신,64010610,90.291,
R26BK01471584,2026-04-23,충청남도 논산시,송정지구 시군 수리시설(계명당보) 개보수사업,흥림종합건설(주),226688000,90.512,
R26BK01483132,2026-04-22,산림청 동부지방산림청 삼척국유림관리소,2026년 임도구조개량사업(궁촌리 산310 외) 수의시담,삼척동해태백산림조합,754260000,88.899,
R26BK01470028,2026-04-23,부산광역시 서구,2026년 사방(계류보전) 공사,(주)모든산,140002000,90.605,
R26BK01471804,2026-04-23,서울교통공사,2026년 영등포구청(2)역 등 2개역 온수기 전원공급공사,주식회사 동현이엔지,44116341,89.875,
R26BK01458493,2026-04-23,경상남도 함양군 상하수도사업소,판문마을 소규모수도 노후화시설 개량사업(2인 이상 견적제출 안내공고),보성종합건설주식회사,173243310,90.424,
R26BK01465406,2026-04-23,경상북도 구미시,부곡저수지 보강공사,주식회사 하이드로티엔지,505195590,90.586,
R26BK01472856,2026-04-23,강원특별자치도 평창군,2026년 용평체육공원 패널식옹벽 보수공사,해인건설주식회사,112446740,90.39,
R26BK01473694,2026-04-23,전북특별자치도 익산시,2026년 무왕로 가로화단 유지관리 사업,유한회사 한누리개발,15918900,89.904,
R26BK01474033,2026-04-23,경상북도 구미시,2026년 강동(동)지역 긴급복구공사 단가계약(4차),송방건설(주),87466720,90.423,
R26BK01473744,2026-04-23,전북특별자치도 익산시,익산향교 대성전 주변정비공사,주식회사 태선,78023040,92.027,
R26BK01456349,2026-04-23,대구광역시교육청 대구광역시서부교육지원청,대구서도초등학교 외부환경개선공사,주식회사 부천건설,271898100,90.222,
R26BK01473944,2026-04-23,경상남도 밀양시,밀양시 종합사회복지관 가곡분관 철거공사,(주)만강개발,236129207,90.439,
R26BK01484275,2026-04-23,서울교통공사,본사 6층 사무실(감사 집무실) 리모델링 공사,이음애드 주식회사,48000000,98.969,
R26BK01473845,2026-04-23,경기도 용인시,고매IC출구 일원 등 2개소 교통체계 개선공사(토목),태진포장건설(주),57884700,91.019,
R26BK01473982,2026-04-23,충청남도 보령시,내항3통(산62-6) 구거 복개공사,조우건설(주),88059900,90.454,
R26BK01468028,2026-04-23,법무부 광주지방교정청 광주교도소,광주교도소 기결수용동 보호 및 진정실 증축공사(정보통신),주식회사 더앤,292356720,90.294,
R26BK01472038,2026-04-23,경상남도 창원시 상수도사업소,대산정수장 탈수기동 노후 원심탈수기 교체공사,주식회사덕은,70799750,90.29,
R26BK01473697,2026-04-23,경상북도 영주시,2026년 조경지 유지관리 공사(가흥교차로),청림조경 주식회사,99274820,90.503,
R26BK01468319,2026-04-23,전남광주통합특별시 광주청사,광주도시철도 2호선 2단계 11공구 지장물(가로등) 이설 전기공사,주식회사 비에이에너지,178202536,90.421,
R26BK01473465,2026-04-23,경기도 평택시,(북부)2026년 북부지역 공원 병해충 방제 단가공사,주식회사 큰울타리,959170,90.481,
R26BK01471763,2026-04-23,충청북도 영동군,추풍령천(계룡지구) 유지관리사업,(주)태웅건설,42580000,90.375,
R26BK01473467,2026-04-23,경상북도 봉화군,석포보건지소 뒤 군계획도로 정비공사,성광종합건설(주),244728000,90.35,
R26BK01473758,2026-04-23,전북특별자치도 익산시,2026년 공공청사 석면해체 전기공사(웅포면 행정복지센터),현 전력,16614528,90.287,
R26BK01471207,2026-04-23,경기도 용인시,용인도시계획도로 중1-164호 개설공사,주식회사 해동종합건설,7028987840,88.582,
R26BK01473598,2026-04-23,경상북도 의성군,안평기도2리안지곡지양수장설치공사,영진건설주식회사,128804550,90.251,
R26BK01473585,2026-04-23,경상북도 영주시,2026년 조경지 유지관리 공사(북부권역),애니(Any)조경,96375193,90.451,
R26BK01467907,2026-04-23,서울특별시 도봉구,2026년 중랑천 준설공사,한경건설 주식회사,813377000,90.039,
R26BK01473569,2026-04-23,전북특별자치도 익산시,읍면동 마을안길보수 단가계약(2차),(유)다솜건설,7103900,90.093,
R26BK01466844,2026-04-22,제주특별자치도 제주시 애월읍,유수암 일원 도시녹화사업,주식회사 숲길,90462000,90.281,
R26BK01472821,2026-04-23,경기도교육청 경기도안양과천교육지원청,동안초 외 5교 교목전정공사 공고,이룸이앤씨(주),21570200,90.257,
R26BK01472207,2026-04-23,경상북도 상주시,화동 이소리 소로(3-8) 개설공사,청운건설(주),127068956,90.494,
R26BK01473802,2026-04-23,경상북도 의성군,금성파크골프장조성공사,경일산업 주식회사,361087000,90.468,
R26BK01473882,2026-04-23,경기도 의정부시,산곡동 816번지 일원 우수관로 설치공사,(주)동보이엔지,172764440,91.021,190575000
R26BK01469677,2026-04-23,경상남도 산청군,산청 공공 실내놀이터 조성사업,주식회사 연우건설,90672630,90.493,
R26BK01473936,2026-04-23,강원특별자치도 태백시,공원2교~문곡소도동 주민센터간 보도정비 전기공사,주식회사 정진,79553200,90.258,
R26BK01479216,2026-04-22,서울특별시 물재생센터 중랑물재생센터,3소화조 가스교반기(B계열 2호) 정비,제이플랜트,6878000,95.0,
R26BK01473556,2026-04-23,경상북도 영주시,2026년 조경지 유지관리 공사(서부권역),(주)동림조경,112359181,90.446,
R26BK01472986,2026-04-23,강원특별자치도 평창군,봉평면 평촌리 둠벙 설치공사,유한회사 거성건설,142468095,90.417,
R26BK01465413,2026-04-23,경상북도 구미시,신동저수지 보강공사,(주)양지개발,508478900,90.591,
R26BK01467104,2026-04-23,경상남도 거창군 수도사업소,웅양면 죽림마을 지방상수도 전환공사,주식회사 곰건설,50652000,90.3,
R26BK01473903,2026-04-23,경상남도 밀양시,미리미동국 조경 및 진입도로 조성사업,천마종합건설 주식회사,365479218,90.749,
R26BK01452048,2026-04-23,경상남도 김해시,서부보건소 아이건강드림센터 조성사업(건축),우리종합건설 주식회사,1645289401,89.402,
R26BK01467404,2026-04-23,전남광주통합특별시 상수도사업본부,2026년 고장 디지털계량기 교체공사(서남광산),(주)양정건설,269417530,90.492,
R26BK01468040,2026-04-23,강원특별자치도 춘천시 상하수도사업본부,2026년 소규모 하수관로 정비공사(신촌리 569-3번지 일원),세운건설(주),120654460,90.681,
R26BK01474075,2026-04-23,경상남도 함양군,서평마을 취약지역 생활여건 개조사업(토목，건축),삼정종합건설 주식회사,907808800,90.328,
R26BK01472843,2026-04-23,경기도 시흥시,2026년 사방시설 조성 사업,주식회사산사랑,40948400,90.273,
R26BK01467122,2026-04-23,부산대학교병원,"부산대학교병원 A동, J동 4층 수술실 및 멸균시설 리모델링(정보통신)",동양전자통신,859069440,90.253,
R26BK01473109,2026-04-23,국립경국대학교,국립경국대학교 창의인재관 실외기 교체에 따른 전기공사,주식회사 구주전력,52505800,90.269,
R26BK01466578,2026-04-23,부산대학교병원,"부산대학교병원 A동, J동 4층 수술실 및 멸균시설 리모델링(건축.기계)",주식회사예일개발,3353795000,89.294,
R26BK01474003,2026-04-23,경상북도 구미시,도개면 궁기리 구국도25호선 보도설치공사,대화건설주식회사,254104000,90.571,
R26BK01472954,2026-04-23,서울시 강남구도시관리공단,강남스포츠문화센터 외 1개소 세관공사,오성방재공영(주),12097978,89.771,
R26BK01471690,2026-04-23,인천광역시 서해구,불로2지구 기반시설 정비공사,주식회사 양광건설,198370000,90.339,
R26BK01473911,2026-04-23,경상북도 의성군,2026년 서부권역 빈집정비사업(공공용지제공) 철거공사,두신건설 주식회사,102652600,90.171,
R26BK01472814,2026-04-23,충청남도 계룡시,엄사지구 송수관로 정비사업,주식회사 지성,4871785090,88.374,
R26BK01470153,2026-04-23,대전광역시교육청,대전지족고 옥상방수 및 기타공사 입찰 공고,주식회사 새찬건설,259810950,90.346,
R26BK01472993,2026-04-23,부산교통공사,부산진역 환경개선에 따른 통신공사,(주)한국SCN,39794600,90.404,
R26BK01473799,2026-04-23,경기도 김포시,2026년 유수지 예초 및 관목전정공사(1권역),주식회사 더조경,127292960,90.421,
R26BK01466741,2026-04-23,부산대학교병원,"부산대학교병원 A동, J동 4층 수술실 및 멸균시설 리모델링(전기)",주식회사 남양건설전기,1053459785,89.298,
R26BK01473573,2026-04-23,인천광역시 연수구,"송도국제도시 보도 2구역(5,7공구) 제초공사(연간단가)",(주)도래개발,112265450,90.447,
R26BK01473631,2026-04-23,경상북도 영주시,2026년 조경지 유지관리 공사(경북대로변),주식회사 창조조경개발,93389500,90.416,
R26BK01484812,2026-04-23,한국농어촌공사 충남지역본부 아산지사,해암양수장 외 6개소 전기설비 재해복구공사,(주)동광전기,19800000,90.0,
R26BK01474023,2026-04-23,전남광주통합특별시 완도군,노화 노록도 선착장 연장공사,해덕건설 주식회사,245104883,90.208,
R26BK01465214,2026-04-23,경기도 고양시,용두동 361-7번지 일원 노후관로 정비공사,(주)삼도건설,569292700,90.49,
R26BK01473475,2026-04-23,대전광역시 대덕구,2026년 가로수 및 녹지대 상시 유지관리사업(연간단가),주식회사 더함플러스,59122060,90.139,
R26BK01432186,2026-04-23,경기도 양주시,신천공공하수처리시설 수질개량사업(2단계_전기 및 계측제어 공사),주식회사 명성이엔씨,2183807319,89.474,
R26BK01471992,2026-04-23,경상남도 창원시 상수도사업소,2026년 대산정수장 급속여과지 여재 교체공사,우영건설 주식회사,105357600,90.37,
R26BK01472894,2026-04-23,전남광주통합특별시 북구,매곡동 474-43번지 일원 관로정비공사,해인건설 주식회사,28214760,90.206,
R26BK01470552,2026-04-23,경기도 고양시,자전거문화복합시설 조성사업 인테리어공사,아원종합건설주식회사,161621410,90.213,
R26BK01476844,2026-04-21,서울특별시 물재생센터 중랑물재생센터,제1 처리장 상부 공원 조명 설비 개선 공사,에스디전력(주),43297480,94.999,
R26BK01467600,2026-04-23,충청남도 부여군,"2026 만수산자연휴양림 숙박동 신축공사(비둘기, 원앙)",대승종합건설주식회사,290900000,98.657,
R26BK01467809,2026-04-23,서울교통공사,2026년 자회사 대기실 전기용량 증설 전기공사,(주)라인테크놀로지,242223440,90.404,
R26BK01466638,2026-04-21,강원특별자치도교육청 강원특별자치도강릉교육지원청,늘해랑유 외 23교 수목 병충해 방제작업 수의계약 견적제출 공고 안내,한길나무종합병원 주식회사,75427000,90.427,
R26BK01472859,2026-04-23,강원특별자치도교육청 강원특별자치도강릉교육지원청,구정초 외 14교 예초작업 수의계약견적제출공고 안내,주식회사 새암조경,160883940,90.495,
R26BK01471571,2026-04-23,부산광역시 부산진구,2026년 황령산 둘레길 정비사업,(주)모든산,92213000,90.855,
R26BK01472561,2026-04-23,경기도 광명시,너부대근린공원 정비사업,라온디자인(주),24585380,90.305,
R26BK01464228,2026-04-23,경상북도 경주시 사적관리사무소,신문왕릉 및 선덕여왕릉 일원 예초 공사,하나종합문화 주식회사,31251777,90.452,
R26BK01472899,2026-04-23,충청남도 건설본부 건설사업부 서부사무소,[홍성]지방도609호 운월도로 포장도 보수공사,주식회사 중앙건설,45194000,91.024,
R26BK01466221,2026-04-23,한국농어촌공사 경남지역본부,둔암 등 5지구 재해예방계측시스템 통신설비공사,주식회사 예스정보통신,262059000,90.264,
R26BK01472157,2026-04-23,경기도 안산시,안산시의회 청사 옥상정원 환경 및 시설 개선 공사,주식회사뉴피닉스,89899410,90.878,
R26BK01467023,2026-04-23,경기도 성남시,대원공원 산책로 및 쉼터 개선공사,주식회사 자운개발,207679900,90.336,
R26BK01471589,2026-04-23,경기도 동두천시,2026년 공원 잔디 관리공사,주식회사 소요산조경,123893000,90.519,
R26BK01474073,2026-04-23,한국농어촌공사 경북지역본부,2026년 청도군 지하수 보조측정망 시추공사,안일건설(주),95299050,90.294,
R26BK01466390,2026-04-23,한국농어촌공사 경남지역본부,송원 등 4지구 재해예방계측시스템 통신설비공사,우진네트웍스,238610248,90.296,
R26BK01452892,2026-04-23,조달청 충북지방조달청,해양안개관측망 구축 공사,(주)세원정보시스템,775522350,90.201,
R26BK01449353,2026-04-23,충청남도 당진시,당진읍성 여단 복원공사,여원건설 주식회사,280781000,90.511,
R26BK01466593,2026-04-21,강원특별자치도교육청 강원특별자치도강릉교육지원청,솔향유 외 22교 수목 병충해 방제작업 수의계약견적제출 공고 안내,더원이엔지 주식회사,61906000,96.647,
R26BK01473706,2026-04-23,전북특별자치도 익산시,2026년 도심지역 노후가로등 교체 단가,주식회사 현우이엔씨,13020220,90.123,
R26BK01471925,2026-04-23,부산광역시 사하구,2026년 장림유수지 준설공사,(주)삼우특수개발,90942000,90.404,
R26BK01468384,2026-04-22,전북특별자치도,2026년 글로벌 청소년 리더센터 조경 유지관리,유한회사 옥산정원,76739000,90.534,
R26BK01484263,2026-04-23,경기도 이천시 환경수자원국 하수과,매곡리 410-2 외 2개소 하수관로 긴급 개량공사,(주)보명이엔지,49482900,90.909,
R26BK01482203,2026-04-23,경기도 평택시,통복2배수펌프장 제진기 보수 공사,주식회사 하나에코테크,50232000,92.929,
R26BK01473168,2026-04-23,부산광역시 동래구,2026년 맨홀 추락방지시설 설치공사(온천·사직권역),주식회사 제일협성,118542000,90.178,
R26BK01464002,2026-04-23,경상북도 경주시 사적관리사무소,원성왕릉 일원 예초 공사,(주)진토조경,26819260,90.331,
R26BK01472548,2026-04-23,전남광주통합특별시 해남군,2026년 천년가로수길 조성사업,주식회사 다온조경,112389276,90.181,
R26BK01473978,2026-04-23,경상남도 밀양시,우리들요양원 개보수공사,정상산업개발 주식회사,141934890,90.026,
R26BK01471876,2026-04-23,전북특별자치도 완주군,2026년 모악산 탐방로 생태복원사업,유한회사 에버그린월드,108617560,90.419,
R26BK01484055,2026-04-23,한국농어촌공사 충북지역본부 진천지사,매입비축 훼손농지 복구공사,부원산업 주식회사,19140000,87.79,
R26BK01474107,2026-04-23,전남광주통합특별시 순천시,2026년 스마트횡단보도(적색잔여시간표시기) 설치공사,(주)명성전기,46716680,90.402,
R26BK01473003,2026-04-23,강원특별자치도 화천군,2026년 어린이보호구역 시설개선사업(상승초교),(합)대복,30289000,91.279,
R26BK01472955,2026-04-23,경기도 용인시 기흥구 구성동,구성동 행정복지센터 화장실 리모델링,주식회사 정민,111828600,90.021,
R26BK01471820,2026-04-23,전남광주통합특별시 곡성군,2026년 임도 유지보수사업(죽곡지구),주식회사 어울림,52650000,90.22,
R26BK01465624,2026-04-23,충청남도 당진시,장고항 선어위판장(수산시장) 조성공사,대성종합건설(주),270985000,90.457,
R26BK01474149,2026-04-23,강원특별자치도교육청 강원특별자치도원주교육지원청,[긴급]흥업초 교사동 강원형 학교시설 증개축 소방공사,(주)우진,294602450,90.34,
R26BK01473342,2026-04-20,서울특별시 물재생센터 중랑물재생센터,유입동 D계열(A) 컨베이어벨트 보수공사,오성엔지니어링,14196800,95.0,
R26BK01473214,2026-04-23,경상남도 고성군,학림1지구 급경사지 붕괴위험지역 정비사업,유한회사 한라,461563000,90.223,
R26BK01465874,2026-04-23,서울교통공사,"2026년 본선 통신케이블 개량 정보통신공사(3, 4호선)",주식회사 본정보,6396615220,88.58,
R26BK01472254,2026-04-23,부산시설공단,금강공원 보행목교 정비공사,주식회사 동남엘앤씨,90697000,90.464,
R26BK01462822,2026-04-23,부산광역시 푸른도시가꾸기사업소,2026년 교통섬 유지관리 공사,오현조경개발 주식회사,69029000,90.813,
R26BK01469129,2026-04-23,재단법인 한국도자재단,"2026년 한국도자재단(이천,광주) 조경유지관리공사",(주)서원이앤씨,172593384,90.416,
R26BK01464785,2026-04-23,울산광역시,2026년 기후대응 도시숲 조성사업(길천2차일반산업단지 내),현중조경산업주식회사,513143000,90.13,
R26BK01472562,2026-04-23,제주특별자치도 서귀포시,2026년 교통사고 잦은 곳 개선사업(법환동 760번지 일원) 전기공사,영남전기공사,97784000,90.354,
R26BK01466294,2026-04-23,강원특별자치도,2026년 파프리카 실증재배용 연동온실 개보수공사,퍼스트건설 주식회사,215981349,90.178,
R26BK01474094,2026-04-23,한국철도공사 회계통합센터,경부선 금정역 등 12개소 음성유도기 개량공사,주식회사 태영이엔지,108469250,90.066,
R26BK01472594,2026-04-23,강원특별자치도 동해시 상하수도사업소,[재공고] 전문공사 수의견적제출 안내공고[하수도정비 중점관리지역 맨홀 추락방지시설 설치공사(송정C)],(합)하림토건,140988000,90.438,157460000
R26BK01470495,2026-04-22,전남광주통합특별시교육청 전남광주통합특별시신안교육지원청,도초고 본관동 외 1동 누수 보수공사,이수토건주식회사,77000000,96.034,
R26BK01474156,2026-04-23,강원특별자치도교육청 강원특별자치도원주교육지원청,[긴급]흥업초 교사동 강원형 학교시설 증개축 통신공사,주식회사 와이이씨,294535450,90.411,
R26BK01472171,2026-04-23,하동군산림조합,2026년 하동군 산불피해지 내화수 조림사업,(주)숲과 나무,43726000,89.924,
R26BK01462678,2026-04-22,서울특별시교육청 숭문고등학교,숭문고등학교 기념관 지하강당 개선공사 입찰,주식회사 스튜디오 담,85269657,90.044,
R26BK01473993,2026-04-23,경상남도 밀양시,자동음성통보시스템 보수보강공사,주식회사 태민전력,47112326,90.15,
R26BK01473318,2026-04-23,경상남도 밀양시,덕곡도로 정비공사,주식회사 우진토건,26895000,90.258,
R26BK01474064,2026-04-23,경상북도 구미시,2026년 강서(읍면)지역 긴급복구공사 단가계약(4차),주식회사 우영건설,88041730,90.219,
R26BK01473312,2026-04-23,경상북도 안동시,2026년 춘기 큰나무조림사업(길안용계지구),주식회사 산처럼,65455000,89.924,
R26BK01468575,2026-04-23,경상남도 고성군,고성군치매전문요양원 냉난방설비교체 전기공사,주식회사 대영전기,31955640,90.356,
R26BK01471569,2026-04-23,경기도 평택시,(남부)2026년 상반기 공원 병해충 방제 단가공사(부용산 근린공원 등 89개소),주식회사 이앤엘,942600,90.351,
R26BK01473852,2026-04-23,경기도 김포시,2026년 유수지 예초 및 관목전정공사(2권역),주식회사 하나로홀딩스,92562108,90.449,
R26BK01444230,2026-04-23,경기도 양주시,효촌리3 하수관로 정비사업,주식회사 씨엔티산업개발,1422598800,89.574,
R26BK01473711,2026-04-23,경기도 여주시,내사리 진입도로(흥천204호) 확포장공사,다경건설 주식회사,621681095,90.886,
R26BK01473432,2026-04-23,경기도 안양시,안양도매시장(청과동) 긴급 시설개선공사,양지종합건설(주),2600140300,89.373,
R26BK01465721,2026-04-23,충청남도 공주시,공주 장선리 유적 데크계단 보수정비 공사,토담건설 주식회사,47542700,91.204,
R26BK01473013,2026-04-23,충청남도 건설본부 건설사업부 서부사무소,[홍성]국지도96호 장곡도로 포장도 보수공사,정석건설주식회사,73639563,90.693,
R26BK01473086,2026-04-23,전남광주통합특별시 북구,일곡동 16번지 일원 관로정비공사,주식회사 서림산업개발,31985000,90.267,
R26BK01472211,2026-04-23,국토교통부 익산지방국토관리청 순천국토관리사무소,순천국토 관내도로 유지보수 정비공사,새하늘종합건설(주),339277300,90.389,
R26BK01474161,2026-04-23,강원특별자치도교육청 강원특별자치도원주교육지원청,[긴급]흥업초 교사동 강원형 학교시설 증개축 기계설비공사,루트기업주식회사,282266820,90.416,
R26BK01481501,2026-04-22,전남광주통합특별시교육청 광주청사,청사 본관동 식당 보수공사 전자시담 안내,제이앤종합건설 주식회사,18780300,100.0,
R26BK01471801,2026-04-23,울산광역시,부모커뮤니티센터 설치 리모델링 공사(소방),서진설비산업 주식회사,76894500,90.232,
R26BK01469039,2026-04-23,경상남도 산청군,2025년 산불피해지 산사태 복구사업(시천중태2지구),주식회사 미래숲,213014000,90.331,
R26BK01455505,2026-04-23,대전광역시 유성구,방동 수변공간 여가숲 조성사업(전기),주식회사 신전하이텍,166898838,90.396,
R26BK01464535,2026-04-23,경상북도 경주시 사적관리사무소,용강 고분군 일원 예초 공사,부건건설(주),24376999,90.341,
R26BK01471972,2026-04-23,전남광주통합특별시 함평군,천주봉 등산로 진입부 정비사업,주식회사청호건설,31114141,89.959,34678000
R26BK01485455,2026-04-23,한국농어촌공사 충남지역본부,논산시 한발재해대책 관정개발사업 전기공사,주식회사정도전력,9600000,,
R26BK01471780,2026-04-23,수소에너지네트워크(주),하이넷 평택신장 수소충전소 구축공사(전기공사),주식회사 제일이노텍,261404970,90.137,
R26BK01416857,2026-04-01,성결대학교,2026-7호 성결대학교 기숙사 신축 공사(소방),(주)가나다산업,833060000,87.745,
R26BK01475544,2026-04-24,경기도 오산시,2026년 녹지유지관리 공사(신장1동),장우건설(주),161734340,90.432,
R26BK01477751,2026-04-24,춘천시산림조합,2026년 큰나무가꾸기사업(1구역),주식회사 만수산,55363000,89.989,
R26BK01485875,2026-04-24,서울특별시 서울아리수본부 남부수도사업소,청사 흡연부스 보수공사,일진피앤에스 주식회사,19521000,90.0,
R26BK01475141,2026-04-24,충청북도 제천시,성우한솔아파트 도장공사(민간보조사업 입찰대행),경성산업,150819400,89.934,
R26BK01477498,2026-04-24,강원특별자치도 태백시,두문동재 실외정원 조성공사,서원종합건설(주),276989600,90.293,
R26BK01475534,2026-04-24,경기도 오산시,2026년 녹지유지관리 공사(남촌동),주식회사 한길알엠비,151388600,90.562,
R26BK01474473,2026-04-24,강원특별자치도 인제군,천도3리 경로당 리모델링공사,상지건설(주),69704810,90.233,
R26BK01471697,2026-04-24,경상남도 거창군 농업기술센터,가북면 농촌중심지 활성화사업(테마형) 전기공사,합자회사 진영전기,44706300,90.384,
R26BK01468851,2026-04-24,한국마사회 부산경남경마본부,부경본부 스마트워크 와이파이 도입 통신공사,주식회사 성진시스템,68915120,90.332,
R26BK01466779,2026-04-24,경기도 안양시 만안구,관내 이면도로 등 포장정비공사,(주)한유건설,137510000,90.4,
R26BK01474452,2026-04-24,전남광주통합특별시 장흥군,2026년 어린나무가꾸기사업(북부지구),주식회사 우리임업,44917288,90.388,
R26BK01477631,2026-04-24,대구광역시 달성군,2026년 테크노폴리스 도시공원 잔디 유지관리 공사,주식회사 한솔이엔지,186030000,90.432,
R26BK01474438,2026-04-24,충청북도 청주시,모충배수문 등 10개소 보수공사,주식회사 세인건설,133992204,90.349,
R26BK01472976,2026-04-24,서울시설공단,2026년 청계천 준설공사(연간단가),고봉산업개발 주식회사,179158670,90.727,
R26BK01486865,2026-04-24,한국농어촌공사 충남지역본부 논산지사,성동면 개척리 배수간선 정비공사,주식회사 다옴건설산업,19472000,89.985,
R26BK01472306,2026-04-24,울산광역시 울주군,삼남 상천천(상천리 43) 하천정비공사,(주)일진건설,51729200,90.136,
R26BK01470775,2026-04-24,한국농어촌공사 경남지역본부 고성.통영.거제지사,견유 권역단위거점개발사업 통신공사,주식회사 한마음통신,57290000,90.678,
R26BK01477563,2026-04-24,경상남도 합천군,술곡마을 세천 재해복구사업,(유)원주산업개발,271435752,90.366,
R26BK01485717,2026-04-24,한국농어촌공사 충북지역본부 괴산.증평지사,수암지구 수암양수장 1호 전동기 외 3개소 보수공사,주식회사 정원엔지니어링,28700000,90.822,
R26BK01485817,2026-04-23,경기도 이천시,복하천(지방하천) 마장지구 예초공사,(주)현주건설,49230000,90.0,
R26BK01474285,2026-04-24,경기도 남양주시 공원녹지관리사업소,2026년 공원 및 녹지관리사업(공사)-별내4공구,(주)대경조경,75487996,90.326,
R26BK01474350,2026-04-24,경상남도 함양군 상하수도사업소,운림지구 유수율 제고사업(2인 이상 견적 제출),주식회사 덕신건설,61583180,91.329,
R26BK01473907,2026-04-23,경상북도 고령군,덕곡면 가륜1리 마을회관 신축 공사(건축),한솔건설(주),265222350,90.399,
R26BK01477783,2026-04-24,전남광주통합특별시 완도군,2026년 복합다기능 부잔교 시설사업(2지구),삼관건설주식회사,120012160,90.178,
R26BK01452651,2026-04-24,경상남도교육청 김해생명과학고등학교,김해생명과학고등학교 인조잔디 운동장 교체공사 수의계약 안내 공고,주식회사 동인이엔씨,78249733,90.527,
R26BK01474981,2026-04-24,경상남도 양산시,박제상 효충공원 정비 공사,창진종합건설(주),91762200,90.668,
R26BK01477558,2026-04-24,경상남도 합천군,검암마을 한들농로 재해복구사업,주식회사 대광이앤씨,368397100,90.457,
R26BK01474884,2026-04-24,서울특별시 은평구,2026년 노후 어린이공원 정비사업,세영건설 주식회사,59694500,90.711,
R26BK01477742,2026-04-24,전남광주통합특별시 무안청사,평여119안전센터 신축공사(소방),덕성소방주식회사,65938399,90.325,
R26BK01487127,2026-04-24,서울특별시 중부공원여가센터,2026년 사방시설 유지보수공사,주식회사 하다이엔지,19669200,89.999,
R26BK01477754,2026-04-24,춘천시산림조합,2026년 큰나무가꾸기사업(2구역),정산임업 주식회사,36367070,89.892,
R26BK01477546,2026-04-24,경상남도 합천군,상두심 농로 재해복구사업,현민종합건설 주식회사,206733000,90.418,
R26BK01474444,2026-04-24,강원특별자치도 인제군,인제읍 원대리(89-1번지 일원) 농로 및 법면 정비공사,우창토건주식회사,39793000,90.299,
R26BK01470781,2026-04-23,경기도 안성시,서운산 둘레길 정비공사,시대건설주식회사,51455600,90.383,57320000
R26BK01477770,2026-04-24,전남광주통합특별시 완도군,완도군 축구전용구장 관리사무동 리모델링 공사(건축),디알종합건설 주식회사,150857500,90.332,
R26BK01475080,2026-04-24,강원특별자치도 속초시,속초시립박물관 경비실 리모델링 건축 공사,(주) 동방건장,33340967,90.308,
R26BK01472135,2026-04-24,충청남도 공주시,동학사 광역피뢰침 설치공사,대신전기공사,54428710,90.041,
R26BK01474407,2026-04-24,충청북도 증평군,증평농도 308호선 침수우려지역 개선공사,지우건설 주식회사,51646690,91.117,
R26BK01486044,2026-04-24,경기도 이천시,마장보도육교 시설물 보수공사,주식회사 석예,49498020,90.0,
R26BK01474194,2026-04-24,울산광역시,보호구역 시간제 속도제한사업,대성산업건설 주식회사,84797869,90.669,
R26BK01471591,2026-04-24,경기도 안산시,안산역 동측 공영유료주차장 현대화사업 전기공사,주식회사다원전기,28618670,90.288,
R26BK01476062,2026-04-24,경상남도 거제시,수월배수펌프장 유수지 준설 공사,주식회사 거진환경개발,89147000,90.391,98505000
R26BK01474632,2026-04-24,경상북도 영덕군,2026년 춘기 산불피해지 복구 조림사업(축산영덕지구) 1지구 견적제출 안내공고,(주)금산,147871300,89.89,
R26BK01471792,2026-04-24,경기도 의회사무처,경기도의회 5층 공간재배치 건축공사,(주)이담에스디,173404000,90.305,
R26BK01485464,2026-04-24,재단법인 재생의료진흥재단,재생의료진흥재단 기존 사무공간 원상복구 공사 용역,주식회사제이디웍스디자인,54890000,100.0,
R26BK01474807,2026-04-24,전남광주통합특별시 구례군 상하수도사업소,마산 광평마을 지방상수도 확충공사,(주)세종산업,45747500,90.37,
R26BK01474464,2026-04-24,강원특별자치도 인제군,인제읍 도시생활공원 조성사업(전기),주식회사 광산,154484750,90.364,
R26BK01476110,2026-04-24,충청남도 청양군 맑은물사업소,운곡면 승주동 광역상수도 확충공사,주식회사 세일건설,73708540,90.414,81248000
R26BK01475331,2026-04-24,강원특별자치도 양양군,손양지구 배수개선사업 전기 및 계측제어공사,영광전기(주),98955770,90.515,
R26BK01474273,2026-04-24,경기도 남양주시 공원녹지관리사업소,2026년 공원 및 녹지관리사업(공사)-별내8공구,(주)도시앤숲,69827867,90.372,
R26BK01477656,2026-04-24,강원특별자치도 삼척시,군도2호선(상덕리) 인도개설공사,(주)엔에스조경,144648900,90.677,
R26BK01474449,2026-04-24,강원특별자치도 인제군,인제읍 군계획도로(정평학원~인제축협) 인도정비공사,지산엘앤디주식회사,129839000,90.416,
R26BK01474470,2026-04-24,강원특별자치도 인제군,북면청소년문화의집 기능보강 공사(건축),동인건설(주),363933131,90.491,
R26BK01465098,2026-04-21,사단법인 한국생활환경석면협회,2026년 고흥군 슬레이트 처리 지원사업 (3권역),씨에스산업건설(주),145492577,90.398,
R26BK01473153,2026-04-24,부산광역시 중구,영주동 외 4개동 노후하수관로(23년 합류식) 정비공사 2차,윤슬건설 주식회사,152900834,91.711,
R26BK01483339,2026-04-24,충청남도 보령시,2026년 성주산자연휴양림 시설 보완공사(토목),보령시산림조합,162820000,89.748,
R26BK01473776,2026-04-24,충청북도 청주시,목련공원 산분장지 조성 공사,피누스조경건설 주식회사,116567240,90.114,
R26BK01471619,2026-04-24,경기도 안산시,2026년 호수공원 수목병해충 방제공사,경인이엔지주식회사,22372700,91.391,
R26BK01474178,2026-04-24,경상남도 김해시,금병공원 노후화장실 정비사업,주식회사 세광산업개발,23296390,90.343,
R26BK01474535,2026-04-24,전남광주통합특별시 장흥군,"부산 면도102호선(내안구룡길), 리도203호선(산새골), 면도101호선(용반) 측구 정비사업",제이케이토건 주식회사,34863350,90.277,
R26BK01477390,2026-04-24,충청남도 보령시,2026년 학교숲 조성사업,유한회사 토방,47141071,89.882,
R26BK01441861,2026-04-24,조달청 인천지방조달청,"(긴급)안성시 공공산후조리원 건립공사(건축,기계,토목,조경)",(주)새미르종합건설,5945780026,88.721,
R26BK01475590,2026-04-24,경상남도 의령군,2026년 등산로 노후시설 정비공사,주식회사 동진산림,31138180,90.784,
R26BK01476982,2026-04-24,서울특별시교육청 서울특별시교육청교육시설관리본부,학생교육원(대성리) 창조관 옥상방수공사[특허],주식회사 씨앤비,87847910,90.185,
R26BK01476752,2026-04-24,인천광역시 남동구,수현지구 소2-1호선 외 2개 노선 도로개설공사,동화중건설주식회사,187511900,90.299,
R26BK01477135,2026-04-24,경기도 화성시,황계동 도시재생어울림센터 내부 인테리어 공사(건축),주식회사 명인산업개발,157588810,90.722,
R26BK01474308,2026-04-24,경기도 남양주시 공원녹지관리사업소,2026년 공원 및 녹지관리사업(공사)-다산1동 5공구,대신엘앤씨,57083457,90.376,
R26BK01486260,2026-04-24,서울특별시 북부공원여가센터,서울창포원 조경시설물 정비공사,주식회사 구상나무,31705300,95.0,
R26BK01472049,2026-04-24,경기도 안산시 상록구,2026년 폭염대비 시설 상록 그늘막 유지관리 및 정비공사,주식회사 미도,79392687,90.394,
R26BK01475747,2026-04-24,경상북도교육청 경상북도봉화교육지원청,내성초등학교 본관동 방수공사,(주)제일케미칼,109931680,90.499,
R26BK01470245,2026-04-24,한국공항공사 김포공항,김포공항 고가도로 및 지하차도 보수보강공사,(주)월드이앤씨,459251100,90.795,
R26BK01477761,2026-04-24,전남광주통합특별시 완도군,청산도 슬로우길 개선사업(3지구) 전기공사,학림건설(주),97871000,90.475,
R26BK01477758,2026-04-24,전남광주통합특별시 완도군,노화 마삭도 선착장 연장 공사,아리건설(유),161807690,90.397,
R26BK01475205,2026-04-24,경기도 안산시,안산시 건설기계 임시주기장 조성공사,민환경산업(주),111001677,91.064,
R26BK01476704,2026-04-24,충청북도 청주시 청원구,2026년 청원구 하천 제초 및 수목제거공사,초목조경 주식회사,174575350,90.471,
R26BK01477056,2026-04-24,서울특별시교육청 서울특별시교육청교육시설관리본부,학생교육원(글로벌) 비탈면 및 배수로 개선공사,주식회사 지현,134734000,90.368,
R26BK01486719,2026-04-24,한국농어촌공사 충북지역본부 충주.제천.단양지사,2026년 춘계 충주3지구 용배수로 퇴적물제거사업(장비),(주)신진종합건설,16640000,89.829,
R26BK01468601,2026-04-24,국립목포해양대학교,글로벌인재관(외국인생활관) 노후 냉난방기 교체 공사,주식회사 정인기공,246251960,90.122,
R26BK01476648,2026-04-24,강원특별자치도 삼척시 노곡면,중마읍리 172-2번지 일원 배수로 설치 공사,보선건설 주식회사 (寶饍建設 株式會社),23278760,90.304,
R26BK01476596,2026-04-24,법무부 대구지방교정청 경북북부제1교도소,소방차 및 관용차량 차고지 증축공사(전기),주식회사 경빈전기,59564832,90.349,
R26BK01474782,2026-04-24,경기도 김포시,"2026년 남부권역 고촌, 아라뱃길 공원녹지 병해충방제 연간단가공사",(주)송림나무병원,87182881,90.286,
R26BK01471280,2026-04-23,충청남도 서천군,2026년 서천향교 주변정비공사,주식회사송원,39727000,90.276,
R26BK01476684,2026-04-24,경기도 시흥시,2026년 상수도 긴급누수복구 및 유지관리 연간단가(2차 1권역),주식회사 삼대건설,179969730,90.261,
R26BK01473715,2026-04-24,울산광역시 울주군,빈집정비 지원사업 철거공사,기명 이엔씨 주식회사,49125388,90.316,
R26BK01477463,2026-04-24,경상남도 산청군 시천면,시천 천평마을 농로 확포장 공사,화연건설주식회사,67566200,90.233,
R26BK01477094,2026-04-24,대전광역시 중구,2026년 공원 병해충 방제사업,주식회사 산들,47400010,90.555,
R26BK01477752,2026-04-24,경상남도 하동군,적량 군도7호선 (관리지구) 선형개량사업 석면철거공사,주식회사 태우건설,23561480,90.294,26473000
R26BK01473775,2026-04-24,경기도 남양주시 공원녹지관리사업소,2026년 공원 및 녹지관리사업(공사)-별내6공구,진평 주식회사,66596180,90.335,
R26BK01475469,2026-04-24,한국수산자원공단제주본부,2026년 제주 바다숲 1년차 하모리 자연석 시설,주식회사 도경건설,195032000,90.271,
R26BK01472351,2026-04-24,경기도 수원시 영통구,2026년 영통구 시설녹지 병해충 방제공사(단가계약),현대관리 주식회사,18878,90.095,21000
R26BK01476296,2026-04-24,경기도 안양시,경기 흙향기 맨발길 조성사업(꽃양묘장 맨발길 조성공사),주식회사 지인,84133698,90.157,
R26BK01473755,2026-04-24,충청북도 청주시,장애인 복지타운 부설주차장 조성부지 기존건축물 해체공사,(주)진특수,70870700,90.388,
R26BK01472890,2026-04-24,부산환경공단 녹산사업소,침사인양기(A호기) 오버홀 수선공사,청록건설(주),93098500,90.164,
R26BK01468583,2026-04-24,경상남도 고성군,고성군치매전문요양원 냉난방설비 교체공사,용신건설 주식회사,146277530,90.473,
R26BK01477160,2026-04-24,강원특별자치도 글로벌본부,2026년 삼척항 야적장포장 및 시설정비공사,(주)대덕종합건설,316007301,90.4,
R26BK01477592,2026-04-24,경상남도 합천군,대병면 상천지구 재해복구사업,서웅토건 합자회사,378064000,91.063,
R26BK01474298,2026-04-24,경기도 남양주시 공원녹지관리사업소,2026년 공원 및 녹지관리사업(공사)-다산1동 2공구,주식회사 대림이엔씨,65578243,90.322,
R26BK01475809,2026-04-24,강원특별자치도 평창군,속사2리 물안골 농로 정비공사,(주)하니건설,31065000,90.317,
R26BK01485405,2026-04-23,한국어촌어항공단,광양시 강마을 내륙어촌재생사업 시설물보완공사,주식회사 인성,12700000,,
R26BK01474532,2026-04-24,경기도 송탄소방서,"송탄소방서 노후 냉, 난방기 교체공사",주식회사 금강뉴이앤씨,191843655,90.045,
R26BK01475265,2026-04-24,경상북도 경주시,침출수처리시설 대수선 공사(2차),케이텍솔루션 주식회사,195531700,90.376,
R26BK01476927,2026-04-24,경상북도 의성군,2026년 산사태예방사업(동변1지구),주식회사 금복,53629000,90.835,
R26BK01476782,2026-04-24,충청남도 부여군,제2의 고향마을 조성사업 전기공사,주식회사 케이엘테크,102003760,90.415,
R26BK01475468,2026-04-24,경기도 오산시,"2026년 녹지유지관리 공사(중앙동,대원동)",광림조경,129096000,90.494,
R26BK01476446,2026-04-24,경상남도,거제시 남부면 도장포해역 인공어초 시설공사,부흥건설주식회사,314619000,90.399,
R26BK01474282,2026-04-24,경기도 평택시,2026년 차선도색공사(북부지역),주식회사 대방스,138482607,90.129,
R26BK01477393,2026-04-24,경기도 평택시,팽성읍 남산리 315-39번지 일원 2구간 가로등 설치공사,주식회사 에스제이네트웍스,60315560,90.441,
R26BK01469076,2026-04-24,한국농어촌공사 충남지역본부 청양지사,청양읍 농촌중심지활성화사업 일상돌봄 플랫폼 전기공사,주식회사 대오전력,260089460,90.319,
R26BK01474889,2026-04-24,충청북도 진천군,2026년 생거진천 치유의 숲 보완사업,주식회사 한섬임업개발,30952462,90.235,
R26BK01477415,2026-04-24,충청남도 서산시,2025년 호우피해 복구공사(운산-고산팔중지구),주식회사 서령산림,91379000,90.335,
R26BK01476653,2026-04-24,경상국립대학교,농생과학관 등 2개동 노후시설 방수공사,주식회사 영호건설,57403020,90.403,
R26BK01476052,2026-04-24,충청북도 충주시,능동경로당외1개소노인보호구역개선사업,중앙강건(주),24133700,90.328,
R26BK01476493,2026-04-24,부산교통공사,영산대 등 2역 고객대기실 설치공사,(주)강윤,93215690,90.304,
R26BK01476021,2026-04-24,경상남도,통영시 욕지면 적도해역 인공어초 시설공사,주식회사 산천,303173900,90.398,
R26BK01475238,2026-04-24,경상남도 창녕군,노단이노후정수장정비사업통신공사,주식회사순흥이엔지,161774400,90.396,
R26BK01471464,2026-04-24,한국철도공사 회계통합센터,경부선 상동~밀양간 신안천교 외 4개소 교량 개량공사,대한씨알엠 주식회사,383399000,90.316,
R26BK01473679,2026-04-24,경기도 남양주시 공원녹지관리사업소,2026년 공원 및 녹지관리사업(공사)-별내5공구,(주)도시앤숲,71165464,90.323,
R26BK01477072,2026-04-24,충청북도 청주시 청원구,청원구청 구내식당 환기시설 개선공사(건축),대륙산업개발,115211000,98.411,
R26BK01474838,2026-04-24,경기도 김포시,"2026년 남부권역 사우, 북변, 걸포 공원녹지 병해충방제 연간단가공사",김포시산림조합,97707800,90.271,
R26BK01476771,2026-04-24,경기도 하남시,2026년 감초로 등 가로수 관리공사(단가계약) 수의견적 제출 공고,에코산업 주식회사,65240575,90.328,
R26BK01476584,2026-04-24,강원특별자치도 춘천시,도시바람길숲(8호 연결녹지) 조성사업,(주)겅호,174477368,90.161,
R26BK01476424,2026-04-24,전남광주통합특별시 여수시,남산지구 취약지역 생활여건 개조 집수리 지원사업(2차),주식회사 보광,29322980,90.214,
R26BK01475143,2026-04-24,경상북도 의성군,단촌면새마을환경살리기창고 신축공사,신명종합건설 주식회사,151963000,90.317,
R26BK01477702,2026-04-24,전남광주통합특별시 무안청사,영암소방서 본서 환경개선 공사,옥토건설 주식회사,118531490,90.335,
R26BK01477780,2026-04-24,전남광주통합특별시 완도군,2026년 복합다기능 부잔교 시설사업(4지구),주식회사 현건축,73083540,90.419,
R26BK01476588,2026-04-24,경상북도 포항시,오천 항사리(8-1) 배수로 정비공사,(주)평강건설,89140770,90.487,
R26BK01474524,2026-04-24,전북특별자치도 김제시,금구면 금구 명품길 주차장 조성 공사,주식회사 우리건설,34399346,90.15,
R26BK01477109,2026-04-24,충청남도 계룡시,2026년 도로변 예초관리사업,(주)청림건설조경,88643900,90.61,97344000
R26BK01475900,2026-04-24,강원특별자치도 평창군,오대천(동산지구) 지방하천 유지보수공사,주식회사다우라인,179579800,90.488,
R26BK01477050,2026-04-24,경기도 남양주시,퇴계원 운동장 조성사업(통신),주식회사 웨이텍이엔지,77828470,90.308,
R26BK01476033,2026-04-24,경상남도 창원시 의창구,내동지소하천(극동아파트) 제방 정비공사,경부건설 주식회사,47956400,90.425,
R26BK01472635,2026-04-24,전북특별자치도 남원시,2026년 하반기 1지역 보안등 신규 설치공사,주식회사 호원전력,57529442,90.184,
R26BK01472640,2026-04-24,전북특별자치도 남원시,2026년 하반기 2지역 보안등 신규 설치공사,주식회사 다선이엔지,55055600,90.655,
R26BK01477391,2026-04-24,전남광주통합특별시 여수시,미평동 양지마을 낙포경로당 보수공사,대청기업(주),25398830,90.109,
R26BK01474302,2026-04-24,경기도 남양주시 공원녹지관리사업소,2026년 공원 및 녹지관리사업(공사)-다산1동 3공구,엘플러스 주식회사,53014200,90.345,
R26BK01477711,2026-04-24,강원특별자치도 삼척시,삼척수협 수산물 직매장 건립공사(통신)(입찰대행),동광정보통신(주),42058000,90.697,
R26BK01469947,2026-04-24,전남광주통합특별시 나주시,2026년 친환경농업기반 구축사업(건축)(민간입찰대행),민영건설주식회사,445314400,90.177,
R26BK01474442,2026-04-24,전남광주통합특별시 장흥군,2026년 어린나무가꾸기사업(남부지구),유한회사 소담산림,41911070,90.397,
R26BK01476689,2026-04-24,경상남도 통영시,한산 야소마을회관 및 경로당 리모델링 공사(입찰대행),토영건설 주식회사,69740000,90.648,
R26BK01469857,2026-04-24,전북특별자치도 익산시,오산면 목천리 950-2번지 일원 배수관 확장공사,유한회사 세진건설,146311700,90.318,
R26BK01476412,2026-04-24,경상북도 봉화군,봉화군청 주출입구 캐노피 보수공사(건축),주식회사 우리안전,83422786,90.305,
R26BK01474261,2026-04-24,대구광역시 도시관리본부,2026년 방촌양묘장 비닐하우스 개선공사,주식회사동해건설,44116520,89.957,
R26BK01476654,2026-04-24,경기도 가평군,달전천(달전리)  징검다리 보수공사,현대환경디자인 주식회사,23235000,90.803,
R26BK01476880,2026-04-24,충청북도 청주시 서원구,남이 문동2리 구거정비공사,케이에스엠건설(주),41676000,90.206,
R26BK01477781,2026-04-24,전남광주통합특별시 완도군,2026년 복합다기능 부잔교 시설사업(1지구),삼관건설주식회사,159232170,90.239,
R26BK01476101,2026-04-24,전북특별자치도 완주군,2026년 상반기 긴급재해예방 유지보수 단가계약(2지구),주식회사 예답건설,84104400,90.119,
R26BK01486786,2026-04-24,한국농어촌공사 제주지역본부,삼달2리 마을단위특화개발사업 임목처리 공사,주식회사 산,32878000,90.0,
R26BK01472533,2026-04-24,충청남도 공주시,공동육아나눔터 1호점 환경개선사업(건축),주식회사 일등건설,65766960,90.144,
R26BK01474331,2026-04-24,경상북도 울릉군,현포리 일주도로 비탈면 피해복구사업,주식회사 코하건설,34674360,90.333,
R26BK01477101,2026-04-24,경상북도 의성군,2026년 산사태예방사업(신안1지구),주식회사 금복,36347000,90.346,
R26BK01476479,2026-04-24,전남광주통합특별시 여수시,가고 싶은 섬(대횡간도) 가꾸기 사업 생활로 정비 공사,시선조경(주),59568400,90.347,
R26BK01475019,2026-04-24,경상북도 영덕군,2026년 춘기 조림사업(경제림 조성) 견적제출 안내공고,주식회사 디에스산림,55617000,89.943,
R26BK01472884,2026-04-24,충청북도 옥천군 농업기술센터,친환경농산물산지유통센터 위생시설 보완 공사(건축),주식회사지엠테크,173279092,90.327,
R26BK01477733,2026-04-24,전남광주통합특별시 무안청사,평여119안전센터 신축공사(정보통신),한양공영(주),110389970,90.458,
R26BK01470640,2026-04-24,울산시설공단,2026년 울산광역시 가로변 조경 관리공사 1구간(울주군),주식회사 도래솔,468915500,90.763,
R26BK01475078,2026-04-24,전남광주통합특별시 남구,2026년 도로변 풀베기 사업,주식회사한결이엔지,27013900,90.734,
R26BK01474257,2026-04-24,충청남도 예산군,"2026 정주환경개선 광시면 서초정2리, 노전리 배수로 정비공사",(주)성도건설,24072900,90.261,
R26BK01474179,2026-04-24,경상남도 김해시,팔각공원 현대화 사업,주식회사 도시와조경,140000000,97.198,
R26BK01471606,2026-04-24,경기도 안산시,2026년 안산정수장 및 관할 배수지·가압장 풀깎기 공사,풍천건설산업(주),65125300,90.402,
R26BK01474608,2026-04-24,전북특별자치도 전주시 완산구,2026년 화산공원 등산로 정비공사,(주)에코탑플러스,32467800,90.296,
R26BK01477093,2026-04-24,재단법인충남콘텐츠진흥원,태안 강소형 스마트시티 케어스테이션 공사(전기),주식회사 넥스텝,90420820,90.244,
R26BK01460295,2026-04-24,한국방송공사,제주송신소 CCTV 보강공사,진일정보통신,63713535,85.008,
R26BK01475274,2026-04-24,충청북도 진천군,2026년 임도 구조개량사업(송림지구),주식회사 우승,102087000,90.661,
R26BK01474448,2026-04-24,전남광주통합특별시 장흥군,2026년 어린나무가꾸기사업(중부지구),(유)비치임업,76213320,90.408,
R26BK01469253,2026-04-24,경기도,2026년 양평대교 등 3개소 안전난간 보강공사,주식회사 현대하우시스,560416120,91.179,
R26BK01477677,2026-04-24,강원특별자치도 삼척시,삼척수협 수산물 직매장 건립공사(기계)(입찰대행),영진산업주식회사,69774000,90.099,
R26BK01476800,2026-04-24,경상북도 김천시,봉산면 태화교 주변 직지사천 수해복구 및 선돌천 정비공사,부안건설 주식회사,42224670,90.256,
R26BK01476238,2026-04-24,대전광역시,2026년도 대전보훈공원 조경지 유지관리 공사,주식회사동산조경,24810400,90.325,
R26BK01477523,2026-04-24,경상남도 합천군,2026년 합천 영암사지 예초작업,주식회사 정담,34007000,90.317,
R26BK01477747,2026-04-24,서울특별시 중랑구,2026년 사방시설 보수정비사업,주식회사 아주산림,68157820,90.075,75735000
R26BK01473206,2026-04-24,경상북도 칠곡군,득명지 정비공사,주식회사참조은건설,149723968,90.872,
R26BK01477219,2026-04-24,경상북도 경주시 맑은물사업본부,덕동교구간 송수관로 보호공 설치공사,주식회사 은성,46426306,90.629,
R26BK01474431,2026-04-24,강원특별자치도 인제군,인제읍 상동리 제15주차장 조성사업,신풍종합건설주식회사,196423540,90.329,
R26BK01475784,2026-04-24,농촌진흥청 국립원예특작과학원,북부원예시험장 시험포장 조성 공사,이씨에이코리아주식회사,365719633,90.276,
R26BK01474197,2026-04-24,경상남도 창원시 마산합포구,남해안대로(동전터널~현동교차로)  일원 외 1개소 노면표시 정비공사,(합)대창강업,39959400,90.821,
R26BK01474047,2026-04-24,충청북도 옥천군 농업기술센터,친환경농산물산지유통센터 위생시설 보완 공사(전기),시온전기,38209917,90.419,
R26BK01476561,2026-04-24,전남광주통합특별시 무안군,노을길 야영장 위생시설 개보수사업,조원산업(주),75869930,90.265,
R26BK01476994,2026-04-24,경기도 가평군,"군도1호선(상색리,하색2리) 배수시설 정비공사",건륭건설 주식회사,67481600,91.677,
R26BK01477643,2026-04-24,대구광역시 달성군,2026년 달성2차산업단지 도시공원 잔디 유지관리 공사,명신산업개발 주식회사,31327150,90.317,
R26BK01477242,2026-04-24,경기도 가평군,법정도로 교량 3개교 중대결함 보수공사,(주)성신건설,175508745,90.279,
R26BK01476415,2026-04-24,경상북도 영천시,대창 신광리 리도204호선 확포장공사,주식회사 효성토건,289496100,90.46,
R26BK01474249,2026-04-24,충청남도 예산군,2026년 예산군 근린공원 정비사업,(주)덕산조경,98779475,90.389,
R26BK01476118,2026-04-24,한국농어촌공사 충북지역본부 충주.제천.단양지사,장저울지구 가뭄대비 용수개발사업 지하수개발공사,주식회사 금산건설,125664310,90.325,
R26BK01476833,2026-04-24,전남광주통합특별시 북구,2026년 교통안전 시설물 정비 단가계약,태능종합산업 주식회사,6151042,90.133,
R26BK01475705,2026-04-24,부산광역시 중구,중앙공원 미니파크골프장 조성공사,주식회사 상목건설,95518052,90.263,
R26BK01469336,2026-04-24,전북특별자치도 남원시,2026년 가로수 조성사업(교룡로),유한회사 어울림조경,213021100,90.006,
R26BK01477521,2026-04-24,화성도시공사,그린환경센터 수영장 여자탈의실 개선공사,오랑주리그린하우스 주식회사,35407696,90.513,
R26BK01474436,2026-04-24,강원특별자치도 인제군,북면 용대3리(286-1번지 일원) 농로 포장공사,한솔건설(합자),20874800,90.223,
R26BK01476893,2026-04-24,경기도 하남시,2026년 서하남로 등 가로수 관리공사(단가계약) 수의견적 제출 공고,주식회사 더힐림,63518000,90.321,
R26BK01474986,2026-04-24,경상북도 영덕군,2026년 춘기 산불피해지 복구 조림사업(축산영덕지구) 4지구 견적제출 안내공고,주식회사새림플러스,126957350,90.163,139787000
R26BK01477658,2026-04-24,문화체육관광부 국립중앙도서관 국립어린이청소년도서관,"미화실 환경개선 공사(건축, 기계)",봉황종합건설 주식회사,73244350,89.902,
R26BK01429382,2026-04-24,조달청 광주지방조달청,광주호지구 용배수로 수리시설개보수사업 토목공사,주식회사 무하,2968235320,89.269,
R26BK01474267,2026-04-24,경기도 평택시,2026년 차선도색공사(서부지역),주식회사 화승건설도장,92788000,90.476,
R26BK01474211,2026-04-24,경상남도 창원시 마산합포구,해안대로 279일원 유턴설치공사,주식회사 대산기술산업,36900000,90.595,
R26BK01475982,2026-04-24,전북특별자치도 무주군,무주 농산물산지유통센터 선별장 증축공사,주식회사 부송건설,277169300,90.257,
R26BK01467359,2026-04-24,한국농어촌공사 제주지역본부,2026년 서귀포시 공공관정 그라우팅 및 보수·보강공사,주식회사 한가람,82368000,90.322,
R26BK01470221,2026-04-24,전라북도 남원시 아영면,2026년 일대마을 깊은골들 용배수로 정비공사,주식회사 동림건설,37815600,90.345,
R26BK01473731,2026-04-24,국가유산청 궁능유적본부,구리 동구릉 내 혜릉 관람객화장실 신축 전기공사,세창건설 주식회사,49999900,96.603,
R26BK01472968,2026-04-24,용현노인문화센터,용현노인문화센터 화장실 리모델링 개보수 공사,주식회사 공간환경디자인,44169550,89.994,
R26BK01487089,2026-04-24,서울특별시 북부공원여가센터,북서울꿈의숲 야외데크쉼터 녹지 정비공사,대한종합조경(주),47479100,95.0,
R26BK01485134,2026-04-24,국립공원공단 변산반도국립공원사무소,2026년 변산반도 문화유산지구(내소사) 정비공사,주식회사 빌드바치,34076000,94.998,
R26BK01485675,2026-04-23,경기도 이천시,2026년 백사면 송말리 산수유나무 식재공사,주식회사 길포장,22077000,90.0,
R26BK01471258,2026-04-24,한국철도공사 회계통합센터,호남선 부용-김제 간 99.890km 부근 외 3개소 배수시설 개량공사,(유)동상건설,446834768,90.357,
R26BK01476894,2026-04-24,재단법인충남콘텐츠진흥원,태안 강소형 스마트시티 케어스테이션 공사(통신),지심전기 주식회사,60755000,90.146,
R26BK01473878,2026-04-24,경기도 평택시 상하수도사업소,통복동 행정복지센터 일원 노후관 교체공사,주식회사태림이엔티,1295715810,89.404,
R26BK01473192,2026-04-24,경기도 남양주시 공원녹지관리사업소,2026년 공원 및 녹지관리사업(공사)-진접3공구,진평 주식회사,64876600,90.391,
R26BK01474955,2026-04-24,대전광역시,2026년 대청호 수중폭기시설 증설공사,주식회사 텔콤,107975810,90.262,
R26BK01473721,2026-04-24,경상북도 구미시 상하수도사업본부,2026년 강서 읍면지역 상수도 긴급 복구공사 단가계약(3차),수창테크 주식회사,87547370,90.241,
R26BK01469098,2026-04-24,중소기업은행,강동구청역지점 전체 레이아웃 전기공사,거성일렉콤(주),131492128,90.561,
R26BK01486728,2026-04-24,서울특별시 서부공원여가센터,2026년 보라매공원 정원시설물 유지보수 공사(연간단가),주식회사 오르난엘에스,48500000,100.0,
R26BK01486841,2026-04-24,한국농어촌공사 충남지역본부 공주지사,율정리 소규모 수리시설개보수공사,주식회사 태산건설,16500000,89.996,
R26BK01486832,2026-04-24,강원특별자치도 원주시 판부면,금대2리 한여마을길 도로정비공사,동원건설주식회사,22430000,89.777,
R26BK01471251,2026-04-24,서울교통공사,2026년 명동역 고객안전실 및 직원침실 환경개선 전기공사,부원동력(주),148339777,90.332,
R26BK01469082,2026-04-24,부산광역시동래교육청 금정중학교,금정중학교 수배전반교체 전기공사,이앤에프 주식회사,104458065,90.175,
R26BK01469169,2026-04-24,산림청 동부지방산림청 평창국유림관리소,2026년 산림유역관리사업(신리),주식회사 성림산림,699426600,87.762,
R26BK01475059,2026-04-24,경상남도 창원시,창원특례시 평생학습관 실내 인테리어 공사(건축),세신건설주식회사,154552060,90.212,
R26BK01470812,2026-04-24,과학기술정보통신부 우정사업본부 서울지방우정청,서대문우체국 보일러 교체공사(기계),주식회사 동행기업,86474789,89.967,
R26BK01474467,2026-04-24,전남광주통합특별시 장흥군,"장흥 리도216호선(IC주유소 옆), 면도102호선(산단 옆) 병목구간 개선사업",주식회사 상록,35074100,90.253,
R26BK01474766,2026-04-24,재단법인 성남문화재단,2026년 성남아트센터 조경관리 공사,한솔조경,43631140,90.378,
R26BK01474363,2026-04-24,경기도 남양주시 공원녹지관리사업소,2026년 공원 및 녹지관리사업(공사)-다산2동 1공구,성진조경,68961610,90.32,
R26BK01476138,2026-04-24,전북특별자치도 완주군,2026년 상반기 긴급재해예방 유지보수 단가계약(3지구),(유)영주토건,84331000,90.109,
R26BK01475142,2026-04-24,전북특별자치도교육청 전북특별자치도군산교육지원청,군산동초 외 1교(군산자양중) 교사수선 및 기타 전기공사,세웅전력 주식회사,46603733,90.263,
R26BK01475854,2026-04-24,충청남도 부여군,남면 마정7리 배수로 정비공사(편안한물길),전백건설(주),38277090,90.228,
R26BK01475990,2026-04-24,충청북도 진천군,대산천2 재해복구공사,주형건설(주),30343600,90.3,
R26BK01474457,2026-04-24,경기도 남양주시 공원녹지관리사업소,2026년 공원 및 녹지관리사업(공사)-화도3공구,성진조경,78025740,90.357,
R26BK01473181,2026-04-24,경상남도 함양군 서상면,(구)서상면사무소 부지 주차공원 조성사업,주식회사 우솔건설,66775100,91.433,
R26BK01469607,2026-04-24,경상북도 예천군 체육사업소,은풍면 그라운드골프장 및 게이트볼장 조성공사,(주)도원건설,261723550,90.586,
R26BK01476090,2026-04-24,서울교통공사,명동역 근무환경 개선 소방공사,라운드방재,36106190,90.553,
R26BK01471144,2026-04-24,한국철도공사 회계통합센터,부산철도차량정비단 고속기지 D1선 상부작업대 개량 기타공사,주식회사 인테라,772777810,90.359,
R26BK01472772,2026-04-24,경상북도 북부건설사업소,국지도88호 우구치1교 보수공사,주식회사 류경산업,49296200,91.41,
R26BK01474882,2026-04-24,경기도 남양주시 도로관리사업소,2026년 도로시설물 유지보수공사 단가계약(2차) 2권역,에이치솔루텍(주),17532292,90.181,
R26BK01474208,2026-04-24,경상남도 창원시 마산합포구,무학로 서원곡교차로 일원 외 2개소 노면표시 정비공사,승진건설 주식회사,31108560,90.86,
R26BK01485674,2026-04-24,한국농어촌공사 전남지역본부 함평지사,월야지구(월야14지선) 자체개보수사업,주식회사 나경건설,17630000,89.99,
R26BK01472848,2026-04-24,경상북도 북부건설사업소,국지도69호 대2교 외 1개교 보수공사,주식회사중원건설,56791092,91.1,
R26BK01474055,2026-04-24,경상남도 김해시,상동처리구역 오수시설 보수공사,주식회사 하나건설이엔씨,152484370,90.389,
R26BK01463644,2026-04-20,과학기술정보통신부 우정사업본부 전남지방우정청,서광주우체국 유압식 화물용 승강기 교체 공사,주식회사 에이엔티,88394890,90.239,
R26BK01485656,2026-04-24,한국지역난방공사 서울중앙지사,중앙지사 상암열원 분산제어설비 개선공사,한국에머슨 주식회사,1985720000,90.601,
R26BK01477133,2026-04-24,전북특별자치도 전주시 덕진구,동산고가도로(옹벽 도로) 재포장 및 보수보강 공사 견적제출 안내공고,유한회사 유성포장건설,157400872,90.598,
R26BK01400845,2026-04-24,광주광역시 도시공사,"광주 AI융복합지구 지식산업센터 건립공사(건축,기계,토목,조경)",주식회사 미래도건설,8883870900,88.772,
R26BK01452147,2026-04-24,경기도,"사격테마파크 시설 개보수 공사(건축, 기계)",(주)가능건설,1288664700,89.28,
R26BK01454440,2026-04-24,조달청 대구지방조달청,본관 1층 문서고 등 증축공사,주식회사 엘케이종합건설,432980860,90.343,
R26BK01474387,2026-04-24,경기도 남양주시 공원녹지관리사업소,2026년 공원 및 녹지관리사업(공사)-다산선형공원 등,주식회사 대림이엔씨,64097816,90.315,
R26BK01473826,2026-04-24,경기도 남양주시 공원녹지관리사업소,2026년 공원 및 녹지관리사업(공사)-별내7공구,주식회사 베네비타조경건설,63215412,90.333,
R26BK01474391,2026-04-24,충청남도 아산시,고용산 숲속야영장 조성사업(전기),주식회사 대정솔루션,371404864,90.323,
R26BK01475659,2026-04-24,강원특별자치도 평창군,백옥포1리(바우개) 도수로 정비공사,주식회사고훈건설,93961000,90.42,
R26BK01474366,2026-04-24,경기도 남양주시 공원녹지관리사업소,2026년 공원 및 녹지관리사업(공사)-양정권역,산솔조경 주식회사,59534750,90.318,
R26BK01473512,2026-04-24,전남광주통합특별시 구례군,섬진강 수달생태공원 야간경관조성,주식회사 건국전기,91367960,90.313,
R26BK01473049,2026-04-24,울산광역시 울주군,도로관리서비스센터 부지철거공사,주식회사 지티에스,97468507,90.021,
R26BK01474437,2026-04-24,경상남도 하동군,2026년 옥종면 재활용 도움센터 설치사업,세강종합건설 주식회사,110528000,90.24,
R26BK01455633,2026-04-24,조달청 대구지방조달청,바이오백신 오픈이노베이션센터 구축사업(통신),주식회사 미르텍,389590330,90.488,
R26BK01485931,2026-04-24,한국농어촌공사 강원지역본부 강릉지사,훼손농지복구사업 1차(사천면 덕실리 훼손농지 복구공사),주식회사효광건설,19700000,90.106,
R26BK01474479,2026-04-24,경기도 남양주시 공원녹지관리사업소,2026년 공원 및 녹지관리사업(공사)-평내2공구,주식회사 늘푸른이야기,46233500,90.325,
R26BK01460109,2026-04-24,양구군산림조합,2026년 통합 숲가꾸기사업(공익림),(주)엘림,51779450,90.578,
R26BK01470216,2026-04-24,한국주택금융공사,한국주택금융공사 경기남부지사 이전 사무실 사무환경 조성공사(건축),(주)디자인마고,608169000,90.304,
R26BK01486042,2026-04-24,한국농어촌공사 강원지역본부 강릉지사,농업기반시설 민원해소사업(사천지구 덕실1용수간선 복구공사),주식회사환동해건설,34300000,90.31,
R26BK01475380,2026-04-24,한국농어촌공사 충북지역본부,2026년 농촌지하수관리 신규관측공 설치공사,주식회사 상지,73812389,90.271,
R26BK01474148,2026-04-24,전북특별자치도 고창군,고창읍성 한옥복합문화공간 조성사업(건축),주식회사 태경,87565500,90.302,
R26BK01477541,2026-04-24,경상남도 합천군,대기지구 농로 재해복구사업,엠제이건설 주식회사,158174680,90.334,
R26BK01475904,2026-04-24,전북특별자치도 무주군,무주 농산물산지유통센터 선별장 증축공사(소방공사),유한회사우리소방,29235940,91.554,
R26BK01475787,2026-04-24,충청남도 부여군,임천면 점4리 배수로 정비공사(농촌활력),스카이 주식회사,24163510,90.244,
R26BK01477534,2026-04-24,경상남도 합천군,합천 영암사지 석축정비공사,주식회사 한결문화유산,67105000,91.705,
R26BK01474367,2026-04-24,전북특별자치도 군산시,관리도발전소 위험물보강 건축공사,주식회사 한유종합건설,197254760,90.121,
R26BK01481490,2026-04-24,한국지역난방공사 광주전남지사,광주전남지사 수폐수처리 제어시스템 DCS 통합구축 공사,㈜에이비비코리아,1095776000,88.228,
R26BK01473170,2026-04-23,강원특별자치도 화천군,2026년 어린이보호구역 시설개선사업(유촌초교),조양건설주식회사,33956000,91.168,
R26BK01472781,2026-04-24,제주특별자치도 서귀포시,전국체전 대비 도로표지판 정비공사,주식회사 삼부기업,133767250,90.445,
R26BK01470052,2026-04-24,서울특별시,2026년 제기동 외 6개동 상수도공사(장기계속단가계약),구준건설 주식회사,890346430,90.615,
R26BK01469111,2026-04-24,세종특별자치시교육청 세종특별자치시교육청학교지원본부,장영실고 지붕방수 및 기타공사,주식회사 세종방수,98823200,90.414,
R26BK01476949,2026-04-24,경기도 시흥시,2026년 상수도 긴급누수복구 및 유지관리 연간단가(2차 3권역),비엔제이건설(주),178341930,90.394,
R26BK01475696,2026-04-24,경기도 안산시,2026년 어린이보호구역 스마트횡단보도 설치공사(진흥초),삼정아이엔씨(주),116857400,90.389,
R26BK01476095,2026-04-24,전북특별자치도 전주시 완산구,2026년 우기대비 하수도 우수받이 기계준설공사(4구역),(주)남영건설,88966685,90.502,
R26BK01477298,2026-04-24,전남광주통합특별시 장성군,진원면 매화마을 마을만들기사업 건축공사,(주)글래드솔루션,212509000,90.293,
R26BK01477261,2026-04-24,전남광주통합특별시 장성군,진원면 매화마을 마을만들기사업 전기공사,주식회사 신명,31547633,90.353,
R26BK01477043,2026-04-24,경기도 시흥시,2026년 상수도 긴급누수복구 및 유지관리 연간단가(2차 4권역),(주)다원건설,180210189,90.286,
R26BK01473934,2026-04-24,울산광역시산림조합,"2026년 소나무재선충병 수종전환 방제사업(온양내광,삼광지구)",(주)화수목,55299000,89.868,61900000
R26BK01475650,2026-04-24,전북특별자치도교육청 전북특별자치도군산교육지원청,군산풍문초 물탱크실 증축 및 기타공사,유한회사 세정,150441600,90.254,
R26BK01440638,2026-04-24,조달청 충북지방조달청,한국교원대학교 외벽 방수공사,주식회사 태건이엔씨,615508100,90.321,
R26BK01474803,2026-04-24,경기도 김포시,"2026년 남부권역 풍무, 향산 공원녹지 병해충방제 연간단가공사",한서조경개발(주),75529500,90.247,
R26BK01470003,2026-04-24,한국농어촌공사 충남지역본부 청양지사,청양읍 농촌중심지활성화사업 일상돌봄 플랫폼 통신공사,주식회사 나은기술,100097487,90.208,
R26BK01455673,2026-04-24,조달청 대구지방조달청,바이오백신 오픈이노베이션센터 구축사업(소방),주식회사 경북소방,468593522,90.42,
R26BK01470092,2026-04-24,충청남도 공주시,우성면 방문리 영농폐기물 공동집하장 정비공사,가야건설(주),26065110,89.933,
R26BK01475849,2026-04-24,경상남도 거제시,데크시설물 오일스테인 도장공사,주식회사 제이제이건설,43495786,90.205,
R26BK01476094,2026-04-24,한국농어촌공사 경남지역본부 고성.통영.거제지사,견유 권역단위거점개발사업 소방공사,(주) 창명소방,26385940,90.451,
R26BK01471672,2026-04-24,경상남도 산청군,산청군 소각장 내화물 보수공사,경원플랜트,124141851,90.359,
R26BK01472936,2026-04-24,울산광역시 울주군,범서 큰말천(두산리 512번지 일원) 교량 재가설공사,(주)한밭건설,108783999,90.45,
R26BK01474463,2026-04-24,대구광역시 동구,2026년 산림복지 나눔숲 조성공사,주식회사 티앤티,132691500,90.163,
R26BK01476983,2026-04-24,서울교통공사,6호선 삼각지역 등 4역 외부출입구 캐노피 설치 정보통신공사,(주) 다보산업관리,58670770,90.367,
R26BK01475219,2026-04-24,충청북도 진천군,2026년 임도 구조개량사업(화산지구),주식회사 산이,67532400,90.416,
R26BK01474384,2026-04-24,경기도 남양주시 공원녹지관리사업소,2026년 공원 및 녹지관리사업(공사)-다산중앙공원,주식회사 태백조경,61382500,90.37,
R26BK01471705,2026-04-24,한국환경보전원,2026년 1차 영산강·섬진강수계 지장물 철거공사(2구역),삼성건설(주),307025730,90.313,
R26BK01472424,2026-04-24,강원특별자치도,들입재터널 재방송설비 구매‧설치 공사,주식회사 원진미디어,81571334,90.259,
R26BK01471664,2026-04-24,경상남도 산청군,2026년 상반기 차선도색(농어촌도로) 정비사업,에스지건설 주식회사,38276706,90.979,
R26BK01474546,2026-04-24,경상북도 영양군,감천1리 배수로 및 사면정비공사,주식회사 세종건설,22852590,90.001,
R26BK01442086,2026-04-24,한국외국어대학교 글로벌캠퍼스,한국외국어대학교 글로벌캠퍼스 어문학관 교수연구동 천장형 냉난방기(EHP) 교체공사,새서울공조 주식회사,105386000,86.381,
R26BK01475930,2026-04-24,경상남도,통영시 욕지면 우도해역 인공어초 시설공사,삼보종합건설(주),359509357,90.424,
R26BK01474296,2026-04-24,경기도 남양주시 공원녹지관리사업소,2026년 공원 및 녹지관리사업(공사)-다산1동 1공구,주식회사 한남조경,64762555,90.321,
R26BK01473589,2026-04-24,경상남도 산청군,2026년 상반기 차선도색(군도) 정비사업,청목산업 주식회사,72297370,90.817,
R26BK01474364,2026-04-24,경기도 남양주시 공원녹지관리사업소,2026년 공원 및 녹지관리사업(공사)-다산2동 2공구,주식회사 베네비타조경건설,62634678,90.345,
R26BK01473186,2026-04-24,경기도 김포시 맑은물사업본부,2026년 하수도 잠관(고촌읍) 준설공사(단가계약),(주)금파건설,190610000,97.018,
R26BK01472017,2026-04-24,경기도 안산시 상록구,2026년 산업도로변 녹지대 정비공사,향림조경,98267900,91.463,
R26BK01473103,2026-04-24,경기도 남양주시 공원녹지관리사업소,2026년 공원 및 녹지관리사업(공사)-진접2공구,(주)대경조경,73883348,90.329,
R26BK01475365,2026-04-24,부산광역시 금정구,2026년 상반기 산림재해 취약지 정비사업,주식회사 산에그린,29087580,90.416,
R26BK01474769,2026-04-24,경기도 광주시,2026년 우수관로 정비사업(무갑리 415-4번지 일원),시기건설 주식회사,75988000,91.027,
R26BK01471037,2026-04-24,울산시설공단,"2026년 울산광역시 가로변 조경 관리공사 3구간(동구, 북구 일부)",(주)울산송정종합조경,457387900,90.81,
R26BK01476508,2026-04-24,전남광주통합특별시 무안군,전통생활문화테마파크 지붕보수 및 도색공사,(주)대명,164184390,90.126,
R26BK01475921,2026-04-24,대전광역시 서구,월평동 1276번지 일원 보행자전용도로 정비사업,주식회사 성화환경건설,113387135,90.353,
R26BK01475726,2026-04-24,충청남도 부여군,세도면 사산리 배수로공사(정주환경개선),효민건설주식회사,42161000,90.207,
R26BK01477684,2026-04-24,강원특별자치도 삼척시,삼척수협 수산물 직매장 건립공사(소방)(입찰대행),주식회사  성원전기,25444600,90.468,
R26BK01470040,2026-04-24,한국주택금융공사,한국주택금융공사 경기남부지사 이전 사무실 사무환경 조성공사(통신),주식회사코어전기통신,169204461,90.423,
R26BK01471379,2026-04-24,재단법인 부산정보산업진흥원,센텀벤처타운 냉난방기 설치 공사(기계설비),주식회사 유현이엔지,200541034,92.011,
R26BK01471540,2026-04-24,경상북도 안동시,남선면 지르골지구(도로리) 마을기반 정비사업,주식회사 효진건설,388267900,90.434,
R26BK01469740,2026-04-24,전라북도 남원시 아영면,2026년 두락마을 뒷뜰 배수로 정비공사,주식회사 태산,51655300,90.315,
R26BK01476449,2026-04-24,경상남도 통영시,2026년 큰나무가꾸기사업,주식회사 봉림,108880800,89.926,
R26BK01477312,2026-04-24,경기도 의정부시,시민로 외 1개소 차도 보수 공사,대길토건(주),105182780,90.519,
R26BK01466651,2026-04-24,대전광역시 대덕구,2026년 도로시설물 연간단가 보수공사(2구역),주식회사 대광산업개발,231439290,90.378,
R26BK01476075,2026-04-24,대전광역시 서구,2026년 가로수 병해충 수간주사 사업,주식회사 늘봄조경,36463670,90.166,
R26BK01470882,2026-04-24,경상북도교육청 경상북도상주교육지원청,상주과학발명교육센터 배수로설치 및 진입로포장 공사,광성건설(주),101021950,90.466,
R26BK01475445,2026-04-24,전남광주통합특별시 해남군,화원 섬동 농로 정비공사,이석개발 주식회사,41300900,90.254,
R26BK01475530,2026-04-24,강원특별자치도 평창군,2026년 대관령면 차항리 농업용 관정 설치공사,금강개발,88800000,90.793,
R26BK01470520,2026-04-24,한국지역난방공사 강남지사,2026년도 강남지사 전기분야 정기점검 보수공사,(주)한빛파워텍,146291761,90.34,
R26BK01476611,2026-04-24,대전광역시 시설관리공단,주철제 보일러 분해정비,주식회사 부국보일러,139237829,90.263,
R26BK01474749,2026-04-24,인천광역시 미추홀구,용현펌프장 시설물 보수공사(기계),주식회사 수림테크,71668550,90.365,
R26BK01476158,2026-04-24,경상남도,통영시 산양읍 소장군도해역 인공어초 시설공사,진보종합건설 주식회사,294427200,90.389,
R26BK01475412,2026-04-24,전북특별자치도교육청 전북특별자치도익산교육지원청,함열고 본관동 옥상방수 및 기타공사,주식회사 토지건설,47089670,89.928,
R26BK01479024,2026-04-23,(주)한진,물류 상용차 무공해차 전환을 위한 충전인프라 구축사업,에스케이시그넷 주식회사,96767000,98.741,
R26BK01474480,2026-04-24,경기도 남양주시 공원녹지관리사업소,2026년 공원 및 녹지관리사업(공사)-호평1공구,청오조경 주식회사,68550000,90.382,
R26BK01474450,2026-04-24,경기도 남양주시 공원녹지관리사업소,2026년 공원 및 녹지관리사업(공사)-화도2공구,효성조경주식회사,79347220,90.352,
R26BK01474443,2026-04-24,강원특별자치도 인제군,남면 남전1리(133번지 일원) 농로정비공사,합자회사학송건설,34558290,90.25,
R26BK01469896,2026-04-24,서울특별시 서울아리수본부 영등포아리수정수센터,다목적관리동 옥상 방수 공사,(주)다원건설,76822500,89.937,
R26BK01479304,2026-04-21,한국농어촌공사 경북지역본부 경주지사,경주지구 도지1용수간선 외 12개소 퇴적물 제거 공사,주식회사 비엘케이산업개발,7000000,95.51,
R26BK01477374,2026-04-24,경상북도 영주시,현대궁전맨션 외벽 도장공사,주식회사 태백건설,61000000,90.943,
R26BK01471929,2026-04-24,충청남도 아산시 미래도시관리사업소,[새로공고] 배방읍 자전거도로 재정비 공사,(주)중앙기업,27499880,89.986,
R26BK01487556,2026-04-24,경기도 이천시,이평~매곡간 농어촌도로 확포장공사 교차로 개선 전기공사,주식회사 복개전설,35914500,90.0,
R26BK01476503,2026-04-24,전남광주통합특별시 여수시,2026년 섬지역 덩굴제거사업(금오도),유한회사 금강조경,92453340,90.464,
R26BK01474229,2026-04-24,부산시설공단,부산영락공원 친환경 합동유골장지 조성공사(4차),(주)리움조경건설,37365920,89.881,
R26BK01486092,2026-04-23,한국농어촌공사 충남지역본부 당진지사,2026년 운정양수장 기계설비 보수공사,(주)대아이앤씨,14500000,92.245,
R26BK01475913,2026-04-24,경기도 성남시 분당구,판교동 공공공지 노후 산책로 정비공사,국보건설주식회사,118439320,90.153,
R26BK01475899,2026-04-24,경상남도 거제시,고현천 상동교 인근 데크 설치공사,주식회사 그리다 조경,86386550,90.47,
R26BK01451023,2026-04-24,동구아름다운복지관,동구아름다운복지관 전기온수기 교체 및 기타 기계설비공사,주식회사티제이이앤씨,15498010,90.142,
R26BK01474875,2026-04-24,재단법인 성남문화재단,2026년 성남아트센터 병충해 방제 공사,(주) 도원조경,29064946,90.352,
R26BK01439689,2026-04-24,조달청 강원지방조달청,강릉시 남대천 우안 차집관로 복선화사업,고도산업개발 주식회사,16897736000,84.34,
R26BK01474288,2026-04-24,경기도 남양주시 공원녹지관리사업소,2026년 공원 및 녹지관리사업(공사)-진건2공구 및 퇴계원읍,명산조경,39128100,90.324,
R26BK01476809,2026-04-24,경기도 시흥시,2026년 상수도 긴급누수복구 및 유지관리 연간단가(2차 2권역),성환건설(주),179736026,90.326,199000000
R26BK01469146,2026-04-24,중소기업은행,강동구청역지점 전체 레이아웃 설비공사,(주)우현이앤지,110550000,90.397,
R26BK01471068,2026-04-24,울산시설공단,2026년 울산광역시 가로변 조경 관리공사 4구간(북구),(주)울산송정종합조경,459111900,90.792,
R26BK01469255,2026-04-24,경기도용인교육청 산양초등학교,산양초등학교 상상형 학교놀이터 조성 공사 소액수의 견적 제출 안내 공고,주식회사 조경해,78848000,90.028,88238000
R26BK01476735,2026-04-24,경기도 가평군,달전천(하색리)  징검다리 보수공사,(주)경기조경,41307100,90.026,
R26BK01475927,2026-04-24,충청남도 부여군,개사육농장주 등 전·폐업지원 지장물 일반 철거공사(장암면 상황리),주식회사 삼우산업,63272720,90.354,
R26BK01469891,2026-04-24,한국농어촌공사 충남지역본부 청양지사,청양읍 농촌중심지활성화사업 일상돌봄 플랫폼 소방공사,(주)정명,60060080,90.298,
R26BK01458924,2026-04-24,사회복지법인 부천시장애인종합복지관,부천시장애인종합복지관 화장실 리뉴얼 공사,연오조경건설주식회사,58915290,89.955,
R26BK01474063,2026-04-24,천안도시공사,2026년 태학산자연휴양림 외부녹지 유지관리공사,주식회사수럽,78546781,90.41,
R26BK01466156,2026-04-24,홀트강동복지관,홀트강동복지관 옥상방수공사 소액수의 견적제출 안내 공고,삼창엔지니어링(주),42626400,89.987,46860000
R26BK01474305,2026-04-24,경기도 남양주시 공원녹지관리사업소,2026년 공원 및 녹지관리사업(공사)-다산1동 4공구,고려안전(주),51302100,90.666,
R26BK01473117,2026-04-24,경상남도 거제소방서,사등119안전센터 증축공사,주식회사 배산건설,69572000,90.401,76701000
R26BK01475231,2026-04-24,전북특별자치도 고창군,고창읍성 한옥복합문화공간 조성사업 시행(전기) 수의(소액) 견적제출 안내,유한회사 해강이앤씨,27388690,90.199,
R26BK01471460,2026-04-24,경상북도 문경시 보건소,시립문경요양병원 연결통로 개보수 공사,으뜸종합건설 주식회사,57083430,90.193,
R26BK01475948,2026-04-24,전북특별자치도 완주군,2026년 도시계획도로 준설공사 단가계약,(유)주주엔지니어링,682500,91.644,
R26BK01475646,2026-04-24,한림성심대학교 산학협력단,한림성심대학교 혁신지원사업 학생 복지 인프라(대주차장 전망대) 개선공사,주식회사 현대,14272633,87.842,
R26BK01475670,2026-04-24,전남광주통합특별시 해남군,옥천 가곡 마을안길 정비공사,주식회사 벧엘건설,22649670,90.185,
R26BK01475558,2026-04-24,경상남도 의령군,이우식선생 묘소가는 길 정비공사,주식회사 동진산림,104435340,95.735,
R26BK01464804,2026-04-24,인천국제공항공사,T2 BHS 수하물조회시스템 네트워크 인프라 확장공사,주식회사 나인정보기술,88871210,90.272,
R26BK01470545,2026-04-23,강원특별자치도 양양군,군도 및 농어촌도로 유지보수 차선도색공사(양양교 외),주식회사 한울조경,30025000,89.988,
R26BK01474455,2026-04-24,천안도시공사,2026년 국민여가캠핑장 외부녹지 유지관리공사,충남조경건설 주식회사,10216040,90.322,
R26BK01474251,2026-04-24,충청남도 예산군,2026년 예산군 소공원 녹지정비사업,진영조경 주식회사,66006600,90.467,
R26BK01439245,2026-04-24,조달청 경남지방조달청,김해시 서부권 비상공급망 구축사업,산이건설 주식회사,18274375000,84.472,
R26BK01474334,2026-04-24,경상북도 울릉군,파크골프장 부대시설 조성공사,주식회사미강건설,36282440,90.144,
R26BK01474435,2026-04-24,경기도 남양주시 공원녹지관리사업소,2026년 공원 및 녹지관리사업(공사)-다산수변공원,장월조경(주),53286680,90.335,
R26BK01474489,2026-04-24,경기도 남양주시 공원녹지관리사업소,2026년 공원 및 녹지관리사업(공사)-호평2공구,(주)성지건설,66243000,90.359,
R26BK01476978,2026-04-24,경기도 가평군,북면생활체육공원 기자재 보관창고 증축공사(건축),주식회사 백율,147669607,90.739,
R26BK01476478,2026-04-24,강원특별자치도 화천군,거례리 생태학습장 주변 환경정비사업,진달래 주식회사,74318000,90.543,
R26BK01474876,2026-04-24,경기도 김포시,"2026년 공원체육시설 종합개선사업(은샘, 나래공원)",주식회사 태림에코,31869154,90.287,
R26BK01476085,2026-04-24,울산광역시제2장애인체육관,울산광역시제2장애인체육관 수영장 보행료 바닥 교체 공사,우주산업건설 주식회사,121900000,90.953,
R26BK01485145,2026-04-23,강원특별자치도 원주시 농업기술센터,원주천 반려견 놀이터 조성 가로등 설치 공사,주식회사 진영,29969200,93.106,
R26BK01477304,2026-04-24,충청남도 서산시,2026년 도시공원 병충해방제 및 유지관리사업(동문동),(유)공감어울림,55916980,90.377,
R26BK01475344,2026-04-24,전남광주통합특별시 해남군,화원 장수 농로 정비공사,민아건설 주식회사,50135680,90.24,
R26BK01477699,2026-04-24,충청북도 청주시,오송역 선하부지 공영주차장 조성사업(토목),수주건설 주식회사,144189000,90.412,
R26BK01474340,2026-04-24,경기도 안양시,2026년 덕천로 자전거도로 설치공사,기쁨포장건설 주식회사,109963480,91.17,
R26BK01474071,2026-04-24,경상남도 김해시,장유스포츠센터 외 1개소 교통신호기 설치공사,주식회사 해암전기,39670398,89.904,
R26BK01474180,2026-04-24,경상남도 김해시,2026년 거북공원 노후시설 및 어린이놀이터 정비사업,주식회사 동서개발,150252400,90.309,
R26BK01474459,2026-04-24,경기도 이천시 농업기술센터,농업연구개발 시설 냉난방기 교체공사,(주)이천공조,90821391,90.333,
R26BK01470845,2026-04-24,산림청 동부지방산림청 강릉국유림관리소,2026년 어린나무가꾸기사업(기번1),유등국유림영림단 사회적협동조합,64150000,88.536,
R26BK01477462,2026-04-24,호반보호작업센터,[긴급]호반보호작업센터 지붕공사,주식회사 무신건설,19160676,89.906,
R26BK01475779,2026-04-24,경상남도,통영시 욕지면 연화도해역 인공어초 보강공사,주식회사 와이비,179008000,90.386,
R26BK01470315,2026-04-24,전라북도 남원시 아영면,2026년 구상마을 일대제위 용수로 정비공사,주식회사 성우,39806000,90.289,
R26BK01476843,2026-04-24,재단법인충남콘텐츠진흥원,태안 강소형 스마트시티 케어스테이션 공사(소방),주식회사 진광전력,2711987,90.267,
R26BK01477664,2026-04-24,강원특별자치도 삼척시,군도2호선(도계리) 노후시설물 정비공사,인호개발주식회사,146647760,90.768,
R26BK01470124,2026-04-24,산림청 서부지방산림청 영암국유림관리소,2026년 숲가꾸기(어린나무가꾸기)사업(기번5),주식회사  백두,74179000,89.44,82422000
R26BK01436842,2026-04-24,조달청 강원지방조달청,강릉시 남대천 좌안 차집관로 복선화사업,주식회사 조영건설,14453236800,84.678,
R26BK01468705,2026-04-24,법무부 대구지방교정청 포항교도소,[재공고] 포항교도소 기결수용동 스프링클러 설치 공사(전기),주식회사 우리이엔씨,120263900,90.43,
R26BK01475829,2026-04-24,경상남도 창녕군,창녕 영산 신씨고가1 안채 벽체 미장공사 및 수장공사,주식회사 고영문화재,32230000,91.221,
R26BK01470107,2026-04-23,서울특별시 서울대공원,서울대공원 종합관리소 외 1개소 하수관로 보수공사(비굴착),미준건설 주식회사,191499700,90.36,
R26BK01474447,2026-04-24,강원특별자치도 인제군,남면 수산리(461번지 일원) 석축정비공사,대일건설주식회사,70076367,90.361,
R26BK01476454,2026-04-24,전남광주통합특별시 여수시,진모지구 거점 요트투어 운영 기반 구축(포장공사),그린웨이 주식회사,43028810,90.134,
R26BK01477320,2026-04-24,세종특별자치시,집현동 행복누림터(행정복지센터) 시설보강 공사,합자회사 세종건축,73361010,90.145,
R26BK01476011,2026-04-24,경상북도 포항시,송도동 가로화단 조성사업,(합)명흥건설,89289213,89.917,
R26BK01453599,2026-04-24,조달청 인천지방조달청,경인교대 경기캠퍼스 예림1관 스프링클러 설치 소방공사,(주)태진이에스브이,634778720,90.341,
R26BK01472040,2026-04-24,충청남도 금산군,2026년 지방하천(개성천)정비사업,청운건설(주),478262140,90.503,
R26BK01469737,2026-04-24,산림청 서부지방산림청 영암국유림관리소,2026년 산림경영대행 산불예방숲가꾸기사업(기번2),목포국유림영림단,39300000,91.036,43236000
R26BK01474439,2026-04-24,강원특별자치도 인제군,인제읍 가아1리(64-1번지 일원) 농로 포장공사,상인건설(주),31930740,90.228,
R26BK01470873,2026-04-24,울산시설공단,"2026년 울산광역시 가로변 조경 관리공사 2구간(남구, 울주군 일부)",한미조경 주식회사,453070240,90.778,
R26BK01470638,2026-04-24,충청북도 청주시,음식물류폐기물 자원화시설 퇴비배출 스크류피더 교체공사,(주)가포엔지니어링,251909726,90.167,
R26BK01467446,2026-04-24,서울특별시 강북구,(구)강북구 보훈회관 철거공사,두원이에프씨 주식회사,104668869,90.015,
R26BK01470711,2026-04-23,충청남도 서천군,2026년 서천군 여름철 우기대비 관로 준설공사,지성건설 주식회사,91835400,93.247,
R26BK01472305,2026-04-23,경기도 이천시,(구)보건소 외부토목공사,주식회사 안다미로종합건설,184218700,90.387,
R26BK01474440,2026-04-24,강원특별자치도 인제군,북면 용대2리(1119-3번지 일원) 배수로 정비공사,합자회사학송건설,53913520,90.3,
R26BK01471091,2026-04-24,대구광역시 서구,내당동 240-18번지 외 1개소 노후 인도정비공사,주식회사 대세건설,87328880,90.52,
R26BK01470742,2026-04-23,경기도 안성시,계촌천 호안 정비공사,경인건설(주),58247110,90.275,64541000
R26BK01486684,2026-04-24,한국농어촌공사 충북지역본부 충주.제천.단양지사,2026년 춘계 충주2지구 용배수로 퇴적물제거사업(장비),프로건설솔루션(주),14930000,90.004,
R26BK01471047,2026-04-22,전북특별자치도 정읍시,작업임도(산외오공)개설공사,유한회사 시원,155566970,90.404,
R26BK01428687,2026-04-24,조달청 광주지방조달청,서성지구 중·소규모 치수능력확대사업 토목공사,주식회사 세종토건,8208092000,88.74,
R26BK01471155,2026-04-24,한국공항공사 김해공항,포항경주공항 계류장 조명탑 개량공사,주식회사 대로전력,41792141,90.36,
R26BK01470013,2026-04-24,충청남도 공주시,2026년 임도시설 유지관리사업(강북지구),라경임업 주식회사,98799000,93.961,
R26BK01486772,2026-04-24,한국농어촌공사 충북지역본부 충주.제천.단양지사,2026년 춘계 충주4지구 용배수로 퇴적물제거사업(장비),주식회사 우리토건,17940000,89.857,
R26BK01469728,2026-04-24,한국공항공사 김포공항,김포공항 국제선 수하물인도장 확장 정보통신공사,주식회사 태영정보통신공사,148733931,90.189,
R26BK01469028,2026-04-24,서울특별시,2026년 남부순환로 장기사용 송배수관 정비공사,주식회사 신호건설,1168434810,89.929,
R26BK01471211,2026-04-24,경상북도 경주시 맑은물사업본부,천북면 동산2리 상수도 노후관 개체공사,주식회사 보명건설,261352804,90.842,
R26BK01450310,2026-04-24,조달청 대구지방조달청,안동시 공공형 지식산업센터 건립 공사(소방),(주)성창전기,1062439450,89.429,
R26BK01470937,2026-04-24,산림청 동부지방산림청 강릉국유림관리소,2026년 어린나무가꾸기사업(기번2),삼산영림단,69350000,88.704,
R26BK01471488,2026-04-24,경상북도 안동시,남선면 토갓지구(원림리) 마을기반 정비사업,(주)대화건설,425059200,90.535,
R26BK01472085,2026-04-24,강원특별자치도 춘천시 상하수도사업본부,"2026년 노후 및 아날로그 계량기 교체공사(효자2동 708-2 외 1,244개소)",수정건설(주),79481570,90.588,
R26BK01471465,2026-04-24,산림청 동부지방산림청 강릉국유림관리소,2026년 어린나무가꾸기사업(기번3),강릉영림단,66300000,89.062,
R26BK01466512,2026-04-24,경상북도 영천시,대창면 조곡리~어방리 노후상수관로 개체공사,대지건설(주),454483000,90.373,
R26BK01471312,2026-04-24,부산광역시 상수도사업본부 강서사업소,대저1동 서연정공원 주변 노후관개량공사,가산조경개발,169297450,90.481,
R26BK01477779,2026-04-24,전남광주통합특별시 완도군,2026년 복합다기능 부잔교 시설사업(3지구),유)거보건설,164919000,90.235,
R26BK01477707,2026-04-24,충청북도 청주시,오송역 선하부지 공영주차장 조성사업(전기),주식회사 티에스일렉트릭,105852510,90.409,
R26BK01470334,2026-04-24,인천광역시 연수구,2026년 공원녹지 병해충 방제사업,(주)동남조경,175842420,90.52,
R26BK01474664,2026-04-24,경상북도 영덕군,2026년 춘기 산불피해지 복구 조림사업(축산영덕지구) 2지구 견적제출 안내공고,성산개발 주식회사,122582800,89.934,
R26BK01474680,2026-04-24,경기도 광주시,2026년 우수관로 정비사업(삼성리 521번지 일원),주식회사 혜성건설,74477700,91.159,
R26BK01471174,2026-04-24,서울교통공사,2026년 6호선 구산역 등 4역 캐노피 설치 전기공사,성민전기 주식회사,48063630,90.348,
R26BK01477596,2026-04-24,경상남도 남해군,커뮤니티 플러스센터조성 자애원교회 철거공사,주식회사 초원환경,40628000,91.103,
R26BK01471131,2026-04-24,울산시설공단,"2026년 울산광역시 가로변 조경 관리공사 5구간(중구, 서울주)",주식회사 도래솔,464460800,90.772,
R26BK01477712,2026-04-24,충청북도 청주시,오송역 선하부지 공영주차장 조성사업(통신),(주)동일전기이앤지,72054100,90.346,
R26BK01471486,2026-04-24,산림청 동부지방산림청 강릉국유림관리소,2026년 어린나무가꾸기사업(기번4),푸른영림단,65200000,88.369,
R26BK01473730,2026-04-24,충청북도 청주시,발산근린공원 정비사업,오주건설(주),89343540,90.322,
R26BK01477766,2026-04-24,전남광주통합특별시 완도군,완도군 축구전용구장 관리사무동 리모델링 전기공사,(유)대성전력,27337850,90.406,
R26BK01467058,2026-04-24,경상남도마산의료원,마산의료원 냉각탑 1~3호기 소음기 및 노후부품 교체공사,합자회사 경동기업,431031950,90.104,
R26BK01475052,2026-04-24,경상북도 영주시 수도사업소,부석면 우곡리 노후관개체공사,주식회사 서희건설,114583220,90.522,
R26BK01473185,2026-04-24,경상북도 칠곡군,덕산 유소년축구장 및 약목파크골프장 정비공사,주식회사 동성건설,224904890,90.423,
R26BK01465543,2026-04-24,국민건강보험공단 일산병원,NICU 의료가스설비 등 공사,주식회사 부경이엔지,76441770,90.208,
R26BK01469817,2026-04-24,전라북도 남원시 아영면,2026년 구지마을 웃골 용배수로 정비공사,주식회사 태산,32313460,90.233,
R26BK01466379,2026-04-24,대전교통공사,2026년 노후 에스컬레이터 교체 공사,신일엘리베이터(주),875008500,90.523,
R26BK01454729,2026-04-24,부산광역시 해운대구,2026년 그린레일웨이 전정공사,주식회사 우경조경,258853000,90.459,
R26BK01471206,2026-04-24,한국주택금융공사,한국주택금융공사 경기남부지사 이전 사무실 사무환경 조성공사(소방),(주)신호이엔씨,95711901,90.319,
R26BK01473793,2026-04-24,충청북도 청주시,솔밭공원 시설물 정비사업,주식회사 청수조경,122389018,90.13,
R26BK01476128,2026-04-24,충청북도 충주시,법현경로당외1개소노인보호구역개선사업,(주)제일케미칼,20329000,90.317,
R26BK01469813,2026-04-24,한국주택금융공사,한국주택금융공사 경기남부지사 이전 사무실 사무환경 조성공사(전기),삼원전기 주식회사,295631482,90.385,
R26BK01487673,2026-04-24,경기도 이천시,마장초등학교 앞 도시계획도로 재포장공사,현영건설주식회사,28647000,90.0,
R26BK01475152,2026-04-24,충청남도 아산시 미래도시관리사업소,2026년 다온근린공원 개선사업,(주)더숲조경,71358673,89.928,
R26BK01476546,2026-04-24,경상북도 포항시,장기 금곡리(516) 마을안길 확장공사,대영건설(주),192883140,90.467,
R26BK01474997,2026-04-24,인천광역시 미추홀구,2026년 노후 가로등 시설물 정비공사,주식회사 제우스전기,82261524,90.384,
R26BK01476838,2026-04-24,경상북도 김천시,지좌동 무실마을 입구(무실길) 아스콘덧씌우기 공사,삼합건설 주식회사,51508213,90.372,
R26BK01485173,2026-04-24,강원특별자치도,2026년 계류보전사업(동해 삼화),삼척동해태백산림조합,70449830,89.745,
R26BK01476258,2026-04-24,충청남도 천안시 농수산물도매시장관리사업소,수산동 1층 시스템에어컨 설치공사,(자)천안소방설비공사,62768000,89.96,
R26BK01474330,2026-04-24,경상북도 울릉군,통구미도로(리도205호선)정비공사,하나건설주식회사,144348310,90.495,
R26BK01474295,2026-04-24,경기도 남양주시 공원녹지관리사업소,2026년 공원 및 녹지관리사업(공사)-와부권역,창조조경(주),80335950,90.358,
R26BK01483596,2026-04-24,한국농어촌공사 경남지역본부 진주.산청지사,청현배수장 재해복구사업 기계실 준설 공사,주식회사이한건설,19660000,90.038,
R26BK01477419,2026-04-24,전남광주통합특별시 여수시,남면 횡간마을 농로 개설공사,유한회사 대도진흥,72013743,90.155,
R26BK01487799,2026-04-24,경기도 용인시,[수의시담]용인도시계획도로 중3-191호 개설공사(전기),주식회사 경기전력건설,34101000,90.0,
R26BK01475377,2026-04-24,전남광주통합특별시 구례군,내온마을 소하천(상류구간) 정비공사,유진건설 주식회사,271366000,90.554,
R26BK01476384,2026-04-24,세종특별자치시,지방하천(노장천) 하도정비공사,동우건설주식회사,58279480,89.914,
R26BK01474262,2026-04-24,충청남도 예산군,2025 대지천(지방하천) 재해복구사업,주식회사 수창,120527000,90.354,
R26BK01476743,2026-04-24,강원특별자치도 원주시,캠핑카 카라반 전용 공영주차장 조성공사(무실지구),양지이엔지 주식회사,50727793,90.715,
R26BK01474857,2026-04-24,전북특별자치도 전주시,송천하수처리장 우수관로 보수공사,(주)거마환경건설,33840200,90.321,
R26BK01475495,2026-04-24,전남광주통합특별시 해남군,화원 사동 마을안길 정비공사,(주)신정토건,49222300,90.25,
R26BK01474276,2026-04-24,경기도 남양주시 공원녹지관리사업소,2026년 공원 및 녹지관리사업(공사)-별내1공구,(주)길조경건설,58056210,90.651,
R26BK01475984,2026-04-24,충청북도 충주시,도원경로당외1개소노인보호구역개선사업,보원건설(주),22994600,90.276,
R26BK01477278,2026-04-24,울산광역시,초화양묘장 비닐하우스 비닐교체 공사,주식회사 대원산업건설,90046780,89.9,
R26BK01472949,2026-04-24,경기도 남양주시 공원녹지관리사업소,2026년 공원 및 녹지관리사업(공사)-진접1공구,에스엠티,55722910,90.34,
R26BK01474280,2026-04-24,경기도 남양주시 공원녹지관리사업소,2026년 공원 및 녹지관리사업(공사)-별내2공구,주식회사 비아트,56108030,90.383,
R26BK01477383,2026-04-24,충청남도 서산시,2026년 빗물받이 준설공사(테크노밸리),(주)태양,120578700,90.525,
R26BK01475097,2026-04-24,경상남도,통영시 욕지면 적도해역 인공어초 보강공사,에스와이건설 주식회사,180265000,90.377,
R26BK01476374,2026-04-24,경상남도,거제시 장목면 대금해역 인공어초 시설공사,유한회사 신흥건설,317602130,90.397,
R26BK01474539,2026-04-24,경상북도 영양군,금학리(학산) 재해복구공사,주식회사 세종건설,22692040,90.004,
R26BK01474154,2026-04-24,서울특별시 용산구,응봉근린공원 보수정비 사업,대원엘앤씨 주식회사,67048369,90.11,
R26BK01452524,2026-04-24,대전광역시 중구,2026년 중점관리지역 추락방지시설 설치 공사,이오건설(주),1030602000,89.504,
R26BK01477431,2026-04-24,전남광주통합특별시 광양시,2026년 백운제 경관숲 유지관리사업,유한회사 바움,45844390,89.964,
R26BK01475715,2026-04-24,경기도 안산시,안산천 하류 예초 및 위해수목 제거공사,주식회사 늘푸른원,73455500,90.35,
R26BK01475848,2026-04-24,전남대학교,[여수캠퍼스] 전기설비 안전진단 지적사항 보수 및 기타 전기공사,(유)효성티알,23148770,89.967,
R26BK01474717,2026-04-24,경기도 동두천시,탑동동 818-3 일원 외 2개소 도로조명 개선공사,태봉전기(주),41959846,90.404,
R26BK01474360,2026-04-24,경기도 남양주시 공원녹지관리사업소,2026년 공원 및 녹지관리사업(공사)-금곡권역,주식회사 늘푸른이야기,56626300,90.337,
R26BK01476067,2026-04-24,전북특별자치도 완주군,2026년 상반기 긴급재해예방 유지보수 단가계약(1지구),더웨이홀딩스(주),84602733,90.13,
R26BK01477344,2026-04-24,울산광역시,울산수목원 양묘장 보완 및 증축 공사,(주)현대건업,88544970,90.106,
R26BK01471693,2026-04-24,경상남도 거창군 농업기술센터,가북면 농촌중심지 활성화사업(테마형) 건축공사,주식회사 유림종합건설,281331950,90.34,
R26BK01477030,2026-04-24,충청북도 청주시 청원구,청원구청 구내식당 환기시설 개선공사(전기),세진전력 주식회사,59867077,90.33,
R26BK01476685,2026-04-24,전남광주통합특별시 북구,용주초교 외 2개소 스마트쉘터 설치공사,엠더블유건설주식회사,72022000,90.447,
R26BK01468706,2026-04-24,법무부 대구지방교정청 포항교도소,[재공고] 포항교도소 기결수용동 스프링클러 설치 공사(건축),(주)동찬,194076980,90.283,
R26BK01474281,2026-04-24,경기도 남양주시 공원녹지관리사업소,2026년 공원 및 녹지관리사업(공사)-별내3공구,전원조경,47697300,90.349,
R26BK01474956,2026-04-24,경기도 김포시,2026년 북부권역공원 재해위험지 복구공사,신웅건설 주식회사,65359994,91.307,
R26BK01474924,2026-04-24,경상북도 영양군,소규모 수도시설 개량사업(포산 본부락),(주)대운건설,44443350,90.887,
R26BK01475552,2026-04-24,경기도 오산시,2026년 녹지유지관리 공사(세마동),(주)나무이야기,144359100,90.796,
R26BK01486156,2026-04-24,한국농어촌공사 충남지역본부 당진지사,농업시범단지 교로2양수장 송수관로 포장 구간 복구 외 2개소 유지관리공사,나로건설(주),18500000,92.523,
R26BK01474752,2026-04-24,전북특별자치도 진안군,월랑공원 주차장 조성사업 전기공사,주식회사남양전설,102047320,90.109,
R26BK01475834,2026-04-24,전북특별자치도 무주군,궁대길 농교 설치공사,태하건설 주식회사,63884880,90.213,
R26BK01474373,2026-04-24,경기도 남양주시 공원녹지관리사업소,2026년 공원 및 녹지관리사업(공사)-조안권역,세종조경건설 주식회사,32368680,90.33,
R26BK01476551,2026-04-24,경상남도,남해군 서면 염해해역 인공어초 시설공사,라온산업개발주식회사,280237900,90.381,
R26BK01475397,2026-04-24,전남광주통합특별시 해남군,화원 온수 농로 정비공사,주식회사 비에이산업,34576880,90.294,
R26BK01474270,2026-04-24,충청남도 예산군,2026년 예산군 공설운동장 앞 하수도 수해복구공사,태종건설(주),157504703,90.39,
R26BK01474454,2026-04-24,대구광역시 동구,연경 시설녹지 공원등 설치공사,수호이앤씨 주식회사,120769540,90.346,
R26BK01473343,2026-04-24,경기도 남양주시 공원녹지관리사업소,2026년 공원 및 녹지관리사업(공사)-진건1공구,주식회사 대림이엔씨,72761091,90.342,
R26BK01476569,2026-04-24,대전광역시 서구,"2026년 서구노인복지관 시설환경 개선공사(건축,기계)",(주)아미이앤씨,144224500,90.379,
R26BK01475945,2026-04-24,전북특별자치도교육청 전북특별자치도군산교육지원청,군산풍문초 스프링클러 설치 전기공사,(주)대명,46963930,90.235,
R26BK01475647,2026-04-24,전남광주통합특별시 해남군,옥천 학동 마을안길 정비공사,(주)다산건설,23710940,90.256,
R26BK01477122,2026-04-24,경기도 남양주시,다솜 어린이공원 정비사업,주식회사 서지건설,101008320,90.113,
R26BK01474963,2026-04-24,전북특별자치도교육청 전북특별자치도익산교육지원청,이리동중 본관동 옥상방수 및 기타공사,주식회사 영진,72338000,90.179,
R26BK01475674,2026-04-24,부산광역시 상수도사업본부 사하사업소,신평동 거성모방 주변(공업) 교체공사,주식회사 청우이앤씨,90962374,90.512,
R26BK01474389,2026-04-24,경상남도 사천시,2026년 사천여중 학교숲 조성사업,금원조경건설 주식회사,40917030,90.149,
R26BK01455612,2026-04-24,조달청 대구지방조달청,바이오백신 오픈이노베이션센터 구축사업(전기),주식회사 신풍이앤지,1048196790,89.468,
R26BK01475965,2026-04-24,경상남도 창녕군,이방 안리지구 승수로 정비공사,주식회사 동경건설,132454000,90.321,
R26BK01475563,2026-04-24,경기도 오산시,2026년 녹지유지관리 공사(초평동),이수조경건설 주식회사,83431000,90.578,
R26BK01475547,2026-04-24,경기도 오산시,2026년 녹지유지관리 공사(신장2동),이수조경건설 주식회사,123129000,90.585,
R26BK01476934,2026-04-24,서울특별시 성북구,2026년 성북천 감성 휴식정원 조성사업,(주)한일조경개발,148042880,90.319,
R26BK01477308,2026-04-24,인천광역시 서해구,2026년 서구 안전영상 CCTV 설치 공사,주식회사 하나비젼씨스템즈,60324502,90.386,
R26BK01464741,2026-04-24,전라남도교육청 순천청암고등학교,순천청암고 별관동 창호보수공사 소액 수의견적 제출 안내 공고,에코이엔지 주식회사,90496240,90.346,
R26BK01477120,2026-04-24,경기도 가평군,청평 어린이놀이공원 조성사업(전기공사),주식회사 대경이앤씨,119809570,90.456,
R26BK01472438,2026-04-24,충청남도 아산시 미래도시관리사업소,2026년 초사천 무궁화길 조성사업,건흥건설 주식회사,27202526,89.92,
R26BK01472838,2026-04-24,울산광역시 울주군,언양 직동리 697-18번지 일원 교량 재가설공사,(주)평강건설,163248330,90.497,
R26BK01462335,2026-04-24,경기도 남양주시 화도읍,"운수2리 마을회관 신축공사(건축, 기계)",디엠종합건설 주식회사,657061090,90.271,
R26BK01476143,2026-04-24,경상북도 의성군,단촌면새마을환경살리기창고신축 전기공사,(주)한양전설,20627173,90.325,
R26BK01475908,2026-04-24,제주특별자치도,제주4·3평화공원 행불인 표석지 정비사업,현대건업주식회사,114016600,90.499,
R26BK01469967,2026-04-24,부산광역시 강서구,명지녹산국가산업단지 아름다운 거리 조성 전기공사,주식회사 국제비엠에스,218631961,90.393,
R26BK01415363,2026-04-24,조달청 전북지방조달청,지능형농기계 실증단지 부지조성(전기) 공사,(주)보국,1093447310,89.442,
R26BK01477375,2026-04-24,전남광주통합특별시 나주시,빛가람권역 어린이보호구역 개선사업,충심건설 주식회사,78453660,90.277,85659000
R26BK01475020,2026-04-24,충청북도 진천군,2026년 생거진천 치유의 숲 보완사업(한옥보수),주식회사 서광건설,91578439,90.393,101812000
R26BK01476028,2026-04-24,제주특별자치도 제주시 도시건설국 상하수도과,도련일동 2202번지 일원 노후 배급수관 정비공사,진형건설주식회사,92701500,90.844,
R26BK01476690,2026-04-24,충청남도 천안시 공원녹지사업본부,2026년 보호수 병해충 방제공사(동남구),주식회사 하나나무병원,49710210,90.439,
R26BK01476763,2026-04-24,충청남도 천안시 공원녹지사업본부,2026년 보호수 병해충 방제공사(서북구 및 동지역),주식회사 식물리에,21514629,90.323,
R26BK01473106,2026-04-24,고용노동부 대전지방고용노동청 청주지청,청주지청 별관 사무실 인테리어 공사,청온인테리어,144490500,96.327,
R26BK01472139,2026-04-24,울산광역시 동구,주전 연안재해 방지시설 보강공사 전자 입찰 공고(긴급),주식회사 청림이앤씨,620637550,90.662,
R26BK01476362,2026-04-24,경상남도 통영시,2026년 미세먼지 차단숲 사후 관리사업,주식회사 진명건설조경,53972620,90.295,
R26BK01474260,2026-04-24,충청남도 예산군,"2026 정주환경개선 대흥면 교촌2리, 대률리 마을안길 정비공사",일송건설주식회사,44045300,90.311,
R26BK01474441,2026-04-24,경기도 남양주시 공원녹지관리사업소,2026년 공원 및 녹지관리사업(공사)-오남권역,엘플러스 주식회사,66864300,90.334,
R26BK01474446,2026-04-24,경기도 남양주시 공원녹지관리사업소,2026년 공원 및 녹지관리사업(공사)-화도1공구,울림조경,79408370,90.35,
R26BK01476990,2026-04-24,농촌진흥청 국립원예특작과학원,북부원예시험장 온도구배하우스 설치 및 숙전화 공사,한양건설 주식회사,264802000,90.263,
R26BK01451123,2026-04-24,청강문화산업대학,[청강입찰2026-02호] 청강문화산업대학교 진입로 보행로 토목건축공사,국제건설 주식회사,1773217000,89.282,
R26BK01474709,2026-04-24,경상북도 영덕군,2026년 춘기 산불피해지 복구 조림사업(축산영덕지구) 3지구 견적제출 안내공고,주식회사 송화임업,85279600,90.401,
R26BK01468211,2026-04-24,충청북도 청주시 상당구,연천교 보수보강공사,주식회사 동이건설,240664670,90.601,
R26BK01477502,2026-04-24,제주특별자치도,"2026년 재래가축(제주재래닭, 제주개) 사육시설 개보수 공사 (사업소)",삼다이엔지주식회사,77373000,90.149,
R26BK01475996,2026-04-24,경상남도 양산시,황산공원 다목적광장 조성사업,대건토건주식회사,111043826,90.548,
R26BK01475678,2026-04-24,경상남도 창녕군,창녕군 치매안심센터 건립 공사 관급자재(냉난방기) 설치 공사 [입찰대행],주식회사 대한냉동사,121071000,90.39,134409000
R26BK01477487,2026-04-24,대구광역시 북구,금호강 오토캠핑장 활성화 사업,주식회사 신화에이앤티,88238581,90.396,
R26BK01435557,2026-04-24,조달청 대전지방조달청,금산군 공공임대형 지식산업센터 건립공사(전기),주식회사 금정이앤씨,1248742990,89.494,
R26BK01474477,2026-04-24,경기도 남양주시 공원녹지관리사업소,2026년 공원 및 녹지관리사업(공사)-평내1공구,주식회사 대림이엔씨,74853802,90.342,
R26BK01477003,2026-04-24,충청북도 청주시 청원구,청원구청 구내식당 환기시설 개선공사(소방),주식회사 동성소방,32280560,90.095,
R26BK01476009,2026-04-24,대전광역시 서구,가수원동 641-15번지 일원 보도정비사업,(주)원일이앤씨,22065600,90.283,
R26BK01468628,2026-04-24,서울특별시 강서구,개화동로 노후 가로등 개량공사,(주)선광전설,344920970,90.351,
R26BK01477672,2026-04-24,강원특별자치도 삼척시,정상동 83-2외 3개동 건축물 철거공사,주식회사 바로그건설,54134460,90.477,60470000
R26BK01477098,2026-04-24,경기도 가평군,청평 어린이놀이공원 조성사업(정보통신공사),주식회사 세계일렉컴,31172590,90.392,
R26BK01475373,2026-04-24,경기도 안산시,2026년 도시숲 조성사업,주식회사 서림조경,238089890,90.802,264033000
R26BK01477333,2026-04-24,충청남도 서산시,2026년 도시공원 병충해방제 및 유지관리사업(예천동),주식회사 푸른소나무,70424078,90.312,
R26BK01477370,2026-04-24,충청남도 서산시,2026년 도시공원 병충해방제 및 유지관리사업(석림석남),주식회사 가람조경건설,41159420,90.402,
R26BK01475283,2026-04-24,전남광주통합특별시 해남군,화원 중리 마을안길 정비공사,주식회사 대성산업,26154900,90.252,
R26BK01468452,2026-04-22,경상남도 김해시,"중점관리지역 준설공사(회현, 대동)",주식회사 우미건설,44840000,91.133,
R26BK01485507,2026-04-24,강원특별자치도 원주시 체육시설사업소,원주서부 복합체육센터 안전 난간 설치 공사,하나ENG,42312000,89.998,
R26BK01485347,2026-04-24,경기도 용인시 처인구 남사읍,봉무천 풍수해예방 준설공사(수의시담),(주)남경이엔씨,49359750,89.745,
R26BK01486097,2026-04-24,한국과학기술정보연구원,양자컴퓨터 전산실 구성 통신공사,주식회사 데이타렉스대전,19000000,98.191,
R26BK01471692,2026-04-24,한국환경보전원,2026년 1차 영산강·섬진강수계 지장물 철거공사(1구역),무등건설 주식회사,561492026,90.606,
R26BK01435830,2026-04-24,조달청 대전지방조달청,금산군 공공임대형 지식산업센터 건립공사(통신),주식회사 백승통신,547006930,90.481,
R26BK01472931,2026-04-24,강원특별자치도 정선군,북평면 그라운드골프장 조성사업,청암종합건설(주),243432000,90.562,
R26BK01474624,2026-04-24,충청남도 천안시,동면 송연리 구거 재해복구사업,주식회사 대동이스타,55474636,90.628,
R26BK01471565,2026-04-24,나주시농협쌀조합공동사업법인,2026년 고품질쌀유통활성화사업 벼 건조저장시설 개보수 (다시DSC),주식회사 대원지에스아이,2135000000,89.509,
R26BK01474386,2026-04-24,충청남도 아산시,고용산 숲속야영장 조성사업(통신),주식회사 계림엔지니어링,84276950,90.459,
R26BK01476803,2026-04-24,경기도 용인시 수지구,2026년 수지구 터널 지하차도 침사조 및 배수로 준설 연간단가공사,하진환경,89915056,90.218,
R26BK01476115,2026-04-24,경기도 평택시,2026년 차선도색공사(남부지역),대한페인트공사,101073656,90.607,
R26BK01474634,2026-04-24,대전교통공사,2026년 역사 노후 엘리베이터 교체 건축공사,주식회사 우수건설,288499600,90.191,
R26BK01475618,2026-04-24,전남광주통합특별시 해남군,옥천 호산 농로 정비공사,주식회사 동광토건,29564100,90.317,
R26BK01475738,2026-04-24,전남광주통합특별시 해남군,북일 신방 마을안길 확장공사,주식회사 중원건설,34063120,90.234,
R26BK01475783,2026-04-24,전남광주통합특별시 해남군,북일 삼성 농로 정비공사,어진건설 (주),44722900,90.304,
R26BK01475653,2026-04-24,경상남도 산림환경연구원,소액수의 견적제출 안내공고[2025년 경상남도수목원 특성화사업(무궁화원 보완)],신진조경 주식회사,125749306,90.175,
R26BK01475742,2026-04-24,경기도 성남시 중원구,버즘나무 등 가로수 및 녹지대 수간주사 공사,(주)한강워터테크,54021471,90.354,
R26BK01472868,2026-04-24,강원특별자치도,청사 석면 건축자재 교체공사,주식회사 태성산업,76326240,89.943,
R26BK01476004,2026-04-24,전북특별자치도 완주군,경천면 오복마을 안길 배수로 정비공사,더웨이홀딩스(주),27442990,90.084,
R26BK01468905,2026-04-24,중소기업은행,강동구청역지점 전체 레이아웃 건축공사,(주)다옴디앤아이,349672640,90.599,
R26BK01476560,2026-04-24,대전광역시 시설관리공단,1처리장 생물반응조 산기설비 부품 교체공사,(주)칠성이엔씨,150223309,90.936,
R26BK01449775,2026-04-24,서울특별시,2026년 중앙동 일대 및 은천로 장기사용 배수관 정비공사,세븐에이엠디자인 주식회사,1110428000,89.696,
R26BK01485984,2026-04-24,한국농어촌공사 경북지역본부 영주.봉화지사,석교1리마을만들기사업 퍼걸러 비가림설치 공사,(주)녹원,8526000,88.023,
R26BK01476747,2026-04-24,부산교통공사,2026년 역사 노후 화재수신기 개량공사,(주)아진소방,43297200,90.332,
R26BK01474412,2026-04-24,경상북도 의성군 상하수도사업소,안계양곡3리노후관교체공사 수의견적 제출안내 공고,흥일산업(주),53885400,90.275,
R26BK01476489,2026-04-24,경상남도,남해군 상주면 대량해역 인공어초 시설공사,안택건설주식회사,266894000,90.4,
R26BK01469646,2026-04-24,경기도 포천시,한탄강 세계지질공원 시설정비사업,주식회사 우송조경,182715220,90.104,
R26BK01481204,2026-04-23,한국지역난방공사 화성지사,화성지사 분산제어시스템 HMI 및 보안설비 설치 공사,㈜에이비비코리아,1207800000,89.675,
R26BK01481234,2026-04-22,한국지역난방공사 화성지사,화성지사 발전기 여자기 환경개선 공사,주식회사 지안네이처,19783500,90.153,
R26BK01468875,2026-04-24,한국산업은행,한국산업은행 목포지점 개보수공사(건축공사),이노건설(주),149420000,90.231,
R26BK01471927,2026-04-24,충청북도 옥천군 농업기술센터,청성 한두레권역 건강관리센터 비가림시설 설치공사,(주)세명건설,41401830,89.997,45800000
R26BK01476818,2026-04-24,경상북도 김천시,어울림한마당 지장전주 이설로 인한 전기인입선로 변경공사,주식회사 위빌드건설,36520000,98.611,
R26BK01474521,2026-04-24,전북특별자치도 김제시,금구면 정농마을 외 2개소 배수로 신설 공사,주식회사 학강,23297220,90.329,
R26BK01486217,2026-04-24,한국농어촌공사 강원지역본부 강릉지사,"한해대비 사천, 경포지구 용배수로 퇴적물제거사업",주식회사 삼균,14500000,90.062,
R26BK01484966,2026-04-23,한국농어촌공사 경기지역본부 연천.포천.가평지사,물관리자동화설비 고장설비 보수공사,주식회사 선진일렉텍,8400000,89.628,
R26BK01457482,2026-04-24,한국마사회제주경마장,제주경마공원 노후휀스 교체공사,(주)하늘조경,119729000,90.076,
R26BK01474356,2026-04-24,경기도 남양주시 공원녹지관리사업소,2026년 공원 및 녹지관리사업(공사)-가운권역,주식회사 왕숙가경,53239580,90.319,
R26BK01475156,2026-04-24,경기도 하남시,"2026년 현안 1, 2지구 공원녹지대 등 수목관리공사(단가계약) 수의견적 제출 공고",주식회사 더봄,120714641,90.401,
R26BK01468910,2026-04-24,법무부 대구지방교정청 경북북부제1교도소,"소방차 및 관용차량 차고지 증축공사（건축, 설비, 토목）",주식회사 홍익종합건설,546336010,90.219,
R26BK01487404,2026-04-24,경기도 안성시 문화예술사업소,안성맞춤랜드 수목 전정공사,주식회사 우리,34300000,98.0,
R26BK01477339,2026-04-24,충청남도 서산시,2026년 빗물받이 준설공사(시내권),(주)남경건설,121499000,90.278,
R26BK01465010,2026-04-21,사단법인 한국생활환경석면협회,2026년 고흥군 슬레이트 처리 지원사업 (1권역),서림건설 주식회사,147564000,90.966,
R26BK01472997,2026-04-24,충청남도 공주시,의당면 덕학리(458) BOX 확장공사,케이티아이주식회사,25457160,90.337,
R26BK01475577,2026-04-24,경기도 오산시,2026년 녹지유지관리 공사(미세먼지차단숲),장우건설(주),68060250,90.372,
R26BK01485301,2026-04-24,경기도 용인시 처인구 남사읍,통삼천 풍수해예방 소규모 준설공사(수의시담),(주)엠케이산업개발,38590350,89.745,
R26BK01486037,2026-04-23,한국농어촌공사 충남지역본부 당진지사,동부지소관내 운정양수장 도장공사(철재기둥 및 계단),전진산업(주),20000000,95.648,
R26BK01477573,2026-04-24,경상남도 진주시,농산물도매시장 청과물동 2층 창호 교체공사,주식회사 진우금속,67790268,89.977,
R26BK01477531,2026-04-24,경상남도 진주시,진주시 농산물도매시장 내부도로 보수공사,세인토건 주식회사,28687000,90.013,
R26BK01476344,2026-04-24,전남광주통합특별시 여수시 상하수도사업단 하수도과,여수공공하수처리시설 사여과지(6지) 정비공사,주식회사 대한엔지니어링,36031389,90.38,39915000
R26BK01487647,2026-04-24,충청남도 서산소방서,(수의시담) 해미119안전센터 폐수배출시설 설치 공사,주식회사 이앤이솔루션,35000000,100.0,
R26BK01486168,2026-04-24,한국농어촌공사 충북지역본부 진천지사,매입비축 훼손농지 복구공사,부원산업 주식회사,21700000,87.793,
R26BK01485383,2026-04-24,한국농어촌공사 경기지역본부 양평.광주.서울지사,2026년 구미1용수간선 보수공사,동창건설 주식회사,15219000,89.0,
R26BK01478567,2026-04-27,경상남도 산청군 생비량면,제보천 2지구(제보리 422-7) 재해복구 공사,동우건설주식회사,83847982,90.216,
R26BK01480475,2026-04-27,한국철도공사 회계통합센터,(긴급)호남선 익산열차승무사업소 등 2개소 일부 개량 기타공사,주식회사 승주종합건설,440918200,90.246,
R26BK01479282,2026-04-27,경상남도 함안군,칠서일반산업단지 인도정비공사,디에스건설 주식회사,65861020,90.41,
R26BK01472964,2026-04-27,경상북도교육청 경상북도영천교육지원청,"임고초등학교 외 2교(영천동부초, 평천초) 교사방수 및 기타공사",성공건설주식회사,236398770,90.291,
R26BK01480385,2026-04-27,강원특별자치도 삼척시,삼척수협 수산물 직매장 건립공사(입찰대행),주식회사 한울기업,1064338910,89.41,
R26BK01479418,2026-04-27,부경대학교,용당9관 외 3개동 노후 냉난방기 교체 부대 설비공사,주식회사 다온테크닉스,134402750,90.657,
R26BK01478128,2026-04-27,경상북도 영덕군 물관리사업소,지품면 도계2리 상수관로 확장공사 견적제출 안내공고,(주)부광건설,36561700,90.514,
R26BK01476401,2026-04-27,전북특별자치도 남원시,옥율천 지방하천 유지관리사업,주식회사 태산,39949000,90.221,
R26BK01480246,2026-04-27,경기도 용인시,2026년 노인보호구역 개선사업,주식회사 미방코팅,90907370,91.268,
R26BK01490998,2026-04-27,한국지역난방공사 청주지사,청주지사 가압장 분산제어설비 개선공사,한국에머슨 주식회사,388500000,89.863,
R26BK01480414,2026-04-27,경상북도 안동시,예안면 정산리 정산소하천 정비공사,주식회사 진주산업,130840700,90.279,
R26BK01465292,2026-04-27,영천시 장애인 종합복지관,영천시장애인종합복지관 장애인 재활스포츠 공사 -변경공고,주식회사 서연,45501985,90.284,50763000
R26BK01476434,2026-04-27,전남광주통합특별시 영광군,2026년 도시숲(생활환경숲) 조성사업,신화 주식회사,178338380,90.297,
R26BK01468602,2026-04-27,경기도 화성시 공원녹지사업소,2026년 청계권역 공원 잔디관리공사,주식회사 태아이앤씨,452007700,90.393,
R26BK01481908,2026-04-24,강원특별자치도 산림과학연구원 동부지원,2026년 임도구조개량사업,정선군산림조합,98110000,90.985,
R26BK01475084,2026-04-27,충청북도 도로관리사업소,국지32호(청주 미천)호우피해 복구사업,(주)지운건설,68366400,90.633,
R26BK01478116,2026-04-27,부산광역시 연제구,2026년 중앙분리화단 유지관리공사,세경조경,99333979,90.692,
R26BK01477954,2026-04-27,부산광역시 연제구,2026년 가로화단 및 교통섬 유지관리공사,주식회사 초록종합건설,113673580,90.821,
R26BK01473962,2026-04-27,경기도 이천시,다리원 시설 개선사업(건축공사)   *전통한옥 해체 및 재조립공사,(주)한울종합건설,270327750,90.348,
R26BK01474434,2026-04-27,충청남도 공주시,교동성당 교차로~교촌교 노후 아스콘 재포장 공사,유일개발(주),27674107,90.132,
R26BK01479759,2026-04-27,부산광역시 기장군,칠암항 공동해수인입 배관교체 공사,대목종합건설주식회사,66365100,90.144,
R26BK01478267,2026-04-27,경찰청 서울특별시경찰청,광역예방순찰1대 청사 리모델링 공사(기계),주식회사 대원공조에어컨,67940200,89.963,
R26BK01479846,2026-04-27,전북특별자치도 익산시,익산시 자율주행 관제센터 리모델링 공사(소방),주식회사 기선전력,28095180,90.272,
R26BK01479192,2026-04-27,강원특별자치도 평창군,공공건축물 그린리모델링사업 건축공사(이목정1리 경로당),(주)대덕종합건설,86792013,90.167,
R26BK01472583,2026-04-27,경기도 고양시,"2026년 고양한강공원, 행주산성한강공원 녹지관리 공사",주식회사 다올엘앤씨,256563530,90.42,
R26BK01477650,2026-04-27,충청북도 도로관리사업소 북부지소,지방도532호선 충주 대미삼거리 회전교차로 설치사업,주식회사신우건설,343347970,90.718,
R26BK01480779,2026-04-27,산림청 서부지방산림청 함양국유림관리소,2026년 산림유역관리사업(산청신등모례) 제한경쟁 입찰 공고,주식회사아름다운,695808000,87.745,
R26BK01478944,2026-04-27,경상남도교육청 경상남도김해교육지원청,석봉초등학교 수전설비교체 전기공사 수의계약 안내 공고,(주)세인텍,23475210,90.262,
R26BK01473856,2026-04-27,한국철도공사 회계통합센터,경강선 신둔도예촌~이천 31.550km등 14개소 재해예방 기타공사,엔지니어스주식회사,1028444650,89.411,
R26BK01480402,2026-04-27,강원특별자치도교육청 강원특별자치도원주교육지원청,북원중 유도훈련장 증축 냉난방기 설치공사 소액수의 안내공고,주식회사 은하,40808998,90.12,
R26BK01477551,2026-04-27,경기도 포천시,2026년 포천천 산책로 풀베기 사업(북부권역),포천조경 주식회사,87573900,90.346,
R26BK01477099,2026-04-27,충청북도 청주시 청원구,청원구청 구내식당 환기시설 개선공사(기계),주식회사 표림이엔지,212121620,90.311,
R26BK01477765,2026-04-27,전북특별자치도 부안군,식도지구 농어촌생활용수 개발사업,유한회사 서영종합건설,5420651000,88.092,
R26BK01475733,2026-04-27,충청북도 도로관리사업소,위임국도 19호선 횡단보도 조명시설 설치사업,주원전기 주식회사,43509740,90.139,
R26BK01474423,2026-04-27,충청남도 공주시,2025년 호우피해 복구사업(금성동 왕릉로 도시계획도로),장안건설 주식회사,57618800,90.21,
R26BK01477683,2026-04-27,충청북도 제천시,빈집철거 주민공동이용시설 조성사업에 따른 빈집 철거공사(교동 97-29외 2필지),주식회사 월드산업개발,32800570,90.202,36590000
R26BK01477727,2026-04-27,충청북도 영동군,용산면 한석리(본동) 낙후지역 먹는물 수질개선사업,주식회사 대경건설,113112000,90.353,
R26BK01472403,2026-04-27,서울특별시 서울아리수본부,2026년 아리수나라 데크 정비 공사,(주)한강조경,80367100,89.968,
R26BK01490787,2026-04-27,한국지역난방공사 광주전남지사,2026년도 광주전남지사 ST제어시스템 정기점검보수공사,하이브원,9790000,89.804,
R26BK01477737,2026-04-27,충청북도 영동군,금정 외 4개소 하수관로 개량공사(관로보수),(주)신창건설,30062400,90.201,
R26BK01476486,2026-04-27,전남광주통합특별시 영광군,법성 지장천 재해복구사업,리윤건설 주식회사,338222050,90.398,
R26BK01473566,2026-04-27,충청북도,충청북도 청소년종합진흥원 및 복합문화센터 리모델링 공사(통신),주식회사 코맥스엔코전자통신,401799420,90.421,
R26BK01482468,2026-04-27,한국기초과학지원연구원,다목적방사광가속기 기반시설 건설공사,주식회사 포스코이앤씨,258049040040,100.0,
R26BK01473045,2026-04-27,강원특별자치도 삼척시 원덕읍,노곡3리 농어촌도로 배수로 설치공사,조형건설,46730000,90.424,51572000
R26BK01474427,2026-04-27,충청남도 공주시,지방하천(검상천-봉정동 474-4번지) 하천준설사업,제이엠건설 주식회사,181550000,90.27,
R26BK01475065,2026-04-27,전북특별자치도 남원시,시청남로(중로2-8) 인도정비사업,미르건설(주),159373220,90.24,
R26BK01475673,2026-04-27,강원특별자치도 양양군,보호구역 실태조사에 따른 개선공사(손양면 인근),두성건설주식회사,63122700,89.97,
R26BK01473885,2026-04-27,서울교통공사,명동역 고객안전실 및 직원침실 환경개선 건축공사,주식회사 티어디자인,424465920,90.511,
R26BK01474543,2026-04-27,전북특별자치도 김제시,김제 문화예술 커뮤니티센터 건립사업 소방공사(총괄분 및 1차분),유한회사 지에이시스템,459464572,90.354,
R26BK01477138,2026-04-24,경기도 가평군,군도10호선(백둔리) 배수시설 정비공사,삼성건업 주식회사,30562140,91.41,
R26BK01487734,2026-04-24,한국지역난방공사 대구지사,우드칩 관제설비 개선공사,주식회사 삼주전자,6750000,85.889,
R26BK01479329,2026-04-27,사단법인 한국생활환경석면협회,2026년 고흥군 슬레이트 지붕개량 지원사업 (2권역),주식회사 도원건설,173494940,89.978,
R26BK01480758,2026-04-27,전남광주통합특별시 순천시,낙안 금산 마을만들기사업 건축공사,씨피개발 주식회사,541841900,90.32,
R26BK01478633,2026-04-27,충청북도 도로관리사업소 남부지소,영동 지내리 노인보호구역 개선사업,주식회사 자모이엔지,31804610,91.195,35303000
R26BK01468772,2026-04-27,충청북도교육청,충청북도교육청 사랑관 증축 및 내진보강 전기공사 입찰 공고,(주)태광전기공사,203434300,90.346,
R26BK01476107,2026-04-27,부산환경공단 대기환경사업소,2026년 슬레이트 지붕철거 및 처리공사(2권역) 단가계약,주식회사 한대건설,633650390,90.426,
R26BK01477157,2026-04-27,경상북도 성주군,성주 힐링승마체험장 조성공사(통신),구룡전기 주식회사,105939770,90.562,
R26BK01470991,2026-04-27,한국어촌어항공단,2025년 거제시 산달어촌체험휴양마을 고도화사업 건축공사(전기),주식회사 대창월드,37100810,90.412,
R26BK01476543,2026-04-27,충청북도 농업기술원,교통영향평가 교통개선 시설물 설치공사,(주)세주건설,37519930,90.148,
R26BK01478570,2026-04-27,인천광역시 연수구,첨단4호 근린공원 체육시설 조도보강사업(전기공사),태영이앤씨주식회사,45958980,90.312,
R26BK01487963,2026-04-24,한국농어촌공사 충남지역본부 청양지사,청양읍 농촌중심지활성화사업 건강먹거리 돌봄 플랫폼 조성사업 통신공사,주식회사 세종보안시스템,32056640,88.0,
R26BK01480131,2026-04-27,충청남도 서산시,2026년 비시내권 도시공원 병충해방제 및 유지관리사업,주식회사 가람조경건설,63386210,90.383,
R26BK01474397,2026-04-27,강원특별자치도교육청 강원특별자치도평창교육지원청,[긴급]거문초 외 1교(대화초) 드라이비트 개선공사,다은건설 주식회사,209458620,90.355,
R26BK01480522,2026-04-27,강원특별자치도 태백시,상장동 야간안전취약지역 경관가로등 설치공사,주식회사 대원,68058240,90.391,
R26BK01475977,2026-04-27,부산광역시 소방학교,부산소방학교 소방전술관 개보수 공사,누가건축사사무소 주식회사,48624340,90.014,
R26BK01477749,2026-04-27,전남광주통합특별시 장흥군,관산 하발2구 배수로 설치공사,장서건설(주),24489900,90.351,
R26BK01477708,2026-04-27,경기도 가평군,호명리 경로당 신축공사(건축),세방건설주식회사,233337000,90.695,257192000
R26BK01480630,2026-04-27,전남광주통합특별시 무안청사,시험포장 취수탑 물탱크 교체공사(기계),주식회사양지이엔지,140662810,90.343,
R26BK01480079,2026-04-27,경기도 연천군,2026년 도시공원 녹지관리공사(2공구),제이엘조경주식회사,73161670,90.451,
R26BK01476635,2026-04-24,한국농어촌공사 경남지역본부 거창.함양지사,월평지구 저수지 준설사업,대일건설(주),192378200,90.198,
R26BK01473298,2026-04-24,충청남도교육청 충청남도금산교육지원청,군북초등학교 외 1교(용문초) 외부환경개선공사,(주)신안건설,108119035,90.504,
R26BK01475822,2026-04-27,한국공항공사 제주공항,제주공항 국내선 수하물인도장 파사드 개선사업,주식회사컴퍼니비,133696716,90.309,
R26BK01478569,2026-04-27,인천광역시 소방본부,만석119안전센터 재건축 소방 공사,한국에스비티(주),44291074,90.247,
R26BK01477404,2026-04-27,서울교통공사,강남(2)역 승강장 혼잡도 개선 시설 개량 건축공사(통신기계실 이전),더아이 주식회사,431993435,91.152,
R26BK01476576,2026-04-27,전남광주통합특별시 영광군,2026년 군서 만년천 정비공사,영광개발(주),61065080,90.354,
R26BK01473785,2026-04-27,강원특별자치도교육청 강원특별자치도영월교육지원청,내성초 교사동 계단실 환경개선공사,(주)부일건설,109923124,90.784,
R26BK01477706,2026-04-27,경상북도 구미시,해평 정운저수지 정비공사,신일건설(주),24217990,90.245,
R26BK01469425,2026-04-27,경찰청 경기도남부경찰청,경기남부경찰청 강당 환경개선공사 [소방] - 제한경쟁(긴급),태경이엔씨주식회사,89160130,90.301,
R26BK01475924,2026-04-27,서울특별시립 아동힐링센터,"아동힐링센터 1층 남,여 장애인 화장실 리모델링 공사",주식회사 마당이엔지,87483577,90.568,
R26BK01479646,2026-04-27,한국농어촌공사 전남지역본부 함평지사,2026년 모산지구 저수지 준설사업,주식회사정후건설,182572200,90.445,
R26BK01482717,2026-04-27,한국농어촌공사 경기지역본부,양주시 농업용 공공관정(YA-013 등 8개소) 전기인입공사,주식회사 중앙전기공사,12400000,92.337,
R26BK01480632,2026-04-27,경상북도 영주시,2026년 도로유지보수공사 연간단가(북부권),(주)대창아스콘,69677100,90.156,
R26BK01477460,2026-04-27,경상남도 김해시,급경사지 위험지구(대청N10) 개선공사,주식회사 에이치제이건설,146762250,90.309,
R26BK01477594,2026-04-27,경기도 평택시,지방하천 스마트 홍수관리시스템 구축사업(전기공사),주식회사 대림파워전력공사,39638300,90.311,
R26BK01475734,2026-04-27,강원특별자치도 양양군,보호구역 실태조사에 따른 개선공사(강현면),(주) 우리도건,53029360,90.656,58843000
R26BK01489912,2026-04-27,한국농어촌공사 경남지역본부 창녕지사,유어풍조지구 농로포장 수리시설현대화사업,아이엑스 주식회사,38370000,89.247,
R26BK01474253,2026-04-27,충청남도 홍성군,죽도자가발전소 계획예방정비공사(새로공고),다온전력 (주),83275500,98.33,
R26BK01475151,2026-04-27,한국농어촌공사 전남지역본부 담양지사,외동마을 농어촌취약지역생활여건개조사업 전기공사,(주)전기안전,84002550,90.336,
R26BK01480494,2026-04-27,전주교육대학교,전주교대 교육문화관(제2도서관) 리모델링 건축공사,주식회사 클레어,647736000,90.377,
R26BK01470811,2026-04-27,경상북도,2026년도 간선임도사업(봉화 봉화 유곡~유곡),주식회사 천지,268118100,90.294,
R26BK01473605,2026-04-27,충청북도,충청북도 청소년종합진흥원 및 복합문화센터 리모델링 공사(소방),미래산전주식회사,64340733,90.301,
R26BK01477489,2026-04-27,경상남도 김해시,한림 신천마을 일원 급수체계 재정비사업,주식회사 비에스건설,613421720,90.365,
R26BK01480788,2026-04-27,전남광주통합특별시 해남군,2026년 해남군 과속방지턱 정비공사,(주)신정토건,25850200,90.053,
R26BK01473489,2026-04-27,경기도 평택시,"2026년도 신호정보 개방사업(제어기교체 및 업그레이드, 전기공사)",(주) 이삭,264022465,90.268,
R26BK01490312,2026-04-27,한국농어촌공사 경남지역본부 진주.산청지사,상미지구 상미저수지 슬루스게이트 교체공사,주식회사 세한기공,7376000,90.006,
R26BK01479291,2026-04-27,부경대학교,2026년 시스템냉난방기 보수 단가계약(LG전자),(주)우건이엔지,127215128,90.266,
R26BK01475785,2026-04-27,강원특별자치도 양양군,보호구역 실태조사에 따른 개선공사(현남면),주식회사투지건설,55571000,90.568,
R26BK01453950,2026-04-23,한양여자대학교,한양여자대학교 냉온수기 세관작업 및 냉각탑보수,하이엠솔루텍주식회사,60170000,97.575,
R26BK01470490,2026-04-27,경상북도,2026년도 간선임도사업(안동 길안 백자~백자),주식회사 정우엔지니어링,217253900,90.467,
R26BK01476913,2026-04-27,부산교통공사,양산역 등 5개역 노후 엘리베이터 개량공사,현서엘리베이터 주식회사,501264000,90.32,
R26BK01477433,2026-04-27,경상남도 김해시,김해교 금옥문 조명교체공사,광영전기,34498165,90.356,
R26BK01477982,2026-04-27,강원특별자치도 도로관리사업소,국도56호선 초현지구 배수시설 정비공사,주식회사 민성,137584330,90.738,
R26BK01476353,2026-04-27,충청남도 예산군,농업경영인회관 리모델링사업(건축)(입찰대행),신원종합건설 주식회사,802748680,90.372,
R26BK01480723,2026-04-27,충청남도 보령시,보령향교 보수공사,대헌건설 주식회사,81173730,90.234,
R26BK01480011,2026-04-27,서울교통공사,강남역 대합실 혼잡도 개선 시설 개량 건축공사(개집표기 이설),(주)다원아이디앤씨,200573872,91.305,
R26BK01477112,2026-04-27,충청남도 서산시,갈지천 오수관로 수해복구 공사,아이지종합건설 주식회사,562298230,90.485,
R26BK01473197,2026-04-27,한국지역난방공사 분당사업소,분당사업소 열원 DH펌프 부속설비 교체 공사,(주)이레소방전기,43309521,89.89,
R26BK01480381,2026-04-27,전북특별자치도 정읍시,소성면금동마을(화룡리1120)용수로정비공사,주식회사  하나건설,24499000,90.14,
R26BK01473490,2026-04-27,충청북도,충청북도 청소년종합진흥원 및 복합문화센터 리모델링 공사(전기),대신전기,595815558,90.435,
R26BK01480351,2026-04-27,경기도 평택시,원평지역 골목길 환경개선 시범사업 재포장공사,주식회사 계림조경개발,48574300,90.317,
R26BK01479941,2026-04-27,경기도 연천군,신서 배드민턴장 리모델링 및 야구연습장 조성공사,건창산업주식회사,29766400,90.405,
R26BK01480550,2026-04-27,강원특별자치도 철원군,2026년 평화의 길 조경 정비공사,주식회사푸른결조경,89058000,90.423,
R26BK01475587,2026-04-27,부산광역시교육청 부산광역시서부교육지원청,사남초등학교 다목적강당 증축 및 기타 전기공사(긴급),삼성g2b주식회사,165907098,90.391,
R26BK01478956,2026-04-27,충청남도교육청 충청남도서산교육지원청,서산공업고등학교 담장 수선공사,장원건설주식회사,140480000,90.311,
R26BK01471240,2026-04-24,강원특별자치도 원주시,소초면 수암리 1443-3번지 일원(수암젓둔길 일원) 상수관 설치공사,고려엔비텍주식회사,55798470,90.498,
R26BK01489632,2026-04-27,강원특별자치도 원주시 농업기술센터,"2026년 제3차 농업생산기반시설 유지관리공사(1구역, 단가계약)",주식회사 다원건설,48706200,90.0,
R26BK01489664,2026-04-27,강원특별자치도 원주시 농업기술센터,2026년 제2차 양수장 유지관리공사(단가계약),주식회사 다온기계건설,48417300,90.0,
R26BK01476577,2026-04-27,충청북도교육청 충청북도청주교육지원청,청주여고 옥상 방수공사 수의계약 견적제출 안내 공고,덕주건설 주식회사,129485300,90.314,
R26BK01480606,2026-04-27,국립경국대학교 행정지원본부,국립경국대학교 예천캠퍼스 제1구역 노후 전력망 개선 공사,주식회사진승,52688091,90.374,
R26BK01476804,2026-04-27,산림청 북부지방산림청 서울국유림관리소,2026년 산불진화임도 신설사업(대광),(주)푸른숲,948469624,87.912,1082201000
R26BK01475978,2026-04-27,인제군사회복지관,2026년 종합사회복지관 리뉴얼지원사업(조리실 및 화장실 기능보강),주식회사 태산건설,33351370,89.794,
R26BK01474420,2026-04-27,충청남도 공주시,"금학동 봉정통(197-4, 199) 농로보수공사",주식회사 와이엔티,57810380,90.235,
R26BK01488327,2026-04-27,한국농어촌공사 경북지역본부 고령지사,다산지구 퇴적물제거 및 잡목제거사업,성진건설(주),12450000,88.091,
R26BK01478924,2026-04-27,경기도 오산시,2026년 그린케어숲공원 산책로 정비공사,(주)나무이야기,83088000,90.317,
R26BK01470614,2026-04-27,경상북도,2026년도 간선임도사업(안동 임동 망천~임하 천전),주식회사강산,220431000,90.267,
R26BK01476686,2026-04-27,브니엘네이처주식회사,자동집하시설 이송배관 관로 교체 공사(한빛집하장 2개소),(주)대경이앤지,134568900,90.696,149100000
R26BK01477654,2026-04-27,대구광역시 달성군,2026년 구지 국가산업단지 도시공원 잔디 유지관리 공사,주식회사 한솔나무병원,198492750,90.425,
R26BK01477673,2026-04-27,대구광역시 달성군,2026년 테크노폴리스 녹지 및 조경지 잔디 유지관리 공사,주식회사 오월,211956369,90.42,
R26BK01484928,2026-04-24,한국농어촌공사 경북지역본부 상주지사,화동지구 용배수로 수문 보수공사,동국건설 주식회사,17028000,90.0,
R26BK01486197,2026-04-27,사회적협동조합 우리나래,우리나래 통합돌봄센터 24시 활동공간 인테리어 공사,(주)서림에이엔씨,45450000,100.0,
R26BK01485354,2026-04-27,조달청,인천대로 일반화 도로개량(2단계) 및 혼잡도로 개선공사,주식회사 포스코이앤씨,821130200000,99.873,
R26BK01486704,2026-04-24,한국농어촌공사 강원지역본부 홍천.춘천지사,지사 청사 태양광발전설비 설치 공사,주식회사 해드림,24300000,90.0,
R26BK01486823,2026-04-24,한국농어촌공사 충남지역본부 논산지사,벌곡면 수락리 등 9개소 용배수로 정비공사,주식회사 부국산업건설,19950000,90.727,
R26BK01486784,2026-04-27,서울특별시 서울아리수본부 구의아리수정수센터,구의아리수정수센터 백업제어실 리모델링 공사,디자인 가인드 주식회사,35800000,94.264,
R26BK01485820,2026-04-27,한국지역난방공사 수원사업소,수원사업소 통신케이블 공사,시큐어레터 주식회사,9570000,90.116,
R26BK01485869,2026-04-23,한국농어촌공사 전남지역본부 영암지사,2026년 채지저수지 외 3개소 간이방류시설 설치공사,주식회사 삼공건설,19950000,90.967,
R26BK01474428,2026-04-27,충청남도 공주시,탄천면 국동리(291-1) 아스콘덧씌우기공사,이안건설 주식회사,30138694,90.015,
R26BK01487543,2026-04-24,한국지역난방공사 대구지사,2026년 대구지사 소방시설 종합점검 지적사항 보수공사,가람소방방재 주식회사,6350000,91.699,
R26BK01480368,2026-04-27,경상북도 청도군,풍각면풍각버스정류장해체공사,주식회사 백천산업개발,86020000,99.303,
R26BK01486846,2026-04-24,한국농어촌공사 충남지역본부 논산지사,연산면 장전리 등 5개소 용배수로 정비공사,주식회사정우이앤씨,19915000,90.658,
R26BK01473430,2026-04-17,한국농어촌공사 전남지역본부 영암지사,2026년 백계양수장 외 7개소 전기설비 보수공사,주식회사 에스비전기공사,13770000,90.975,
R26BK01478838,2026-04-27,충청북도 음성군,중소하천 정비사업(오갑천),네오건설(주),91021000,90.257,
R26BK01470964,2026-04-24,강원특별자치도 원주시,소초면 교항리 629-8번지 일원(골말 마을) 상수관 설치공사,주식회사 제이씨건설,72610000,90.374,
R26BK01476038,2026-04-27,전남광주통합특별시 영암군,삼호 실로암 산림복지 나눔숲 조성사업,주식회사 금목,103876950,90.087,
R26BK01477674,2026-04-27,충청북도 제천시,빈집철거 주민공동이용시설 조성사업에 따른 빈집 철거공사(남천동 258외 1필지),주식회사 월드산업개발,28826960,90.144,
R26BK01480135,2026-04-27,충청북도 청주시 서원구,구암리 122-4번지 일원 아스콘 절삭덧씌우기 공사,씨제이건설 주식회사,29397393,90.549,
R26BK01455756,2026-04-27,경기도 파주시,육아종합지원센터 등 건립공사(소방),주식회사 유신전기,1067955600,89.425,
R26BK01480613,2026-04-27,경상북도 영주시,봉현면 대촌2리 도농교류센터 인근 배수로 정비공사,주식회사 대로,36696600,90.273,
R26BK01475698,2026-04-27,강원특별자치도 양양군,보호구역 실태조사에 따른 개선공사(서면),주식회사 동북임업,60744620,90.23,
R26BK01480112,2026-04-27,경상북도 의성군,금성대리3리쌍계천퇴적토정비공사,영진건설주식회사,83402800,90.265,
R26BK01472535,2026-04-27,한국환경공단,㈜지엠이앤씨 폐기물 매립시설 침출수처리시설 설치공사,주식회사 한성기계설비,169698820,90.149,
R26BK01476309,2026-04-27,경기도 가평군,청평 어린이놀이공원 조성사업,(주)매일,1417533150,89.412,
R26BK01469240,2026-04-27,경상북도,2026년도 계류보전사업(예천 용문 원류),리안산림 주식회사,116564641,90.308,
R26BK01477778,2026-04-27,충청북도 영동군,지땡소하천 정비관리 사업,주식회사 대경건설,104957000,90.431,
R26BK01474531,2026-04-27,전북특별자치도 김제시,김제 문화예술 커뮤니티센터 건립사업 전기공사(총괄분 및 1차분),서울전력,706476471,90.396,
R26BK01477803,2026-04-27,경상북도 포항시 맑은물사업소,YG25블록(송림교회 일원) 노후관 교체 공사,일신산업개발(주),191227960,90.623,
R26BK01478770,2026-04-27,경기도 부천시 오정구,2026년 오정구 노후경로당 시설개선공사,주식회사 이엘씨,85093670,89.949,
R26BK01477930,2026-04-27,인천광역시 소방본부,인천소방본부 119항공대 격납고 빅 도어(슬라이딩) 교체 공사,KH건설,287959444,90.236,
R26BK01472172,2026-04-27,산림청 동부지방산림청 정선국유림관리소,2026년 산림유역관리사업,강릉시산림조합,772422700,87.761,877804000
R26BK01477756,2026-04-27,전남광주통합특별시 장흥군,장흥 향양1구마을 용수로 정비공사,중흥건설 주식회사,36518340,90.276,
R26BK01470912,2026-04-27,청주시장애인종합복지관,청주시장애인종합복지관 옥상 정원 철거 및 방수 공사 입찰 공고,청주산업개발 주식회사,41610800,90.071,
R26BK01480397,2026-04-27,전북특별자치도 정읍시,중앙도서관화장실및로비냉난방기설치공사,(유)제이제이건설,30298000,90.009,
R26BK01479687,2026-04-27,전북특별자치도 익산시,2026년 시립치매요양원 유휴부지 수목식재사업,유한회사 오성조경개발,46133230,89.938,
R26BK01478946,2026-04-27,강원특별자치도 평창군,공공건축물 그린리모델링사업 건축공사(방림4리 경로당),주식회사 무신건설,83550355,90.222,
R26BK01480662,2026-04-27,충청남도 보령시,풍계리(733-4) 구거 정비공사,씨케이건설주식회사,37248700,90.2,
R26BK01478996,2026-04-27,경상북도 의성군,2026년 통합관리1구역 조경관리사업,자연조경주식회사,140940100,90.463,
R26BK01477384,2026-04-27,경기도 화성시 병점구,병점구 부적합 전기설비 개선공사,삼상이엔지 주식회사,96606340,90.351,
R26BK01480025,2026-04-27,경상북도 의성군,봉양화전리쌍계천퇴적토정비공사,주식회사 광명건설,90597980,90.32,
R26BK01476677,2026-04-27,경상북도 문경시,점촌4동 유곡동(215-1) 소방도로 정비공사,영강산업개발(주),41805200,90.368,
R26BK01480764,2026-04-27,전남광주통합특별시 순천시,순천시 음식물자원화시설 창고동 지붕 및 벽체 판넬 교체 공사,황금건설 주식회사,317191300,90.024,
R26BK01480765,2026-04-27,전남광주통합특별시 해남군,계곡 군도 13호선 정비공사,(주)늘푸른조경,34211420,90.213,
R26BK01478326,2026-04-27,경기도 동두천시,2026년 동두천시 도로변 예초공사(2권역),(주)자연속으로,125981200,90.292,
R26BK01475092,2026-04-24,경상북도 경주시 화랑마을,문무야외수영장 보수공사,승지토건(주),58021000,90.347,
R26BK01476607,2026-04-27,전남광주통합특별시 영광군,2026년 염산 비선천 정비공사,정주건설(주),51440000,90.346,
R26BK01476436,2026-04-27,행정안전부 정부청사관리본부 서울청사관리소,2026년 정부서울청사 조경 유지관리 공사,대원조경건설 주식회사,38874090,90.363,
R26BK01478673,2026-04-27,한국석유공사,2026년도 울산지사 1차 지하공동(T-S701) 판형열교환기(BPHE) 교체공사,현대중공업터보기계 주식회사,20152000,98.954,
R26BK01472723,2026-04-27,제주특별자치도,지방어항 세화항 세화잠수촌 리모델링 건축공사,주식회사브라운트리종합건설,315428900,90.281,
R26BK01481903,2026-04-24,한국농어촌공사 경남지역본부 창녕지사,고곡양수장 기동반 진공차단기 교체 공사,주식회사 태성일렉트릭,9280000,89.273,
R26BK01473798,2026-04-27,강원특별자치도교육청 강원특별자치도영월교육지원청,봉래초 사택 드라이비트 개선공사,(주)마루,23922000,90.163,
R26BK01480184,2026-04-27,경기도 용인시,지방도 311호선 연결도로 개설공사(전기),주식회사 아주건설,352000000,90.309,
R26BK01479764,2026-04-27,전북특별자치도 익산시,원대사거리 등 17개소 횡단보도조명등 설치 및 교체공사,진성산업개발 주식회사,22911300,89.889,
R26BK01469365,2026-04-27,경찰청 중앙경찰학교,중앙생활관(중앙2관) 환경개선 공사(건축),대성종합건설 주식회사,729769700,90.323,
R26BK01480532,2026-04-27,강원특별자치도 철원군,철원 플라즈마 일반산업단지 복합센터 건립사업(통신),부광하이텍주식회사,286948242,90.451,
R26BK01483297,2026-04-27,산림청 북부지방산림청 홍천국유림관리소,2026년 제6차 조림예정지정리 및 나무심기사업 지명경쟁 입찰공고,서석국유림영림단,122550000,90.725,
R26BK01476134,2026-04-27,전북특별자치도교육청 완산여자고등학교,완산여고 건물 개축 포장공사[긴급],(유) 대웅건설,218624198,90.505,
R26BK01479948,2026-04-27,제주특별자치도,2026년 상반기 노후 교통신호기 교체공사(동부) (사업소),우리기술단 주식회사,152185190,90.453,
R26BK01478150,2026-04-27,경기도 동두천시,소요 숲 힐링공간 부대시설 조성공사,다우리조경(주),78077000,90.107,
R26BK01477456,2026-04-27,광주환경공단,광주제1하수처리장 2단계 최초침전지 스컴스키머 철거공사 수의견적 제출안내 공고,상일기공(주),95141000,90.56,
R26BK01478158,2026-04-27,경기도 시흥시,2026년 도로포장보수 단가공사(북부권-1차),주식회사 에이치앤건설,81042380,90.405,
R26BK01478192,2026-04-27,인천광역시 소방본부,만석119안전센터 재건축 공사(기계·토목·해체 포함),다성건설 주식회사,2278652000,89.39,
R26BK01472904,2026-04-27,경기도 용인시,기흥호수공원 내 야외무대 조성사업,미류개발(주),488669000,90.242,
R26BK01478464,2026-04-27,인천광역시 소방본부,만석119안전센터 재건축 정보통신 공사,탑정보통신 주식회사,112967520,90.442,
R26BK01480623,2026-04-27,경상북도 영주시,2026년 도로유지보수공사 연간단가(남부권),주식회사 지윤건설,69585340,90.156,
R26BK01478288,2026-04-27,충청북도 청주시 상당구,대청호반 다목적광장 조성사업,금마토건 주식회사,175355062,90.225,
R26BK01478230,2026-04-27,충청남도 보령시 보건소,보령시립노인전문병원 방수 공사,주식회사 오투,26780800,89.974,
R26BK01477863,2026-04-27,충청북도 옥천군,2026년 장령산자연휴양림 보완사업(건축),주식회사 태산종합건설,252648978,90.337,
R26BK01478256,2026-04-27,경기도 광주시 남한산성면,(긴급)시설공사 소액수의 견적제출 안내 공고 [상번천1리 마을공동시설 보수공사],주식회사 예광테크,71786640,89.984,
R26BK01480348,2026-04-27,경상북도 안동시,중앙분리대 및 띠녹지 예초‧제초 작업(동부지구),주식회사 에버그린,62643532,90.377,
R26BK01470084,2026-04-27,경상북도,2026년도 사방댐설치사업(울진 북 주인),유한회사엠비엠산업,239225900,90.353,
R26BK01477768,2026-04-27,전남광주통합특별시 장흥군,관산 삼산1구마을 배수로 정비공사,비스타건설 주식회사,32520872,90.338,
R26BK01480419,2026-04-27,경상북도 영주시,2026년 도시공원 유지관리 공사(풍기읍),주식회사 자연조경,69444930,90.421,
R26BK01466278,2026-04-27,경기도교육청 경기도광명교육지원청,창의경영고 고교학점제 공간조성 증축 및 리모델링 전기공사(계속비),주식회사 삼진이엔씨피,250984650,90.371,
R26BK01477688,2026-04-27,경상북도 구미시,선산읍 내고2리 구거 정비공사,주식회사 도현건설,47585997,90.359,
R26BK01471976,2026-04-23,경상북도 상주시,2026년 감나무가로수 병해충방제사업,상일조경나무병원 주식회사,41487000,91.283,
R26BK01474066,2026-04-27,경상북도 안동시,임동면 박곡지구(박곡리) 마을기반 정비사업,와이엔건설 주식회사,455766350,90.563,
R26BK01475838,2026-04-27,경기도 화성시,양감 사창리 세월교 보수공사,하늘토건(주),144000000,97.486,
R26BK01480649,2026-04-27,충청남도 보령시,명천1통(105-15) 우수관 설치공사,태우건설주식회사,31916900,90.266,
R26BK01479583,2026-04-27,경상북도 영주시,가흥공원 제초공사,주식회사 나무,91032810,90.479,
R26BK01478315,2026-04-27,충청북도 음성군 생극면,생극 생3리 농로 확장공사,선진건설 주식회사,34643425,90.732,
R26BK01468896,2026-04-24,기후에너지환경부 한강홍수통제소,2026년 한강권역 수위관측소 신설공사,주식회사세웅,777847000,90.5,
R26BK01480599,2026-04-27,전남광주통합특별시 나주시,영산강 한반도지형 전망대 관광활성화 사업(전기),주식회사 풍성,56135552,90.255,62216660
R26BK01474160,2026-04-27,산림청 북부지방산림청 민북지역국유림관리소,"2026년 임도사업(기번6, 구조개량-군량) 제한경쟁입찰",화천군산림조합,122115000,87.794,139345081
R26BK01473076,2026-04-27,강원특별자치도 삼척시 원덕읍,사곡리(6 일원) 석축 및 배수시설 정비공사,(주)한탑건설,43110600,90.346,
R26BK01477214,2026-04-27,충청남도 서산시,고산천 무명1교 재해복구사업,대국건설산업 주식회사,904795800,90.367,
R26BK01480404,2026-04-27,경기도 평택시,2026년 방범 CCTV 설치 공사(1차 송출),주식회사 엠앤제이테크,32975220,90.358,
R26BK01480760,2026-04-27,경기도교육청 경기도용인교육지원청,(가칭)남동1초 신축 통신공사(계속비),태흥산업기전(주),817059343,90.415,
R26BK01475027,2026-04-27,강원특별자치도교육청 강원특별자치도강릉교육지원청,"옥계중 교사1동 외 3동(교사2동, 사택1동, 사택2동) 지붕보수 및 외벽보수공사 입찰공고 안내",주안건설,213495630,90.304,
R26BK01478067,2026-04-27,경기도 동두천시,소요산 산책로 환경개선 공사,비엘조경개발(주),59909740,91.14,
R26BK01473540,2026-04-27,경기도 이천시,2026년 망현산 등산로 정비사업,만경 주식회사,175425800,90.15,
R26BK01477074,2026-04-24,대전광역시 하천관리사업소,2026년 노후 공중화장실 정비공사,주식회사 제이에이치켐,59559207,90.194,
R26BK01489346,2026-04-27,경기도 안성시,2026년 하천 출입차단시설 설치사업(전기)(2차),성광전기,50025000,94.999,
R26BK01479367,2026-04-27,한국수산자원공단 서해본부,2026년 태안군 꽃게 산란서식장 자연석 시설,주식회사 두광건설,197650823,90.12,
R26BK01480510,2026-04-27,경상북도 영주시,2026년 도시공원 유지관리 공사(휴천동 외),애니(Any)조경,79496251,90.313,
R26BK01477759,2026-04-27,충청북도 영동군,황간면 미사용 마을방송 시설물 정비 공사,주식회사 명성전력,59518000,90.337,
R26BK01474307,2026-04-27,경상북도,의성소방서 냉난방기 교체공사,포시즌공조설비 주식회사,144429500,89.842,
R26BK01477897,2026-04-27,충청북도 단양군,"2026년 다목적(방범,쓰레기,재해예방)용 CCTV 구축사업",(주) 성진,79427312,90.145,
R26BK01479909,2026-04-27,전북특별자치도 익산시,함벽정 주변정비 공사,주식회사 금우,47747000,90.299,
R26BK01483583,2026-04-27,한국농어촌공사 충남지역본부 서산.태안지사,2026년 상반기 어송도내지구 수문보수공사,주식회사 태림산업,7370000,90.053,
R26BK01477466,2026-04-27,충청북도 제천시,청풍명월 국제하키장 선수대기실 전기공사,주식회사 대건중전기,74463000,90.088,
R26BK01479997,2026-04-27,경상북도 영주시,2026년 도시공원 유지관리 공사(가흥동 외),주식회사 중흥건설조경,85199520,90.307,
R26BK01483528,2026-04-23,강원특별자치도 양구군,2026년 임도보수사업,양구군산림조합,74878740,89.744,
R26BK01477746,2026-04-27,충청북도 영동군,용화지구 취약지역 생활여건 개조사업 기반시설 조성공사,도명건설(주),82823400,90.315,
R26BK01467004,2026-04-27,경기도교육청 경기도교육청율곡연수원,2026년 대강당 리모델링 공사(건축) 입찰 공고,감명건축 주식회사,248131900,90.284,
R26BK01479513,2026-04-27,경상북도 예천군,2026년 미국흰불나방 가로수 방제사업 시행(유천개포지보),한서나무종합병원 주식회사,28226000,90.523,
R26BK01472842,2026-04-27,제주특별자치도,2026년 구국도 서부권역 조경관리공사(단가계약),주식회사 예담조경,888712700,90.629,
R26BK01474157,2026-04-27,산림청 북부지방산림청 민북지역국유림관리소,"2026년 임도사업(기번5, 구조개량-오미1) 제한경쟁입찰",양양속초산림조합,132560000,87.798,151292099
R26BK01480595,2026-04-27,경기도 평택시,평택 이안아파트 주변 도로정비공사,주식회사 영호건설,184943000,90.271,
R26BK01480426,2026-04-27,강원특별자치도 속초시,2026년 지방하천(쌍천) 하도정비사업,천보건설 주식회사,62680900,90.285,69870000
R26BK01478828,2026-04-27,충청북도 음성군,맹동 용촌리 군도13호선 확포장사업,대유 주식회사,528269279,90.622,
R26BK01472462,2026-04-27,경기도 용인시 수지구,2026년 상반기 수지구 도로구조물 보수공사(소규모시설),(주)창성건설,351599880,90.711,
R26BK01479570,2026-04-27,경기도 고양시,백석동 1309-1번지 일원 하수관로 정비공사,경기북부건설(주),62569100,90.929,
R26BK01475664,2026-04-27,울산광역시 울주군,2026년 온양읍 산불피해지 계류보전사업(온양외광지구),주식회사 푸른솔,156023100,90.472,
R26BK01477226,2026-04-27,전남광주통합특별시 담양군,담양군민 생활체육공원 조성사업(재공고),남화토건(주),2462992000,89.349,
R26BK01470587,2026-04-27,경기도 여주시,"능서도시계획도로(소로2류13호, 능서농협~농협창고) 개설공사",장인종합건설(주),475287590,90.34,
R26BK01480244,2026-04-27,경기도 성남시 분당구,"가로수 및 녹지대 병해충 방제공사(야탑, 이매동)",(주)한강나무병원,151547000,90.37,
R26BK01479682,2026-04-27,경상북도 의성군,과수거점APC스마트화 전기증설공사,유신전력주식회사,80815403,90.251,
R26BK01480470,2026-04-27,강원특별자치도 속초시,"2026년 다목적 CCTV 신규, 보강 설치공사(통신)",주식회사 에스비텍,38097640,90.29,
R26BK01479987,2026-04-27,충청북도 청주시 서원구,상발삼거리 아스콘 절삭덧씌우기 공사,합자회사 권념건설,27080700,90.586,
R26BK01475746,2026-04-27,부산환경공단 대기환경사업소,2026년 슬레이트 지붕철거 및 처리공사(1권역) 단가계약,금탑건설주식회사,570439440,90.38,
R26BK01480313,2026-04-27,수도권매립지관리공사,침출수처리장 탈수기동 노후 전기시설 철거 및 개선공사,주식회사 서엔지니어링,318006320,90.381,
R26BK01477989,2026-04-27,경상북도 영덕군 물관리사업소,임시주거시설(마을단위) 소방용수시설 설치공사 견적제출 안내공고,주식회사 성진건설,40087195,90.244,
R26BK01479332,2026-04-27,경기도 시흥시,정왕동 산16-1번지 외 1개소 일원 상수관로 확장공사,(주)한석개발,114795910,91.623,
R26BK01478323,2026-04-27,인천광역시 소방본부,만석119안전센터 재건축 전기 공사,황인전기건설공사,231712580,90.398,
R26BK01478047,2026-04-27,충청북도 옥천군,산불대응센터 신축공사(통신),(주)경보전설,23684100,90.546,
R26BK01478618,2026-04-27,충청북도 음성군,2026년 도민체전 대비 종합운동장 보수공사,(주)삼부건설,579779610,90.293,
R26BK01480487,2026-04-27,강원특별자치도 태백시,황연동 학교주변 야간안전취약지역 경관가로등 설치공사,부현전력 (주),80062100,90.409,
R26BK01480638,2026-04-27,경상북도 영주시,2026년 도로유지보수공사 연간단가(중부권),(주)세종포장건설,69578680,90.185,
R26BK01479186,2026-04-27,경상남도 창원시 진해구,진해터널 진입로 도로 재포장공사,주식회사 태명,28828740,90.856,
R26BK01480322,2026-04-27,경상북도 안동시,중앙분리대 및 띠녹지 예초‧제초 작업(서부지구),주식회사비엠,62882460,90.382,
R26BK01470740,2026-04-27,경상북도,2026년도 간선임도사업(영양 영양 대천~화천),삼원산림(주),339065400,90.237,
R26BK01478282,2026-04-27,국토교통부 서울지방국토관리청 수원국토관리사무소,2026년 관내 서부권역 배수시설 준설공사,서흥건설(주),196479110,90.222,
R26BK01476539,2026-04-27,전남광주통합특별시 영광군,군남 대화천 재해복구사업,주식회사 유정건설,180206848,90.413,
R26BK01478556,2026-04-27,서울교통공사,신도림역 지선승강장 혼잡도 개선 정보통신공사,금하개발(주),30261941,90.531,
R26BK01480409,2026-04-27,강원특별자치도 삼척시,삼척수협 수산물 직매장 건립공사(전기)(입찰대행),대성전기,190708446,90.336,
R26BK01479738,2026-04-27,경기도 성남시,운중천 보행환경 개선사업(토목),원덕건설주식회사,302779220,90.368,
R26BK01473253,2026-04-27,한국지역난방공사 분당사업소,분당사업소 열원 노후 전동밸브 교체 공사,주식회사일성정보통신,43540489,89.892,
R26BK01479360,2026-04-27,전북특별자치도교육청 전북특별자치도군산교육지원청,군산동초 화장실수선 기계설비공사,도원이앤씨,53332000,90.221,
R26BK01475370,2026-04-27,한국과학기술정보연구원,본원 양자컴퓨터 기반시설구축 전기공사,영전기,259498200,90.407,
R26BK01478307,2026-04-27,충청북도 옥천군,옥천읍 시가지 보도정비공사 (턱낮춤구간),(주)대성건설,23918560,90.196,
R26BK01474527,2026-04-27,전북특별자치도 김제시,김제 문화예술 커뮤니티센터 건립사업 통신공사(총괄분 및 1차분),유한회사 드림솔루션,329700700,90.424,
R26BK01479557,2026-04-27,경기도 포천시,2026년 포천천 산책로 풀베기 사업(남부권역),농심개발(주),87703121,90.358,
R26BK01479257,2026-04-27,사단법인 한국생활환경석면협회,2026년 고흥군 슬레이트 지붕개량 지원사업 (1권역),주식회사 다일테크,177036462,89.991,
R26BK01488224,2026-04-24,경기도 이천시,남부권 복합문화스포츠센터 주차장부지 조성사업(전기),동건건설(주),49434300,90.0,
R26BK01477771,2026-04-27,충청북도 영동군,영동문화체육센터 노후시설 개보수공사(냉난방 공사),주식회사 평강이엔지,156498000,90.219,
R26BK01479893,2026-04-27,전남광주통합특별시 농업기술원,시험포장 취수탑 물탱크 교체공사(전기),주식회사 우명전력,20433633,90.283,
R26BK01475093,2026-04-27,충청남도교육청 충청남도태안교육지원청,남면초등학교 본동 및 유치원동 지붕방수공사,주식회사 경동,31406450,90.275,
R26BK01476605,2026-04-27,한국과학기술원,KAIST 미술관 태양광발전설비 전기공사(전기),주식회사 시언,54642200,89.937,
R26BK01479481,2026-04-27,경상북도 예천군,2026년 미국흰불나방 가로수 방제사업 시행(예천호명),(주)진흥녹화센터,31241900,90.345,
R26BK01470948,2026-04-27,부산대학교,부산대학교 MEMS/NANO 클린룸동 방음벽 설치 및 구조보강공사,주식회사 금동종합건설,151622390,90.321,
R26BK01479442,2026-04-27,경상북도 의성군,"조문국사적지조경관리사업(잔디깎기, 예초)",주식회사 태영건설,107834747,90.564,
R26BK01479543,2026-04-27,강원특별자치도 고성군,고성 온천힐링 캠핑카 전용 캠핑장 조성사업(전기),주식회사삼진전기,483223368,90.348,
R26BK01468337,2026-04-27,한국농어촌공사 충남지역본부 서산.태안지사,태안25-3권역 친환경에너지보급사업 기계공사,평화설비 주식회사,179404908,90.108,
R26BK01473657,2026-04-27,부산신용보증재단,부산신용보증재단 남부산지점 인테리어 공사,주식회사 태원산업건설,353403610,90.175,
R26BK01480218,2026-04-27,충청북도 청주시 서원구,부용외천리 1112번지 일원 절삭덧씌우기공사,주식회사 조현,34448380,90.641,
R26BK01480223,2026-04-27,경기도 연천군,고대산 자연휴양림 야외족욕장 조성공사,(주) 미성조경,76133000,90.249,
R26BK01479307,2026-04-27,경기도 김포시,장기집하장 차단벽 공사,(주)거륜건설,67890480,90.14,
R26BK01480278,2026-04-27,충청남도 서산시,2026년 연안관리 시설물 보수보강공사,(주)새림,99660380,90.464,
R26BK01476073,2026-04-27,경상남도 고성군 고성읍,수외마을 안길재포장 공사 소액수의 견적제출 공고,주식회사 진덕건설,32580471,90.629,
R26BK01479766,2026-04-27,강원특별자치도 고성군,고성 온천힐링 캠핑카 전용 캠핑장 조성사업(통신),(주) 화성,181408190,90.418,
R26BK01479873,2026-04-27,충청북도 도로관리사업소 남부지소,지방도 505호선 삼가터널 전기공사,주식회사 덕양이엔씨,71214970,90.303,78881000
R26BK01480557,2026-04-27,강원특별자치도 철원군,2026년 드르니 주차장 정비공사,(주)창운이앤씨,90133230,90.624,
R26BK01479929,2026-04-27,충청북도,2026년 조령산자연휴양림 보완사업(숲속의 집)(건축),신화산림 주식회사,203850000,90.271,
R26BK01479868,2026-04-27,전북특별자치도 익산시,익산시 자율주행 관제센터 리모델링 공사(전기),주식회사 드림전력,57977758,90.407,
R26BK01474830,2026-04-27,한국농어촌공사 충남지역본부 청양지사,청양읍 농촌공간정비사업 토목건축기계공사,주식회사 덕인종합건설,1479404000,89.679,
R26BK01486886,2026-04-27,한국농어촌공사 충남지역본부 논산지사,탑정소수력발전소 방수문 외 1개소 액추에이터 보수공사,케이디테크 주식회사,8510000,96.332,
R26BK01478509,2026-04-27,인천광역시 인천대공원사업소,2인 이상 견적제출 공고(2026년 동부권역공원 병해충 방제공사),주식회사 갑비고차,63794332,90.297,71687000
R26BK01477773,2026-04-27,전남광주통합특별시 장흥군,용산 원등마을 용배수로 정비공사,주식회사 연대건설,42686160,90.287,
R26BK01472806,2026-04-27,서울교통공사,"2026년 6, 7호선 강체전차선 AL T-BAR 및 애자세척공사",주식회사 위쥬테크,666662840,90.344,
R26BK01480275,2026-04-27,전북특별자치도 정읍시,정읍천꽃길유지관리,대원조경 유한회사,104857800,90.414,
R26BK01472667,2026-04-27,경기도 성남시 분당구,이매지하차도 등 3개소 전기설비 개선공사,주식회사성일기전,278213473,91.403,
R26BK01474426,2026-04-27,충청남도 공주시,지방하천(용성천-용성리 233-1번지) 하천준설사업,차령건설(주),179428640,90.258,
R26BK01469954,2026-04-27,경상북도,2026년도 사방댐설치사업(경주 산내 대현),(주)누리숲,240578226,90.189,
R26BK01477311,2026-04-27,재단법인2028울산국제정원박람회조직위원회,2028울산국제정원박람회 울산광장 조성공사,리드케이민강 주식회사,1197709447,89.446,
R26BK01480316,2026-04-27,전북특별자치도 정읍시,물테마유원지바닥분수및시설개선공사,유한회사 태산임업,28283663,90.379,
R26BK01477241,2026-04-27,서울대학교,자연과학관10(56동) 개별 냉난방기(EHP) 교체 부대 전기공사,(주)왕선전설,122260149,92.314,
R26BK01476373,2026-04-27,전남광주통합특별시 영광군,2026년 산지사방사업(영광무령지구),유한회사 녹색이엔지,73057930,90.38,
R26BK01476091,2026-04-27,전남광주통합특별시 영암군,2026년 횡단보도 안전조명등 설치 전기공사,(유)가등전력,37643737,90.328,
R26BK01476630,2026-04-27,고용노동부 부산지방고용노동청 양산지청,"양산고용복지+센터 2,4층 냉난방기 교체공사",주식회사 에이스기공,72000000,88.06,
R26BK01480262,2026-04-27,경상북도 의성군,2026년 시가지식재지연간관리사업(다인~단북지구),백두산림 주식회사,25273458,90.375,
R26BK01480302,2026-04-27,전북특별자치도 정읍시,정읍시천변자전거도로유지보수공사,주식회사 유해신미건설,27833736,89.975,
R26BK01479898,2026-04-27,전북특별자치도 익산시,여산향교 대성전 주변정비공사,(주)다온,39931000,90.452,
R26BK01479087,2026-04-27,강원특별자치도 평창군,공공건축물 그린리모델링사업 건축공사(방림2리 경로당),호산건설 주식회사,96023000,90.55,
R26BK01469190,2026-04-27,중소기업은행,강동구청역지점 전체 레이아웃 통신공사,하이눈정보통신,35052450,91.708,
R26BK01480204,2026-04-27,서울특별시 동부공원여가센터,율현공원 장미원 유지관리 공사,(주)청안조경,80057264,90.338,
R26BK01477297,2026-04-27,경상남도 양산시 상하수도사업소,양산하수처리장 소화조 배관 개선공사,주식회사 상정,56756399,89.942,
R26BK01476589,2026-04-27,강원특별자치도 화천군,농업기술센터 본관동 옥상 방수스틸 공사,합자회사 나라,56333670,90.189,
R26BK01479482,2026-04-27,경기도 남양주시,맘대로 A+놀이터(AR멀티스포츠존) 조성사업(인테리어-건축),브라운건설(주),128534729,91.152,
R26BK01470171,2026-04-27,경상북도,2026년도 사방댐설치사업(청도 각남 옥산),주식회사 대경임산,179041000,90.166,
R26BK01479496,2026-04-27,서울교통공사,지하철 2호선 충정로역 등 2역 본선환기 개량사업 동력공사,(주)대건일렉트릭,168887552,90.556,
R26BK01478266,2026-04-27,강원특별자치도교육청 강원특별자치도홍천교육지원청,두촌초 교사동 지붕 보수공사 수의견적 안내공고,퍼스트건설 주식회사,25066246,90.621,
R26BK01479882,2026-04-27,전북특별자치도 익산시,어양동 행정복지센터 기능보강공사,(유)지혜산업,15525550,89.974,
R26BK01470924,2026-04-27,경상북도교육청 경상북도구미교육지원청,구미신평초등학교 본관동 교사방수 및 외벽개선 공사 입찰 공고,재오건설 주식회사,344673300,90.341,
R26BK01477539,2026-04-27,경기도 포천시,화현면 지현2리 경로당 신축공사(건축，기계),한진종합건설 주식회사,383471530,90.349,
R26BK01487469,2026-04-24,한국지역난방공사 대구지사,2026년 대구지사 소방전기설비 긴급보수공사,주식회사 금정기술단,7790000,91.394,
R26BK01480146,2026-04-27,경기도 연천군,은대리 문화벽돌공장 주변경관 개선공사,주식회사 강산조경,32257993,90.215,
R26BK01473442,2026-04-27,충청북도,충청북도 청소년종합진흥원 및 복합문화센터 리모델링 공사(기계),고려이엔티주식회사,645591677,90.39,
R26BK01489271,2026-04-27,산림청 북부지방산림청 서울국유림관리소,2026년 제1차 숲가꾸기 사업,주식회사 해솔기능인영림단,99171000,89.999,
R26BK01471317,2026-04-24,강원특별자치도 원주시,소초면 평장리 772-6번지 일원 상수관 설치공사,(주)뉴보텍,51775730,90.461,
R26BK01480352,2026-04-27,서울특별시 동부공원여가센터,율현공원 거점형꽃정원 유지관리 공사,한웅씨앤디 주식회사,124789750,90.341,
R26BK01480490,2026-04-27,경상북도 안동시,안동댐 주변 야간경관 개선사업(1단계) 전기공사,주식회사 창성공조기전,55710890,90.236,
R26BK01478756,2026-04-27,충청북도 음성군,대소읍 내산1리 군도19호선 배수로 정비공사,주식회사 용선건설,76028080,90.255,
R26BK01480481,2026-04-27,경상북도 안동시,예안면 도촌리(지통마) 세천 정비공사,주식회사해덕개발,99242890,90.277,
R26BK01472400,2026-04-27,경기도 고양시,2026년 고양대덕생태공원 녹지관리 공사,향림조경,261512300,90.416,
R26BK01475045,2026-04-27,경기도교육청 경기도광명교육지원청,창의경영고 고교학점제 공간조성 증축 및 리모델링 통신공사(계속비),(주)디알에스,130574220,90.432,
R26BK01478218,2026-04-27,경기도 동두천시,2026년 동두천시 도로변 예초공사(1권역),마이조경 주식회사,113462682,90.674,
R26BK01478376,2026-04-27,경기도 동두천시,2026년 동두천시 도로변 예초공사(3권역),(주)자연속으로,115127200,90.363,
R26BK01488781,2026-04-27,강원특별자치도 강릉시,연곡천(동덕교~연곡천교) 하상정비공사,(주)에스에스건설,43300000,89.834,
R26BK01489107,2026-04-27,서울특별시 도봉소방서,도봉소방서 본서 옥상 태양열 집열기 철거 공사,드림디자인건축,5400000,97.472,
R26BK01476438,2026-04-24,충청남도 예산군,2026년 어린이보호구역 개선공사,세진종합건설 주식회사,204058680,90.249,
R26BK01469832,2026-04-27,경상북도,2026년도 사방댐설치사업(안동 와룡 주계),주식회사 정우엔지니어링,197439800,90.207,
R26BK01474140,2026-04-27,부산교통공사,호포역 테니스장 개량공사,거보건설(주),151801540,90.232,
R26BK01489329,2026-04-27,경기도 안성시,원곡산업단지 법면보강공사,디케이건설 주식회사,26540000,96.967,
R26BK01489325,2026-04-27,한국농어촌공사 경북지역본부 예천지사,2026년 풍양양수장 효갈1용수간선 잠관 정비공사,주식회사 대산산업개발,16500000,90.09,
R26BK01489389,2026-04-27,한국농어촌공사 경남지역본부 김해.양산.부산지사,강서화훼단지 강서2양수장 여과사 교체공사,주식회사 국보,19600000,90.081,
R26BK01461500,2026-04-21,강원특별자치도 원주시,원주 육민관고등학교 창육관 지붕 방수 보수 공사,신진종합건설(주),152459310,90.777,
R26BK01480412,2026-04-27,부산광역시 수영구,2026년 도시공원 및 녹지 유지관리 공사,주식회사 대원이엔지,77938000,90.335,
R26BK01471349,2026-04-24,강원특별자치도 원주시,소초면 교항리 1053번지 일원(부정토마을) 상수관 설치공사,(주)뉴보텍,74305320,90.454,
R26BK01474143,2026-04-27,산림청 북부지방산림청 민북지역국유림관리소,"2026년 임도사업(기번4, 산불진화-도사) 제한경쟁입찰",주식회사 성림산림,219808000,88.094,246976000
R26BK01479835,2026-04-27,충청북도 보은군,도시계획도로 차선도색공사,주식회사 에코원,53504713,90.235,
R26BK01479089,2026-04-27,대전교통공사,디지털 종합안내도 설치 전기공사,(주)한밭이엔지,50342860,89.92,
R26BK01470250,2026-04-27,경상북도,2026년도 임도구조개량사업(경주 양남 신대~양남 석촌 외 1),이레 주식회사,112056000,90.246,
R26BK01475781,2026-04-27,전라남도 나주시 하수도사업소,"나주 중부처리구역(1,2,3,4,12) 하수관거 정비공사(잔여구간)",(주)금천,2588978800,89.531,
R26BK01479528,2026-04-27,경상남도 의령군,부림 도시계획도로 교차로 정비공사,장원개발 주식회사,66088000,90.309,
R26BK01480476,2026-04-27,강원특별자치도 태백시,황지동 학교주변 야간안전취약지역 경관가로등 설치공사,(주)강원,97246098,90.358,
R26BK01479900,2026-04-27,경상북도 의성군,금성노인복지관환경정비공사,주식회사 공간인테리어,146628566,90.447,
R26BK01470029,2026-04-27,경상북도,2026년도 사방댐설치사업(울릉 서 남양),주식회사 해든건설,107653992,90.189,
R26BK01474404,2026-04-27,서울특별시 동대문구,2026년 배봉산 숲가꾸기 사업,서울시산림조합,90346600,90.472,
R26BK01471396,2026-04-24,강원특별자치도 원주시,소초면 교항리 582번지 일원(아랫대동 마을)상수관 설치공사,(주)한솔토건,68139986,90.483,
R26BK01480467,2026-04-27,경상북도 영주시,2026년 도시공원 유지관리 공사(산업단지 및 농공단지),주식회사 나무,77439860,90.371,
R26BK01479921,2026-04-27,충청남도 서산시,바이오가스화시설 고도처리 재이용수 배관 공사,주식회사 새한건설,53189100,90.239,
R26BK01480509,2026-04-27,강원특별자치도 철원군,철원 플라즈마 일반산업단지 복합센터 건립사업(전기),(주)미승전력소방,569155434,90.437,
R26BK01478402,2026-04-27,경기도 화성시 효행구,남전천 수계 풍수해예방 소규모 준설공사,주식회사 더본컴퍼니,118383700,90.479,
R26BK01474456,2026-04-27,강원특별자치도 인제군,인제읍 상동리 군계획도로(국민은행~오성건기) 확장공사,(주)보명건설,627652200,90.288,
R26BK01479225,2026-04-27,경상북도 의성군,다인면귀농인주택신규급수공사,수창개발(주),178937520,90.94,
R26BK01477797,2026-04-27,경상북도 포항시 맑은물사업소,YG01블록(경북직업전문학교 일원) 노후관 교체 공사,(주)발해건설,55682000,90.674,
R26BK01474152,2026-04-27,산림청 북부지방산림청 민북지역국유림관리소,"2026년 임도사업(기번9, 구조개량-오미2) 제한경쟁입찰",주식회사  태영,46382400,87.77,52827000
R26BK01479944,2026-04-27,강원특별자치도 고성군,2026년 재해우려목 제거 2차 사업,합자회사그린파워,35837548,90.153,
R26BK01475305,2026-04-27,강원특별자치도 강릉시,강릉아트센터 소공연장 및 전시실 옥상바닥형 지붕설치공사,예림건설 주식회사,368991670,90.355,
R26BK01479467,2026-04-27,경기도 시흥시,시설공사(소액수의)견적 제출안내[2026년 차집관로 정비 연간단가(1차)],동광건설(주),163532710,90.363,
R26BK01481199,2026-04-23,한국농어촌공사 경남지역본부 함안지사,산서2배수장 외 3개소 수배전반 보수공사,승빈엔지니어링,13900000,88.988,
R26BK01486718,2026-04-27,경상남도 합천군 농업기술센터,2026년 땅밀림 복구사업(쌍백면 하신리 술곡마을),합천군산림조합,1740086000,88.744,
R26BK01468801,2026-04-27,부산광역시교육청 부산광역시남부교육지원청,동천초등학교 등 2교(오륙도중) 외벽마감재교체 및 기타공사,대교석재(주),175255060,90.355,
R26BK01480454,2026-04-27,강원특별자치도 삼척시,2026년 임도구조개량사업(1권역),주식회사 찬숲건설,74641000,90.818,
R26BK01468777,2026-04-27,경상북도,국도59호 상주 낙동~의성 다인 위험도로 개량공사,덕재건설 주식회사,10977915000,87.114,
R26BK01472478,2026-04-27,한국환경보전원,2026년 영산강·섬진강수계 환경생태학습장 식생관리공사,그린웨이 주식회사,197262490,90.411,
R26BK01475722,2026-04-27,강원특별자치도교육청 강원특별자치도속초양양교육지원청,양양고 공간재구조화 리모델링공사,주식회사 누리종합건설,2596164170,89.233,
R26BK01489807,2026-04-27,한국농어촌공사 경기지역본부 강화옹진지사,하일배수갑문 사작자동문비( STS) 교체 공사,주식회사 승한이엔지,19800000,90.0,
R26BK01479657,2026-04-27,경상북도 고령군,개진파크골프장 전기인입공사,동양전기(주),85505782,90.322,
R26BK01480196,2026-04-27,충청남도 서산시,2026년 도시공원 병충해방제 및 유지관리사업(읍내동),주식회사바른조경,90378220,90.437,
R26BK01479736,2026-04-27,충청남도 건설본부 건설사업부 서부사무소,[태안]국도32호 시목도로 배수시설 정비공사,(주)부국,33163160,90.251,
R26BK01472776,2026-04-27,제주특별자치도,2026년 구국도 동부권역 조경관리공사(단가계약),상록수림조경,884425000,90.709,
R26BK01479501,2026-04-27,경상북도 예천군,2026년 미국흰불나방 가로수 방제사업 시행(용궁풍양),온누리나무병원 주식회사,27000000,91.266,
R26BK01479438,2026-04-27,한국공항공사 제주공항,제주공항 조류충돌예방팀 업무시설 확충공사,주원기업 주식회사,361028430,90.353,
R26BK01471687,2026-04-27,인천광역시교육청 인천광역시북부교육지원청,작동초 교사동 옥상방수공사,청우건설 주식회사,262633520,90.421,
R26BK01476159,2026-04-27,부산환경공단 대기환경사업소,2026년 슬레이트 지붕철거 및 처리공사(3권역) 단가계약,동림건업(주),520517100,90.369,
R26BK01488874,2026-04-27,충청남도 공주시,2026년 산불진화임도(화흥)사업,공주시산림조합,452583000,90.269,
R26BK01484706,2026-04-27,채비(주),2025년 무공해차 전환 브랜드사업(3차) 백제운수 충전시설 구축 공사 건,에스지생활안전 주식회사,143272030,100.0,
R26BK01479744,2026-04-27,충청북도 보은군,보청천(대양지구) 지방하천 유지관리사업(2),주식회사 수지종합건설,50808500,90.327,
R26BK01480474,2026-04-27,강원특별자치도 삼척시,2026년 임도구조개량사업(2권역),주식회사 거송임업,87667000,90.456,
R26BK01477694,2026-04-27,충청북도 제천시,하소천 둘레길 쉼터조성사업,펠리세이즈(주),62960361,90.243,
R26BK01489204,2026-04-27,한국농어촌공사 전남지역본부 목포.무안.신안지사,2026년 영화양수장 용수간선 수로교 현대화사업,(주)미래창조건설,47015100,90.0,
R26BK01474629,2026-04-27,강원특별자치도교육청 강원특별자치도강릉교육지원청,하슬라중 교사동 외벽개선 및 환경개선공사 입찰공고 안내,하나건설(합자),286498168,90.287,
R26BK01478474,2026-04-27,경기도 용인시,2026년 광교산 둘레길 조성(정비)사업 공사,이천시산림조합,269184000,90.3,
R26BK01479992,2026-04-27,경기도 연천군,2026년 맨발길 유지관리공사,주식회사 꿈꾸는정원조경건설,66742930,90.258,
R26BK01480365,2026-04-27,경기도 연천군,미라클타운 벙커하우스 보강공사,(주)백선로하스,38645700,90.021,
R26BK01477829,2026-04-27,국토교통부 서울지방국토관리청 수원국토관리사무소,2026년 관내 동부권역 배수시설 준설공사,민희건설주식회사,194258760,90.22,
R26BK01488329,2026-04-27,한국농어촌공사 충남지역본부 부여지사,2026년 대행위탁 부여(반산)지구 용·배수로 퇴적물 제거공사,에스에스건설(주),16500000,90.016,
R26BK01475623,2026-04-27,강원특별자치도 양양군,보호구역 실태조사에 따른 개선공사(현북면),(주)시공아트,77647605,90.289,
R26BK01474088,2026-04-27,전남광주통합특별시 순천시,상사 초곡 농어촌 취약지역 생활여건 개조사업,미래본건설 주식회사,514991642,90.405,
R26BK01477732,2026-04-27,경기도 가평군,현리 외 1개소 하수관로 누수 개량사업,대신건설 주식회사,266971000,90.378,
R26BK01378954,2026-04-27,전남광주통합특별시 상수도사업본부,각화정수장 배수지 전환공사,유성건설 주식회사,13894428990,86.04,
R26BK01477762,2026-04-27,충청북도 영동군,학산면 미사용 마을방송 시설물 정비 공사,주식회사 제타솔루션즈,48753040,90.496,
R26BK01478259,2026-04-27,충청북도 옥천군,옥천읍 삼양로 보도신설공사,(주)부강건설,24325000,90.181,
R26BK01487618,2026-04-24,경기도 이천시,관고동 도시계획도로 재포장공사,주식회사 에스에이치이엔씨,26901000,90.0,
R26BK01472185,2026-04-28,경기도 안산시,성안고 사거리 교통환경 개선사업(전기),누리전력,244654580,90.393,
R26BK01481726,2026-04-28,경상남도 통영시,2026년 이순신공원 산책로 위험구간 정비사업,주식회사 도원조경,31081000,90.103,
R26BK01481291,2026-04-28,전남광주통합특별시 함평군,대동면 금적마을 농어촌 취약지역 생활여건 개조사업(통신）,유한회사 제이티솔루션,37795880,90.579,41756000
R26BK01474413,2026-04-28,충청북도 충주시,동량면조동리일원노후관교체공사,함박건설주식회사,281885520,90.844,
R26BK01474501,2026-04-28,충청남도 청양군,청양읍 교월3리 아스콘 덧씌우기공사,진흥건설(주),28351940,90.228,
R26BK01480896,2026-04-28,충청북도 청주시,오송산단 수도용지 생태경관 개선사업(2공구),주식회사 정초,698871600,90.046,
R26BK01482899,2026-04-28,강원특별자치도 원주시,문막농공단지 노후기반시설 보수공사(추가구간),태화건설 주식회사,713747800,91.137,
R26BK01483094,2026-04-28,경기도 이천시,2026년 이천시 어린이공원 수목 및 녹지대 유지관리공사(북부권역),주식회사 드림조경,87404700,90.393,
R26BK01483311,2026-04-28,서울교통공사,명동역 고객안전실 및 남녀침실 등 환경개선 정보통신공사,주식회사 파워테크닉,56784880,90.351,
R26BK01479091,2026-04-27,강원특별자치도 홍천군,홍천 숲속 놀이공원 쉼터 조성공사,효창건설(주),220177000,90.256,
R26BK01476610,2026-04-28,충청남도 천안시,불당동 기후대응 도시숲 보완공사,주식회사 삼녹조경,200741680,90.037,
R26BK01481060,2026-04-28,전남광주통합특별시 여수시,도원초등학교 법면 정비공사,유진엔지니어링(주),315868000,90.339,
R26BK01480369,2026-04-28,경상북도 포항시,산단지역 저탄소 녹색거리 조성사업(호동로),파인트리,193276000,90.272,
R26BK01482919,2026-04-28,충청북도 청주시,목령종합사회복지관 기능보강공사(방수),(주)태선이엔씨,25821000,89.935,
R26BK01482348,2026-04-28,전남광주통합특별시 여수시,돌산읍 계동마을 시도7호선 배수로 정비공사,명성토건(주),21985000,90.145,
R26BK01483429,2026-04-28,경상북도 청송군,안덕면 사부실 경로당 리모델링 전기공사,주식회사 대건,27417735,90.306,
R26BK01474224,2026-04-28,경기도 용인시 기흥구,2026년 기흥구 가로수 병해충 방제공사(2구역),티앤피나무병원 주식회사,54719087,90.382,
R26BK01481519,2026-04-28,충청남도 부여군,개사육농장주 등 전·폐업지원 지장물 일반 철거공사(초촌면 세탑리),주식회사 사비조경,42434634,90.347,
R26BK01481350,2026-04-28,경상남도 창원시 상수도사업소,진해구 남양동 367-4 주변 노후수도관 교체공사,광원건설 주식회사,34455339,90.784,
R26BK01482714,2026-04-28,경상북도 청송군,청송읍 리도203호선 샘골도로 측구설치공사,주식회사청화개발,26506604,90.573,
R26BK01481047,2026-04-28,경상남도 창원시 상수도사업소,칠서정수장 유지관리시설 설치공사,주식회사 디앤비,103003390,90.199,
R26BK01480282,2026-04-28,의령군산림조합,2026년 산불예방 숲가꾸기사업(1차)(유곡1지구),주식회사 수림개발,56330800,90.502,
R26BK01481597,2026-04-28,경기도교육청 경기도포천교육지원청,포천고 공간재구조화사업 모듈러 부대토목공사,미래드림건설 주식회사,87326130,89.954,
R26BK01455736,2026-04-28,조달청 대구지방조달청,(가칭)경상북도교육청 융합진로체험교육관 건립 리모델링 정보통신공사(계속비),주식회사 파워텔레콤,625728289,90.47,
R26BK01477750,2026-04-28,경상북도 포항시,흥해 옥성체육공원 시설정비공사,주식회사 유호건설,39780489,90.163,
R26BK01474228,2026-04-28,경기도 용인시 기흥구,2026년 기흥구 가로환경 수목 병해충 방제공사,채움조경주식회사,45158800,90.313,
R26BK01475484,2026-04-28,충청북도 농업기술원 분원,포도연구소 배수로 설치 및 펜스 교체 공사,(주)경원건설,43316045,89.946,
R26BK01481137,2026-04-28,강원특별자치도 춘천시,시립장애아전문 어린이집 리모델링 공사(건축),주식회사제이드,137008546,90.323,
R26BK01477703,2026-04-28,경상남도 산청군,석대마을 세천 재해복구사업(3공구),누리건설 주식회사,572383760,90.39,
R26BK01479549,2026-04-28,평창군산림조합,2026년 숲가꾸기사업(어린나무)1-2권역,주식회사 케이산림,54645000,89.952,
R26BK01480700,2026-04-28,전남광주통합특별시 완도군,군외 사후 마을안길 정비사업,주식회사초심건설,164188120,90.186,
R26BK01480118,2026-04-28,전남대학교,[여수캠퍼스] 이학관 창호 교체공사,주식회사 대일이앤씨,272264800,90.349,
R26BK01481292,2026-04-28,경기도 안산시,130~132번 우수박스 정비공사(일부특허),한두건설(주),158212560,90.36,
R26BK01482799,2026-04-28,강원특별자치도 삼척시 해양관광센터,"삼척해양레일바이크 초곡휴게소 데크 및 울타리 설치 공사(전체분, 1차분)",주식회사 삼진비계,35832400,90.603,
R26BK01483147,2026-04-28,경상남도,함양소방서 산악구조대 신축공사(소방),주식회사 대아전력,40111570,90.327,
R26BK01483284,2026-04-28,경기도 오산시,궐리사로(궐동715번지 일원) 도로 재포장 공사,은진건설 주식회사,176453300,90.303,
R26BK01481615,2026-04-28,경상남도 통영시,산양일주도로 동백나무 가로수 전정사업,초림,26999990,90.199,
R26BK01483359,2026-04-28,전북특별자치도 정읍시,옹동면산성마을배수로정비공사,(주)대영건설,22879700,90.317,
R26BK01491137,2026-04-27,한국농어촌공사 충남지역본부 서산.태안지사,음암면 도당리 배수로 설치공사,서호건설(주),6660000,90.121,
R26BK01467425,2026-04-28,수원도시공사,칠보체육관 탁구장 바닥재 보수공사,(주)두레건설,58506600,90.0,
R26BK01482545,2026-04-28,경상북도 예천군,예천 회룡포 잡목제거 및 모니터링사업,한길종합건설 주식회사,81440599,90.748,
R26BK01482720,2026-04-28,경기도교육청 경기도구리남양주교육지원청,학교 유무선 네트워크 개선 3-1차 사업 정보통신공사(4권역),빛탑건설 주식회사,302690730,90.397,
R26BK01423106,2026-04-28,조달청 충북지방조달청,국립한국교통대학교 소통광장 조성공사,대화건설 주식회사,911316990,90.189,
R26BK01479115,2026-04-28,경기도 고양시 덕양구,대자동 산 166-20 통일로 사면 보강사업,(주)거하건설,224926260,90.95,
R26BK01472813,2026-04-28,강원특별자치도 정선군,화암면 호촌 농어촌생활용수 개발사업,유한회사 신호건설,1174261800,89.909,
R26BK01482655,2026-04-28,대전광역시 동구,비룡동 569번지 일원 외 2개소 농업생산기반시설 정비공사,경성산업(주),136696500,90.47,
R26BK01482265,2026-04-28,제주특별자치도,2026년 인공어초(세화지선) 제작 및 설치공사,남서종합건설(주),358316840,90.341,
R26BK01479723,2026-04-28,충청남도 금산군,"금산군 관내(금산읍,추부면,진산면) 맨홀뚜껑 교체공사",천수건설 주식회사,122494900,90.593,
R26BK01483254,2026-04-28,경기도 이천시,2026년 이천시 공원 수목 및 녹지대 유지관리공사(복하천1수변공원),보람조경개발,35313290,90.373,
R26BK01468986,2026-04-28,주식회사킨텍스,무빙워크 팔레트 및 팔레트 체인 교체 공사,수림엘리베이터 (주),224242242,94.935,
R26BK01482737,2026-04-28,경상남도,함양소방서 산악구조대 신축공사(통신),우진네트웍스,84701791,90.482,
R26BK01482634,2026-04-28,경상남도,양산소방서 119구조대 신축공사(통신),케이미디어,88550140,90.403,
R26BK01483493,2026-04-28,경상북도 구미시,사곡역 인근 공영주차장 조성공사,주식회사 금오,129398000,90.416,
R26BK01483090,2026-04-28,한국수산자원공단제주본부,2026년 제주 바다숲 1년차 구엄리 자연석 시설,(주)덕천지앤오,196406000,90.201,
R26BK01481685,2026-04-28,전남광주통합특별시 여수시,남면 직포마을 구거 정비공사,(주)한솔기업,54061613,90.213,
R26BK01475844,2026-04-28,한국공항공사 제주공항,여수공항 수배전시설 개량에 따른 건축공사,주식회사 기백건업,261006687,90.357,
R26BK01479358,2026-04-28,경기도 고양시 덕양구,2026년 배수펌프장(흡수조 및 유입수로) 준설 공사,(주)영은이엔씨,77047920,90.281,
R26BK01468531,2026-04-28,전남광주통합특별시 강진군,2026년 산불 안전공간 조성 사업,유한회사 재영,101758640,90.29,
R26BK01482396,2026-04-28,한국어촌어항공단,거제 어촌민속전시관 어업유산관 리모델링 공사(건축),지디건설주식회사,105804000,90.145,
R26BK01482629,2026-04-28,경상북도 예천군,예천 천향리 석송령 등 천연기념물 보수치료사업,예인나무병원,86804300,91.845,
R26BK01481040,2026-04-28,경상남도 창원시 의창구,동읍 용강리 152-3 일원 구거정비공사,(주)성진건설,38992381,90.642,
R26BK01479151,2026-04-28,울산광역시 울주군,빈집정비 지원사업 석면철거공사,우형건설(주),22993000,89.848,
R26BK01480823,2026-04-28,경상남도 함안군,2026년 상반기 2차 소나무재선충병 피해목 제거사업(법수지구),주식회사 산인,76000000,89.921,
R26BK01480345,2026-04-28,경상북도 포항시,포항 국제전시컨벤션센터 도시계획도로(소3-546 외 2) 개설공사,주식회사 백길건설,87347260,90.452,
R26BK01480917,2026-04-28,전남광주통합특별시 해남군,옥천 영춘 군도 인도 설치공사,서한건설 주식회사,56362570,90.263,
R26BK01483673,2026-04-28,경기도 여주시,2026년 도시숲조성사업,(주)성창,33417000,90.861,
R26BK01488579,2026-04-28,서울특별시 서북병원,서북병원 지하PIT층 증기배관 보수 공사 시행,(주)엔케이건설,11960500,85.5,
R26BK01477554,2026-04-28,부산광역시,2026년 덕산정수사업소 예초 및 제초공사(단가계약),대흥조경개발(주),265525000,90.456,
R26BK01458714,2026-04-28,부산광역시 연제구,연제구 장애인복지관 건립 기계설비공사,주식회사대경알앤이,270135774,90.299,
R26BK01481949,2026-04-28,전남광주통합특별시 보성군,보성 웅치면 대산천 준설 사업,주식회사 미래개발,40100520,90.312,
R26BK01474254,2026-04-28,부산광역시 부산진구,광산마을 공·폐가 철거공사(2차),주식회사 청우이엔지,48088930,90.103,
R26BK01482377,2026-04-28,국토교통부 원주지방국토관리청 강릉국토관리사무소,국도7호선 도직교A2+0.921∼옥계역교차로 등 4개소 포장정비공사,합자회사 동부포장건설,250393930,90.913,
R26BK01480876,2026-04-28,경상북도 경주시,경주 읍성 일원 지장물 철거공사(서부동3-23),영일산업개발(주),21330219,89.953,
R26BK01480771,2026-04-28,서울특별시 중랑구,혜원여고 주차장 및 생활SOC 복합화사업(통신),수미디어통신 주식회사,219892295,90.343,
R26BK01463868,2026-04-28,(주)강원랜드,하이원 리사이클링센터 신축 전기공사,강원파워텍 주식회사,290756220,90.29,
R26BK01477981,2026-04-28,부산광역시교육청 부산광역시서부교육청 부산알로이시오초등학교,알로이시오초등학교 외벽방수공사,다온FP,173328542,89.97,
R26BK01483293,2026-04-28,경상북도 청송군,주왕산면 하의리 가골 농로보수공사,기백건설 주식회사,31795260,90.284,
R26BK01471841,2026-04-28,경찰청 전남경찰청,여수경찰서 광무파출소 신축공사(전기),주식회사 더원에너지,49401764,90.32,
R26BK01483295,2026-04-28,경기도 남양주시,2026년 체육시설 유지보수 단가계약(2차),하이엔드건설 주식회사,62154470,90.3,
R26BK01480835,2026-04-28,경상북도 경주시,예송유치원 통학로 교통환경 개선사업,주식회사 나무,32622672,90.228,
R26BK01481096,2026-04-28,경상남도 밀양시,밀양아리랑시장 주차환경 개선사업 지장물 철거공사,주식회사 두남산업개발,97429780,90.34,
R26BK01477042,2026-04-28,경기도 연천군 맑은물관리사업소,연천군 통합정수장 기존 여과지 개선사업(토목),삼일이앤씨 주식회사,418157198,90.634,
R26BK01481044,2026-04-28,경상북도 경주시,첨성로 자전거도로 노면정비공사,버드건설 주식회사,37355879,90.408,
R26BK01480903,2026-04-28,경상북도 경주시,"동천, 현곡 완충녹지 풀베기 공사",솔아조경(주),44882230,90.515,
R26BK01482892,2026-04-28,제주특별자치도 서귀포시,표선지구 도시계획도로(소로2-36호선) 개설공사(장기계속),늘푸른건설주식회사,1304139000,89.483,
R26BK01437325,2026-04-17,질병관리청 국립보건연구원,[공사] 공공백신개발지원센터 실험동 온습도 모니터링 공사,(주)대성이엔지,72127220,90.218,
R26BK01480815,2026-04-28,충청남도 부여군,개사육농장주 등 전·폐업지원 지장물 일반 철거공사(내산면 묘원리),인홍건설 주식회사,42564285,90.275,
R26BK01480183,2026-04-28,경기도 김포시,한강1집하장 전기실 변압기 증설공사,청담프라임주식회사,23802890,90.129,
R26BK01476920,2026-04-28,재단법인 한국엘피지사업관리원,괴산군 시동마을 LPG배관망 구축사업 시설공사,동영건설주식회사,336700900,90.413,
R26BK01482702,2026-04-28,대전광역시 동구,2026년 대전천 예초사업,다원건설산업 주식회사,176173700,90.413,
R26BK01481285,2026-04-28,전북특별자치도 전주시 덕진구,들사평서로 34~사평로 32 인도정비공사 견적제출 안내공고,그린이엔티(주),25698000,89.958,
R26BK01481321,2026-04-28,경상남도 양산시,2026년 자녀안심 그린숲 조성사업,주식회사 웰우드,157107570,90.272,
R26BK01470717,2026-04-28,경상북도 경주시 사적관리사무소,"대릉원 일원(대릉원, 노동노서, 황남고분) 예초 공사",우정조경 주식회사,279461780,90.429,
R26BK01477741,2026-04-28,경상남도 산청군,남사천(청계지구) 재해복구사업,주식회사 해든건설,270032000,90.393,
R26BK01481208,2026-04-28,서울특별시,2026년 소규모저류녹지 및 자연정화시설 조성공사,마방건설 주식회사,236499400,90.439,
R26BK01482073,2026-04-28,제주특별자치도 서귀포시,전국체육대회 경기장(공천포전지훈련센터 인조잔디구장) 시설정비 공사,주식회사 흥아,482609218,90.291,
R26BK01475046,2026-04-28,한국산업은행,한국산업은행 대구지점 및 대구경북지역본부 원상복구공사(전기공사),(주)우리전설,111495000,89.978,124300000
R26BK01479384,2026-04-28,평창군산림조합,2026년 숲가꾸기사업(어린나무)1-1권역,주식회사 애플임업,55730000,89.902,
R26BK01475963,2026-04-28,해양수산부 부산지방해양수산청 제주해양수산관리단,2026년도 무인표지 도장공사,주식회사 성지건업,162249000,90.418,
R26BK01480714,2026-04-28,경상북도 포항시,음식물류폐기물 적환장 신축공사(전기공사),주식회사 한보테크,22910520,90.242,
R26BK01483175,2026-04-28,전남광주통합특별시 무안군,톱머리 농어촌마을하수도 정비사업 전기공사,주식회사 남영전력,108281500,90.653,120521000
R26BK01476947,2026-04-28,서울특별시 서울아리수본부 뚝도아리수정수센터,2026년 뚝도아리수정수센터 노후 수위계 교체공사,주식회사 시큐렉스,49489000,92.796,
R26BK01476772,2026-04-28,강원특별자치도 양양군,학포리(60-1) 배수로 정비공사,주식회사 명지토건,26930447,91.002,30171000
R26BK01478620,2026-04-28,경상남도 함양군 문화시설사업소,천년교 데크 정비사업(2차),주식회사 광명,102946030,90.463,
R26BK01480672,2026-04-28,산림청 남부지방산림청 영덕국유림관리소,2026년 숲가꾸기 사업(숲6),영덕나눔영림단 사회적협동조합,206000000,88.946,
R26BK01483459,2026-04-28,산림청 중부지방산림청 단양국유림관리소,2026년 조림 사업(2차),용두국유림영림단 사회적협동조합,34500000,90.244,38499000
R26BK01483067,2026-04-28,강원특별자치도 춘천시,캠프페이지 문화공원 유지보수공사(기계),주식회사호반건설,26566613,90.263,
R26BK01483352,2026-04-28,경상북도 구미시,도토리공원 등 3개소 공원정비사업,녹원조경주식회사,27706432,89.992,
R26BK01483706,2026-04-28,경상북도 안동시,호민지 인근 노후골목길 정비공사,명호건설(주),24549970,90.219,
R26BK01480818,2026-04-28,경상남도 함안군,2026년 상반기 2차 소나무재선충병 피해목 제거사업(군북지구),주식회사 나무와 숲,76701360,89.925,
R26BK01474677,2026-04-28,인천광역시교육청 인천광역시북부교육지원청,대정초 교사동 옥상방수공사,주식회사 예인씨엠텍,293811950,90.338,
R26BK01483741,2026-04-28,경상북도 안동시,2026년 상반기 방범용 CCTV 구매설치공사,주식회사 이성,105906300,90.622,
R26BK01491757,2026-04-28,경기도 안성시,안성불당처리구역 하수시설물 보수공사,주식회사 나라,51829000,94.999,
R26BK01483781,2026-04-28,서울특별시 중랑구,망우역사문화공원 수국길 조성사업(스카이워크),주식회사 수성원,55344000,90.16,61022500
R26BK01480858,2026-04-28,경상북도 경주시,"황성, 성건, 충효 완충녹지 풀베기 공사",(주)에덴조경,41847217,90.349,
R26BK01476858,2026-04-28,전남광주통합특별시 화순군,백아정수장 보조취수원 개발사업,에코이엔지 주식회사,902572230,90.647,
R26BK01483729,2026-04-28,경상북도 안동시,송천동(산218번지선) 세천 정비공사,청암산업 주식회사,26484770,90.176,
R26BK01491204,2026-04-28,한국농어촌공사 경남지역본부 의령지사,천곡저수지 사면 복구공사,도성개발 주식회사,19790000,89.954,
R26BK01482318,2026-04-28,경상북도 의성군,다인용곡1리양서소하천정비공사,주식회사 골드산업개발,135296520,90.646,
R26BK01480809,2026-04-28,경상남도 함양군,도마마을 취약지역 생활여건 개조사업(2공구),주식회사 송암,115849000,91.011,
R26BK01480486,2026-04-27,경상남도 진주시,2026년 버스정보안내기 설치사업(통신),주식회사 태양전기,55121480,90.449,
R26BK01483655,2026-04-28,전남광주통합특별시 광양시,다압 평촌마을 우수관 정비공사(입찰대행),에스아이건설(주),165185000,90.685,
R26BK01479596,2026-04-28,충청북도 청주시,SK하이닉스 추가공장 공업용수 공급사업(4단계 1공구),주식회사 대원,4998773000,88.657,
R26BK01481260,2026-04-28,경기도 김포시,동성테니스장 개보수 공사,한빛토건 주식회사,41382520,90.189,
R26BK01481722,2026-04-28,전남광주통합특별시 여수시,"여수시 거점형 자원순환가게 설치 공사(건축, 기계)",그린웨이 주식회사,72430850,90.295,
R26BK01491307,2026-04-28,한국농어촌공사 경남지역본부 의령지사,손오양수장 수중펌프 교체공사,주식회사 세한기공,13350000,89.935,
R26BK01448144,2026-04-28,조달청 강원지방조달청,CLEAN 국가어항(남애항) 조성공사(전기),주식회사 세진,951879490,90.481,
R26BK01479887,2026-04-28,경상북도 영덕군,영덕 상의당 주변 정비사업 견적제출 안내공고,주식회사 우인건설산업,119642000,92.311,130000000
R26BK01482091,2026-04-28,충청남도 천안시 공원녹지사업본부,신방쉼터 정비공사,활림건설 주식회사,139303000,90.657,
R26BK01477734,2026-04-28,경상남도 산청군,남사천(용두지구) 재해복구사업,이케이환경건설 주식회사,711117191,90.313,
R26BK01483270,2026-04-28,경기도 의정부시,2026년 노후계량기 교체공사(동측권역),정진건설 주식회사,179764690,90.655,
R26BK01483430,2026-04-28,경상북도 구미시,교통사고 잦은 곳 개선사업[상공회의소 사거리 등 3개소(전기)],주식회사 태광전기공사,140575500,90.402,
R26BK01483736,2026-04-28,경상북도 안동시,검무산 등산로 정비사업(조경),로곡조경 주식회사,67264026,90.222,
R26BK01476236,2026-04-28,영진전문대학교,영진전문대학교 복현캠퍼스 정보관 변전실 수전반 전기기기 교체공사 업체선정,(주)루멘일렉스,115550000,91.606,125000000
R26BK01475337,2026-04-28,서울대학교병원,"방사선종양학과 3, 5치료실 재배치공사(건축)",주식회사 상상이상,179784230,90.311,
R26BK01479917,2026-04-28,평창군산림조합,2026년 숲가꾸기사업(어린나무)2-2권역,주식회사 선진산림기술공사,52917000,90.14,
R26BK01479772,2026-04-28,충청북도 청주시,SK하이닉스 추가공장 공업용수 공급사업(4단계 2공구),거성건설(주),3667663000,89.837,
R26BK01477716,2026-04-28,경상남도 산청군,석대마을 세천 재해복구사업(1공구),주식회사 태양건설,373978711,90.377,
R26BK01490170,2026-04-28,한국농어촌공사 경북지역본부 고령지사,가뭄대비 우곡1용수간선 외 1개소 관로 흡입준설공사,가야준설 주식회사,19000000,88.207,
R26BK01479487,2026-04-28,경기도 광명시,목감천 진출입로 보수공사,주식회사 에이플러스,43103000,90.374,
R26BK01482878,2026-04-28,경상북도 의성군,옥산입암1리가사들용배수로보수공사,주식회사태원건설,55824330,90.279,
R26BK01481019,2026-04-28,한국공항공사 김포공항,김포공항 국제선 도착격리대합실 개선공사,혁성공영 주식회사,8528857900,88.829,
R26BK01480843,2026-04-28,경상남도 함안군,군북 사도지구 지방상수도 개량공사,동국건설 주식회사,387914425,90.317,
R26BK01458719,2026-04-28,부산광역시 연제구,연제구 장애인복지관 건립 전기공사,(주)한성계전,592294790,90.461,
R26BK01491358,2026-04-28,한국농어촌공사 경남지역본부 창녕지사,배수장 옥외 조명설비 원격제어 설치공사,주식회사 시온이엔씨,32000000,89.235,
R26BK01476660,2026-04-28,강원특별자치도 삼척시 원덕읍,산양2리(87번지 일원) 농로 개설공사,주식회사 재원건설,24031880,90.298,
R26BK01480846,2026-04-28,충청남도 부여군,장암면 지토1리 농로포장공사(농촌활력),(주)서한개발,33656092,90.324,
R26BK01480618,2026-04-28,강원특별자치도 정선군,도사곡휴양림 도로구조 개선공사,비디건설주식회사,37446670,90.199,
R26BK01483118,2026-04-28,경상북도 구미시,2026년 강동지역 일원 보도 예초공사(1차),주식회사 크로바건설,90649104,90.209,
R26BK01477151,2026-04-28,한국철도공사 회계통합센터,★기술자 보유★경부선 용산~노량진 상하3선 노후레일교환 부대 신호공사,삼성전기산업 주식회사,141684880,90.47,
R26BK01480086,2026-04-28,서울특별시,2026년 한강 준설공사,유호산업개발 주식회사,7896233000,93.886,
R26BK01482962,2026-04-28,전남광주통합특별시 해남군,2025년 농식품 제조·가공 지원사업(농식품산업 인프라 구축)[입찰대행],주식회사 명성종합건설,235125400,90.226,
R26BK01483746,2026-04-28,경상북도 안동시,2026년 자녀안심그린숲 조성사업,(주)서부조경개발,130405600,90.046,
R26BK01477802,2026-04-28,충청남도 공주시,유계 소하천 정비사업,주식회사 태성공영,5215990000,88.169,
R26BK01483213,2026-04-28,서울특별시 마포구,2026년 관내 불량맨홀 정비공사(연간단가),(주)평장씨지알,90665100,90.918,
R26BK01481049,2026-04-28,대통령경호처,지하주차장 세차시설 설치 공사,주식회사 대상엔지니어링,23865500,89.98,
R26BK01482745,2026-04-28,충청북도 음성군,생극 신양리 배수로 정비공사,(합)현대건설,211351590,90.327,
R26BK01480784,2026-04-28,전남광주통합특별시 영암군,미암면 주민소통센터 조성사업(전기),주식회사 덕우,35660780,90.291,
R26BK01477092,2026-04-28,강원특별자치도교육청 강원특별자치도원주교육지원청 원주삼육초등학교,"원주삼육초등학교 한빛관 보수(체육관,급식실,다목적교실) 기계설비공사",동양방재기술(주),153219240,90.351,
R26BK01479521,2026-04-28,경기도 광명시,광명시 청년동 밴드실 방음공사(건축),주식회사 다다인테리어,102301350,90.298,
R26BK01480217,2026-04-28,강원특별자치도 원주시,우산동 화물자동차 임시주차장 조성공사,한양건설 주식회사,155942000,90.174,
R26BK01479083,2026-04-28,서울특별시 북부공원여가센터,북서울꿈의숲 올망졸망놀이터 노후산책로 정비공사,주식회사 동우라이프산업,122430323,90.157,
R26BK01483255,2026-04-28,경상북도 의성군,신평용봉리큰마을농로정비공사,(주)중앙건설,44231700,90.415,
R26BK01490952,2026-04-27,한국농어촌공사 경남지역본부 밀양지사,신흥배수장 외 7개소 원격조명제어시스템 구축공사,대경정보통신기술,13600000,90.066,
R26BK01477210,2026-04-28,경기도 연천군 맑은물관리사업소,연천군 통합정수장 기존 여과지 개선사업(기계),주식회사 에스와이시스템,226291600,90.539,
R26BK01483757,2026-04-28,부산광역시 동래구,2026년 망월산 사방사업(산지사방),(주)모든산,91311500,90.295,
R26BK01483619,2026-04-28,경기도 여주시,2026년 오학걷고싶은거리 녹지관리사업,주식회사 백림조경,59812708,90.344,
R26BK01453818,2026-04-28,조달청 대전지방조달청,내포신도시 종합의료시설 건립사업 소방공사,주식회사 하나소방,1642222490,89.41,
R26BK01480862,2026-04-28,강원특별자치도 홍천군,2026년 홍천군 지방하천 성동천 유지보수사업,(합)부만건설,70107900,90.265,
R26BK01482411,2026-04-28,경상북도 영양군,리도201호선(구매리) 도로확포장공사,동림종합건설 주식회사,1869144439,89.671,
R26BK01487803,2026-04-27,서울특별시 중부공원여가센터,남산청사 구내식당 환경 개선공사,(주)예당인테크,42642000,90.0,
R26BK01490755,2026-04-28,대전광역시 대덕구 시설관리사업소,대덕문화체육관 노후시설 개보수공사(전기),우리아리 사회적협동조합,41500000,91.069,
R26BK01480824,2026-04-28,울산광역시 북구,2026년 계류보전 및 산지사방사업(약천사 일원),주식회사 푸른솔,343475200,90.463,
R26BK01479602,2026-04-28,울산광역시 울주군,2026년 상반기 보안등 신규 설치공사(서부권),주식회사 하이맥스이엔지,85931750,90.387,
R26BK01481112,2026-04-28,경기도 성남시,정자공원 산책로  토사유실 방지공사,(주)준조경,89716374,90.128,
R26BK01477271,2026-04-28,서울특별시 중랑구,망우역사문화공원 수국길 조성사업,주식회사 오르난엘에스,175279434,90.233,
R26BK01479644,2026-04-28,충청북도 제천시 한수면,한수면 덕곡리 도로확포장공사 수의견적 입찰공고,에스제이건설(주),65469601,90.272,
R26BK01482439,2026-04-28,인천광역시 연수구 시설안전관리공단,2026년 연수구시설안전관리공단 주차환경팀 송도2동 배수로 시설안전 개선공사,주식회사 광진코퍼레이션,10996086,89.984,
R26BK01474891,2026-04-28,서울특별시 성북구,북악산로 가로등 개량공사,대원전력(주),261178661,90.318,
R26BK01482446,2026-04-28,제주특별자치도,도로식수대 녹지공간 조성사업,제이에스기업 주식회사,185922240,90.149,
R26BK01466952,2026-04-28,인천광역시 계양구,계양구립종합누리센터 신축 공사(통신),이지노브 주식회사,550292599,90.451,
R26BK01483260,2026-04-28,전남광주통합특별시 무안청사,평여119안전센터 신축공사(전기),세은건설 주식회사,227477600,90.472,
R26BK01477402,2026-04-28,경기도교육청 경기도포천교육지원청,포천고 공간재구조화 모듈러 인입 전기공사,에스케이피오 주식회사,184615596,90.195,
R26BK01482462,2026-04-28,부산교통공사,임직원 사택 303호 및 공용부 개량공사,주식회사 신일,40907090,89.975,
R26BK01489815,2026-04-28,대전광역시 서구,2026년 산불예방 및 조림지숲가꾸기사업(수의시담),대전광역시산림조합,105378000,92.631,
R26BK01481946,2026-04-28,대구공공시설관리공단 동부사업처,종침 슬러지수집기 부품 교체공사(안심),주식회사 구마이엔씨,61659500,90.115,
R26BK01482925,2026-04-28,부산광역시 남구,상습침수지역 하수도 준설공사(용호동),흑석건설(주),84389510,90.178,
R26BK01483496,2026-04-28,전북특별자치도 정읍시,농흥지하차도수배전반지상이설공사,유한회사 대명신재생에너지,238784640,90.223,
R26BK01480400,2026-04-28,충청남도 논산시,접철식 현수막 게시대 교체공사,주식회사 금성이앤씨,169733860,91.156,
R26BK01483417,2026-04-28,강원특별자치도 속초시,대포농공단지 비탈면 보수공사,주식회사 대원조경건설,45747284,90.45,
R26BK01476299,2026-04-28,서울특별시 동대문구,2026년 동행정원 조성사업,천보산업개발(주),67212600,91.22,
R26BK01435373,2026-04-28,조달청 대구지방조달청,"노하처리분구 하수관로 정비사업(토목, 기계)",주식회사 삼건사,14411358000,84.966,
R26BK01481541,2026-04-28,대전광역시 서구,2026년 완충녹지 생태환경 개선사업,다온조경건설주식회사,138271960,90.362,
R26BK01477468,2026-04-28,서울특별시 서초구,2026년 관내 불량맨홀 정비공사(연간단가),주식회사 학산건설,285774200,90.935,
R26BK01479381,2026-04-28,울산광역시 울주군,2026년 상반기 보안등 교체공사,주식회사 지우산업기술,149550466,90.414,
R26BK01454483,2026-04-28,한국에너지기술연구원,AI활용 제어기술 개발을 위한 전기화 냉난방설비 구축(전기공사),주식회사 정운아이티씨,373838488,90.357,
R26BK01490150,2026-04-27,서울특별시 물재생센터 난지물재생센터,2026년 소방 종합정밀점검 지적사항 보수 공사,(주)동우이에프씨,9318000,89.994,
R26BK01481270,2026-04-28,경기도 성남시,정자공원 야외무대 주변 정비공사,랜데코조경 주식회사,98794356,90.257,
R26BK01480626,2026-04-28,경상북도 포항시,시청사 내진보강공사,주식회사원창종합건설,1507121000,89.494,
R26BK01483692,2026-04-28,대전광역시 중구,2026년 근린공원 정비사업,이인건설주식회사,22484000,90.241,
R26BK01482872,2026-04-28,전북특별자치도 고창군,해리면 금평지구 기계화경작로 확포장공사,유한회사 거림건설,30166000,89.94,
R26BK01483590,2026-04-28,경상남도 진주시,천전동 길마루경로당 건립 공사(전기),주식회사 해동전기,23581820,90.296,
R26BK01483500,2026-04-28,경기도 광주시,2026년 재난 예경보시스템 교체 사업,(주)경기기술공사,69731811,90.1,
R26BK01467025,2026-04-28,서울특별시 강서구,공항대로 이상기후 대응 도시숲 조성사업,한연종합개발(주),480952000,90.246,
R26BK01477306,2026-04-28,인천광역시 경제자유구역청,송도국제도시 미조성공원 관리공사,주식회사 해일이엔씨,88653200,90.302,
R26BK01480431,2026-04-28,경상북도 구미시,고아 외예지구 용배수로 정비공사,주식회사 참조은건설,114140324,90.514,
R26BK01483585,2026-04-28,충청남도 보령시,옥서2리(133-9) 구거 정비공사,주식회사 흥국,33409730,90.157,
R26BK01453391,2026-04-28,조달청 대전지방조달청,아산시 공설장사시설 확충사업 봉안당 건립공사(소방),九一綜合建設 株式會社,358652060,90.323,
R26BK01482927,2026-04-28,경기도 수원시 팔달구,2026년 팔달구 녹지대 병해충 방제공사(단가계약),주식회사 중앙조경,1051900,90.3,
R26BK01483271,2026-04-28,전북특별자치도 정읍시,이평면마항리660배수로정비공사,주식회사수목토,53959042,90.178,
R26BK01476855,2026-04-28,서울교통공사,2026년 5~8호선 노후 선로전환기 개량공사,주식회사 덕진파워,436824920,90.598,
R26BK01472073,2026-04-28,서울특별시교육청 세그루패션디자인고등학교,세그루패션디자인고등학교 다목적강당겸체육관 옥상방수공사 (긴급공고),(주)적산건설,221696699,90.079,
R26BK01477198,2026-04-28,경상남도 고성군,주평마을 세천 정비사업,주식회사 신보건설,345763000,90.347,
R26BK01450086,2026-04-28,조달청 강원지방조달청,인제군 남면 접경지역 LPG배관망 구축사업 시설공사,에스원건설(주),6067880000,90.595,
R26BK01480923,2026-04-28,경기도 안양시,비봉산힐링공원 암반사면 보강공사,(주)피디티건설,181463800,90.508,
R26BK01478519,2026-04-28,부산환경공단 대기환경사업소,2026년도 슬레이트 지붕 개량공사(3권역) 단가계약,주식회사 더 기린,393800607,90.215,
R26BK01481764,2026-04-28,경상북도 의성군,2026년 시가지식재지연간관리사업(비안~안계지구),주식회사 나노그린,47986820,90.355,
R26BK01490373,2026-04-28,한국농어촌공사 충북지역본부 청주지사,청원양수장외 7개소 CCTV 설치 및 보수공사,주식회사 남상정보통신,17250000,88.001,
R26BK01489726,2026-04-28,대전광역시 서구,2026년 계류보전사업(수의시담),대전광역시산림조합,118096000,92.436,
R26BK01489890,2026-04-28,한국농어촌공사 충북지역본부 청주지사,2026년 양배수장 전기시설물 유지보수공사,서진전기 주식회사,27020000,88.01,
R26BK01475446,2026-04-28,강원특별자치도 강릉시 상하수도사업소,연주로(주문진읍사무소 일원) 노후 상수도관 정비사업,대웅건설주식회사,188615445,90.936,
R26BK01477200,2026-04-28,경기도 의정부시,"종합운동장 화장실 노후설비 개보수 공사(건축, 기계)",주식회사 에치이시스템,225661540,90.332,
R26BK01481850,2026-04-28,충청북도 보은군,2026 보은 삼년산성 예초,고당종합건설 (주),36952488,92.283,
R26BK01477353,2026-04-28,충청남도교육청 충청남도아산교육지원청,충남외국어고등학교 교사동 지붕방수 및 기타공사,주식회사 수목토건설,234970960,90.309,
R26BK01483106,2026-04-28,경상북도 청송군,2026년 상반기 신기리지구 가로수 식재사업,주식회사 대경,97240448,91.389,
R26BK01481900,2026-04-28,전남광주통합특별시 보성군,2026년 회천 화죽지구 덩굴류 제거사업,(유)아름다운숲,26548550,90.029,
R26BK01482488,2026-04-28,제주특별자치도,구국도(일주동로) 1132호선(온평리 2267-5)교차로 개선공사,(주)유선건설,157107770,90.681,
R26BK01483525,2026-04-28,경상남도 동부도로관리사업소,"초정IC램프1교 외 2개교[송정교(상나전),초전교]보수공사",주식회사근원종합건설,189422200,90.836,
R26BK01483414,2026-04-28,부산광역시 북구,만덕1 노후하수박스 보수보강공사(만덕동 783-21일원),(주)용성건설,101705670,90.225,
R26BK01483197,2026-04-28,충청남도 부여군,2026 만수산자연휴양림 숙박동 신축 전기공사,주식회사 무극전력,61878000,90.409,
R26BK01480783,2026-04-28,충청북도 청주시,2026년 청주산단 기후대응 도시숲 조성사업,주성건설(합자),1975343500,89.148,
R26BK01474247,2026-04-28,부산광역시 부산진구,2026년 양정동 배롱나무 보호관리사업,태림나무종합병원 주식회사,27568000,92.748,
R26BK01477681,2026-04-28,경상남도 산청군,2025년 산불피해지 산사태 복구사업(시천중태3지구),주식회사 에코산림,92889000,90.711,
R26BK01481640,2026-04-28,전북특별자치도 익산시,나룻가어린이공원 노후시설 정비사업,태광건설 주식회사,82026958,90.404,
R26BK01478040,2026-04-28,국립군산대학교,황룡문화관 외 3개소 도시가스 배관 도색 및 기타공사,주식회사 도원이지에스,15723450,89.758,
R26BK01482812,2026-04-28,경상북도 청송군,현동면 리도201호선 핏재지구 정비공사,(주)영전건설,106363759,90.317,
R26BK01480319,2026-04-28,대전광역시 대덕구,2026년 도시공원 및 녹지 제초사업,주식회사 창민종합관리,74942301,90.33,
R26BK01481981,2026-04-28,부산광역시 시립미술관,부산시립미술관 리모델링(외부공간 재조성) 전기공사,주식회사 송신전력,113800200,90.312,
R26BK01482940,2026-04-28,경상북도 청송군,파천면 리도203호선 아스콘덧씌우기 포장공사,형제건설(주),25170260,90.277,
R26BK01482498,2026-04-28,경상북도 예천군,예천 선몽대 일원 잡목제거 및 모니터링사업,우석건설 주식회사,72098272,90.548,
R26BK01482269,2026-04-28,충청남도 천안시 공원녹지사업본부,2026년 산업단지 가로수 정비공사,세명랜드스케이프 주식회사,74672200,90.524,
R26BK01477023,2026-04-28,경인교육대학교,경인교육대학교 경기캠퍼스 행정관 유리 교체 공사,주식회사 혜성이엔지,163926201,90.158,
R26BK01481461,2026-04-28,대구공공시설관리공단,"2026년 자동차전용도로 구조물 보수공사(1권역, 연간단가)",주식회사 정원이엔씨,360909540,91.378,
R26BK01482272,2026-04-28,경상남도 창원시 마산회원구,회원1동 공영주차장 조성공사,양촌건설주식회사,90923333,90.699,
R26BK01474933,2026-04-28,서울특별시교육청 미래산업과학고등학교,미래산업과학고등학교 교사동 옥상 방수공사,한성기업(주),180422506,89.955,
R26BK01482637,2026-04-28,경기도 평택시 송탄출장소,2026년 상반기 도로시설물 보수공사,신일건설(주),195514000,90.369,
R26BK01483325,2026-04-28,경상북도 청송군,부남면 이현리 갈미 마을안길 확장공사,주식회사 우리건설,55687100,90.455,
R26BK01483397,2026-04-28,경상북도 청송군,안덕면 사부실 경로당 리모델링 공사,(주)보명건설,198945460,90.385,219620000
R26BK01480215,2026-04-27,서울물재생시설공단,서남센터 1처리장 수처리시설 싸이폰 슬러지수집기 정비 공사,조양종합건설 주식회사,169242200,90.513,
R26BK01481015,2026-04-28,부산광역시 동래구,명륜동 548-36번지 일원 도로정비공사,태능건설(주),33050000,90.341,
R26BK01483687,2026-04-28,한국철도공사 회계통합센터,경부선 원동~물금 외 12개소 자동살수장치 전원설비 개량공사,주식회사 한별전기,156800720,90.264,
R26BK01474498,2026-04-28,충청남도 청양군,대치면 광대리 가운데골 암거설치공사,주식회사 세일건설,36420111,90.272,
R26BK01493155,2026-04-28,한국농어촌공사 경북지역본부 영덕.울진지사,영리배수장외 3개소 조명설비 원격감시제어 구축공사,주식회사 비알인포텍,4730000,90.146,
R26BK01481167,2026-04-28,경상북도교육청 경상북도영주교육지원청,영주서부초등학교 교직원관사 철거공사 수의견적제출 공고,(주)지비건설,20297600,90.925,22121000
R26BK01483236,2026-04-28,경기도 이천시,2026년 이천시 어린이공원 수목 및 녹지대 유지관리공사(남부권역),다해건설 주식회사,86759618,90.416,
R26BK01483754,2026-04-28,경상북도 안동시,예안면 동천리(장갈로) 둠벙설치공사,씨에이건설(주),184254550,90.484,
R26BK01481075,2026-04-28,경상북도 상주시,보행자 맞춤형 교통안전표지판 개선사업,돌나라한농강재주식회사,44168100,90.366,
R26BK01483077,2026-04-28,충청남도 서산시,어금선 농어촌 확포장공사 지장건물 철거공사,초양건설 주식회사,95648720,90.584,
R26BK01477958,2026-04-28,전북특별자치도 전주시 완산구,"2026년 완산구 시설녹지 내 수목 정비사업 1권역(서원로,홍산로)",유한회사 예경조경,44119321,90.301,
R26BK01483455,2026-04-28,경상남도 사천시,초전공원 유지관리사업,아남조경주식회사,149511500,90.481,
R26BK01482850,2026-04-28,충청북도,2026년 조령산자연휴양림 보완사업(백두대간 생태교육장)(건축),주식회사 산상,319781820,90.314,
R26BK01489644,2026-04-27,서울특별시 체육시설관리사업소,잠실야구장 소방펌프 등 교체공사,(주)나래기전,17050000,96.875,
R26BK01481638,2026-04-28,대전광역시 서구,버스정류장 주변 수목 정비사업,건우건설(주),39221890,90.046,
R26BK01478683,2026-04-28,충청북도 충주시 동량면,동량하곡마을세천정비,주식회사 이레건설,24252212,90.345,
R26BK01482122,2026-04-28,부산교통공사,2026년 4호선 터보냉동기 정비공사,레프코리아,59200630,89.976,
R26BK01480654,2026-04-28,산림청 남부지방산림청 영덕국유림관리소,2026년 공익림기능증진 사업(숲3),영양기능인영림단,79600000,89.33,
R26BK01479857,2026-04-27,경상남도 고성군 영현면,발촌소하천 정비사업,거산건설 주식회사,29065000,90.017,
R26BK01482168,2026-04-28,제주특별자치도,2026년 인공어초(시흥지선) 제작 및 설치공사,주식회사서원건설,383605800,90.373,
R26BK01455725,2026-04-28,조달청 대구지방조달청,(가칭)경상북도교육청 융합진로체험교육관 건립 리모델링 전기공사(계속비),(주)중앙전기공사,1154491400,89.464,
R26BK01473178,2026-04-28,산림청 서부지방산림청 영암국유림관리소,20206년 사방사업(계류보전-오동),인동종합개발 주식회사,96492000,87.832,108295000
R26BK01483091,2026-04-28,충청남도 부여군,2026년 외산면 문신리 사방댐 설치사업,부여산림 주식회사,160279500,90.867,
R26BK01481788,2026-04-28,충청북도 보은군,2026년 공원관리 풀베기사업(1지구),한양건설(주),105973065,90.426,
R26BK01481905,2026-04-28,부산광역시 기장군,기장읍 동부리 484번지 일원 노후하수관로 정비공사,강호건설 주식회사,148805160,90.412,
R26BK01481875,2026-04-28,경상남도 의령군,수성마을 만들기사업,대하종합건설 주식회사,174765900,90.419,
R26BK01481211,2026-04-27,한국지역난방공사 광교지사,2026년 광교지사 터빈제어시스템 정기점검보수공사,지멘스에너지 유한회사,42592000,88.056,
R26BK01475728,2026-04-28,과학기술정보통신부 우정사업본부 제주지방우정청,성산포우체국 옥상 방수공사,서현산업 주식회사,81605000,89.957,
R26BK01481998,2026-04-28,경기도 성남시,대원공원 순환테마길 조성공사,(주)태화에스앤지,126785000,90.315,
R26BK01481416,2026-04-28,안산도시개발(주),2026년 SWITCHYARD 도장 공사,주식회사 수주건설,39820000,72.581,
R26BK01475091,2026-04-28,경기도 성남시 분당구,하탑지하차도 배수로 확장공사,주식회사 온누리태양에너지,300648100,91.541,
R26BK01481697,2026-04-28,충청남도 아산시,송악면 동화3리 마을안길 소교량 호우피해 복구공사,주식회사 석영건설,27187070,90.31,
R26BK01480643,2026-04-28,산림청 남부지방산림청 영덕국유림관리소,2026년 숲가꾸기 사업(숲1),영덕2기계화영림단,114900000,89.207,
R26BK01483258,2026-04-28,경상북도 청송군,신흥리 지방상수도 가압장 설치공사,주식회사 광진개발,27345500,90.189,
R26BK01483409,2026-04-28,경기도교육청 경기도용인교육지원청,신갈초 교사3호동 옥상 방수공사,성우단열도건 주식회사,134033700,90.508,
R26BK01453993,2026-04-28,조달청 대전지방조달청,2026년 정부세종청사 조경 유지보수 공사,주식회사 청아건설,656440770,90.432,
R26BK01479580,2026-04-28,경상남도 거제시,옥수동새시장 옥상방수공사,주식회사 대운건설,23645970,90.289,26549820
R26BK01475607,2026-04-28,법무부 국립법무병원,국립법무병원 광네트워크 설치공사,한뜻정보시스템주식회사,282927200,90.369,
R26BK01481168,2026-04-28,경상남도 밀양시,수산천 재해복구사업(1지구),주식회사전국건설,58367400,90.253,
R26BK01481328,2026-04-28,인천글로벌캠퍼스운영 재단법인,인천글로벌캠퍼스 지원센터 FCU 제어 및 결로방지 개선 공사 전자견적제출 안내 공고,신우엔지니어링,141943900,90.288,159335000
R26BK01491235,2026-04-28,해양수산부 부산지방해양수산청,부산항유도등부표 긴급 예인 및 회수공사,(주)덕성해양개발,33000000,99.099,
R26BK01480314,2026-04-28,괴산증평산림조합,2026년 어린나무가꾸기사업(사리지구),주원산림개발 주식회사,23897000,90.044,
R26BK01481548,2026-04-28,서울특별시,2026년 성동구 관내 상수도 시설물 설치 및 보수공사(장기계속 단가계약),한누리이엔지 주식회사,884870410,90.704,
R26BK01482001,2026-04-28,경상북도 의성군,2026년 시가지식재지연간관리사업(의성지구),주식회사 하나산림개발,29135000,90.397,
R26BK01482095,2026-04-28,한국지역난방공사 고양사업소,고양CES 냉동기 안전밸브 분해점검공사,맥테크플랜트산업 주식회사,2805000,89.747,
R26BK01481148,2026-04-28,강원특별자치도 춘천시 농업기술센터,2026년 산지사방사업(안보 외 2),주식회사지원임업,86226000,90.683,
R26BK01481004,2026-04-28,강원특별자치도 춘천시,시립장애아전문 어린이집 리모델링 공사(조경),주식회사 늘솜,100481179,90.356,
R26BK01483845,2026-04-28,경상남도 함양군,2026년 함양 송호서원 담장 해체보수 및 수목정비사업,주식회사 시천건설,20990000,90.913,
R26BK01483553,2026-04-28,경상남도 사천시,양월마을 안길 정비공사,엘앤에스(주),51649700,90.279,
R26BK01480050,2026-04-28,전남광주통합특별시교육청 광주숭일고등학교,광주숭일고 교사동 외벽방수 공사 수의계약 안내공고,주식회사 주해,182646670,90.281,
R26BK01484726,2026-04-28,국립공원공단가야산국립공원사무소,2026년 가야산 야영장 정비공사,주식회사 희원조경,23600000,95.263,
R26BK01465361,2026-04-28,충청남도 홍성군,와룡천 퇴적토 정비사업,서해수자원건설(합),262299490,90.204,
R26BK01477593,2026-04-28,한국환경보전원,2026년 익산왕궁 매수토지 사후관리공사,환원산업개발 주식회사,347728140,90.366,
R26BK01454575,2026-04-28,서울교통공사,2026년 지하철 2~8호선 고가 및 철교 개량공사,유텍종합건설 주식회사,1372713840,90.905,
R26BK01482053,2026-04-28,경찰청 서울특별시경찰청,광역예방순찰1대 청사 리모델링 공사(건축),주식회사 아키뱅크건설,46577979,89.951,
R26BK01480015,2026-04-28,국립군산대학교,국립군산대 샌드위치패널 제거 및 교체 전기공사,유한회사 정진이엔씨,78092332,90.235,
R26BK01481637,2026-04-28,충청남도 태안군,정산포항 어촌신활력증진사업 어촌계회관 리모델링 공사(전기),주식회사 수성엔지니어링,123402761,90.43,
R26BK01451032,2026-04-28,조달청 대전지방조달청,아산시 공설장사시설 확충사업 봉안당 건립공사(전기),주식회사 태성전기솔라,859545870,90.447,
R26BK01481663,2026-04-28,충청남도 태안군,안흥진성 국가유산 경관개선사업[통합 서문 관광안내소 조성공사(전기)],주식회사 한빛파워택,21118100,90.264,
R26BK01475047,2026-04-28,경기도 수원시,2026년 상수도시설 내 녹지 유지관리 공사(3권역),주식회사 트리플조경,103707900,90.395,
R26BK01482696,2026-04-28,전북특별자치도 무주군,향산사 소장불서 주변정비 공사,유한회사  서림문화재,28649000,89.979,
R26BK01481534,2026-04-28,전남광주통합특별시 북구,미조성공원(무등초건너편) 위험시설물 정비 공사,주식회사 일흥,53939780,90.38,
R26BK01486010,2026-04-24,코레일유통(주),충청본부 자판기 보호박스 외부 차단기 설치 전기공사,하승이엔지 주식회사,9800000,98.546,9960000
R26BK01473301,2026-04-28,경상북도 포항시,연일 하수도정비 중점관리지역 정비사업 전기공사(총괄),주식회사 구미계전,1802726740,89.445,
R26BK01480089,2026-04-28,울산광역시,2026년 관내도로 노면표시 개선사업,주식회사 위즈페인팅,191900800,90.634,
R26BK01477719,2026-04-28,경상남도 산청군,산청 운곡 세천 재해복구사업(4공구),동국건설(주),281254490,90.26,
R26BK01481768,2026-04-28,전남광주통합특별시 보성군,2026년 웅치 미력지구 덩굴류 제거사업,주식회사 유임경,22146000,91.181,
R26BK01466875,2026-04-28,인천광역시 계양구,계양구립종합누리센터 신축 공사(전기),주식회사 대원전력,984780900,90.45,
R26BK01479423,2026-04-28,경기도 광명시,2026년 침수방지시설(차수판) 설치 공사(단가계약),디앤에이치건설 주식회사,84315310,90.003,
R26BK01479094,2026-04-28,울산광역시 울주군,간월사지 석조여래좌상 보호각 정비공사,주식회사 한서,66750168,90.319,
R26BK01480658,2026-04-28,경기도 여주시,2026년 국가하천(양섬지구) 녹지관리사업,(주)산들조경,65608713,90.386,
R26BK01481345,2026-04-28,경상북도 의성군,안평신안2리소방용수공급공사,주식회사 화인건설,280994700,90.688,
R26BK01474947,2026-04-28,경기도 용인시 처인구,운학초교 등 어린이보호구역 교통환경 개선공사,새길건설,76420400,90.727,
R26BK01479531,2026-04-28,경기도 이천시,어농리 배수로 정비공사   *주력없음,(주)새길건설산업,453125050,90.413,
R26BK01475833,2026-04-28,한국공항공사 항공기술훈련원,항공기술훈련원 관제교육동 시설개선 전기공사,주식회사 오성전력,293357800,90.312,
R26BK01481420,2026-04-28,경기도 고양시 덕양구,2026년 우기대비 빗물받이 정비사업(연간단가 B구역),대원건설(주),68159610,90.215,
R26BK01476504,2026-04-28,서울특별시,2026년 방배로 장기사용 배수관 정비공사(장기계속),건웅토건(주),1989749329,90.043,
R26BK01477724,2026-04-28,경상남도 산청군,남사천(운리지구) 재해복구사업,주식회사 영진산업개발,601959900,90.339,
R26BK01474627,2026-04-28,강원특별자치도 영월군,(구)신천중학교 그라운드골프장 조성(토목),(주)광영기술단,140275500,90.425,
R26BK01480752,2026-04-28,충청북도 청주시,푸르미환경센터 기후정원 조성사업(생활밀착형숲),비츠로건설,387759499,90.116,
R26BK01483178,2026-04-28,경기도 오산시,국도1호선 도로 재포장 공사(오산 시경계 ~ 현대오일뱅크 앞),세영건설 주식회사,78998220,90.279,
R26BK01481437,2026-04-28,인천광역시 강화군,소하천(귀리안천) 무명1교 재설치공사,다임건설 주식회사,185392600,90.339,
R26BK01480580,2026-04-28,경상남도 창원시 진해구,하구천 제방정비공사,주식회사 은성이엔씨,110084600,90.46,
R26BK01479901,2026-04-28,전북특별자치도 익산시,배산공원 인근 공영주차장 조성사업 토목공사,유한회사 정진건설,163125061,90.249,
R26BK01481287,2026-04-28,전북특별자치도 익산시,금강동 1158-2 농배수로 설치공사,남성환경,29428000,90.094,
R26BK01481124,2026-04-28,충청북도 단양군,2026년 산양삼 채종단지 보완공사,단양군산림조합,28244718,91.854,
R26BK01480341,2026-04-28,충청남도 공주시,유구읍 신달리(219) 수해복구공사,주식회사 공감디자인,42818080,90.302,
R26BK01494004,2026-04-28,한국농어촌공사 전남지역본부 장성지사,장성지사 CCTV 통합관제시스템 구축공사,(주)삼부시스템,4180000,90.869,
R26BK01494032,2026-04-28,서울특별시 서부공원여가센터,선유도공원 수생식물원 정비사업,해솔조경 주식회사,48000000,100.0,
R26BK01477495,2026-04-28,제주특별자치도,2026년 상반기 노후 교통신호기 교체공사(서부) (사업소),주식회사건영전기,239476018,90.45,
R26BK01476223,2026-04-28,한국공항공사 항공기술훈련원,항공기술훈련원 관제교육동 시설개선 정보통신공사,주식회사 다온아이티,237200258,90.292,
R26BK01481190,2026-04-28,경상남도 밀양시,예림들 배수로 정비공사,주식회사 영남건설,213501200,90.492,237033000
R26BK01479569,2026-04-27,전남광주통합특별시 곡성군,2026년 산불안전공간 조성사업,유한회사 송림,72911293,90.504,
R26BK01482908,2026-04-28,경상북도 울진군,불영사 설법전 보수공사,주식회사 서호건설,519816866,90.36,
R26BK01481380,2026-04-28,전북특별자치도 전주시 덕진구,호성동 동부대로 일원 가로등 조도개선 사업 견적제출 안내공고,주식회사 대한에너지,54013700,89.986,
R26BK01480699,2026-04-28,경기도 안산시,반월천 산책로 예초 및 위해수목 제거공사,엠지엠(MGM)이엔지,40808960,90.531,
R26BK01492328,2026-04-28,경상남도 합천군 농업기술센터,2026년 간선임도 개설사업(대양백암지구),합천군산림조합,496001000,88.744,
R26BK01492558,2026-04-28,경상북도 문경시,2026년 등산로 정비사업(운달지맥),문경시산림조합,201650000,100.0,
R26BK01479136,2026-04-28,전남광주통합특별시 담양군,군도 5호선(수북개동) 도로 확포장사업 견적제출공고,주식회사 광후건설,44885000,90.301,
R26BK01480423,2026-04-28,인천광역시 계양구,"2026년 우기철 대비 계양구 빗물받이 준설공사(1차, 효성권역)",가연건설 주식회사,54573600,90.228,61281000
R26BK01483742,2026-04-28,경기도 평택시,지방도315호선(오성면 신리 28-1번지 일원) 가로등 설치공사,주식회사 빌드건설,61123260,90.273,
R26BK01475500,2026-04-28,강원특별자치도교육청 강원특별자치도원주교육지원청 원주삼육초등학교,"원주삼육초등학교 한빛관(체육관,급식실,다목적교실) 보수공사",제이티건설(주),769797721,90.326,
R26BK01479123,2026-04-28,충청남도 아산시,2026년 기후대응 도시숲 조성사업,(주) 한울타리조경건설,1165858740,89.118,
R26BK01481869,2026-04-28,제주특별자치도 제주시,2026년 동문재래·수산시장 시설현대화사업(노후전기설비 교체공사)(긴급입찰),주식회사 한경기업,389702953,90.401,
R26BK01483410,2026-04-28,경상남도 사천시,초전~방지 완충녹지 유지관리사업,주식회사장인조경,36436165,90.319,
R26BK01482058,2026-04-28,강원특별자치도 고성군,농어촌도로 202호선 삼포리구간 배수정비공사,주식회사대덕건설,33960900,91.139,
R26BK01480013,2026-04-28,충청북도 청주시,SK하이닉스 추가공장 공업용수 공급사업(4단계 3공구),(주)세명종합건설,5922404900,88.513,
R26BK01483709,2026-04-28,부산광역시 동래구,2026년 마안산 사방사업(산지사방),주식회사 산에그린,89363310,90.558,
R26BK01453284,2026-04-28,조달청 대전지방조달청,아산시 공설장사시설 확충사업 봉안당 건립공사(통신),뉴파워 주식회사,241687273,90.421,
R26BK01477282,2026-04-28,충청남도 논산시,벌곡면 재활용 시설 설치 사업 건축공사,천룡건설 주식회사,299029000,90.33,
R26BK01476984,2026-04-28,인천광역시 종합건설본부,계양경기장 파크골프장 야간조명 설치 전기공사,부일특장 주식회사,222456133,90.321,246939000
R26BK01478415,2026-04-28,부산환경공단 대기환경사업소,2026년도 슬레이트 지붕 개량공사(1권역) 단가계약,도원건설산업 주식회사,356352750,90.242,
R26BK01481840,2026-04-28,충청북도 보은군,교통표지판 정비공사,(주)신흥건설,35809000,91.109,
R26BK01480309,2026-04-28,경기도 양평군 수도사업소,옥천면 아신5리 급수취약지역 상수도 보급사업,성원이엔지주식회사,132822300,90.27,
R26BK01483172,2026-04-28,경상북도 구미시,2026년 강서지역 일원 보도 예초공사(1차),주식회사 신후,90211000,90.194,
R26BK01492608,2026-04-28,한국농어촌공사 경기지역본부 고양지사,벽제용수간선 등 8개소 시설물 보수 공사,백두토건 주식회사,9540000,94.991,
R26BK01477725,2026-04-28,전북특별자치도 군산시,월명야구장 조명타워 등기구 교체공사,주식회사 솔보,101775690,90.205,
R26BK01481133,2026-04-28,경상남도 밀양시,삼랑진 낙동선셋 디지털타워 전기공사,주식회사 동영전력,152467540,90.372,
R26BK01480589,2026-04-28,전남광주통합특별시 완도군,힐링해 완도 프로젝트 완토리니 소공원 식재·조경공사,주식회사 가온,41201390,90.162,
R26BK01481770,2026-04-28,경상남도 통영시,성장촉진지역 한산도 부잔교 설치공사,주식회사 태인건설,198145300,90.254,
R26BK01483717,2026-04-28,경상북도 안동시,와룡면 산야리(산야한실길) 세천정비공사,(주)필창건설,47253800,90.255,
R26BK01479099,2026-04-28,충청북도,25년도 지방도592호선 신대교 표‧단면 보수공사,중앙건설산업(주),1680165300,89.846,
R26BK01477204,2026-04-28,재단법인 대구경북디자인진흥원,"디자인 AI 인프라 건축공사(건축, 토목, 기계, 조경) 입찰공고",주식회사 더원건설,5629852006,92.085,
R26BK01481773,2026-04-28,경상남도 양산시,2026년도 대리마을 환경정비공사,주식회사 엠에스종합건설,32860299,90.163,
R26BK01475974,2026-04-28,서울특별시 광진구,능동로17길 10 주변 등 4개소 원형관로 보수공사,(주)라텍이엔지,221406200,90.952,
R26BK01480391,2026-04-28,충청북도 충주시,산척면정암소규모수도시설개량사업,토우산업(주),121757000,90.33,
R26BK01477537,2026-04-28,충청남도 보령시,보령시 수소터빈 시험연구센터 신축공사(전기),주식회사 태양유니스,2070203334,89.272,
R26BK01480268,2026-04-28,대전광역시 대덕구,2026년 어린이공원 정비사업,세진엘엔시 주식회사,34368660,90.137,
R26BK01475826,2026-04-28,서울특별시 마포구,마포대로 일대 원형관로 보수공사(비굴착),우리환경산업 주식회사,662872800,90.704,
R26BK01482864,2026-04-28,경상북도 울진군,신림리 취약지역 생활여건 개조사업 화장실 정비(건축),씨앤아이건설 주식회사,48410290,90.401,
R26BK01478974,2026-04-28,경상북도 성주군,작은지구 급경사지붕괴위험지역 조성사업,(주)에싸,2518827240,89.321,
R26BK01481603,2026-04-28,대전광역시 서구,2026년 황톳길 시설정비사업,동신토건 주식회사,95500279,89.962,
R26BK01480696,2026-04-28,서울특별시 중랑구,동일로126라길 일대 하수관로 개량공사,라우산업개발주식회사,743610020,90.635,
R26BK01480787,2026-04-28,전남광주통합특별시 장흥군,관산 신동2구 배수로 정비공사,토대로건설 주식회사,43197000,90.328,
R26BK01479267,2026-04-28,대전광역시 건설관리본부,2026년 도로사면 정비 연간단가 공사,대영건설주식회사,38228400,90.314,
R26BK01481250,2026-04-28,경기도 안산시,10번 우수박스 정비공사(일부특허),한두건설(주),112980950,90.614,
R26BK01481563,2026-04-28,전북특별자치도 익산시,숭림사 보광전 목조석가여래좌상 주변정비공사,주식회사 호겸건설,74257000,90.992,
R26BK01477064,2026-04-28,제주특별자치도 제주시,도평길 주민불편도로 정비사업,삼대토건 주식회사,50999900,91.527,
R26BK01480744,2026-04-28,충청남도 아산시,2026년 아산문화공원 황톳길 개선사업,주식회사 수오조경,213767180,90.158,
R26BK01480564,2026-04-28,전남광주통합특별시 완도군,힐링해 완도 프로젝트 완토리니 소공원 바닥도장공사,(주)신태양건설,26483500,89.749,
R26BK01479025,2026-04-28,충청남도 공주시,(계약대행) 2026년 공주시 공공하수처리시설 개보수사업(기계),신양에너지 주식회사,127029870,90.236,
R26BK01471903,2026-04-28,경찰청 전남경찰청,여수경찰서 광무파출소 신축공사(통신),(주)동아이앤씨,29807840,90.302,
R26BK01491912,2026-04-28,서울특별시 북부공원여가센터,북서울꿈의숲 수목생육환경 개선사업,한국나무종합병원 주식회사,11210000,95.0,
R26BK01476137,2026-04-28,서울특별시,2026년 우장산동 외 10개동 상수도공사(장기계속),학산건영(주),810856000,90.564,
R26BK01481132,2026-04-28,강원특별자치도 정선군 신동읍,신동복지회관(목욕탕) 기능보강공사,유한회사 태응개발,96026800,90.385,
R26BK01480777,2026-04-28,전남광주통합특별시 영암군,미암면 주민소통센터 조성사업(건축),주식회사연우건설,109821600,90.323,
R26BK01479168,2026-04-28,경기도남한산성세계유산센터,2026년 남한산성도립공원 사방사업 공사,화성수원오산산림조합,57594900,90.306,
R26BK01480882,2026-04-28,경기도 용인시,맨발길 보완 및 유지보수사업(죽전동 폐천부지),주식회사 국가대표조경,44669419,89.889,
R26BK01478708,2026-04-28,인천광역시 중구,2026년 원도심 도로조명시설 정비공사,라이트전력(주),54450880,90.393,
R26BK01483275,2026-04-28,경상북도 구미시,버금공원 등 4개소 공원정비사업,농업회사법인 (주)행복한 정원,29338250,90.128,
R26BK01472621,2026-04-28,전북특별자치도 군산시,관리도발전소 위험물보강 기계설비공사,도원이앤씨,313558900,90.301,
R26BK01483134,2026-04-28,경상남도 양산시,시의회 옥외 공간 리모델링 공사,(주)신우랜드산업,170262900,90.116,
R26BK01474932,2026-04-28,경기도 수원시,2026년 상수도시설 내 녹지 유지관리 공사(2권역),주식회사 성전건설,104938010,90.388,
R26BK01481113,2026-04-28,강원특별자치도 홍천군,중로3-01-49(미소지움 옆) 개설공사,유진콘스 주식회사,196256300,90.372,
R26BK01477826,2026-04-28,충청남도 공주시,(계약대행) 2026년 공주시 공공하수처리시설 개보수사업(전기),대도전기,69401598,90.219,
R26BK01482378,2026-04-28,서울특별시 강북구,2026년 우이천 호안 보수공사,키움건설 주식회사,801059867,91.553,
R26BK01482506,2026-04-28,경기도교육청 경기도구리남양주교육지원청,학교 유무선 네트워크 개선 3-1차 사업 정보통신공사(1권역),미래정보통신(주),382297679,90.394,
R26BK01476152,2026-04-28,과학기술정보통신부 우정사업본부 부산지방우정청,부산우1동우체국 차량용승강기 교체공사,(주)영진엘리베이터,258000000,91.041,
R26BK01469175,2026-04-28,경기도 화성시 동탄구,2026년 동탄1권역 어린이보호구역 개선사업(재배정),주식회사 은천,216130987,90.397,
R26BK01481134,2026-04-28,전북특별자치도 전주시 덕진구,송천 라미안~자이아파트 인도 재포장 공사 견적제출 안내공고,주식회사 중보,45571020,90.092,
R26BK01474502,2026-04-28,충청남도 청양군,청양읍 도시계획도로(중로3-7) 우수관로 설치공사,주영건설 주식회사,26127659,90.553,
R26BK01482578,2026-04-28,경기도 이천시,2026년 이천시 동지역 가로수 유지관리공사,주식회사 뜨라래,79042471,89.984,
R26BK01474503,2026-04-28,충청남도 청양군,후덕리 노인보호구역 정비공사,엔에이치산업주식회사,29556000,90.216,
R26BK01483722,2026-04-28,경상북도 안동시,송현(2주공) 담장 경관 조명공사,주식회사 유진전력,51666261,90.42,
R26BK01415505,2026-04-28,조달청 경남지방조달청,함안군북일반산업단지 용수공급시설 설치공사(총괄분),주식회사 보고해양개발,18915784010,86.652,
R26BK01478044,2026-04-28,경상북도 의성군 의성조문국박물관,박물관 주변 제초,주식회사 골드산업개발,32011284,90.325,
R26BK01481736,2026-04-28,강원특별자치도 속초시 하수처리사업소,동명동 81-1 일원 우수BOX 준설공사,주식회사마루건설,44901000,90.719,
R26BK01480850,2026-04-28,시흥도시공사,시흥도시공사 수목(병·해충) 방제 공사,주식회사 그린피아한성,96393921,90.541,
R26BK01492553,2026-04-28,한국농어촌공사 전남지역본부 구례지사,신학지 외 3개소 간이사전방류시설 설치 공사,주식회사 선우기계산업,49350000,89.943,
R26BK01475437,2026-04-28,강원특별자치도,지방도406호선 상동제1교 유지보수공사,(합)남영건설,244555010,90.523,
R26BK01480604,2026-04-28,전남광주통합특별시 완도군,2026년 완도죽청농공단지 노후기반시설(우수관로) 정비공사,대창종합건설 주식회사,317128000,90.332,
R26BK01480612,2026-04-28,경상남도 창원시 진해구,용원동 배수암거 보수공사(1차),용한건설(주),95115518,90.328,
R26BK01483479,2026-04-28,전북특별자치도 정읍시,잔다리목지하차도수배전반지상이설공사,주식회사 은광이엔지,243626600,90.233,
R26BK01475024,2026-04-28,서울특별시 도봉구,2026년 초안산근린공원 보수정비사업,창인건설(주),77394000,90.52,
R26BK01480449,2026-04-28,인천광역시 계양구,"2026년 우기철 대비 계양구 빗물받이 준설공사(1차, 귤현장기권역)",가연건설 주식회사,54604900,90.304,61281000
R26BK01479013,2026-04-28,전남광주통합특별시교육청 대광여자고등학교,대광여고 본관 옥상방수공사 수의계약 안내 공고,(주)거주건설,132327000,90.303,146553000
R26BK01482855,2026-04-28,부산광역시 남구,상습침수지역 하수도 준설공사(문현동),가나환경주식회사,84405247,90.288,
R26BK01475901,2026-04-28,경상남도,지1041호 합천 삼리지구 재해복구사업,주식회사 제영,727979890,91.131,
R26BK01472898,2026-04-28,한국철도공사 회계통합센터,경부선 오산역 고객화장실 개량공사,주식회사 노아산업,350012837,90.265,
R26BK01481048,2026-04-28,울산광역시 북구,북구청소년문화의집 시스템 냉난방기 교체 공사,주식회사 케이원플랜텍,134297697,89.977,
R26BK01480139,2026-04-27,경상남도 고성군 영현면,영천강 유지관리사업,고려건설 주식회사,32344000,89.977,
R26BK01476723,2026-04-28,문화체육관광부 국립중앙박물관,국립중앙박물관 옥외 편의시설 조성 소방공사,유천전기 주식회사,183477571,90.371,
R26BK01481254,2026-04-28,경상남도 밀양시,우곡마을만들기(종합개발) 지역경관개선사업,태산건설 주식회사,488756340,90.322,
R26BK01480820,2026-04-28,충청남도 천안시 동남구,2026년 관내 도로시설물 정비공사(연간단가),(주)동원조경,88202302,90.437,
R26BK01479704,2026-04-27,서울물재생시설공단,서남센터 시설현대화 산화제 저장탱크 PE라이닝 교체 공사,(주)풍산씨앤씨,30012000,89.936,
R26BK01483020,2026-04-28,경상북도 청송군,2026년 상반기 관리지구 가로수 식재사업,(주)규태건설,36026000,90.005,
R26BK01479183,2026-04-28,전남광주통합특별시 담양군,담양동초(객사4길)도시계획도로 정비공사 견적제출공고,주식회사 대현,41204160,90.564,
R26BK01481741,2026-04-28,충청북도 보은군,2026년 공원관리 풀베기사업 시행(2지구),주식회사 수림조경,100241000,90.436,
R26BK01475282,2026-04-28,한국산업은행,한국산업은행 대구지점 및 대구경북지역본부 원상복구공사(설비공사),(주)시스템하나,121426100,90.137,
R26BK01470779,2026-04-28,충청남도 천안시,천안 제2일반산업단지 재생사업 늘푸른어린이집 신축공사(소방),건우이앤지(주),106587300,90.309,
R26BK01475239,2026-04-28,인천광역시 부평구,2026년 가로수림 병해충 방제사업(서부권),일월조경건설 주식회사,54539368,90.328,
R26BK01482879,2026-04-28,경상북도 울진군,기성리 취약지역 생활여건 개조사업 마을회관 정비(건축),주식회사 청명,159000000,98.333,
R26BK01470446,2026-04-28,경기도 안양시 만안구,2026년 가로숲길(띠녹지) 조성공사,석림조경,75462819,90.271,
R26BK01480417,2026-04-28,부산광역시 사상구,2026년 사상구 지반침하대응 노후하수관로 정비공사(3-3단계),센텀건설산업 주식회사,289211770,90.24,
R26BK01479874,2026-04-28,평창군산림조합,2026년 숲가꾸기사업(어린나무)2-1권역,(주) 앤디에프,57343000,89.864,
R26BK01476802,2026-04-28,서울시설공단,2026년 공영차고지 녹지유지공사(연간단가),(주)녹원개발,170091890,90.403,
R26BK01474793,2026-04-28,한국산업은행,한국산업은행 대구지점 및 대구경북지역본부 원상복구공사(내부장식공사),주식회사 월드원디자인,240754800,90.313,
R26BK01480886,2026-04-28,경상북도 경주시,"용강, 황성, 불국 완충녹지 풀베기 공사",주식회사 디엘에스,47332200,90.379,
R26BK01482565,2026-04-28,경기도교육청 경기도구리남양주교육지원청,학교 유무선 네트워크 개선 3-1차 사업 정보통신공사(2권역),주식회사에스비정보기술,363622789,90.388,
R26BK01477439,2026-04-28,울산광역시,온산바이오에너지센터 메탄발효조 준설공사,윤하건설(주),362309500,90.136,
R26BK01479798,2026-04-28,충청북도 충주시 소태면,소태 가청마을 세천정비 사업,주식회사 반석건설,47337363,90.345,53030000
R26BK01480471,2026-04-28,충청남도 공주시,(입찰대행) 탄천면 덕지리(남) 경로당 보수공사,주식회사 비에치이건설,65606740,90.199,
R26BK01473935,2026-04-27,한국농어촌공사 전남지역본부 해남.완도지사,월송지구 소규모배수개선사업 토목기계공사,주식회사 진산건설,599858650,90.478,
R26BK01478920,2026-04-28,경기도 양평군 수도사업소,개군면 석장2리 소규모 급수관로 설치사업,가람이엔티(주),101377000,91.061,
R26BK01481188,2026-04-28,전북특별자치도 전주시,장기미집행도시공원(덕진공원) 지장물철거(1단계) 석면해체 및 제거공사,유한회사 문포이엔지,84283220,90.319,
R26BK01482567,2026-04-28,경상북도 예천군,예천 선몽대 일원 수목 생육환경 개선사업,나무종합병원,69397900,91.313,
R26BK01475859,2026-04-28,서울특별시 중구,장충단로(2구간) 노후 가로등 개량 공사,월드전기주식회사,201192040,90.629,
R26BK01483044,2026-04-28,한국수산자원공단제주본부,2026년 제주 바다숲 1년차 서광리 자연석 시설,주식회사 우리바당,198253000,90.285,
R26BK01480651,2026-04-28,산림청 남부지방산림청 영덕국유림관리소,2026년 숲가꾸기 사업(숲2),청송기능인영림단,71620000,89.336,
R26BK01481428,2026-04-28,중소기업은행,성수동지점 이전 레이아웃 설비공사,디케이건설주식회사,167155828,90.385,
R26BK01455760,2026-04-28,조달청 대구지방조달청,(가칭)경상북도교육청 융합진로체험교육관 건립 리모델링공사(계속비),주식회사 삼창건설,7223136660,88.547,
R26BK01482434,2026-04-28,충청북도교육청 충청북도충주교육지원청,수안보중 옥상방수 전기공사 수의계약 안내공고,주식회사 볼텍,32665140,90.195,
R26BK01477896,2026-04-28,전남광주통합특별시 종합건설본부,"서암대로,천지인로 표층 재포장 공사",다문토건 주식회사,153238700,91.162,
R26BK01482936,2026-04-28,국방과학연구소,해미시험센터 비행시험동 소방시설 개선 공사,주식회사에스케이소방,106745280,90.264,
R26BK01478867,2026-04-27,강원특별자치도 홍천군,북방면 부사원리 배수관로 확장사업,주식회사 에이치에스,222610464,90.676,
R26BK01483750,2026-04-28,전남광주통합특별시 나주시,세지 벽류정 관광자원화 조성공사,유한회사 소안건설,246649700,90.37,
R26BK01493406,2026-04-28,경기도 평택시,2026년 경제림 조림사업(도곡동 산9번지 등 6개소 일원),평택시산림조합,25200000,90.909,
R26BK01470390,2026-04-28,경상북도 경주시 사적관리사무소,경주 월성(해자) 일원 예초 공사,주식회사 가송,302162970,90.433,
R26BK01481105,2026-04-28,전남광주통합특별시 여수시,2025년 큰나무가꾸기 사업(2차),주식회사 청미래,83692000,90.623,
R26BK01477572,2026-04-28,경기도 군포시,2026년 제3회 산본신도시 도로포장정비(단가)공사,(주)원창건설,89374000,90.613,
R26BK01472705,2026-04-28,한국철도공사 회계통합센터,수인분당선 송도역 철골도장공사,서하건설 주식회사,293938000,90.402,
R26BK01482605,2026-04-28,경상북도 예천군,예천 금남리 황목근 생육환경 개선사업,예인나무병원,25942000,91.49,
R26BK01482756,2026-04-28,경상북도 청송군,청송읍 면도102호선 초막골지구 산불피해 재해복구사업,주식회사 신영개발,55695220,90.256,
R26BK01474226,2026-04-28,경기도 용인시 기흥구,영덕동 생태교량 보수공사,주식회사 금강석재,65753200,90.227,
R26BK01481108,2026-04-28,중소기업은행,성수동지점 이전 레이아웃 건축공사,(주)세전예건,440970000,90.554,
R26BK01474495,2026-04-28,충청남도 청양군,수석리 배수로 정비공사,강민건설 주식회사,52024967,90.323,
R26BK01483153,2026-04-28,충청남도 서산시,역천파크골프장 재해복구공사,주식회사 미동건설,67702752,90.863,
R26BK01482309,2026-04-28,제주특별자치도,해양수산연구원아열대 연구동 장비 신설 및 교체공사(사업소),주식회사 제주삼원기업,100100000,90.202,
R26BK01480200,2026-04-28,경상북도 포항시,음식물류폐기물 적환장 신축공사(건축공사),미르종합건설 주식회사,272994100,90.267,
R26BK01475074,2026-04-28,전북특별자치도교육청 전북특별자치도군산교육지원청,군산동초 교사수선 공사,(유)다비지건설,300138980,90.263,
R26BK01480974,2026-04-28,경기도 파주시,은곡교 가각정비 공사,정상종합건설 주식회사,217890800,90.389,
R26BK01482587,2026-04-28,경기도교육청 경기도구리남양주교육지원청,학교 유무선 네트워크 개선 3-1차 사업 정보통신공사(3권역),(주)인터테크소프트,179214568,90.38,
R26BK01482835,2026-04-28,전북특별자치도 고창군,2026년 고창읍 주요도로 가로수(소나무) 전정사업,(유)남경건설,89971573,90.096,
R26BK01482910,2026-04-28,전북특별자치도 고창군,고창군노인복지센터 기능보강공사,주식회사금강디자인,156661000,90.421,
R26BK01477614,2026-04-28,경상남도 산청군,모례지구 농어촌마을하수도 증설사업 전기공사,주식회사 이룸,242088000,90.399,268085000
R26BK01481238,2026-04-28,중소기업은행,성수동지점 이전 레이아웃 전기공사,두복산전(주),165238760,90.425,
R26BK01481599,2026-04-28,충청남도 금산군 군북면,두두3리 소규모공공시설 수해복구사업,주식회사보성건설,63683524,90.376,
R26BK01481187,2026-04-28,경기도 동두천시,2026년 동두천시 도로변 제초 및 전정 단가계약공사,마이조경 주식회사,8634380,90.643,
R26BK01493257,2026-04-28,한국공항공사 항로시설본부 인천항공교통시설단,제주표지소 옥상방수 및 외벽보수,신제주기업,16400000,94.797,
R26BK01483532,2026-04-28,경상북도 구미시,옥성 태봉천 정비공사,(주)대도종합건설,98280560,90.606,
R26BK01483734,2026-04-28,경상북도 안동시,경북바이오산단 조화맨홀 교체공사,주식회사 유진건설,35526669,90.425,
R26BK01481705,2026-04-28,전남광주통합특별시 여수시,돌산읍 둔전마을 구거 정비공사,주식회사 에스디산업,35654930,90.105,
R26BK01483480,2026-04-28,강원특별자치도 춘천시,2026년 칠전동 227번지 일원 도로포장 보수공사,(합)대방피앤씨,27365206,90.532,
R26BK01482744,2026-04-28,경기도 가평군,산지전용허가(협의) 기간만료지 대행복구공사(협의 2015-288),주식회사산사랑,82696750,90.954,91916000
R26BK01481072,2026-04-28,서울특별시,2026년 북부수도사업소 상수도관 전식방지 공사,동림전력 주식회사,201606422,90.324,
R26BK01480866,2026-04-28,강원특별자치도 홍천군,홍천읍 태학리 태학여내길 소교량 개축공사,조은건설(주),183785000,90.746,
R26BK01476663,2026-04-28,대구공공시설관리공단 서부사업처,초침 스컴분리기실 외벽 보수공사,(주)한신건설,139299600,90.088,
R26BK01479178,2026-04-28,경기도 평택시 안중출장소,2026년 도대천 준설공사,주식회사 율건설,37700420,90.104,
R26BK01480376,2026-04-28,인천광역시 계양구,"2026년 우기철 대비 계양구 빗물받이 준설공사(1차, 계산권역)",(주)옥련건설,55242855,90.166,61281000
R26BK01482012,2026-04-28,전남광주통합특별시 보성군,2026년 주민편익사업 율어면 율어리 농로 선형 개선공사,유한회사 대정토건,34014696,90.201,
R26BK01480833,2026-04-28,경상남도 함안군,가야3블록 지방상수도 개량공사,장석건설 주식회사,242045109,90.308,
R26BK01480226,2026-04-28,경기도 양평군 수도사업소,옥천면 아신1리 소규모 급수관로 설치사업,성심건설(주),125384650,90.837,
R26BK01481487,2026-04-28,중소기업은행,성수동지점 이전 레이아웃 통신공사,주식회사 한스콤정보통신,48683600,91.227,
R26BK01482596,2026-04-28,강원특별자치도교육청 강원특별자치도원주교육지원청 원주삼육초등학교,"원주삼육초등학교 한빛관보수(체육관,급식실,다목적교실) 통신공사",(주)상건,25596784,90.329,
R26BK01478161,2026-04-28,대전광역시,2026년 보문산 산책로 및 난간정비사업,석암산업주식회사,203869864,90.408,
R26BK01473931,2026-04-28,대전광역시 유성구,2026년 은행나무 바꿔심기사업,주식회사 에이치케이산림,236327900,90.553,
R26BK01480360,2026-04-28,대전광역시 대덕구,2026년 도시공원 및 녹지 병해충 방제사업,주식회사 스마트조경나무병원,26918778,90.465,
R26BK01478536,2026-04-28,경상남도 양산소방서,양산소방서 중앙119안전센터 냉난방기 교체 공사,주식회사 터보젠,49280200,89.967,
R26BK01483362,2026-04-28,경상북도 청송군,청송읍 청운리 새들세천 호안정비공사,(주)대윤건설,26376000,90.243,
R26BK01483458,2026-04-28,경상북도 청송군,교리 한실마을 송생천 호안정비공사,세경건설 주식회사,53542600,90.257,
R26BK01483420,2026-04-28,강원특별자치도 춘천시,시립장애아전문 어린이집 리모델링 공사(소방),(주)한국전기소방,33402390,90.272,
R26BK01482862,2026-04-28,충청북도 청주시,청주고인쇄박물관 일원 야간경관 개선사업 전기공사,미래산전주식회사,41786223,90.397,
R26BK01483205,2026-04-28,경상북도 구미시,2026년 도로안전시설물 긴급복구공사 단가계약(3차),(주)다다건축,45728430,91.124,
R26BK01474500,2026-04-28,충청남도 청양군,운곡면 광암1리 배수로 정비공사,주식회사 동우건설,78111670,90.518,
R26BK01474504,2026-04-28,충청남도 청양군,청양군노인요양원 기능보강 공사,주식회사 백산건설,245396270,90.526,
R26BK01480845,2026-04-28,경상북도 경주시,산내 대현3리 동골마을 포장 정비공사,화림이엔씨(주),50858500,90.665,
R26BK01482933,2026-04-28,해양경찰청 해양경찰정비창 해양경찰부산정비창,(소액수의)해양경찰부산정비창 지하공동구 소화배관 교체  공사(붙임 파일 필독),주식회사 태양소방,13977200,89.745,
R26BK01466164,2026-04-28,충청남도교육청 충청남도청양교육지원청,청양중학교 옹벽 및 기타공사,주식회사 한터종합건설,430610629,90.336,
R26BK01481578,2026-04-28,충청남도 금산군,선원3리 배수로 및 박스정비공사,주식회사 도담건설,41093000,90.248,
R26BK01480932,2026-04-28,강원특별자치도 춘천시 농업기술센터,2026년 풍수해 예방사업(당림 외),주식회사 성림산림,101457000,91.365,
R26BK01474505,2026-04-28,충청남도 청양군,모덕사 주변 정비공사,예은이엔지주식회사,32179600,91.227,
R26BK01480926,2026-04-28,경상북도 경주시,안강 하곡리 군도2호선 도로확장공사,(주)태백건설,213062500,91.196,
R26BK01483490,2026-04-28,경상남도 사천시,청널공원 유지관리사업,주식회사 소야원,24831000,90.295,
R26BK01474790,2026-04-28,전남광주통합특별시 동부소방서,2026년 소방용수시설 보수 공사,주식회사 건설구일일,29088720,89.946,
R26BK01479907,2026-04-28,충청북도 충주시 소태면,소태 은대마을 세천정비 사업,중원공사 주식회사,26352106,90.275,29196000
R26BK01473453,2026-04-28,강원특별자치도 도로관리사업소 태백지소,2026년 국지도88호선 조제1교 외 1개소 보수보강공사,(주)거상건설,76652110,90.989,
R26BK01477914,2026-04-28,전북특별자치도 정읍시 보건소,고화보건진료소 공공건축물 그린리모델링 건축공사 시행,유한회사 경주이엔씨,124904000,90.415,
R26BK01475302,2026-04-28,경상남도 창원시,2026년 산불진화임도(현동지구) 설치사업,(주)조은산,264722000,90.327,
R26BK01481235,2026-04-28,전남광주통합특별시 함평군,손불 대전지구 흙수로 구조물화사업,주식회사 현대건설,33397450,90.261,37127000
R26BK01482735,2026-04-28,인천광역시 연수구,2026년 마을주택관리소 집수리 지원 공사,주식회사 프로아텍,29834243,89.963,
R26BK01479634,2026-04-28,울산광역시 울주군,2026년 상반기 보안등 신규 설치공사(남부권),주식회사 솔,129140852,90.389,
R26BK01489565,2026-04-28,경기도 평택시,국제학교 설립준비단 사무실 조성공사(건축),주식회사 가인건설알앤씨,44995500,90.909,
R26BK01490710,2026-04-27,한국지역난방공사 양산지사,주제어동 현관 캐노피 및 방풍실 보수 공사,주식회사 디자인준,20852500,95.647,
R26BK01480660,2026-04-28,강원특별자치도 정선군,백두대간 문화철도역 연계협력사업(나전역 제2테마공원 설비공사),주식회사 서인건설,148206250,90.134,
R26BK01477951,2026-04-28,전남광주통합특별시 종합건설본부,우치로 표층 재포장 공사,금송산업 주식회사,178936490,90.97,
R26BK01480633,2026-04-28,경기도 여주시,2026년 국가하천(복하천) 녹지관리사업,주식회사 여주시조경연합회,51098630,90.303,
R26BK01474236,2026-04-28,경기도 의정부시,2026년 생태하천 녹지대 유지관리 공사(연간단가),(주)가우조경,125111000,91.014,138600000
R26BK01481315,2026-04-28,경기도 파주시,검산동 하천제방 정비공사,부경건설(주),125529800,90.35,
R26BK01471508,2026-04-28,한국농어촌공사 경북지역본부 안동지사,녹래지구 과실전문생산단지 기반조성사업 전기공사,(주)성창전기,59077690,90.263,
R26BK01481441,2026-04-28,국립한국교통대학교,국립한국교통대학교 소통광장 조성 전기공사,대상전력 주식회사,72118490,90.332,
R26BK01480354,2026-04-28,전북특별자치도 전주시 덕진구,2026년 삼례교(신교) 내진보강공사[특허공법] 입찰공고(긴급),(주)대호산업개발,242592460,90.357,
R26BK01475456,2026-04-28,한국농어촌공사 충남지역본부 청양지사,청양읍 농촌중심지활성화사업 건강먹거리 돌봄 플랫폼 전기공사,(주)벧엘전기,243889910,90.282,
R26BK01477957,2026-04-28,경기도 의정부시,2026년 생태하천 흙향기 맨발길 유지관리공사(연간단가),경향건설 주식회사,120583390,90.197,
R26BK01477276,2026-04-28,충청남도 서산시,부석면 스마트팜 담수지 배수로 준설공사,인석토건(주),267541280,90.249,
R26BK01483487,2026-04-28,경상북도 청송군,신기리 감곡천 호안정비공사,(주)우진건설,51921990,90.279,
R26BK01483511,2026-04-28,경상북도 청송군,청송사과유통센터 주왕산APC 시설확충 공사(건축),(주)수홍종합건설,161437982,90.357,
R26BK01480664,2026-04-28,산림청 남부지방산림청 영덕국유림관리소,2026년 숲가꾸기 사업(숲4),영덕국유림영림단 사회적협동조합,154949000,91.148,
R26BK01480795,2026-04-28,전남광주통합특별시 장흥군,용산 관지리 용수로 정비공사,(주) 삼우건설,33377500,90.454,
R26BK01481444,2026-04-28,경상남도 창원시 의창구,창원역 앞 보행환경 개선공사,(주)성덕건설,80703700,90.561,
R26BK01483477,2026-04-28,경기도 용인시,2026년 함박웃음어린이공원 정비공사,(주)호암종합건설,153693770,90.267,
R26BK01482284,2026-04-28,서울특별시 노원구,마들스포츠타운 테니스장 인조잔디 교체공사(긴급),주식회사 청광개발,208347600,90.801,
R26BK01481326,2026-04-28,충청북도 단양군,2026년 상반기 하수도 준설공사,(주)일신테크,71677741,90.575,
R26BK01474497,2026-04-28,충청남도 청양군,중산리 모래재 농로재포장공사,신행건설주식회사,21990070,90.248,
R26BK01480859,2026-04-28,충청북도 충주시,충주의료원인도정비사업,대한전설(주),146976825,91.539,
R26BK01481082,2026-04-28,경상북도 경주시,"교통안전시설물 정비공사(단가계약,3회)",(주)동성산업,82266870,90.281,
R26BK01481170,2026-04-28,전북특별자치도 익산시,여산면 용기마을 외 1개소 농배수로 정비공사,(유)대신건설,22466840,89.966,
R26BK01483405,2026-04-28,충청남도 보령시,2026년 성주산자연휴양림 시설 보완공사(전기),온담이엔지,40673341,90.266,
R26BK01483567,2026-04-28,충청남도 보령시,야룡1리(12-1) 마을안길(농로) 정비공사,세종토건 주식회사,25634400,90.228,
R26BK01481135,2026-04-28,전남광주통합특별시 함평군,손불 농어촌 생활용수 개발사업(2단계) 전기 및 계측공사,세광에너텍(주),67342806,90.425,74040000
R26BK01482220,2026-04-28,제주특별자치도,2026년 인공어초(하도지선) 제작 및 설치공사,성은건설 주식회사,386728000,90.384,
R26BK01471369,2026-04-28,경기도 안산시 단원구,선부동 일대 녹지대 조경유지관리공사,수림종합개발 주식회사,72470180,90.354,81180000
R26BK01460525,2026-04-28,덕성여자대학교,2026년도 덕성하나누리관 및 라온센터 냉난방환경개선 기계설비공사,엘에스네오텍 주식회사,875000000,100.0,
R26BK01481580,2026-04-28,대전광역시 서구,2026년 가로변 도시숲 생육환경 개선사업,건호조경(주),88405200,90.232,
R26BK01482400,2026-04-28,제주특별자치도,2026년 상반기 제주시 지하수 관정 원상복구 공사,주식회사 한국관정컨설턴트,140730660,90.424,
R26BK01491007,2026-04-27,한국농어촌공사 강원지역본부 철원.화천지사,한해대비 청양2호양수장 수전설비 변경공사,사단법인 해오름장애인협회 이든사업단,29607000,89.745,
R26BK01491056,2026-04-28,경기도 안성시,2026년 안성시 공영주차장 제초작업,주식회사 삼화,23280000,97.0,
R26BK01470319,2026-04-28,한국농어촌공사 경남지역본부 고성.통영.거제지사,견유 권역단위거점개발사업 전기공사,주식회사 유진전력,244261271,90.405,
R26BK01466456,2026-04-28,경찰청 전남경찰청,여수경찰서 광무파출소 신축공사(건축·기계·토목),동원건설주식회사,604003000,90.331,
R26BK01466906,2026-04-28,인천광역시 계양구,계양구립종합누리센터 신축 공사(소방),(주)녹산시스템,851087630,90.33,
R26BK01478810,2026-04-28,부산환경공단 대기환경사업소,2026년도 슬레이트 지붕 개량공사(보조사업) 단가계약,주식회사 정천피엔티,188676000,90.296,
R26BK01481059,2026-04-28,인천광역시 부평구,2026년 부평구 침수지역 맨홀 추락방지시설 설치공사,우진산업건설주식회사,70164150,90.095,
R26BK01476538,2026-04-28,충청남도 예산군,2026 효교천 하상정비(수목제거)공사,광석건설(주),179164000,90.318,
R26BK01480610,2026-04-28,경상북도 구미시,선산 습례지구 용배수로 정비공사,주식회사 영인,57947230,90.33,
R26BK01482582,2026-04-28,경상북도 예천군,예천 초간정 원림 수목 생육환경 개선사업,나무종합병원,43200800,92.611,
R26BK01482543,2026-04-28,충청북도교육청 충청북도충주교육지원청,수안보중 옥상방수공사 수의계약 안내공고,주식회사 동방이앤씨,29184620,90.273,
R26BK01480598,2026-04-28,경상남도 창원시 진해구,가동천 정비공사,우림조경건설 주식회사,105455000,90.544,
R26BK01479207,2026-04-28,경상남도 합천군 야로면,구정3구 세천사면 유실 재해복구사업,흥한건설(주),52512395,90.275,
R26BK01477745,2026-04-28,경상남도 산청군,밤머리재 명품로드(단풍나무) 조성사업,주식회사 유종,906160800,90.194,
R26BK01480236,2026-04-28,충청북도 청주시,공공급식지원센터 진출입로 개선공사,현창산업개발 주식회사,199833700,90.651,
R26BK01479647,2026-04-28,충청북도 충주시,2026년교통섬및녹지대보식공사,지윤건설 주식회사,134906360,90.259,
R26BK01472651,2026-04-28,경상북도교육청 경산여자고등학교,경산여자고등학교 은향관 본관동 연결통로 증축공사,주식회사 화진건설,590546000,90.371,
R26BK01482647,2026-04-28,경기도 수원시 팔달구,교동 향교로 일원 도로환경 개선공사,주식회사 성전건설,121977190,91.341,
R26BK01481010,2026-04-28,경상남도 밀양시,무안천(중산지구) 정비공사,(주)미래건설,88740135,90.411,
R26BK01478356,2026-04-28,기후에너지환경부 낙동강유역환경청,낙동강(하류) 학포지구 등 3개소 자전거도로 정비공사,우성종합건설 주식회사,1104923000,89.571,
R26BK01482027,2026-04-28,서울대학교,서울대학교 기계시설물 유지보수공사(2026년 2차 연간단가),협창이앤씨(주),89617370,90.42,
R26BK01477782,2026-04-28,서울특별시,2026년 뚝도정수센터 모터펌프 및 기계설비 유지보수 (연간단가)(장기계속),주식회사 현우콘트롤테크,242060960,90.301,
R26BK01475971,2026-04-28,쌍용종합사회복지관,쌍용종합사회복지관 화장실 및 조리실 리모델링 공사 입찰 공고,신평조경건설 주식회사,45344240,90.016,
R26BK01475642,2026-04-28,거제해양관광개발공사,거제시 하청스포츠타운 진입도로(중3-23호선) 전기공사,태양전기공사,111052870,90.344,
R26BK01483516,2026-04-28,경상남도 사천시,망산공원 유지관리사업,주식회사 본조경건설,97318531,90.406,
R26BK01481432,2026-04-28,전북특별자치도 전주시,2026년 송천하수처리장 대수선사업(전기),주식회사 더이앤씨,144469900,90.085,
R26BK01481001,2026-04-28,제주특별자치도 서귀포시,제주월드컵경기장 노후 조명시설 교체공사,주식회사 다해전력,431725500,90.39,
R26BK01480156,2026-04-28,충청남도 공주시,정안면 대산리(752) 가락골천 소하천 지역현안사업,금강토건 주식회사,72978200,89.988,
R26BK01482638,2026-04-28,경기도 가평군,산지전용허가(협의) 기간만료지 대행복구공사(협의 2015-398),주식회사산사랑,31831360,90.884,35380000
R26BK01481166,2026-04-28,경상남도 창원시 의창구,감계천 제방 복구공사,이케이환경건설 주식회사,37263856,90.544,
R26BK01483046,2026-04-28,경기도 평택시 송탄출장소,우기 대비 송출 관내 지하차도 집수정 및 측구 준설공사,주식회사 나움,88785100,90.424,
R26BK01480636,2026-04-28,충청북도 청주시,가락지구 자연재해위험개선지구 정비사업(통신분야),주식회사 시아정보통신,27044401,90.308,
R26BK01455207,2026-04-28,부산광역시,"사상소방서 재건축 건립공사(건축, 토목)",映進綜合建設 株式會社,11959420200,86.082,
R26BK01478542,2026-04-28,경상남도 창원시,동읍 주항천 일원 준설공사,주식회사에스앤에이치건설,44770000,90.309,
R26BK01482766,2026-04-28,경기도 여주시,"여주향교 관리사 증축 공사(건축, 기계)",주식회사 경한건설,214898691,90.311,
R26BK01481790,2026-04-28,전남광주통합특별시 보성군,2026년 율어 고죽지구 덩굴류 제거사업,주식회사 대룡임업,25732380,89.95,
R26BK01480775,2026-04-28,산림청 서부지방산림청 함양국유림관리소,2026년 산림유역관리사업(산청단성길리) 제한경쟁 입찰 변경공고,주식회사 비손산림,1008180579,86.747,
R26BK01474878,2026-04-28,경상남도 함안군 공원관리사업소,연꽃테마파크 배롱나무 경관숲 조성,함안군산림조합,37544940,90.057,
R26BK01479160,2026-04-28,전남광주통합특별시 담양군,담빛지구 공원 정비사업 견적제출공고,주식회사 늘봄조경개발,33632500,90.712,
R26BK01478462,2026-04-28,부산환경공단 대기환경사업소,2026년도 슬레이트 지붕 개량공사(2권역) 단가계약,아성글로벌주식회사,338837590,90.178,
R26BK01480838,2026-04-28,울산광역시 북구,2026년 계류보전 및 산지사방사업(천만사 일원),울산광역시산림조합,320176000,90.35,
R26BK01471974,2026-04-28,경찰청 전남경찰청,여수경찰서 광무파출소 신축공사(소방),(유)새한소방이엔지,19736540,90.332,
R26BK01483329,2026-04-28,충청북도 증평군,증평군 신동리지구 농촌공간정비사업 석면 해체공사,합자회사 에스티에이종합건설,28275870,91.228,
R26BK01483726,2026-04-28,전남광주통합특별시 나주시,우습제 생태공원 다목적광장 조성공사,성주건설 주식회사,84845490,90.339,
R26BK01482360,2026-04-28,경상북도문화관광공사,보문관광단지 친환경 맨발걷기길 조성공사,주식회사 정다운조경,109969700,90.279,
R26BK01478199,2026-04-28,전북특별자치도 전주시 완산구,호동마을 도로 확장공사,유한회사 향림조경,102613000,90.437,
R26BK01483315,2026-04-28,경상북도 구미시,동살공원 등 4개소 공원정비사업,화신조경 주식회사,34155000,90.219,
R26BK01481301,2026-04-28,경상남도 밀양시,지정천(마흘지구) 정비공사,홍제건설주식회사,50017320,90.285,
R26BK01480828,2026-04-28,경상남도 함안군,2026년 상반기 2차 소나무재선충병 피해목 제거사업(대산지구),그린포레 주식회사,75603300,89.894,84354000
R26BK01483712,2026-04-28,경상북도 안동시,이천동 두우리골 세천정비공사,(주)연미건설,64453280,90.3,
R26BK01474492,2026-04-28,우포농업협동조합,우포농협 밭작물 공동경영체육성지원사업 저온저장고 개보수 공사 입찰공고,주식회사 태광전기,337907600,89.752,
R26BK01482889,2026-04-28,경기도 양평군,물안개공원 진입도로 개선사업(전기),유일전기(주),86376441,90.377,
R26BK01481352,2026-04-28,재단법인2028울산국제정원박람회조직위원회,울산국제정원 박람회장 공업용수 관로 연결공사,한국공영주식회사,525908565,90.409,
R26BK01474848,2026-04-28,경기도 수원시,2026년 상수도시설 내 녹지 유지관리 공사(1권역),연두조경건설 주식회사,124597000,90.423,
R26BK01483608,2026-04-28,충청남도 보령시,소송리(378) 마을안길 확포장공사,(유)네오건설,42109700,90.201,
R26BK01480645,2026-04-28,강원특별자치도 정선군,삼탄아트마인 외부공간 리뉴얼 사업,(주)세강,122791312,90.713,
R26BK01478843,2026-04-28,서울특별시 중랑구,2026년 불량맨홀 정비공사(연간단가),삼서건설(주),174947600,90.473,
R26BK01480704,2026-04-28,충청남도 아산시,신언천 수해복구공사(신봉지구),주식회사 금강,56033143,90.005,
R26BK01477710,2026-04-28,전북특별자치도교육청 전북특별자치도익산교육지원청,[긴급] 망성초  외부환경 개선공사,유한회사 수조경,241873400,90.441,
R26BK01481293,2026-04-28,부산광역시 북구,구포지하철역(낙동대로) 일원 보도정비공사,주식회사 광평산업개발,84904300,90.493,
R26BK01473822,2026-04-27,경기도 이천시 모가면,소액수의 견적제출 공고(모가 생활체육공원 환경개선 사업),주식회사 삼오공사,65320220,90.363,
R26BK01482627,2026-04-28,경상남도 창녕군,영산시장 노후전선 정비사업(추가구간),대연전력,45322842,90.272,
R26BK01480187,2026-04-28,전라북도 남원시 산내면,삼화마을 안길 배수로 정비공사 수의견적(공사) 전자입찰 공고,(주) 알앤비종합건설,28721848,90.226,
R26BK01481623,2026-04-28,충청남도 금산군,황풍1리 마을진입로 확장공사,주식회사 충남건설,52547800,90.294,
R26BK01481092,2026-04-28,강원특별자치도 춘천시,시립장애아전문 어린이집 리모델링 공사(전기),인볼트(주),49985029,90.388,
R26BK01481763,2026-04-28,부산광역시 남구,감만동 20-1번지 일원 외 3개소 하수시설 정비공사,무림종합건설 주식회사,145676800,90.255,
R26BK01482890,2026-04-28,경상북도 울진군,수곡1리 용배수로 확장공사,진보산업,166551540,90.162,
R26BK01474214,2026-04-28,경기도 용인시 기흥구,2026년 기흥구 가로수 병해충 방제공사(1구역),엔에프 주식회사,76897100,90.273,
R26BK01481100,2026-04-28,경기도 고양시 덕양구,2026년 우기대비 빗물받이 정비사업(연간단가 A구역),라경건설 주식회사,67534741,90.167,
R26BK01480695,2026-04-28,대전광역시 유성구,갑천교 침수우려 취약도로 자동차단시설 설치공사,주식회사유엔아이티,33939810,90.495,
R26BK01481052,2026-04-28,전북특별자치도 전주시 덕진구,쪽구름로 일원 도로 재포장 공사 견적제출 안내공고,(유)상록건설,161783500,90.592,
R26BK01480377,2026-04-28,경상북도 구미시,고아 횡산지구 용배수로 정비공사,(주)태영건설,140156000,90.465,153310000
R26BK01479618,2026-04-27,전남광주통합특별시 곡성군,옥과면 황산마을 회관 보수공사,마루건설산업,22340000,90.025,
R26BK01481919,2026-04-28,대구공공시설관리공단,"2026년 자동차전용도로 구조물 보수공사(2권역, 연간단가)",株式會社 瑞宇建設,366839540,91.327,
R26BK01482736,2026-04-28,경상북도 의성군,구천조성리노후배수로정비공사,태경건설 주식회사,41413750,95.875,
R26BK01476135,2026-04-28,서울특별시 동대문구,서울시립대로 가로수 생육환경 개선공사,삼목조경,120522800,90.571,
R26BK01482119,2026-04-28,제주특별자치도,2026년 인공어초(오봉지선) 제작 및 설치공사,장성종합건설(주),340172830,90.381,
R26BK01478138,2026-04-28,전북특별자치도 전주시 완산구,"2026년 완산구 시설녹지 내 수목 정비사업 2권역(유연로,천잠로)",주식회사 문화,68893580,90.238,
R26BK01489418,2026-04-27,한국농어촌공사 충북지역본부 청주지사,2026년 배수펌프장(서촌양배수장) 사전 예방정비공사,제일기계공업주식회사,27410000,88.019,
R26BK01482065,2026-04-28,제주특별자치도,2026년 인공어초(하례지선) 제작 및 설치공사,대해종합건설주식회사,375196000,90.377,
R26BK01476527,2026-04-28,충청북도 청주시 서원구,하석1리 소교량 설치 및 세천정비사업,남선산업개발(주),215161360,90.482,
R26BK01483613,2026-04-28,대구광역시 달성군,현풍 상리 641번지선 현풍천 하상정비공사,삼화건설 주식회사,197837360,90.264,
R26BK01482888,2026-04-28,전남광주통합특별시 북구,양산동 본촌산단 양일로 재해복구공사,해밀건설 주식회사,30020790,90.19,
R26BK01480637,2026-04-28,문화체육관광부 국립국악원,국립국악원 연희마당 등 환경개선공사,주식회사 리노엔에이엔티,368453700,90.419,
R26BK01487857,2026-04-24,경기도 이천시,2026년 시청사 녹지대 잔디관리사업,주식회사 금강산조경,26218800,90.0,
R26BK01483108,2026-04-28,국립공원공단 내장산국립공원사무소,2026년 내장산국립공원 구암사 화장실 철거공사,주식회사 경부건설,17926000,94.997,
R26BK01482742,2026-04-27,한국보훈복지의료공단 중앙보훈병원,2026년 중앙보훈병원 중앙관 3층 의사연구실 천장 팬코일 유닛 설치,(주)금영이엔씨,6588430,89.763,
R26BK01481279,2026-04-28,경상남도 밀양시,이연소하천 정비공사,주식회사 비엠건설,104234900,90.442,
R26BK01481709,2026-04-28,충청북도 청주시 청원구,공원녹지 병해충 방제 사업,청주산림조합,27179000,90.441,
R26BK01487144,2026-04-24,경기도 이천시,2026년 시청사 상반기 시설물 보수공사,주식회사 명서윈시스,26314524,89.999,
R26BK01489451,2026-04-27,한국농어촌공사 충북지역본부 청주지사,금천취입보 임시급수시설 설치공사,길우건설(주),19060000,88.045,
R26BK01489633,2026-04-27,경기도 용인시 수지구,(수의시담) 풍덕초등학교 감속차로 설치공사,주식회사 신안포장건설,40320000,90.0,
R26BK01483697,2026-04-28,전남광주통합특별시 나주시,나주시 문평면소재지 공영주차장 조성공사,선진 주식회사,22665370,90.008,
R26BK01481980,2026-04-28,부산광역시 기장군,2026년 관내 주요도로 풀베기 사업,양지조경,72177072,90.276,
R26BK01480625,2026-04-28,충청남도 홍성군,2026년도 홍주향교 보수정비,주식회사 고택,38854000,90.272,
R26BK01481404,2026-04-28,전남광주통합특별시 함평군,대동면 금적마을 농어촌 취약지역 생활여건 개조사업(건축),주식회사 장원건설,242220880,90.296,270200700
R26BK01481212,2026-04-28,국립한국교통대학교,국립한국교통대학교 테크노관 태양광발전설비 설치공사,주식회사 한양이엔씨,37625227,90.208,
R26BK01480219,2026-04-28,괴산증평산림조합,"2026년 어린나무가꾸기사업(괴산,감물지구)",주식회사 중림,38180000,90.381,
R26BK01481403,2026-04-28,경기도 구리시,2026년 상수도시설장 예초 공사,주식회사 충서건설,34413300,90.351,
R26BK01477150,2026-04-28,사단법인 한국석면안전협회,2026년 울산광역시 동구 슬레이트 해체·철거 공사 1권역,주식회사 선진이엔지,26484647,90.498,
R26BK01468145,2026-04-28,(재)한국기계전기전자시험연구원,KTC 삼척 수소 전주기 계량 신뢰성센터 구축공사(통신),첨단정보통신  주식회사,154466250,90.441,
R26BK01482156,2026-04-28,전남광주통합특별시 영광군,군남 도장천 재해복구사업(재난관리기금),보다건설(주),62468200,90.331,
R26BK01479686,2026-04-28,충청북도 단양군 가곡면,대대2리 배수로 정비공사,주식회사 덕림,25003110,90.377,
R26BK01483829,2026-04-28,전남광주통합특별시 고흥군,도양 신흥마을 상수도 시설공사,주식회사 한주이앤씨,129550510,90.212,
R26BK01483816,2026-04-28,전남광주통합특별시 고흥군,2026년 상반기 소나무재선충병 방제사업(과역신곡지구),(주)라온조경,57576000,90.403,
R26BK01479246,2026-04-28,한국도로교통공단 용인운전면허시험장,용인운전면허시험장 민원실 환경개선공사(건축),(주)이펙스,230997949,90.421,
R26BK01482108,2026-04-28,전남광주통합특별시 영광군,2025년 수산물 공동 저온저장시설 지원사업(전기)-민간대행,주식회사 엠에스전력,120951211,90.543,
R26BK01482186,2026-04-28,강원특별자치도 홍천군,강변파크골프장 화장실 설치공사,주식회사경성이앤씨,24778000,90.555,
R26BK01481246,2026-04-28,경상북도 상주시,냉림제2어린이공원 조성사업,구성건설 주식회사,138839000,90.744,
R26BK01481268,2026-04-28,경상북도 상주시,"상영초등학교 앞 통합폴(신호등, CCTV 등) 설치공사",성원산업개발주식회사,50112396,90.212,
R26BK01483752,2026-04-28,전남광주통합특별시 고흥군,고흥생활체육공원 진출입로 확포장 공사,주식회사 동진건설,192650000,90.246,
R26BK01483508,2026-04-28,대구광역시 달성군,구지 창리 근린공원 창의놀이터 조성사업 전기공사,동우종합건설 주식회사,30326585,90.263,
R26BK01483538,2026-04-28,대구광역시 달성군,2026년 화원자연휴양림 노후시설 정비공사,시티그린,160331990,90.091,
R26BK01480297,2026-04-28,괴산증평산림조합,2026년 어린나무가꾸기사업(청안지구),유한회사 도시미,34221900,89.938,
R26BK01483804,2026-04-28,전남광주통합특별시 고흥군,2026년 상반기 소나무재선충병 방제사업(동강지구),유한회사 금수강산조경,65542000,90.386,
R26BK01474222,2026-04-28,강원특별자치도 도로관리사업소 태백지소,지방도910호선 풍곡지구 노인보호구역 개선사업,(자)대홍건설,73832187,90.869,
R26BK01482228,2026-04-28,한국농어촌공사 강원지역본부 원주지사,방림면 기초생활거점조성사업 다목적체육관 전기공사,주식회사 성원전력,110831873,90.273,
R26BK01480252,2026-04-28,국토교통부 대전지방국토관리청 예산국토관리사무소,국도21호선 예산 산성리 등 2개소 보도설치공사,(주)동신건설,975383560,90.356,
R26BK01481687,2026-04-28,인천광역시 강화군 서도면,주문1리(144번지) 마을안길 도로 확포장공사(3구간),주식회사다은건설,65228870,89.989,
R26BK01473479,2026-04-28,경북 울진군산림조합,2026년 산불피해지 조림예정지 정리사업(봉평 2-2지구),거산주식회사,137489972,90.31,
R26BK01480680,2026-04-28,국토교통부 서울지방국토관리청 의정부국토관리사무소,국도3호선 동두천 상패동(하) 졸음쉼터 전기공사,주식회사 조양전력,87063459,90.175,
R26BK01480687,2026-04-28,국토교통부 서울지방국토관리청 의정부국토관리사무소,2026년도 의정부국토 관내 사고잦은곳 개선공사,주왕산업개발 주식회사,364968700,90.112,
R26BK01482973,2026-04-28,경기도 의정부시,생태습지공원 앞 통합교통신호등 설치공사,주식회사 마인,34949300,90.327,38752000
R26BK01474207,2026-04-28,강원특별자치도 도로관리사업소 태백지소,2026년 지방도424호선 화암교 보수보강공사,"(주)동명테크피아 (DONG MYEONG TECHPIA Co.,Ltd)",95319620,90.541,
R26BK01482959,2026-04-28,경기도 파주시,2026년 가로수 전지·전정 연간단가 공사(하반기),북부그린조경 주식회사,126006500,90.345,
R26BK01479883,2026-04-28,경기도 가평군,이천보고가 석축 정비공사,가나종합건설 주식회사,73465400,90.491,
R26BK01473497,2026-04-28,경북 울진군산림조합,2026년 산불피해지 조림예정지 정리사업(봉평 2-3지구),주식회사 푸른산림,153316710,90.338,
R26BK01477509,2026-04-28,충청남도 논산시,벌곡면 재활용 시설 설치 사업 전기공사,(주)국제전기,33922900,90.278,
R26BK01478028,2026-04-28,충청남도 아산시 미래도시관리사업소,[새로공고] 배방읍 회룡리 배수 개선 공사,유민건설(주),75801510,91.118,
R26BK01471398,2026-04-28,경기도 안산시 단원구,초지동 일대 녹지대 조경유지관리공사,주식회사 늘푸른원,105676780,90.499,115940000
R26BK01480280,2026-04-28,괴산증평산림조합,"2026년 어린나무가꾸기사업(청천,청안지구)",주식회사 중림,31778000,90.062,
R26BK01481381,2026-04-28,산림청 북부지방산림청 수원국유림관리소,2026년 다목적사방댐 조성사업(계정),만경 주식회사,1427984900,86.757,
R26BK01474192,2026-04-28,강원특별자치도 도로관리사업소 태백지소,2026년 지방도424호선 동무3교 외 1개소 보수보강공사,승원건설 주식회사,101518390,90.684,
R26BK01458089,2026-04-24,한국지역난방공사 서울중앙지사,2026년 중앙지사 중앙열원 현장제어설비 정기점검 보수공사,(주) 글로리이앤씨,26880700,89.872,
R26BK01479104,2026-04-28,대전광역시,용산동 유휴지 기후대응도시숲 조성 공사,인호조경(주),329524750,90.194,
R26BK01480770,2026-04-28,충청남도 아산시,신정호정원 명소화 수변산책로 조성사업(2구간),(주)부경건설조경,348723000,90.325,
R26BK01471415,2026-04-28,경기도 안산시 단원구,2026년 단원구 2권역(남부권) 폭염대비시설 그늘터 유지관리 및 정비공사,주식회사 주영이앤씨,55393133,90.439,61008300
R26BK01483463,2026-04-28,충청북도 영동소방서,2026년 지상식 소화전 신설 공사,주식회사 중방건설,65677700,90.1,
R26BK01482966,2026-04-28,서울특별시교육청 서울특별시강남서초교육지원청,[기금회계]서울서원초 외 1교(왕북초) 교사동 옥상방수공사(신기술특허),주식회사 신신산업건설,367296400,90.246,
R26BK01483344,2026-04-28,충청북도 청주시 흥덕구,복대동 2311번지 일원 오수관로 교체공사,(주)연건설,42414000,90.697,
R26BK01481467,2026-04-28,경상북도 상주시,청소년수련관 2층 화장실 및 안내데스크 리모델링공사,주식회사 율산건축,84176560,90.224,
R26BK01483648,2026-04-28,경상남도 진주시,나불천 국가생태문화탐방로 조성사업 가로등 설치공사,주식회사 한결전기,49382878,90.352,
R26BK01482049,2026-04-28,전남광주통합특별시 영광군,2025년 수산물 공동 저온저장시설 지원사업(건축)-민간대행,주식회사 서남종합건설,522505696,90.251,
R26BK01482794,2026-04-28,충청북도 괴산군,2026년임도구조개량공사(문광흑석~칠성사은임도),주식회사 성민,154609300,90.676,
R26BK01481310,2026-04-28,경상북도 상주시,상주 퇴강성당 보수사업,주식회사 한서,61734974,90.569,
R26BK01480861,2026-04-28,전북특별자치도 김제시,공덕면 농장마을 농수로 다리 확장공사,주식회사 오신건설,29965000,90.15,
R26BK01483824,2026-04-28,전남광주통합특별시 고흥군,풍양 파크골프장 주차장 포장공사,주식회사 대흥,42100000,90.402,
R26BK01483808,2026-04-28,전남광주통합특별시 고흥군,2026년 상반기 소나무재선충병 방제사업(과역 두원지구),주식회사산림기술개발,72620590,90.29,
R26BK01483777,2026-04-28,전남광주통합특별시 고흥군,2026 도화면 독정삼거리 회전교차로 설치사업,주식회사 녹산건설,271906000,90.301,
R26BK01471351,2026-04-28,경기도 안산시 단원구,신길동 공동주택 단지 녹지대 관리공사,(주)한국조경,115123217,90.63,128700000
R26BK01481370,2026-04-28,전남광주통합특별시 함평군,대동면 상옥리 매동경로당 신축공사(건축),주식회사하온건설,90775400,90.43,99932000
R26BK01473421,2026-04-28,경북 울진군산림조합,2026년 산불피해지 조림예정지 정리사업(봉평 2-1지구),주식회사 울진산림개발,136616180,90.513,
R26BK01481200,2026-04-28,경상북도 상주시,2026년 임도보수공사 등,월드종합산업(유),60010600,91.191,
R26BK01480697,2026-04-28,국토교통부 서울지방국토관리청 의정부국토관리사무소,2026년도 의정부국토 관내 사고잦은곳 개선 전기공사,주식회사 대림파워이엔지,235602865,89.934,
R26BK01468294,2026-04-28,(재)한국기계전기전자시험연구원,KTC 삼척 수소 전주기 계량 신뢰성센터 구축공사(소방),(주) 성지전력,22936600,90.373,
R26BK01480867,2026-04-28,전북특별자치도 김제시,진봉면 다상마을 배수로 설치공사,(유)성산,43359371,90.391,
R26BK01481620,2026-04-28,한국농어촌공사 강원지역본부 원주지사,건등지구 수리시설개보수사업(저수지준설),주식회사 제이케이건설,94724930,90.548,
R26BK01483794,2026-04-28,전남광주통합특별시 고흥군,봉래면 축정2구 하수도 정비사업,서진건설(주),513929760,90.386,
R26BK01480263,2026-04-28,괴산증평산림조합,2026년 어린나무가꾸기사업(소수지구),주식회사 중림,36200000,89.953,
R26BK01480856,2026-04-28,전북특별자치도 김제시,신풍동(황산동) 농로 포장공사,주식회사 진봉건설,22766249,90.263,
R26BK01483791,2026-04-28,전남광주통합특별시 고흥군,2026 금산 서촌마을 주차장 조성공사,주식회사 아이비건설,64663000,90.216,
R26BK01480641,2026-04-28,충청남도 홍성군,2026년도 성삼문선생 사당 보수정비,주식회사 고택,77017000,92.014,
R26BK01481857,2026-04-28,경상남도 의령군,의령 율산정 보수정비공사,남영종합건설 주식회사,35787480,91.846,
R26BK01483568,2026-04-28,대구광역시 달성군,가창 우록리(348번지선) 구거 정비공사,주식회사 회덕산업개발,185874000,90.408,
R26BK01477253,2026-04-28,충청남도 아산시 미래도시관리사업소,[세로공고] 온천천 보차도블럭 보수 공사,남산건설(주),53846500,91.37,
R26BK01476433,2026-04-28,경기도 가평군,항사 총인처리시설 재해복구사업,씨앤씨 종합건설 주식회사,1406278900,89.636,
R26BK01469951,2026-04-27,정혜재활원,2026년 정혜재활원 수도배관 교체 공사(소액수의 계약) 공고,주식회사 으뜸이엔지,54795500,90.121,
R26BK01480403,2026-04-28,충청남도 공주시,2025년 지방하천 재해복구사업(마곡천 유구지구 2공구),주식회사 바르샤,91032670,90.35,
R26BK01485168,2026-04-28,코레일유통(주),본사 사옥 옥탑 냉각탑(#1호기) 충진재 교체공사,하이엠솔루텍주식회사,19140000,98.181,19400000
R26BK01481417,2026-04-28,경상북도 상주시,이안 가장리 및 아천2리 마을안길 정비사업,(주)고려개발,48308990,90.309,
R26BK01471432,2026-04-28,경기도 안산시 단원구,2026년 단원구 1권역(북부권) 폭염대비시설 그늘터 유지관리 및 정비공사,주식회사 금강창호,53265440,90.387,58556800
R26BK01480491,2026-04-28,인천광역시 계양구,"2026년 우기철 대비 계양구 빗물받이 준설공사(1차, 작전서운권역)",주식회사 나래이앤씨,55297800,90.217,61281000
R26BK01479396,2026-04-28,서울에너지공사,동부지사 북단 대체 열수송관 설치공사(중랑천),석교플랜트 주식회사,4322789900,89.726,
R26BK01483520,2026-04-28,충청남도 아산시 수도사업소,아산시 상수도 시설 제초 사업(1회차),주식회사 로앤그린,34795290,89.942,
R26BK01480873,2026-04-28,괴산증평산림조합,"2026년 어린나무가꾸기사업(감물,장연,칠성지구)",유한회사 도시미,35463900,89.868,
R26BK01483007,2026-04-28,인천광역시 서해구,완정로(마전역~완정역) 일원 보행환경개선공사,(주)삼지토건,261136361,90.409,
R26BK01479270,2026-04-28,전남광주통합특별시 무안군,2026년 마을주변 산불확산 위험요인 제거사업,무안군산림조합,85105295,91.502,94039000
R26BK01480678,2026-04-28,경기도 여주시,2026년 국가하천(연양지구 외 1개소) 녹지관리사업,주식회사 여주시조경연합회,55860980,90.576,61158000
R26BK01457154,2026-04-29,울산광역시 울주군,청량 율리 수변공원 산책로 조성공사,배토건설주식회사,569592900,90.453,
R26BK01479193,2026-04-29,충청북도 충주시,2026년방범CCTV설치공사,우리통신,33077688,90.284,
R26BK01485066,2026-04-29,충청남도 부여군,2025년 사비왕궁터 취득건물 철거공사(쌍북리 240 외 2),진명산업개발(주),88023260,90.203,
R26BK01484730,2026-04-29,전남광주통합특별시 여수시,원상암마을 농수로 설치공사,만덕건설(주),32272530,90.148,
R26BK01486170,2026-04-29,대구광역시 북구,태전동 1106-1번지 노후보도 정비공사,주식회사 태경건설,58873800,90.302,
R26BK01484901,2026-04-29,전남광주통합특별시 목포시,옥암로 일원 도로포장공사,(유)유진건설,60600760,90.162,
R26BK01484736,2026-04-29,대구시 학산종합사회복지관,학산종합사회복지관 2층 아동야간보호교실 환경개선공사 (재공고),주식회사 더효림,39958285,90.063,44550000
R26BK01483291,2026-04-29,대전교통공사,대전역 시스템에어컨 설치 공사,피알기술 주식회사,30665900,90.001,
R26BK01484674,2026-04-29,강원특별자치도 도로관리사업소 북부지소,2026년 철원권역 위임국도 차선도색 공사,호반산업 합자회사,153661360,90.708,
R26BK01493619,2026-04-29,강원특별자치도 양구군,2026년 산지사방사업,양구군산림조합,42517590,89.744,
R26BK01483124,2026-04-29,국토교통부 대전지방국토관리청 예산국토관리사무소,국도21호선 등 3개노선 도로표지 정비공사,주식회사 성연,222918200,90.147,
R26BK01486411,2026-04-29,전남광주통합특별시 여수시,여순사건 희생자 위령비 낙석방지 정비사업,(주)동경건설,67963904,90.328,
R26BK01492061,2026-04-28,소방청,사무공간 재배치 관련 철거·인테리어 공사,주식회사 인앤아웃이앤지,52671000,97.0,
R26BK01486362,2026-04-29,전북특별자치도 순창군,적성면 시목천 정비사업,(유)융창건설,53699820,90.283,
R26BK01485043,2026-04-29,경기도 과천시,원주암 노인주간보호센터 증축공사(소방공사),"주식회사 뉴젠스(NEWGENS Co., Ltd.)",70764948,90.389,
R26BK01492088,2026-04-29,강원특별자치도 산림과학연구원 동부지원,2026년 나무은행 수목이식 공사,정선군산림조합,107532000,90.174,
R26BK01493858,2026-04-28,한국농어촌공사 경남지역본부 밀양지사,가산0-0-1배수지거외 1개소 유지관리공사,한빛건설 주식회사,18577000,89.743,
R26BK01483173,2026-04-29,경상남도 김해시,동김해IC지하차도 대피유도시설 설치공사,주식회사 금화이앤지,128474870,90.473,
R26BK01485054,2026-04-29,경기도 광명시,우리어린이공원 개선 공사(조경),주식회사 씨에스이엔지,222226700,90.227,
R26BK01486391,2026-04-29,전북특별자치도 순창군,2026년 옥출산 데크보수 등 정비사업,(유)만석건설,129672600,90.308,
R26BK01485498,2026-04-29,경상남도 통영시,2026년 천연기념물 수목관리사업,주식회사 대명나무병원,77660000,90.468,
R26BK01486451,2026-04-29,세종특별자치시,2026년 2-2생활권 가로수 유지관리 공사,주식회사 다인조경,94573460,90.724,
R26BK01484516,2026-04-29,강원특별자치도 평창군,2026년 진부 도시계획도로 차선도색공사,(합)천하건설,81093210,90.805,
R26BK01484316,2026-04-29,경기도 의왕시,부곡체육공원 시설안전 개선사업(토목),청우건설(주),55886270,90.797,
R26BK01479599,2026-04-29,경상북도 경산시,사적 임당동과 조영동 고분군 예초관리,주식회사 미산,164550920,90.506,
R26BK01485126,2026-04-29,한국철도공사 회계통합센터,청량리역 수송원사무실 내진보강 기타공사,주식회사 경동건축,1050279000,89.278,
R26BK01479897,2026-04-29,경기주택도시공사,동탄2 주차상업복합건물 정보통신공사,한빛아이티솔루션,585196404,90.454,641195000
R26BK01484538,2026-04-29,대전광역시 서구,2026년 우수유출저감시설 유지보수 공사,한중조경(주),63204340,90.242,
R26BK01483820,2026-04-29,전남광주통합특별시 광양시,중앙하수처리장 생물반응조 터보송풍기 교체공사(입찰대행),삼성환경 주식회사,41255000,90.455,
R26BK01485017,2026-04-29,전남광주통합특별시 화순군,화순온천 노후관광지 시설물 개보수사업(1단계),시원 주식회사,76126900,90.583,
R26BK01483160,2026-04-29,한국농어촌공사 충남지역본부 예산지사,예산군 스마트원예단지 기반조성사업 토목공사,주식회사 케이에스,1270265710,89.447,
R26BK01485438,2026-04-29,경기도 남양주시 상하수도관리센터,2026년 수해대비 하수관로 유지보수 단가공사(2지역),주식회사 두홍건설,67521700,90.387,
R26BK01485216,2026-04-29,강원특별자치도 강릉시,주문진 소돌마을 게스트하우스 리모델링 건축공사,영린종합건설 주식회사,242294000,90.322,
R26BK01480710,2026-04-29,서울특별시교육청 서울특별시성동광진교육지원청,서울신양초 본관 및 동관 옥상방수공사,리플래시건설 주식회사,287598110,90.248,
R26BK01478358,2026-04-28,경상남도 함양군 함양읍,2인 이상 견적제출 안내 공고[신기거면들 기계화경작로 확포장사업],율곡건설 합자회사,64255460,90.687,
R26BK01483834,2026-04-29,경상북도 울릉군,대원사 밑 마을쉼터 보수공사,(주)삼화건설,31095999,90.237,
R26BK01484822,2026-04-29,경기도 안성시,2026년 여름철 우기대비 빗물받이 준설공사 단가계약(2구역),주식회사신산이엔씨,473164,91.68,524000
R26BK01485125,2026-04-29,국토교통부 원주지방국토관리청 강릉국토관리사무소,국도6호선 평창 봉평 평촌 915(동성정비 앞) 사고잦은곳 개선공사(전기),주식회사 대영전기소방,54841428,90.261,
R26BK01483889,2026-04-29,충청남도 부여군,장암면 하황리 도로포장공사(정주환경개선),(주)삼일,28023960,90.32,
R26BK01485943,2026-04-29,전북특별자치도교육청 전북특별자치도김제교육지원청,금구초중 외부환경개선공사,(유)정풍건설,46057679,90.095,
R26BK01484670,2026-04-29,경상남도 사천시,곡내소하천 정비공사,제이에스건설 주식회사,490968000,90.432,
R26BK01475528,2026-04-29,제주특별자치도교육청 제주시교육지원청,외도초 다목적강당 외단열 교체 공사 입찰 공고,보석건설 주식회사,363666970,90.79,
R26BK01485591,2026-04-29,경상남도 통영시,성장촉진지역 사량도 부잔교 설치공사,주식회사 성호건축산업,122641195,90.121,
R26BK01484363,2026-04-29,전북특별자치도 진안군,2026년 산악트레킹 코스개발 조성사업,주식회사 태웅,365221650,90.132,
R26BK01486675,2026-04-24,한국농어촌공사 충남지역본부 예산지사,2026년 중예2배수장 예방정비 펌프 보수공사,주식회사 정수플로우텍,43450000,89.607,
R26BK01484474,2026-04-29,경기도 시흥시,2026년 시흥시 배수로 준설공사 연간단가(북부권-2차),주식회사 시운,84327830,90.949,
R26BK01478590,2026-04-29,전북특별자치도 군산시,옥서 리도 204호(남동마을) 도로확포장공사(전체분 및 1차분),주식회사 동림,500821457,90.321,
R26BK01478157,2026-04-29,가양5종합사회복지관,2026년 가양5종합사회복지관 리뉴얼 지원사업 (지층 태권도 교실 리모델링),주식회사제이에스씨앤아이,48290060,89.97,
R26BK01445215,2026-04-29,조달청 강원지방조달청,월천 자연재해위험 개선지구 정비사업,태인종합건설주식회사,16232785000,84.704,
R26BK01483521,2026-04-28,국립공주대학교산학협력단,RISE사업단 사무실 환경개선 공사(통신),(주)내포정보통신공사,75173963,90.329,
R26BK01466361,2026-04-29,울산광역시 북구,연암펌프장 수중펌프 분해정비 공사,(주)해송,88843213,90.297,
R26BK01481977,2026-04-28,전남광주통합특별시교육청 전남광주통합특별시여수교육지원청,여선중 다목적강당 및 급식실 실내건축공사,주식회사 한성산업,710783656,90.267,
R26BK01493578,2026-04-29,강원특별자치도 양구군,군량리 생태탐방로 노후시설 정비사업,양구군산림조합,175796990,89.744,
R26BK01480524,2026-04-29,경기도 평택시,팽성읍 남산리 315-39번지 일원 2구간 보도설치공사,주식회사 부성토건,221696440,90.36,
R26BK01484501,2026-04-29,경기도 시흥시,2026년 도로배수로 유지보수공사 연간단가(3차),유림건설 주식회사,90460600,90.655,
R26BK01484669,2026-04-29,충청북도 음성군,2026년 도시림 풀베기 사업,대원조경건설 주식회사,69665140,90.471,
R26BK01493961,2026-04-28,한국농어촌공사 경기지역본부 여주.이천지사,구양배수지선 외 4개소 시설물 유지보수공사,동진건설 주식회사,20200000,91.818,
R26BK01485375,2026-04-29,경기도 김포시,대곶테니스장 개보수 공사,계림통신건설 주식회사,39433021,89.991,
R26BK01492374,2026-04-29,한국농어촌공사 경남지역본부 합천지사,삼가용수간선외 4개소 유지관리공사,주식회사 토우,16000000,89.201,
R26BK01493957,2026-04-28,한국농어촌공사 경남지역본부 밀양지사,수산양배수장 외 19개소 ASS조작함 전원공급 전기공사,주식회사 대륙,15373000,89.743,
R26BK01484196,2026-04-29,전북특별자치도 도로관리사업소,2026년 위임국도 차선도색공사(3권역),유한회사 대성건설산업,166681500,89.973,
R26BK01484675,2026-04-29,경기도 구리시,2026년 상반기 녹지대 예초 및 관목 전정공사,디에스건설산업(유한),79827000,90.416,
R26BK01476829,2026-04-28,서울특별시 은평구,2026년 불량맨홀 정비공사(연간단가),주식회사 학산건설,73000000,92.445,
R26BK01492965,2026-04-29,한국농어촌공사 영산강사업단,문내3지선 용수관로외 2개소 보수공사,한국건설 주식회사,9500000,89.31,
R26BK01480834,2026-04-28,충청남도 부여군,석성면 군도19호 정비사업,(주)서한개발,66190711,90.458,
R26BK01479108,2026-04-28,전남광주통합특별시 담양군,2026년 담양 삼지천마을 옛담장 보수공사 견적제출공고,주식회사 지을,108761767,90.782,
R26BK01492767,2026-04-29,한국농어촌공사 충북지역본부 청주지사,주중외남지구 농업생산기반시설 토목공사,가야건설 주식회사,14890000,88.012,
R26BK01487040,2026-04-28,한국농어촌공사 충남지역본부 예산지사,청년맞춤 임대형 스마트팜조성사업 지하수개발 공사,삼원개발주식회사,19700000,89.586,
R26BK01478616,2026-04-29,충청남도 아산시 미래도시관리사업소,2026년 동지역(온양4~6동) 및 어린이(서부) 공원 제초사업,주식회사 금송조경,103838069,90.427,
R26BK01484506,2026-04-29,전남광주통합특별시 영암군,삼호 용당리 현대삼호2차아파트 후문 아스콘 재포장공사,주식회사 세영이노비즈,42478300,90.162,
R26BK01486228,2026-04-29,행복한일터,2026년 장애인직업재활시설 일터 환경개선 For Life 지원사업(재공고),주식회사 라움코리아,80039738,90.305,
R26BK01483355,2026-04-29,충청북도 도로관리사업소 남부지소,옥천 평계지구 급경사지 붕괴위험지역 정비사업(2차),주식회사 아이엔건설환경,116146000,91.301,126068000
R26BK01485684,2026-04-29,인천시설공단,봉오대로 및 청라지하차도 LED 조명 교체 공사,주식회사 솔엔영이엔씨,97183643,89.97,
R26BK01485046,2026-04-29,전남광주통합특별시 상수도사업본부 덕남정수사업소,혼화지 혼화기 구동설비 교체공사,주식회사 부광기업,41746000,90.084,
R26BK01484662,2026-04-29,경기도 성남시 중원구,2026년 중원구 노후하수관 정비(비굴착)공사(3구역),청일건설(주),62330880,90.647,
R26BK01479084,2026-04-28,강원특별자치도 화천군,2026년 소규모주민숙원사업(오음리 718-1번지 일원) 석축설치공사,용신건설 주식회사,51373200,90.251,
R26BK01484728,2026-04-29,전남광주통합특별시 보성군,2026년 겸백 내백소하천 유지보수 사업,티와이기획산업주식회사,40925500,90.236,
R26BK01485181,2026-04-29,경상북도 의성군 보건소,안평보건지소 개보수공사,와이에스건설 주식회사,150679000,90.889,
R26BK01457033,2026-04-29,조달청 인천지방조달청,한국폴리텍대학 화성캠퍼스 기숙사 리모델링 공사(건축),주식회사 세원산업개발,3620673540,89.36,
R26BK01479208,2026-04-29,인천광역시 경제자유구역청,해돋이공원 녹도교 설치 전기공사,주식회사 에스엠텔,234684531,90.279,
R26BK01486562,2026-04-29,강원특별자치도 인제군,2026년 큰나무 숲가꾸기(기린지구),태산임업주식회사,86408000,90.42,
R26BK01485101,2026-04-29,사회복지법인 온누리복지재단,시립용산노인종합복지관 경로식당 조리실 노후 시설 긴급 개보수 공사,주식회사 정훈이앤씨,45256600,89.943,
R26BK01484192,2026-04-29,부산교통공사,문화유산 전동차 역사전시관 냉난방기 전원 설치공사,주식회사영남전력,16251510,89.748,
R26BK01479221,2026-04-29,국토교통부 부산지방국토관리청 포항국토관리사무소,국도36호선 울진 울진 온양지구 등 12개소 배수시설 및 도로시설물 정비공사,엔엑스건설 주식회사,373636100,92.087,
R26BK01482324,2026-04-29,대전광역시 상수도사업본부 송촌정수사업소,송촌정수장 배출수지 회수펌프 및 연결관로 교체공사,주식회사뉴그린이엔지,63612876,90.102,
R26BK01482672,2026-04-29,대전광역시,대전도시철도 2호선 차량기지 접지공사,알디엠산업개발주식회사,379615000,90.335,
R26BK01479044,2026-04-29,강원특별자치도교육청 강원특별자치도강릉교육지원청,동명중 교사동 지붕보수공사 수의계약견적제출 공고 안내,주식회사 도형산업,100693130,90.471,
R26BK01486019,2026-04-29,제주특별자치도 서귀포시,안덕산방도서관 공공건축물 그린리모델링 공사(통신),우남전력(주),59408170,90.316,
R26BK01486180,2026-04-29,경기도 여주시,2026년 상습침수구역 우수관로 준설공사(버스터미널사거리 일원)(입찰대행),동해건설주식회사,40542900,89.912,
R26BK01482546,2026-04-29,춘천시장애인종합복지관,춘천시장애인종합복지관 3층 집단활동실 리모델링 소액수의 공사,주식회사제이드,41503947,90.006,
R26BK01480544,2026-04-29,고양시흰돌종합사회복지관,고양시흰돌종합사회복지관 옥상 데크 철거 및 방수공사(재공고),지오프라임이앤씨 주식회사,50446018,89.95,
R26BK01495033,2026-04-29,국립공원공단 팔공산국립공원동부사무소,2026년 팔공산국립공원 불법시설물(기도터) 철거 및 정비 공사,주식회사 신성그린,35644000,94.997,
R26BK01479620,2026-04-29,정보통신공제조합,정보통신공제조합 세종회관 신축사업 정보통신공사,첨단정보통신,1794841961,89.411,
R26BK01485850,2026-04-29,제주특별자치도 서귀포시,2026년도 서복전시관 시설물 정비사업,디자인티앤디(주),94451522,90.129,
R26BK01482930,2026-04-29,강원특별자치도 화천군,2026년 지방상수도(원천리 1146-5번지 일원) 정비사업,(합)풍기건설,78593520,90.833,
R26BK01486437,2026-04-29,충청남도 서산시,초록1리 세천 호우피해 복구사업,(주)서웅,111432100,90.167,
R26BK01486253,2026-04-29,제주특별자치도,한라수목원 사계절 포토존 조성사업 (사업소),주식회사 고담조경,169231322,90.17,
R26BK01483819,2026-04-29,충청남도 아산시 수도사업소,일성청룡아파트 인근 우수관로 확장공사,강산건설 주식회사,313597000,91.566,
R26BK01480860,2026-04-29,한국농어촌공사 경기지역본부 파주지사,운정양수장 메인 VCB반 보호계전기 교체공사,(주)비츠로일렉트릭,5172000,94.986,
R26BK01479973,2026-04-29,경기도 성남시 분당구,"가로수 및 녹지대 병해충 방제공사(판교, 운중, 궁내동)",(주)태영,298797500,90.354,
R26BK01486367,2026-04-29,세종특별자치시,2026년 1-4 및 6-4생활권 가로수 유지관리 공사,주식회사 일등건설,163490693,90.412,
R26BK01477763,2026-04-29,경상남도 거창군,2026년 위천솔숲 정비사업,(주)아림임업,24684000,89.92,
R26BK01495208,2026-04-29,서울특별시 서부공원여가센터,2026년 보라매공원 전기시설 유지관리 공사,(주)아성큐브스,38000000,100.0,
R26BK01494637,2026-04-29,한국농어촌공사 전남지역본부 장흥지사,2026년 안양장평지구 농업기반시설물 안전대책시설 설치공사,(주)내외산업,38000000,90.694,
R26BK01486293,2026-04-29,경상남도 서부도로관리사업소,국도59호선 합천봉산봉계 배수시설 보수공사,(주)동신건설,29866117,90.315,
R26BK01485805,2026-04-29,부산교통공사,호포차량기지 청소선 급수배관 교체공사,(주)명도기전,24953576,89.955,
R26BK01485343,2026-04-29,강원특별자치도 글로벌본부,2026년 속초항 신부두 야적장 확장 및 보안시설 정비공사,구구건설 주식회사,121253800,90.881,
R26BK01485757,2026-04-29,인천광역시교육청 강화여자고등학교,강화여자고등학교 기숙사 필로티 동파방지 열선교체 기계설비 공사 소액수의 견적제출 공고,주식회사 미건,43254458,89.941,48060000
R26BK01495161,2026-04-29,경상남도 합천군 농업기술센터,2026년 간선임도개설사업(묘산도옥~산제지구),합천군산림조합,536673000,88.744,
R26BK01495271,2026-04-29,한성백제박물관,아웃렛 파워스트립 교체 공사,라이트팹,19780200,90.0,
R26BK01482282,2026-04-29,경상북도 영덕군,2026년 춘기 산불피해지 복구 조림사업(지품영덕지구) 5지구 견적제출 안내공고,우리산림 주식회사,42423500,90.044,
R26BK01472850,2026-04-29,경기도교육청 경기도광명교육지원청,창의경영고 고교학점제 공간조성 증축 및 리모델링 소방공사(계속비),주식회사 빌드건설,179537300,90.286,
R26BK01484038,2026-04-29,충청남도 천안시 동남구 북면,북면 용암1리 수해복구공사,태성조경(주),30200000,90.955,
R26BK01484936,2026-04-29,세종특별자치시,2026년 1-1생활권 가로수 유지관리 공사,주식회사 화이젠,195756140,90.482,
R26BK01497072,2026-04-29,한국어촌어항공단,제주시 고내항 방파제 부대공사(전기),주식회사 원선전력,18900000,,
R26BK01495762,2026-04-29,경상남도 양산시,2026년 상반기 소나무재선충병 피해고사목 제거사업(동중부지구),주식회사아름다운,66221000,90.999,
R26BK01495806,2026-04-29,경상남도 양산시,2026년 상반기 소나무재선충병 피해고사목 제거사업(서부지구),주식회사 아마존,64382000,90.999,
R26BK01484853,2026-04-29,경기도 의왕시,관내 하수도 소구조물 유지보수 단가계약공사(2구역2차),주식회사 동우건설,90000000,90.273,
R26BK01483745,2026-04-29,광주환경공단,광주제2하수처리장 배관 교체공사 수의견적 제출안내 공고,유한회사 제이케이건설,195579000,90.895,
R26BK01484437,2026-04-29,경상북도교육청 경상북도김천교육지원청,[긴급]김천여자중학교 외 1교 다목적강당 방수 및 기타공사 입찰공고,주식회사 남성,267162998,90.108,
R26BK01479672,2026-04-29,경기도 성남시 분당구,가로수 및 녹지대 병해충 방제공사(대장지구),주식회사 다현조경건설,165399800,90.362,
R26BK01486389,2026-04-29,경상남도 진주시,내동 독산양수장 노후 용수관로 교체공사,명부 주식회사,55131832,90.85,
R26BK01484722,2026-04-29,충청북도 음성군,2026년 가로화단 풀베기 사업,에스와이건설 주식회사,63111880,90.372,
R26BK01485576,2026-04-29,전북특별자치도 군산시,2026년 6권역 가로화단 및 완충녹지 제초공사(상반기),(유)원희건설,50851740,90.317,
R26BK01485638,2026-04-29,춘천도시공사,춘천송암스포츠타운 시민공감 공간 조성공사 수의계약 견적제출 안내 공고,춘천시산림조합,59747000,89.945,
R26BK01483686,2026-04-29,경상남도 창원시 하수도사업소,제3중계펌프장 탈취기 교체공사,주식회사 삼오건설,83180780,90.399,
R26BK01486540,2026-04-29,강원특별자치도 인제군,내린천 무장애나눔길 시설물 보수공사,주식회사 포레스트,64991717,89.929,
R26BK01486312,2026-04-29,경상북도 김천시,신음동 848-7번지 일원 배수로 정비공사,주식회사 덕원건설,57823035,90.27,
R26BK01483282,2026-04-28,전북특별자치도 도로관리사업소,2026년 위임국도 13호선 임실 삼계 삼계 포장보수공사,주식회사 대한기반건설,60946601,89.989,
R26BK01483321,2026-04-28,경상북도 김천시,농소면 신촌리 일원 노후관로 개량공사,주식회사 대산산업개발,578318850,90.336,
R26BK01485617,2026-04-29,한국농어촌공사 전북지역본부 전주.완주.임실지사,(완주군비) 봉동 임거마을 배수로 정비사업 토목공사,유한회사 대하산업,125175740,90.357,
R26BK01484619,2026-04-29,경상남도 사천시,두루언양수장 개보수공사,진남건설주식회사,33882587,90.326,
R26BK01486396,2026-04-29,세종특별자치시,2026년 BRT(서측) 가로수 유지관리 공사,영민숲조경 주식회사,137986130,90.437,
R26BK01480642,2026-04-28,서울특별시,북부공원여가센터  사무공간 등 재배치 공사,(주)제효,821756000,90.29,
R26BK01495199,2026-04-29,경상남도 양산시,2026년 상반기 소나무재선충병 피해고사목 제거사업(북부지구),주식회사우양,65358000,90.999,
R26BK01486418,2026-04-29,충청북도 제천시,고추시장 경관정비사업,경성산업,80821700,89.947,
R26BK01484269,2026-04-29,경기도 부천시,2026년 공원관리1팀 권역 공원 수목병해충 방제공사,(주)푸른세상,84992952,90.695,
R26BK01486316,2026-04-29,경상북도 김천시,아포하수처리장 원심탈수기 부대설비 설치공사(기계),주식회사 혁신이엔지,82944580,90.405,
R26BK01483959,2026-04-28,산림청 북부지방산림청 춘천국유림관리소,2026년 제8차 숲가꾸기(어린나무가꾸기)사업 지명경쟁 입찰 공고,가평 국유림 영림단,48200000,90.212,53603000
R26BK01493144,2026-04-29,한국농어촌공사 전남지역본부 장흥지사,2026년 어은저수지 등 3개소 안전입간판 설치공사,주식회사 그린산업개발,14200000,94.666,
R26BK01477361,2026-04-29,충청북도 옥천군 상하수도사업소,2026년 청성면 양저리 낙후지역 먹는물 수질개선사업,주식회사 호윤산업개발,278930900,90.278,
R26BK01484097,2026-04-29,경상남도 합천군 쌍백면,수의계약 안내공고[하허마을 뒤 소교량 재해복구사업],득중건설 주식회사,50690860,90.317,
R26BK01480357,2026-04-29,서울교통공사,2026년 5~8호선 노후 분전반 개량 전기공사,병민전기(주),126422850,90.215,
R26BK01483369,2026-04-29,경상북도 청도군,청도농공단지아름다운거리조성사업전기공사,주식회사 그린씨앤씨,129389260,90.328,
R26BK01484584,2026-04-29,서울특별시교육청 서울특별시강동송파교육지원청,[긴급] 문현중 체육관 옥상방수공사,주식회사 한양에스티,115863770,90.184,
R26BK01481424,2026-04-29,경상남도 창원시 하수도사업소,진해구 동부지역 맨홀 추락방지시설 설치공사,성창건설 주식회사,89562240,90.678,
R26BK01486382,2026-04-29,세종특별자치시,2026년 BRT(동측) 가로수 유지관리 공사,주식회사 현건설환경,176163330,90.453,
R26BK01482040,2026-04-29,강원특별자치도 정선군,도사곡휴양림 보행로 설치공사,동강건설주식회사,103471290,90.296,
R26BK01479841,2026-04-29,경기도 성남시 분당구,"가로수 및 녹지대 병해충 방제공사(삼평, 백현동)",주식회사 백호이앤티,246234811,90.364,
R26BK01484539,2026-04-29,전남광주통합특별시 광양시,백합아파트 도시가스 노후배관 교체공사(민간입찰대행),주식회사 유원산업기술,34099480,89.939,
R26BK01486070,2026-04-29,인천광역시 서해구,검단구 모듈러 임시청사 내부 환경개선공사(전기),주식회사 수인전력,188079731,90.012,
R26BK01486481,2026-04-29,경기도 시흥시,2026년 소방용수시설(소화전) 보강사업,한보건설(주),72230670,90.66,
R26BK01485272,2026-04-29,경상북도 의성군,안평마전리(농도302호)확포장공사,주식회사 동인건설,193085900,90.486,
R26BK01484955,2026-04-29,전남광주통합특별시 목포시,후광대로 일원 도로포장공사,주식회사 동도,66753000,90.078,
R26BK01471222,2026-04-29,경기도 안산시 단원구,고잔동 일대 녹지대 조경유지관리공사,풍천건설산업(주),108554100,90.495,120780000
R26BK01473136,2026-04-29,용인시기흥노인복지관,용인시기흥노인복지관 옥상 방수공사,주식회사 와이비엘,53740000,90.494,59400000
R26BK01483449,2026-04-29,경상북도 청도군,청도군어린이보호구역개선사업,주식회사 남영개발,62010198,90.608,
R26BK01483870,2026-04-29,전남광주통합특별시 장흥군,2026년 나무은행 기부수목(무궁화) 이식사업,진경산수 주식회사,31900000,90.319,
R26BK01485607,2026-04-29,삼척동해태백산림조합,2026년 어린나무가꾸기사업(3권역),주식회사 미산임업,90631470,89.888,
R26BK01483028,2026-04-29,경기도 부천시,한신시장 외관정비 및 LED전광판 설치사업 건축공사,경기건설(주),122157100,90.422,
R26BK01483840,2026-04-29,전남광주통합특별시 광양시,광양읍 남도 특화경관 조성사업(작은미술관 리모델링) 전기공사,(주)삼우에코,32005950,90.204,
R26BK01471194,2026-04-29,경기도 안산시 단원구,철로변 완충녹지 등 녹지대 조경유지관리공사,청아조경(주),89527380,90.409,99550000
R26BK01472853,2026-04-29,경상북도 영천시,청통 송천리 하수관로 설치공사,다인개발 주식회사,282987722,90.607,
R26BK01477678,2026-04-29,경기도 용인시 기흥구,2026년 기흥구 녹지 공공공지 병해충 방제공사(4구역),네이처솔루션(주),63540942,90.266,
R26BK01483250,2026-04-29,울산광역시,지역정보화본부 소방시설 개선공사,주식회사 환승이엔지,85522141,90.194,
R26BK01477647,2026-04-29,경기도 용인시 기흥구,2026년 기흥구 녹지 공공공지 병해충 방제공사(3구역),엔에프 주식회사,70896100,90.287,
R26BK01483805,2026-04-29,대전광역시 유성구,2026년 맨발걷기 산책로 조성사업(주민참여예산),금풍조경 주식회사,82248136,90.145,
R26BK01485567,2026-04-29,경상남도 양산시,천태산 트레킹길 조성사업,주식회사 그린마운틴,153338440,90.554,
R26BK01484246,2026-04-29,경기도 김포시,금빛수로 보행환경 개선사업(2단계),주식회사 안다미로종합건설,749482000,90.363,
R26BK01486479,2026-04-29,충청남도 논산시,논산천(신기리) 홍수방어벽 설치공사,주식회사동산건설,171842000,90.429,
R26BK01486431,2026-04-29,세종특별자치시,"2026년 3-1, 3-2생활권 가로수 유지관리 공사",주식회사 하람산업,127447310,90.442,
R26BK01484209,2026-04-29,경상북도 안동시,안동시 서구동 일원 맨홀 추락방지시설 설치공사,에이치엠건설 주식회사,284559493,90.501,
R26BK01484404,2026-04-29,경기도 여주시,천송동 578-2 도로정비공사,(주)삼화건설,41074750,90.034,
R26BK01486497,2026-04-29,경기도 시흥시,매화동 3번지 외 1개소 일원 상수관로 확장공사,동광건설(주),172999710,91.18,
R26BK01485602,2026-04-29,청주도시공사,소각시설 2호기 비산재 컨베이어 보수 공사 소액수의 견적 제출 안내 공고,주식회사 에스텍이엔지,44425610,89.954,
R26BK01486158,2026-04-29,경상북도교육청 경상북도구미교육지원청,(가칭)구미늘품뜰 거점형 늘봄센터 신축공사 입찰 공고,일일종합건설주식회사,3874347777,89.376,
R26BK01485512,2026-04-29,충청북도 괴산군,청천선유2교보수공사,주식회사 덕호건설,22586500,90.231,
R26BK01484915,2026-04-29,경상북도 영천시,신녕 화남1리 마을진입도로 정비공사,주식회사제이에이치건설,29082364,90.246,
R26BK01486398,2026-04-29,충청북도 제천시,내토시장 고객지원센터 외벽보수공사,주식회사 더조은,73868490,90.21,
R26BK01486210,2026-04-29,강원특별자치도 강릉시,주문진 소돌마을 게스트하우스 리모델링 전기공사,주식회사 금호,68832870,90.362,
R26BK01485365,2026-04-29,전북특별자치도 군산시,2026년 4권역 가로화단 및 완충녹지 제초공사(상반기),유한회사 제이엘조경산업,36593900,90.318,
R26BK01473623,2026-04-28,경북 울진군산림조합,2026년 산불피해지 조림예정지 정리사업(소곡 2-4지구),한티임업주식회사,142708800,90.32,
R26BK01483905,2026-04-29,전북특별자치도 김제시,진봉면 갈전마을 농로포장공사,(유)명성건설,38253500,90.235,
R26BK01483677,2026-04-29,강원특별자치도교육청 강원특별자치도평창교육지원청,주진초 외 1교(계촌초) 드라이비트 개선공사,기풍건설(주),160985000,90.616,
R26BK01485739,2026-04-29,충청북도 충주시 산척면,산척 서곡마을 마을안길 정비사업,지윤건설 주식회사,35930240,90.252,
R26BK01483222,2026-04-29,대구광역시 북구,구수산공원 정비공사,평창산업(주),89115790,90.053,
R26BK01483185,2026-04-29,충청북도교육청 충북대학교사범대학부설고등학교,부설고 스프링클러 설치공사,주식회사 새늘,108109000,90.303,
R26BK01483194,2026-04-29,부산시설공단,서면지하도상가 서면몰 공조덕트 정비공사,주식회사 에스티이엔지,67375830,90.291,
R26BK01484786,2026-04-29,경상남도 의령군,만천3지구 급경사지 붕괴위험지역 정비사업,숭민종합건설주식회사,2700205000,89.255,
R26BK01485745,2026-04-29,충청남도 금산군 진산면,갈막소하천 유지관리사업(오항리 470번지),선진건설(주),60771300,90.404,
R26BK01482196,2026-04-29,전북특별자치도 남원시,2026년 산불안전공간 조성사업(2지구),주식회사 신림조경건설,119653200,89.964,
R26BK01485378,2026-04-29,전남광주통합특별시 장성군,대창동 공영주차장 조성사업,주식회사 동도종합건설,159185213,90.44,
R26BK01484373,2026-04-29,경기도교육청 경기도의정부교육지원청,경기북과학고 공동사택 증축 기계설비공사,동민이앤지(주),239014323,90.332,
R26BK01486249,2026-04-29,강원특별자치도 강릉시,주문진 소돌마을 게스트하우스 리모델링 기계공사,주식회사 장군,49299583,90.524,
R26BK01486064,2026-04-29,제주특별자치도 서귀포시,전국체육대회 (공천포전지훈련센터 다목적체육관및경기장) 시설정비 공사,(주)무림건설,87011000,90.065,
R26BK01483506,2026-04-29,경상남도 고성군,회화면 신천경로당 개보수사업,주식회사 태영건설,81703600,90.053,
R26BK01486563,2026-04-29,강원특별자치도 인제군,북면 용대리(312-2번지 일원) 농로 포장공사,합자회사학송건설,42458780,90.255,
R26BK01485894,2026-04-29,강원특별자치도 원주시,판부면 금대1리 경로당 신축공사,부일(합),198306000,90.354,
R26BK01482675,2026-04-28,충청남도 건설본부 건설사업부 북부사무소,[천안]국지도23호 오목도로 인도포장보수공사,(주)동광,106452300,90.228,
R26BK01486146,2026-04-29,충청북도 청주시 서원구,2026년도 현도면 풀깎기 및 수목제거 연간단가(2공구),지에스조경산업,12318000,90.372,
R26BK01492099,2026-04-29,충청북도 청주시 환경관리본부,청주공공하수처리시설 1소각로 여과집진기 진동모터 외 13종 수선 공사,효성모타펌프,46397000,92.998,
R26BK01471001,2026-04-29,국민연금공단남동연수지사,인천사옥 흡수식 냉온수기 교체 공사,주식회사 선일디엔씨,66500300,90.06,
R26BK01485317,2026-04-29,충청남도 천안시 공원녹지사업본부,2026년 기타공원 녹지관리공사,대영조경 주식회사,90546890,90.354,
R26BK01483859,2026-04-29,전남광주통합특별시 장흥군,부산면 성자마을 용배수로 정비공사,주식회사영길건설,33439360,90.367,
R26BK01486306,2026-04-29,경기도 용인시,용인도시계획도로 대3-18호 개설공사(전기),(주)세신엔지니어링,882736600,90.361,
R26BK01491711,2026-04-28,경기도 화성시 동탄구,2026년 녹지대 덩굴제거 공사,화성수원오산산림조합,89351000,89.8,
R26BK01494289,2026-04-29,한국농어촌공사 전남지역본부 장흥지사,2026년 관산관덕지구 농업기반시설물 안전대책시설 설치공사,주식회사 양현이엔지,40040000,97.981,
R26BK01473693,2026-04-28,경북 울진군산림조합,2026년 산불피해지 조림예정지 정리사업(사계 3-4지구),주식회사 수림,85469236,90.548,
R26BK01495314,2026-04-29,서울물재생시설공단,서남센터 2처리장 총인처리시설 유입펌프 리액터 1호 배전반 정비공사,주식회사 우강,16659900,90.0,
R26BK01460497,2026-04-29,대검찰청 대구고등검찰청 대구지방검찰청 김천지청,"대구지방검찰청 김천지청 본관, 구치감 내진보강공사",(유)윤진종합건설,373335347,90.165,
R26BK01484715,2026-04-29,전남광주통합특별시 여수시,문수동 허문마을 안길 보수공사,우림건설 유한회사,57606586,90.247,
R26BK01481507,2026-04-29,경상북도 영덕군,동해안 해맞이 명소화사업(대진캠핑장) 전기공사 견적제출 안내공고,주식회사 신성전기,137266080,90.485,
R26BK01485986,2026-04-29,강원특별자치도 강릉시 농업기술센터,왕산면 송현리 141-1 일원 농로포장 정비공사,주식회사 동부토건,67735790,90.481,
R26BK01483154,2026-04-29,국토교통부 대전지방국토관리청 예산국토관리사무소,국도45호선 등 2개노선 도로표지 정비공사,신리건설합자회사,293557900,90.135,
R26BK01473572,2026-04-28,경북 울진군산림조합,2026년 산불피해지 조림예정지 정리사업(소곡 2-2지구),금강임업주식회사,142436000,90.356,
R26BK01495820,2026-04-29,경상남도 양산시,2026년 상반기 소나무재선충병 피해고사목 제거사업(서중부지구),주식회사 웰우드,63469000,90.998,
R26BK01474252,2026-04-29,대구광역시교육청 대구광역시서부교육지원청,"대구관천초등학교 외 3교(북부초, 태현초, 팔달중) 환경개선공사",지원건설 주식회사,161993400,90.351,
R26BK01484718,2026-04-29,전남광주통합특별시 여수시,돌산읍 둔전마을 농로 개설공사,천지종합건설(주),34522110,90.299,
R26BK01485655,2026-04-29,전북특별자치도 군산시,2026년 8권역 가로화단 및 완충녹지 제초공사(상반기),유한회사 대한,41436761,90.419,45729000
R26BK01485639,2026-04-29,인천광역시 서해구,검단구 재난안전상황실 구축 공사(인테리어),아리움디자인,166289784,90.109,
R26BK01479589,2026-04-29,강원특별자치도 양구군 상하수도사업소,양구 평화빌리지 조성사업에 따른 오수관로 확장공사 입찰 공고,합자회사 영흥디앤씨,347110033,90.515,
R26BK01486247,2026-04-29,한국철도공사 회계통합센터,경북장비사업소 옥외검수고 지붕 증축공사,주식회사 이제이건설,55856790,90.22,
R26BK01484964,2026-04-29,경상북도 안동시,송현동 송현성당주변 맨홀뚜껑 보수공사,웅도건설주식회사,24356587,90.008,
R26BK01494278,2026-04-29,경기도 용인시,모현읍 능원리 96번지 일원 배수관로 설치공사,구봉건설(주),44550000,90.0,
R26BK01459399,2026-04-29,전북특별자치도 군산시,전북대학교병원 진입로(대로3-49호선 외 2개소 개설공사(전체분 및 1차분),(유)삼광종합건설,1697356990,89.18,
R26BK01478250,2026-04-28,경상남도 함양군 함양읍,2인 이상 견적 제출 안내 공고[우두골저수지 소규모 용수개발사업],주식회사 삼원건설,104272710,90.401,
R26BK01485323,2026-04-29,인천광역시 상수도사업본부,(긴급)풍납취수장 방수공사,주식회사 주안건설,219693900,90.44,243881000
R26BK01485915,2026-04-29,제주특별자치도 서귀포시,"동부지역 청소년수련시설 기능보강(건축, 설비) 공사",주식회사 씨앤피,139607320,90.229,
R26BK01486533,2026-04-29,산림청 남부지방산림청 구미국유림관리소,2026년 임도구조개량사업(용흥),유한회사 산림산업,153758800,87.746,
R26BK01480540,2026-04-29,서울특별시 송파구,신천동 33 일대 외 1개소 원형관로 보수공사,주식회사 주은건설,596270000,90.46,
R26BK01485078,2026-04-29,전남광주통합특별시 구례군 상하수도사업소,시동.사동지구 소규모수도시설 개량사업,포일건설주식회사,541581890,90.477,
R26BK01484748,2026-04-29,경기도 여주시,가남읍 소규모시설 유지보수(경지정리구간) 단가계약공사(입찰대행),주식회사 예인건설,67630900,90.2,
R26BK01459697,2026-04-29,서울특별시 도봉구,쌍문1동 공공복합청사 건립 소방공사(장기계속공사),주식회사 호재전력,1242169380,89.39,
R26BK01486130,2026-04-29,경상남도 서부도로관리사업소,지1026호선 산청 내곡지구 위험절개지 정비공사,주식회사 구일,32961500,93.148,
R26BK01480735,2026-04-29,경상남도 산청군,신안 원지2구마을 주차장 조성사업,세경건설주식회사,35044629,90.256,
R26BK01485034,2026-04-29,경상북도 안동시,운안동 평화윗길 하수관로 정비공사,한맥건설주식회사,30415550,90.417,
R26BK01486554,2026-04-29,강원특별자치도 인제군,2026년 용대지구 유수소통 지장물 정비공사,대일건설주식회사,145149474,90.268,
R26BK01486542,2026-04-29,산림청 남부지방산림청 구미국유림관리소,2026년 임도구조개량사업(신왕),주식회사 산울림,51620000,87.775,
R26BK01478922,2026-04-29,충청남도 아산시 미래도시관리사업소,2026년 배방(장재리) 공원 제초사업,(자)인영,146856600,90.417,
R26BK01479236,2026-04-29,충청남도 아산시 미래도시관리사업소,"2026년 배방(세교, 휴대리) 공원 제초사업",주식회사 라온조경,173799140,90.411,
R26BK01486240,2026-04-29,경상남도 서부도로관리사업소,국지37호선 함양 양백지구 배수로 정비공사,금강토건 주식회사,96009600,90.77,
R26BK01486246,2026-04-29,경상남도 서부도로관리사업소,국도59호선 합천봉산노곡 배수로 정비공사,주식회사 영웅건설,107097600,90.405,
R26BK01484642,2026-04-29,충청북도 음성군,생극면 응천공원 명소화 사업 전기공사,주식회사 도원전력,262730040,90.321,
R26BK01483667,2026-04-29,강원특별자치도교육청 강원특별자치도평창교육지원청,신리초 교사동 및 관사 드라이비트 개선공사,(주)길마건설,237730300,90.362,
R26BK01482103,2026-04-29,경기도 포천시,포천시 저탄소 녹색마을 자연순환농업센터 리모델링 공사,두한종합건설(주),2309849648,89.197,
R26BK01494773,2026-04-29,양평공사,국수공공하수처리시설 분리막 계외세정 공사,죽암건설 주식회사,44462000,86.0,
R26BK01478873,2026-04-29,강원특별자치도 영월군,"영월읍(방절리) 하수관로 설치공사(토목,기계)",효창건설(주),5121500000,88.584,
R26BK01485768,2026-04-29,서울교통공사,서울 지하철 스마트관제 시스템분야 무정전전원장치(UPS)설치 전기공사,주식회사 류광전력,656948600,90.324,
R26BK01486087,2026-04-29,경상남도 서부도로관리사업소,지1024호선 남해 오리지구 외 1개소 배수로 정비공사,대호건설 주식회사,26962980,91.539,
R26BK01484440,2026-04-29,경상북도 의성군,의성도서리공영주차장조성공사,(주)반석건설,22702187,90.603,
R26BK01485570,2026-04-29,부산광역시 동래구,사직동 90-1번지 일원 도로정비공사,태능건설(주),42751500,90.353,
R26BK01483886,2026-04-29,충청남도 부여군,장암면 지토리 배수로 공사(정주환경개선),에스에스건설(주),32507990,90.281,
R26BK01480063,2026-04-29,경기도 성남시 분당구,"가로수 및 녹지대 병해충 방제공사(정자, 금곡, 구미동)",백송나무병원 주식회사,209624590,90.363,
R26BK01479590,2026-04-29,정보통신공제조합,정보통신공제조합 세종회관 신축사업 전기공사,株式會社 明電社,2917262951,89.286,
R26BK01485279,2026-04-29,경기도 평택시,[긴급]통복시장 고추전골목 아케이드 건립 공사(건축),예성종합건설 주식회사,2976937327,89.195,
R26BK01482559,2026-04-29,경기도 안산시,육도항 복합다기능 부잔교 설치공사,참터종합건설 주식회사,180030700,90.186,
R26BK01486416,2026-04-29,충청남도 서산시,"2025년 호우피해 복구공사(성연, 음암지구)",청송산림법인 주식회사,113850085,90.874,
R26BK01486272,2026-04-29,울산광역시,하수슬러지처리시설(3호기) 폐열보일러 절탄기 헤드 및 배관 보수 공사,주식회사 세종테크,124032660,90.532,
R26BK01484665,2026-04-29,경기도 부천시,"굴포하수처리시설 1,2단계 유입펌프 철거공사",주식회사 일우기공,66005000,90.537,
R26BK01486049,2026-04-29,대전광역시 동구,2026년 생활밀착형숲(실내정원) 조성사업,주식회사 늘봄조경,114985030,90.156,
R26BK01483828,2026-04-29,경상북도 울릉군,안평전 위험사면 정비공사,(주)장산건설,59414320,90.481,
R26BK01486361,2026-04-29,경기도 용인시 수지구,원천리천 쉼터 조성사업,주식회사 갤럭시코리아,78782268,90.369,
R26BK01481856,2026-04-29,부산교통공사,호포차량기지 축구장 조성공사,주식회사 태우건설,539200000,90.337,
R26BK01486095,2026-04-29,경기도 용인시,상록어린이집 옥상 방수 공사,주식회사 구스테크,102731000,90.473,
R26BK01484716,2026-04-29,강원특별자치도 평창군,"2026년 평창,미탄,방림 도시계획도로 차선도색공사",라인업,79588600,90.933,
R26BK01485313,2026-04-29,강원특별자치도교육청 강일여자고등학교,"강일여고 본관동, 과학실도서관동 지붕보수공사 수의계약 견적제출 안내공고",주식회사 에스엔,71870820,90.952,
R26BK01486172,2026-04-29,울산광역시,2026년 이화일반산업단지 절토사면 정비공사,(주)세정티이피,22196000,89.96,
R26BK01484839,2026-04-29,전남광주통합특별시 보성군,2026년 지역특화 신품종 감자확대 기반조성 씨감자 생산시설 신축 전기공사,주식회사 목계전력,22940478,90.333,
R26BK01480125,2026-04-29,경상남도 산청군 단성면,소귀마을 다목적광장 설치공사,유진산업개발 주식회사,25551000,90.187,28270000
R26BK01485471,2026-04-29,전북특별자치도교육청 전북특별자치도김제교육지원청,백구초 포장 및 기타공사,유한회사 아산토건,96019000,90.255,
R26BK01483625,2026-04-29,경상북도 청도군,매전면장연리금복심윗들농로포장공사,보은건설 주식회사,52025990,90.262,
R26BK01484045,2026-04-29,전북특별자치도 전주시,2026년 오수중계펌프장 기계준설공사(단가계약),유한회사 호연건설,102672000,90.541,
R26BK01486294,2026-04-29,경상북도 김천시,부항면 하대리(아랫두대) 소규모급수시설 개량공사,주식회사 구마건설,69236700,90.233,
R26BK01481800,2026-04-28,경기도 남양주시 조안면,조안면 노유자시설 건립 공사 (통신),주식회사 성원이앤씨,68189182,90.377,
R26BK01495389,2026-04-29,한국농어촌공사 경북지역본부 고령지사,답곡2용수간선 외 2개소 개거 방수공사,주식회사 동아특수방수공사,13200000,88.105,
R26BK01478731,2026-04-29,충청남도 아산시 미래도시관리사업소,2026년 읍면권역(서부) 공원 제초사업,주식회사 케이엘,179761211,90.423,
R26BK01485741,2026-04-29,삼척동해태백산림조합,2026년 큰나무가꾸기사업(하장지구),우진임업주식회사,27650630,89.925,
R26BK01484854,2026-04-29,충청남도 부여군,2025년 사비왕궁터 취득건물 철거공사(쌍북리 235-4 외 2),주식회사 해석건설,82162700,90.289,
R26BK01484855,2026-04-29,경기도 안성시,산지전용허가(협의) 취소지 복구공사,주식회사 서정이엔지,78712400,90.503,88099000
R26BK01483065,2026-04-29,경상북도 칠곡군 수도사업소,북삼읍 하수관로 정비공사(전기 및 계측제어),주식회사 에스제이전기,109575384,90.696,
R26BK01486460,2026-04-29,세종특별자치시,2026년 읍면 가로수 가지치기 공사,주식회사 아름다운숲,159979820,90.449,
R26BK01482661,2026-04-29,경기도,"경기도기록원 설립사업(제1별관 등) 증축 및 리모델링 공사(건축, 기계)",(주)함세건설,8976979000,88.737,
R26BK01481957,2026-04-29,지방자치단체조합 충남혁신도시관리본부,「내포신도시 청사로 차선도색 정비공사」 소액 수의견적 제출 안내공고,오비에스건설 주식회사,86981800,90.061,
R26BK01496145,2026-04-29,서울특별시 북부공원여가센터,북서울꿈의숲 월영지 수변 보행로 정비공사,주식회사 솔담조경,46797000,95.0,
R26BK01484369,2026-04-29,경상남도 창원시,여성회관진해관 방수 도색 공사,우민건설 주식회사,29625220,90.322,
R26BK01481357,2026-04-29,경기도 성남시 중원구,2026년 중원구 노후하수관 정비(비굴착)공사(1구역),주식회사 더조은환경,63389000,90.201,
R26BK01485300,2026-04-29,충청북도 옥천군,온누리 가족공원 제초관리사업,함박건설주식회사,80565000,90.42,
R26BK01477630,2026-04-29,경기도 용인시 기흥구,2026년 기흥구 녹지 공공공지 병해충 방제공사(2구역),진솔조경(주),68998000,92.132,
R26BK01484922,2026-04-29,충청북도 단양군,덕천리 마을안길 정비공사,합자회사 골드건설,68191400,90.152,
R26BK01484617,2026-04-29,강원특별자치도 도로관리사업소 북부지소,2026년 화천·춘천권역 위임국도 차선도색 공사,태원 주식회사,199488610,90.631,
R26BK01485715,2026-04-29,경기도 이천시,"중리천, 율현천, 오천천(지방하천), 복하천(국가하천) 예초공사",주식회사 금강산조경,84163410,90.36,
R26BK01480026,2026-04-29,한국철도공사 회계통합센터,수도권서부본부 관내 자동살수장치 설치에 따른 전원선 신설공사,홍신전기건설,210080172,90.272,
R26BK01485248,2026-04-29,인천광역시 상수도사업본부,2026년 강화군 가압장 신설공사(토목),(유)엠씨코리아건설,40411640,89.927,45177000
R26BK01484424,2026-04-29,충청남도 부여군,나복지구 개선(수해)복구사업,주식회사 신기건설,222788520,90.387,
R26BK01477689,2026-04-28,경상남도 산청군,2025년 산불피해지 산사태 복구사업(시천중태1지구),주식회사청류,64521420,90.851,
R26BK01484664,2026-04-29,창녕군산림조합,2026년 어린나무가꾸기 사업,주식회사 오만산개발,68100000,90.005,
R26BK01478589,2026-04-29,전북특별자치도 남원시,2026년 산불안전공간 조성사업(3지구),주식회사 숲엔숲,46414475,90.034,
R26BK01484597,2026-04-29,전북특별자치도 전주시 완산구,중앙동 주민센터 주차장 확장 조성공사,부일산업개발(주),31868386,90.262,
R26BK01484683,2026-04-29,부산광역시 연제구,2026년 연산동 일원 하수시설(빗물받이) 준설공사(단가계약),(주)목림건설,89249640,90.2,
R26BK01481216,2026-04-29,서울특별시 강동구,강동유소년스포츠센터 옥상 풋살장 개·보수 공사,(주)세길건설,101294800,90.038,
R26BK01484905,2026-04-29,충청북도 청주시 흥덕구,강내면 사곡리 507번지 농로포장공사,오미건설 주식회사,28991330,90.355,
R26BK01482191,2026-04-29,경상북도 영덕군,2026년 춘기 산불피해지 복구 조림사업(지품영덕지구) 4지구 견적제출 안내공고,성산개발 주식회사,54266900,89.932,
R26BK01485694,2026-04-29,전북특별자치도 군산시,2026년 9권역 가로화단 및 완충녹지 제초공사(상반기),(주)에덴조경건설,52244420,90.467,
R26BK01474239,2026-04-29,대구광역시교육청 대구광역시서부교육지원청,대구삼영초등학교 환경개선공사,주식회사 신도토건,262813299,90.35,
R26BK01485414,2026-04-29,전북특별자치도 남원시,천사마을 배수관로 매설공사 전자입찰 공고,(유)이에스건설,49183889,90.27,
R26BK01474993,2026-04-28,한국농어촌공사 경남지역본부,퇴천 등 5지구 재해예방계측시스템 통신설비공사,네오콤 주식회사,280973870,90.273,
R26BK01486232,2026-04-29,경상북도 김천시,감호지구 해피러닝 어울림플랫폼 건립대지 상하수 관로 이설공사,주식회사한성조경건설,27396270,89.962,
R26BK01477686,2026-04-29,경상남도 거창군,거창 청년공간 이룸터 조성사업,주식회사 시온,67762820,90.213,
R26BK01486301,2026-04-29,경상북도 김천시,부항면 하대리(지시) 소규모급수시설 암반관정 개발공사,대한건설 주식회사,26114346,90.866,
R26BK01478692,2026-04-29,한국농어촌공사 충남지역본부 청양지사,청양읍 농촌중심지활성화사업 건강먹거리 돌봄 플랫폼 소방공사,씨아이에스이엔지 주식회사,339538799,90.244,
R26BK01483769,2026-04-29,경기도 이천시 환경수자원국 수도과,수의 견적제출 공고(수남리 마을상수도 전환사업),(주)이진건설,190811000,90.399,
R26BK01479658,2026-04-29,정보통신공제조합,정보통신공제조합 세종회관 신축사업 소방공사,가람소방방재 주식회사,2477118600,89.373,
R26BK01474244,2026-04-29,대구광역시교육청 대구광역시서부교육지원청,중리중학교 환경개선공사,토원건설(주),211342919,90.404,
R26BK01485672,2026-04-29,경상북도 안동시,"소공원 및 가로화단 예초 및 제초작업(용상, 수상지구)",주식회사 개척산림,33476400,90.288,
R26BK01481303,2026-04-29,경상남도 창원시 하수도사업소,회원1동 일원 오접정비공사,계명건설 주식회사,67906432,90.709,
R26BK01474347,2026-04-29,대전광역시,소호배수지 신설공사(토목‧기계),용창종합건설(주),1886456700,89.328,
R26BK01485435,2026-04-29,전남광주통합특별시 구례군 상하수도사업소,탑동마을 가압장 설치공사,광남건설(주),28225000,90.448,
R26BK01486388,2026-04-29,전북특별자치도 군산시 기후환경국,2026년도 군산시 공공하수관로 준설공사(2권역),주식회사 송민건설,260437954,90.641,
R26BK01483773,2026-04-29,경상북도 울릉군,현포2리 위험사면 정비공사,주식회사 보현,38470000,90.23,
R26BK01484076,2026-04-29,서울특별시 미래한강본부,2026년 한강생태공원 시설물 정비공사,에코그린주식회사,87907993,90.36,
R26BK01485686,2026-04-29,경기도,2026년 수리산도립공원 유지관리 공사,동진건설 주식회사,78886210,90.336,
R26BK01481374,2026-04-29,대전광역시 상수도사업본부 송촌정수사업소,송촌·회덕정수장 안전점검 용역결과 보수공사,주식회사 에코건설,67805000,90.304,
R26BK01483832,2026-04-29,전남광주통합특별시 광양시,광양읍 남도 특화경관 조성사업(작은미술관 리모델링) 건축공사,주식회사창은건설,90344620,90.277,
R26BK01484111,2026-04-29,경기도 김포시,양곡제3어린이공원 등 수경시설 정비사업,주식회사 에이치케이건설,70396727,90.255,
R26BK01483833,2026-04-29,경상북도 울릉군,서달 위험도로 선형개량공사,가나안건설(주),78635000,93.208,
R26BK01484845,2026-04-29,문화체육관광부 국립중앙박물관,국립중앙박물관 옥외 편의시설 조성 전기공사,주식회사 명성인더스트리,99966840,90.422,
R26BK01486320,2026-04-29,경기도 용인시,2026년 미세먼지 저감 버스정류소 설치공사,새길건설,27088000,92.649,
R26BK01483797,2026-04-29,서울특별시 관악구,장군봉공원 화장실 설치공사(주민참여예산),동우건영(주),96086840,90.503,
R26BK01484651,2026-04-29,충청북도 청주시 흥덕구,신전동 175번지 일원 배수로 복개공사,대동건설(주),51334000,90.755,
R26BK01476639,2026-04-29,경상남도 의령군 시설관리사업소,구름다리 산책로 데크 정비공사 입찰공고,새롬종합건설 주식회사,180456890,90.463,
R26BK01485423,2026-04-29,전남광주통합특별시 여수시,"여수 석보 주변정비공사(화장실 신축 등)(건축, 기계)",주식회사 한맥산업개발,272086000,90.421,
R26BK01485256,2026-04-29,충청북도 보은군,구암리 농로 확포장사업,그린건설 합자회사,69849200,90.588,
R26BK01483903,2026-04-29,충청북도 제천시,2026년 한전 배전선로 저촉 가로수 가지치기사업,서진건설 주식회사,63512036,90.246,
R26BK01485492,2026-04-29,경기도 이천시,2026년 자전거도로(하천변) 예초,(주)한진,144653990,90.45,
R26BK01484908,2026-04-29,부산광역시 상수도사업본부 명장정수사업소,명장정수장 제2여과지 퇴수수문 교체공사,주식회사 호암이엘,52349959,90.294,
R26BK01485380,2026-04-29,경기도 남양주시 상하수도관리센터,2026년 수해대비 하수관로 유지보수 단가공사(1지역),(주)우백건설상하수도,66687280,90.158,
R26BK01484022,2026-04-29,경상북도 칠곡군,금산체육공원 풋살장 조명시설 설치공사,映進綜合建設 株式會社,91853800,90.258,
R26BK01486476,2026-04-29,충청남도 논산시,2026년 제2지역(강경읍 외 5개 읍면동지역) 가로수 해충방제 나무주사 사업,주식회사 호림나무병원,79139000,90.359,
R26BK01486486,2026-04-29,충청남도 논산시,2026년 내동공원 맨발걷기길 조성사업,(주)청림조경,116939200,90.295,
R26BK01484407,2026-04-29,경기도 시흥시,2026년 시흥시 배수로 준설공사 연간단가(남부권-2차),주식회사 무진건설,83984420,90.173,
R26BK01481765,2026-04-29,경상남도 산청군 신안면,군도24호선(신안면 둔철3지구)수해복구공사,주식회사 동강개발,32731700,90.233,
R26BK01481719,2026-04-29,경기도 양평군 수도사업소,양동면 계정1리(샛담) 소규모수도시설개량사업 설치공사,(주)이영설비,137056549,90.37,
R26BK01484579,2026-04-29,전남광주통합특별시 광양시,사랑아파트 도시가스 노후배관 교체공사(민간입찰대행),(주)수덕건설,35544600,90.196,
R26BK01484462,2026-04-29,서귀포시장애인종합복지관,서귀포시장애인종합복지관 옥상 방수공사,금성건설주식회사,41810000,89.958,
R26BK01483920,2026-04-29,전북특별자치도 김제시,진봉면 정당마을 농로포장공사,(유)명성건설,48357000,90.235,
R26BK01485788,2026-04-29,부산광역시 상수도사업본부 덕산정수사업소,덕산정수장 수처리제 전용보관시설 설치공사,진산포장건설주식회사,153688580,90.279,
R26BK01481109,2026-04-29,전라북도 남원시 산내면,와운마을(부운리 338) 배수로 정비공사 수의견적(공사) 전자입찰 공고,주식회사 도하산업,29599400,90.11,
R26BK01481475,2026-04-29,충청남도 공주시,2026년 산지사방사업(정안 산성),라경임업 주식회사,54539000,93.135,
R26BK01480099,2026-04-29,한국항공우주연구원,위성활용협력동 1층 환경개선공사(건축),주식회사 에코건설,198704000,90.252,
R26BK01476298,2026-04-29,서울특별시 북부공원여가센터,2026년 북서울꿈의숲 등산로 정비사업,서울시산림조합,280886700,90.435,
R26BK01484813,2026-04-29,경상북도 영천시,고경 오류리 생활환경 정비공사,양동건설(주),35550938,90.29,
R26BK01486545,2026-04-29,강원특별자치도 인제군,기린면 방동리(186번지 일원) 대학동천 유지보수공사,주식회사 태성건설,28111728,90.268,
R26BK01484230,2026-04-29,전남광주통합특별시 신안군,탄동지구 위험도로 구조개선사업,주식회사 창신건설,132951510,90.239,
R26BK01480733,2026-04-29,전남광주통합특별시 완도군,생일 서성 마을안길 개선공사,진흥건설(주),126717000,90.12,
R26BK01483513,2026-04-29,경상북도 문경시,(입찰대행)문경시가족센터 뻔뻔(FunFun) 한가족 운영 조리실 조성공사,주식회사 다윤건설,102856330,90.517,
R26BK01481888,2026-04-29,충청남도 공주시,탄천면 견동리(287-2) 배수로 정비공사,주식회사 성재건설,38146000,90.014,
R26BK01484186,2026-04-29,전북특별자치도 진안군,(입찰대행)상가막지구 마을체험시설 건축,유한회사 이안건설,81639910,91.475,
R26BK01486304,2026-04-29,국립광주과학관,국립광주과학관 주차장 구획개선 공사(토목) 소액수의 견적제출 공고,주식회사 에이치건설,152828100,90.457,
R26BK01479198,2026-04-28,경기도 평택시 안중출장소,현화소하천 준설공사,주식회사 성지산업,77592952,90.219,
R26BK01485141,2026-04-29,충청남도 부여군,2026년 보호수 정비사업(1차),주식회사 아이산업,29514600,90.517,
R26BK01484770,2026-04-29,행정안전부 정부청사관리본부,정부세종청사 5동 체력단련실 시설개선 공사(건축),삼화토건 주식회사,231887880,90.296,
R26BK01485076,2026-04-29,충청북도,충청북도 청소년 종합진흥원 및 복합문화센터 리모델링 공사(건축),엔알종합건설(주),1321679000,89.33,
R26BK01486356,2026-04-29,세종특별자치시,2026년 1-3생활권 가로수 유지관리 공사,서대건설 주식회사,56331850,90.356,
R26BK01477280,2026-04-29,한국공항공사 김해공항,김해공항 건축물 옥상 방수공사,(주)삼정엔지니어링,343112332,90.243,
R26BK01484486,2026-04-29,전남광주통합특별시 영암군,신북면 용산리 배수로 정비공사,유한회사 영암석재,35032380,90.262,
R26BK01486472,2026-04-29,충청남도 논산시,2026년 제1지역(동지역) 가로수 해충방제 나무주사 사업,주식회사 한진나무병원,78705000,90.28,
R26BK01484890,2026-04-29,전라북도 남원시 주천면,상주 실학골 배수로 정비공사,주식회사 정명,26186350,90.241,28721000
R26BK01484820,2026-04-29,경기도 안산시,시민주도형 마을정원 조성사업,주식회사뉴피닉스,73621569,90.66,
R26BK01485977,2026-04-29,제주특별자치도 서귀포시,"서부지역 청소년문화의집 기능보강(건축, 설비) 공사",하임디자인주식회사,96481750,90.301,
R26BK01482880,2026-04-29,경찰청 전북특별자치도경찰청 고창경찰서,고창경찰서 부안 및 무장파출소 장애인편의시설 보수공사,주)대광건설,39270700,89.757,
R26BK01486332,2026-04-29,경기도 용인시 수지구,2026년 광교산 등산로 쉼터 개선사업,주식회사 포레콘,139281030,90.036,
R26BK01486322,2026-04-29,경상북도 김천시,부곡택지1호공원 정비공사,남곡건설(주),125046000,90.349,
R26BK01486550,2026-04-29,강원특별자치도 인제군,북면 월학리(338-1번지 일원) 인북천 유수지장물 정비공사,합자회사 준경산업(合資會社 峻炅産業),132187471,90.253,
R26BK01480221,2026-04-28,경상북도 김천시,대덕 조룡2리 진입도로 확장공사,광영건설 주식회사,235655130,90.326,
R26BK01486328,2026-04-29,경상북도 김천시,어모면 군자2리 농로개설공사,주식회사 성운산업개발,123485810,90.374,
R26BK01486557,2026-04-29,강원특별자치도 인제군,2026년 봄철 조림사업(경제수),태산임업주식회사,159000000,97.12,
R26BK01484691,2026-04-29,강원특별자치도 도로관리사업소 북부지소,2026년 철원권역 지방도 차선도색 공사,광림건설 주식회사,188595747,90.649,
R26BK01484801,2026-04-29,경기도 안성시,2026년 여름철 우기대비 빗물받이 준설공사 단가계약(1구역),주식회사 안성맞춤준설,474741,90.521,524000
R26BK01483162,2026-04-29,법무부 대전지방교정청 대전교도소,심리치료팀 이전 건축 공사,(주)다은종합개발,272756300,90.29,
R26BK01485895,2026-04-29,경기도 이천시,청미천(국가하천) 예초공사,(주)대림목재,171254600,90.525,
R26BK01473557,2026-04-29,조달청 대전지방조달청,재정경제부 청사재배치 사무환경 조성공사(건축기계),(주) 코리아에이아이종합건설,527481000,90.419,
R26BK01479215,2026-04-29,국립공원공단 무등산국립공원사무소,2026년 무등산 훼손탐방로 정비공사,주식회사 일흥,186376680,90.306,
R26BK01486450,2026-04-29,경상남도 진주시,농산물도매시장 소방수신기 통합 교체공사,주식회사 한별,40736560,90.233,
R26BK01484780,2026-04-29,충청북도 음성군,용천초등학교 어린이보호구역 개선사업,(주)튼튼산업,127469147,90.232,
R26BK01485548,2026-04-29,충청북도 괴산군,문광양곡1농로정비공사,동국건설(주),44902400,90.221,
R26BK01484573,2026-04-29,강원특별자치도 도로관리사업소 북부지소,2026년 양구·인제권역 위임국도 차선도색 공사,다은건설 주식회사,70057390,90.837,
R26BK01481882,2026-04-29,경기도 용인시,2026년 시민 밀착형 생활권 해충 신속방제사업,주식회사 다원산림,44925720,90.328,50000000
R26BK01484684,2026-04-29,강원특별자치도 평창군,2026년 횡계 도시계획도로 차선도색공사,하나건설,81957007,90.765,
R26BK01480328,2026-04-29,서울특별시 노원구,초안산 무장애숲길 화장실 설치사업,한수조경건설,99997500,90.231,
R26BK01481218,2026-04-29,충청남도 공주시,2026년 사방댐 준설사업(3차),라경임업 주식회사,65546000,94.433,
R26BK01484257,2026-04-29,울산광역시 북구,2026년 생활권 등산로 정비사업,주식회사 포그린,141318200,90.503,
R26BK01485029,2026-04-29,부산교통공사,호포차량기지 축구장 조명설치 전기공사,명성전기,126803930,90.314,
R26BK01485177,2026-04-29,전북특별자치도 군산시,2026년 1권역 가로화단 및 완충녹지 제초공사(상반기),유한회사 에이치제이,36167660,90.317,
R26BK01494265,2026-04-28,한국농어촌공사 경기지역본부 화성.수원지사,재해대비 석포1호지선 용수관로 누수 긴급보수공사,뽀빠이건설주식회사,12600000,91.783,
R26BK01495344,2026-04-29,한국농어촌공사 경북지역본부 경산청도지사,성곡저수지 이설도로 주변 잡목제거 작업,청도군산림조합,18000000,90.863,
R26BK01484594,2026-04-29,인천광역시 연수구,2026년 상반기 침수방지시설 설치공사(1차),주식회사 정호이앤씨,49610790,89.996,
R26BK01482837,2026-04-29,인천광역시 서해구,분뇨처리시설 주변지역 도로정비공사,경인건설산업(주),162005400,90.34,
R26BK01486031,2026-04-29,경기도 안성시,배티고개 산림복원지(산림생태복원터널) 보수 공사,예조건설(주),112018203,91.273,123539000
R26BK01479062,2026-04-29,충청남도 아산시 미래도시관리사업소,2026년 배방읍 공원 제초사업,주식회사 케이제이건설,175841466,90.462,
R26BK01484896,2026-04-29,경상북도 경주시 맑은물사업본부,맨홀추락방지시설 설치(충효지구) 공사,주식회사 협신개발,101706097,91.718,
R26BK01485658,2026-04-29,서울특별시 마포구,백범로 노후보도 정비공사,파인개발 주식회사,373092154,90.672,
R26BK01485342,2026-04-29,산림청 서부지방산림청 영암국유림관리소,2026년 숲가꾸기(덩굴제거)사업(기번1),유한회사 빛가람영림단,47800000,90.76,52636000
R26BK01484203,2026-04-29,전남광주통합특별시 신안군,신안 비금도 내촌마을 옛 담장 보수정비,태청건설 주식회사,66819900,90.317,
R26BK01484254,2026-04-29,전남광주통합특별시 신안군,신안군 반다비 국민체육센터 보수공사,주식회사 지엠종합건설,167675000,90.151,
R26BK01476871,2026-04-29,경기도 안산시 상록구,상록구 지하차도 배수시설 집수정 준설공사,건향개발 주식회사,36515163,92.496,
R26BK01482515,2026-04-29,경기도 김포시,2026년 노후 교통신호제어기 교체 공사,주식회사 세원일렉트릭,56111924,89.993,
R26BK01480324,2026-04-29,강원특별자치도교육청 강원특별자치도원주교육지원청,원주여중 테니스장 락커룸 증축공사 입찰공고,주식회사 효번건설,474980710,90.45,
R26BK01486429,2026-04-29,전북특별자치도 군산시 기후환경국,2026년도 군산시 공공하수관로 준설공사(5권역),주식회사 승문건설,226445000,90.225,
R26BK01486515,2026-04-29,경기도 평택시,지방하천 스마트 홍수관리시스템 구축사업(정보통신공사),청원정보통신(주),124777500,90.524,
R26BK01496599,2026-04-29,한국농어촌공사 경남지역본부 김해.양산.부산지사,마찰1용수간선 외 3개소 유지관리공사,(주)정후토건,19300000,90.347,
R26BK01485991,2026-04-29,전남광주통합특별시 여수시,진모지구 거점 요트투어 운영 기반 구축(국동),(유)현대건업,60797721,90.14,
R26BK01478829,2026-04-29,경기도 이천시,노탑4리 오수관로 설치공사,(주)진원건설,709932100,90.303,
R26BK01485039,2026-04-29,서울특별시 성북구,2026년 스마트보안등 설치공사,주식회사 성창건설,69785445,90.404,
R26BK01482380,2026-04-29,사단법인 한국석면안전관리협회,2026년 하동군 슬레이트 해체 철거 공사(3권역),유한회사 베테랑건설,110107600,91.231,
R26BK01485710,2026-04-29,충청남도 부여군,2026년 규암면(충절로) 도시계획도로 인도정비공사,주식회사 이산,133716200,90.49,
R26BK01486276,2026-04-29,천안시누리별장애인종합복지관,천안시누리별장애인종합복지관 조리실 환경 개선공사,(주)도원씨엔씨,23515300,89.979,
R26BK01478253,2026-04-29,대구광역시교육청 대구광역시남부교육지원청,대구신흥초등학교 외 1교(진천초) 외부환경개선공사,금강건설(주),209331400,90.495,
R26BK01485939,2026-04-29,충청북도 청주시 서원구,남이 팔봉2리 구거정비공사(2026),진평건설 주식회사,71703760,90.392,
R26BK01485735,2026-04-29,강원특별자치도 평창군,자원순환센터 외부시설 정비공사,이산건설(주),51164000,89.962,
R26BK01485489,2026-04-29,전북특별자치도 군산시,2026년 5권역 가로화단 및 완충녹지 제초공사(상반기),유한회사 티에스산업개발,53368460,90.528,
R26BK01470822,2026-04-29,경기도 안산시 단원구,대부남동 473-8번지 일원 농로 정비공사,태백토건(주),92085550,90.719,100523000
R26BK01479958,2026-04-29,전북특별자치도 남원시,금암공원 환경정비사업,유한회사 강림건설,27246390,90.425,
R26BK01484455,2026-04-29,강원특별자치도 평창군,"2026년 대화,봉평,용평 도시계획도로 차선도색공사",진부건설(주),86199000,91.033,
R26BK01478444,2026-04-29,강원특별자치도교육청 강원특별자치도춘천교육지원청,우석초 내진보강공사,주식회사 새온건설,643706000,90.419,
R26BK01482310,2026-04-29,사단법인 한국석면안전관리협회,2026년 하동군 슬레이트 해체 철거 공사(1권역),주식회사 도울건업,108497000,90.173,
R26BK01479242,2026-04-29,충청북도 충주시,2026년노후방범CCTV설치공사,주식회사 에스제이네트웍스,41303442,90.361,
R26BK01451318,2026-04-29,서울특별시 도봉구,도봉구 노후불량 하수관로 정비사업 (3구역),(주)오에이티엠엔씨,1128633990,90.079,
R26BK01486280,2026-04-29,경상북도 김천시,부곡택지1호공원 정비공사(전기),주식회사 성현전기,28591752,90.306,
R26BK01482015,2026-04-29,경상북도 영덕군,2026년 춘기 산불피해지 복구 조림사업(지품영덕지구) 2지구 견적제출 안내공고,주식회사 아포레,49668000,89.947,
R26BK01483571,2026-04-29,경기도 의왕시,2026년 백운호수교각 공영주차장 외1개소 안전시설물 설치공사,주식회사 씨타대헌건설,254591000,91.396,
R26BK01486175,2026-04-29,경기도 평택시,2026년 저류지(남부권역) 환경정비 공사,꽃과 정원사(Flower&Gardener),106373731,90.449,
R26BK01473494,2026-04-29,대구광역시교육청 대구광역시동부교육지원청,대구동부초등학교 옹벽보수공사,(주)토극개발산업,132895290,90.251,
R26BK01486206,2026-04-29,남양주도시공사,2026년 화도체육문화센터·수동멀티스포츠센터·창현체육공원 조경유지관리공사,주식회사 시현산업,38016805,90.356,
R26BK01486263,2026-04-29,경상북도 김천시,문당동 배천4길 농로확포장공사,대갑토건주식회사,33023110,90.244,
R26BK01472749,2026-04-29,경상북도 영천시,금호하수처리장 및 교대펌프장 노후 수전설비 교체(전기),(주)신일,241216653,90.31,
R26BK01482079,2026-04-29,서울특별시 강동구,보람어린이공원 재정비사업,육림종합조경(주),152320500,90.162,
R26BK01486062,2026-04-29,전남광주통합특별시 순천시,2026년 남파랑길 풀베기 공사,주식회사에그린,32129247,90.326,
R26BK01480031,2026-04-29,재단법인 대구경북디자인진흥원,디자인 AI 인프라 건축공사(전기) 입찰공고,주식회사 선광이엔씨,884901255,90.536,
R26BK01416612,2026-04-29,조달청 경남지방조달청,예림지구 배수개선사업 토목·건축·기계공사,주식회사 혁신토건,6645911680,88.916,
R26BK01452789,2026-04-29,조달청 인천지방조달청,화옹지구 국가관리 방조제 개보수사업 토목 ·기계 ·건축공사,보성건설엔지니어링 주식회사,4789955500,89.516,
R26BK01485458,2026-04-29,경상북도 안동시,임청각 공유관 휴게음식점 용도변경 및 시설공사,주식회사 에스엠이앤씨,29652947,90.14,
R26BK01481940,2026-04-29,경상북도 영덕군,2026년 춘기 산불피해지 복구 조림사업(지품영덕지구) 1지구 견적제출 안내공고,주식회사 블루나래,49878000,90.01,
R26BK01454051,2026-04-29,조달청 경남지방조달청,국립부곡병원 본관 외벽 판넬공사(전면부) 계약,주식회사 신진에이앤디,440468253,90.207,
R26BK01485084,2026-04-29,경기도 수원시 팔달구,2026년 팔달구 하천 조경관리 공사(단가계약),주식회사 태영건설,8112559,90.257,
R26BK01483876,2026-04-29,경기도 이천시 환경수자원국 수도과,수의 견적제출 공고(장천리 689번지 일원 상수관로 설치공사),보광건설주식회사,54550200,90.079,
R26BK01480639,2026-04-29,전북특별자치도교육청 전북특별자치도김제교육지원청,용지초 외부환경개선공사,(유)산들조경건설,225763000,90.212,
R26BK01479959,2026-04-29,경기도교육청 경기도구리남양주교육지원청,다산새봄초 교사동 옥상방수공사,주식회사 라움이엔지,484253000,90.356,
R26BK01481457,2026-04-29,경상남도 창원시 하수도사업소,진해구 시가지 맨홀 추락방지시설 설치공사,주식회사 보민건설,88116910,90.775,
R26BK01484634,2026-04-29,경기도 성남시 중원구,2026년 중원구 노후하수관 정비(비굴착)공사(2구역),준영건설 주식회사,62652120,90.329,
R26BK01485557,2026-04-29,경상북도 안동시,와룡터널 공간재창출 주변 경관개선공사,주식회사 나눔,97723421,90.213,
R26BK01479894,2026-04-29,경기도 남양주시,퇴계원 운동장 조성사업(전기),대림전설주식회사,256376494,90.365,
R26BK01484512,2026-04-29,경상남도 창원시 성산구,양곡천 하상정비공사,에코하이 주식회사,73501300,90.388,
R26BK01479046,2026-04-29,부산광역시 강서구,2026년 화전산업단지 일원 녹지대 유지관리 공사,(주)두산산업개발,276195800,90.66,
R26BK01478171,2026-04-29,인천광역시 종합건설본부,2026년 가좌IC고가교 교면포장공사,주식회사 양지디엔씨,816428600,90.355,901351000
R26BK01486159,2026-04-29,충청북도 제천시,내토시장 공연장 무대 외벽보수공사,(주)세광건설,32512400,90.206,
R26BK01484416,2026-04-29,경기도,2026년 연인산도립공원 예초‧제초공사,주식회사 엘림건설조경,86610091,90.491,
R26BK01483827,2026-04-29,전남광주통합특별시 광양시,아동마을 복합다기능 부잔교 설치공사,(주)그린에스엔티,45410900,90.262,
R26BK01484482,2026-04-29,경상북도 안동시,안동시 중점관리지역(태화지구) 맨홀 추락방지시설 설치공사,주식회사 세윤,380150900,90.73,
R26BK01484777,2026-04-29,경상남도 고성군 개천면,개천면 사회단체 공유창고 설치사업,주식회사 조광산업개발,50917080,89.95,
R26BK01470388,2026-04-23,전북특별자치도 익산시 상하수도사업단,2026년 2분기 하수도 기계준설공사 단가계약(남부권),유한회사 대길환경,1254637,90.197,
R26BK01485833,2026-04-29,강원특별자치도 속초시,2026년 산불예상 숲가꾸기 사업,주식회사 가산임업,61987000,93.034,
R26BK01485649,2026-04-29,삼척동해태백산림조합,2026년 어린나무가꾸기사업(4권역),주식회사 포레스트,65053000,90.036,
R26BK01486383,2026-04-29,전북특별자치도 순창군,인계면 심초2제 수리시설 개보수사업,주식회사 청수,177434800,90.571,
R26BK01484591,2026-04-29,대전광역시 서구,다모아보도육교 정비사업,영인산업 주식회사,165387816,90.333,
R26BK01482099,2026-04-29,경상북도 영덕군,2026년 춘기 산불피해지 복구 조림사업(지품영덕지구) 3지구 견적제출 안내공고,트리엔투입업(주),46143000,90.004,
R26BK01486086,2026-04-29,서울교통공사,동묘앞(1)역 등 2개역 화장실 개량 기계공사,주식회사 더루코리아,171572460,90.429,
R26BK01482645,2026-04-29,경상북도 칠곡군 수도사업소,미군부대 인입관로 정비공사,황주건설(주),36151850,90.365,
R26BK01483691,2026-04-29,인천광역시 계양구,2026년 사방사업(산지사방),강화군 산림조합,278653772,93.698,
R26BK01472529,2026-04-29,부산광역시교육청 부산광역시남부교육지원청,감만중학교 등 2교(동평여중) 냉난방개선 기계설비공사,(주)정진설비,387784000,89.975,
R26BK01485682,2026-04-29,경상북도 안동시,"소공원 및 가로화단 예초 및 제초작업(송현, 태화지구)",주식회사 해찬숲,36554030,90.277,
R26BK01476625,2026-04-24,서울물재생시설공단,(사전 실적 제출 및 확인) 탄천센터 슬러지처리시설 열사용설비 및 부대설비 세관 정비공사,한신공무관리(주),182336770,91.364,
R26BK01485690,2026-04-29,경상북도 청송군,2026년 청송지구(부곡리 산113) 산림재해 피해예방사업,청송군산림조합,36208000,90.304,
R26BK01484513,2026-04-29,전남광주통합특별시 광양시,창덕에버빌2단지 비상방송설비 교체공사(민간입찰대행),한국위성시스템(주),55819800,89.921,
R26BK01480093,2026-04-29,재단법인 대구경북디자인진흥원,디자인 AI 인프라 건축공사(정보통신) 입찰공고,주식회사 아이티에스,412580370,90.566,
R26BK01485322,2026-04-29,대전광역시 유성구,2026년 노후 가로등 조도개선공사,주식회사 디오전기,32877890,90.752,
R26BK01485107,2026-04-29,경기도 하남시,2026년 지방하천 수초목 정비공사 수의견적 제출 공고,천우녹지조경(주),201007800,90.858,
R26BK01479752,2026-04-29,전북특별자치도 수산기술연구소,활기찬 직장 분위기 휴게실 조성사업 건축공사,주식회사 은아건설,22214054,89.8,
R26BK01478224,2026-04-29,인천광역시 상수도사업본부,2026년 상수도 2차포장 복구공사(연간계약),주식회사장흥건설산업,383080000,90.871,423753000
R26BK01480533,2026-04-29,한국수자원조사기술원,2026년 실시간 유량측정시스템 구축(금강·영산강) 정보통신공사,주식회사 거성정보통신,825308400,90.368,
R26BK01481963,2026-04-29,충청남도 공주시,2026년 공주 정지산 유적 안내소 건립사업(건축),대헌건설 주식회사,911410730,90.32,
R26BK01485314,2026-04-29,전북특별자치도 군산시,2026년 3권역 가로화단 및 완충녹지 제초공사(상반기),(유)가람조경건설,35419650,90.34,
R26BK01483955,2026-04-29,충청북도 충주시,2026년충주국가지정문화유산조경유지관리,보천건설(주),72700200,90.375,
R26BK01485413,2026-04-29,국방과학연구소,00도서지역 진입로 보수 공사,조은토건(주),50158900,89.86,
R26BK01494039,2026-04-29,서울특별시 동작소방서,동작소방서 구내식당 환경개선공사,에스에프씨건설 주식회사,41000000,98.463,
R26BK01493972,2026-04-29,서울특별시 서울아리수본부 강남수도사업소,우면산 가압장 분전반 이설공사,주식회사 유연전기,9025000,97.938,
R26BK01486412,2026-04-29,전북특별자치도 군산시 기후환경국,2026년도 군산시 공공하수관로 준설공사(4권역),유한회사 보건,260412620,90.216,
R26BK01485733,2026-04-29,전북특별자치도 군산시,2026년 시내권 완충녹지 제초공사(상반기),주식회사 지수건설,32557349,90.328,
R26BK01496400,2026-04-29,한국농어촌공사 경기지역본부 연천.포천.가평지사,삼곶용수간선 외 2개소 유지보수공사,다온산업,13750000,91.974,
R26BK01482531,2026-04-29,정읍시농협조합공동사업법인,전북쌀 품질고급화 시설 개선사업 기계설비공사(구입기계포함),주식회사 한국토요,600000000,90.09,
R26BK01486402,2026-04-29,전북특별자치도 순창군,외이마을 노후 콘크리트 가드레일 정비공사,유한회사 옥정건축,43905780,90.058,
R26BK01484112,2026-04-29,충청남도 아산시,송악면 동화리 세천 005 정비사업,주식회사 아산특수공영,64008990,90.866,
R26BK01485779,2026-04-29,충청남도 금산군 진산면,봄자리골소하천 유지관리사업(오항리 259-3번지),신탑건설 주식회사,31225630,90.203,
R26BK01479974,2026-04-29,인천광역시중구장애인종합복지관,인천광역시중구장애인종합복지관  기능보강 및 사인물 교체공사 입찰 공고,우리건설 주식회사,32349540,89.896,36051400
R26BK01473655,2026-04-28,경북 울진군산림조합,2026년 산불피해지 조림예정지 정리사업(사계 3-2지구),주식회사 수림,137888054,90.292,
R26BK01473708,2026-04-28,경북 울진군산림조합,2026년 산불피해지 조림예정지 정리사업(부구 2-1지구),주식회사 숲이지,133029546,90.344,
R26BK01468206,2026-04-29,한국석유공사,용인지사 공정제어설비(DCS) 교체공사,주식회사금성엔지니어링,529856000,91.268,
R26BK01485647,2026-04-29,남양주도시공사,주차시설부 화도 제8공영주차장 외 1개소 바닥포장공사,예강건설 주식회사,32237462,90.133,
R26BK01496981,2026-04-29,한국농어촌공사 전남지역본부 광주지사,2026년 재해대비 평호양수장 저압 3상 수중모터펌프 긴급 보수공사,주식회사 승인이엔지,11710000,88.051,
R26BK01487552,2026-04-29,전북특별자치도,(재공고)2026년 사방댐시설(남원인월성산 산45) 설치공사,유한회사 영창건설,180809000,90.559,
R26BK01486372,2026-04-29,전북특별자치도 군산시 기후환경국,2026년도 군산시 공공하수관로 준설공사(1권역),(유)가인산업,255088796,90.207,
R26BK01481779,2026-04-29,충청남도 공주시,2026년 사방시설 안전조치 공사,라경임업 주식회사,48040000,93.85,
R26BK01484981,2026-04-29,전북특별자치도 군산시,임피면 범호재마을 도로정비공사,주식회사 장연건설,24483700,90.207,
R26BK01484572,2026-04-29,광주교통공사,평동역 승강장안전문 하선 디딤판 교체 개량공사 수의견적 제출 안내공고,명서산업 주식회사,116236495,90.651,
R26BK01480574,2026-04-29,서울특별시 송파구,오금로 168일대 외 1개소 원형관로 보수공사,해성건설 주식회사,999553000,90.419,
R26BK01486400,2026-04-29,전북특별자치도 군산시 기후환경국,2026년도 군산시 공공하수관로 준설공사(3권역),유한회사 대길환경,265731615,90.293,
R26BK01496403,2026-04-29,한국농어촌공사 충남지역본부,벌곡 신양등 3지구 농업용관정 원상복구 및 유지보수공사,청정엔지니어링,16300000,,
R26BK01486264,2026-04-29,충청남도 보령시,보령워케이션센터 인테리어공사,에스엠산업개발 주식회사,1274481000,91.402,
R26BK01478650,2026-04-29,서울특별시,2026년 휘경1동 외 6개동 상수도공사(장기계속단가계약),용현건설 주식회사,888513670,90.595,
R26BK01479872,2026-04-29,경상남도교육청 경상남도의령교육지원청,의령중학교 본관동 후면 드라이비트해소공사,주식회사도운건설,82079420,90.827,
R26BK01483934,2026-04-29,전북특별자치도 김제시,진봉면 효정마을 농로포장공사,주식회사 미다스건설산업,65423640,90.476,
R26BK01485521,2026-04-29,경상북도 안동시,테마화거리 기차조형물 등 경관조명 전기공사,주식회사 씨엔,54783060,90.242,
R26BK01456749,2026-04-29,조달청 충북지방조달청,산림유전자원 Gene Bank 2단계 복구공사(건축. 기계),주식회사 유림이엔지,580786820,90.235,
R26BK01485203,2026-04-29,경상남도 의령군,화정 보천~삼정마을 연결도로 개설공사,주식회사 한영건설,39013850,90.168,
R26BK01485540,2026-04-29,경기도 이천시,"신둔천(지방하천), 학암천(소하천) 예초공사",(주)대림목재,157734500,90.58,
R26BK01485841,2026-04-29,경상북도 산림환경연구원,2026년도 간선임도사업(영천 고경 대성~북안 원당),신명종합건설 주식회사,69766000,90.328,
R26BK01485131,2026-04-29,전남광주통합특별시 화순군,동면 경복분교 복합문화공간 암거 설치공사,성원엔지니어링 주식회사,92336000,90.384,
R26BK01484958,2026-04-29,충청북도 단양군,사평3리 마을안길 정비공사,승일건설(주),24976990,90.218,
R26BK01485374,2026-04-29,경상남도 통영시,두억 의항지구 급경사지 붕괴위험지역 정비사업 석면해체공사,통영환경개발(주),22971000,90.656,25560000
R26BK01482214,2026-04-29,충청북도,영동 단전지구 급경사지 붕괴위험지역 정비사업,조원종합건설주식회사,588133200,91.232,
R26BK01483854,2026-04-29,전남광주통합특별시 광양시,광양읍 매화마을아파트 경로당 리모델링 공사(전기),주식회사 미래이엔지,24908354,90.311,
R26BK01485446,2026-04-29,경상남도 통영시,통영 욕지도 모밀잣밤나무 숲 잣밤나무혹파리 방제사업,주식회사 대명나무병원,68320000,90.59,
R26BK01461117,2026-04-29,연세대학교,제4공학관 지열히트펌프 교체공사,(주)티이엔,208500000,97.0,
R26BK01480142,2026-04-29,산림청 동부지방산림청 양양국유림관리소,2026년 산림유역관리사업(인흥),(주) 화양기업,760242000,87.814,870776000
R26BK01485668,2026-04-29,경상북도 청송군,2026년 청송지구(논시골) 산림재해 피해예방사업,주식회사 명인산림,36728580,90.431,
R26BK01486549,2026-04-29,산림청 남부지방산림청 구미국유림관리소,2026년 임도구조개량사업(조룡),주식회사 도원개발,71130600,87.764,
R26BK01484299,2026-04-29,전북특별자치도 진안군,도통리 청자요지 보호책 설치공사,주식회사 상락문화재수리,39422000,90.284,
R26BK01485878,2026-04-29,경기도 화성시,궁평관광지 주차장 포장공사,근향건설 주식회사,91031630,90.023,
R26BK01495136,2026-04-29,경상남도 합천군 농업기술센터,2026년 산불진화임도 개설사업(가야성기지구),합천군산림조합,458518000,75.821,
R26BK01483351,2026-04-28,전북특별자치도 도로관리사업소,2026년 위임국도 13호선 장수 산서 신창 포장보수공사,주식회사 두정건설,56762680,89.986,
R26BK01473640,2026-04-28,경북 울진군산림조합,2026년 산불피해지 조림예정지 정리사업(사계 3-1지구),아로산림 유한회사,136258712,90.274,
R26BK01483364,2026-04-29,전남광주통합특별시 해남군,산이 흑두 마을만들기사업 건축공사,한아름종합건설 주식회사,216532880,90.405,
R26BK01485923,2026-04-29,경기도 이천시,복하천(국가하천) 예초공사,주식회사 송담,163194850,90.597,
R26BK01477604,2026-04-29,경기도 용인시 기흥구,2026년 기흥구 녹지 공공공지 병해충 방제공사(1구역),경수나무종합병원(주),51034300,90.241,
R26BK01484041,2026-04-29,경기도 성남시,시청정원 재정비공사(경관조명 설치공사),(주)일우인터내셔날,60956290,90.286,
R26BK01495357,2026-04-29,서울특별시 서울아리수본부,별관2층 남자휴게실 리모델링 공사,주식회사아킨트,36800000,92.069,
R26BK01484532,2026-04-29,경상남도 양산시,2026년 LED 보안등 교체 및 신규 설치공사(2차분),주식회사이든이엔지,54331615,90.25,
R26BK01483700,2026-04-29,충청북도 도로관리사업소 남부지소,지방도 유지보수(은운리) 공사,(주)정한건설,40783000,90.276,44520000
R26BK01485597,2026-04-29,강원특별자치도교육청 강원특별자치도강릉교육지원청,영동초 교실 증축공사 제한경쟁 전자입찰 공고,주식회사 조영건설,731965910,90.322,
R26BK01484785,2026-04-29,경상남도 합천군 쌍백면,수의계약 안내공고[하안마을 안길 재해복구사업],광산건설(주),24569305,90.339,
R26BK01481399,2026-04-29,경상남도 창원시 하수도사업소,동읍 무성리 324-3 일원 우수관로 정비공사,천자건설(주),82642200,90.563,
R26BK01484117,2026-04-29,부산광역시 건설본부,부산예술회관(공연장) 리모델링 전기공사,에스와이파워 주식회사,106448652,90.466,
R26BK01483219,2026-04-29,전남광주통합특별시 북구,월출동 4-12번지 주변 등 도로 2개소 복구공사,창성건설 주식회사,40744220,89.895,
R26BK01484103,2026-04-29,충청북도 진천군,2026년 위험수목 제거사업,주식회사 태극포레로드,42770160,90.283,
R26BK01483775,2026-04-29,경상북도 청도군,동산2리한대들농로개설공사,(주)승준건설,92579300,90.348,
R26BK01484698,2026-04-29,전남광주통합특별시교육청 전남광주통합특별시영광교육지원청,영광옥당중 관사1 담장 보수공사 수의계약 안내 공고(긴급),동산건설 주식회사,48349770,90.167,
R26BK01485392,2026-04-29,경기도 하남시,2026년 미사대로 가로수관리 공사(단가계약) 수의견적 제출 공고,두성,98165600,90.486,
R26BK01482398,2026-04-29,사단법인 한국석면안전관리협회,2026년 하동군 주택 슬레이트 지붕개량 공사,가온건설 주식회사,57194680,90.71,62926000
R26BK01484156,2026-04-29,충청북도 진천군,문백면 파랑골 제4교 정비공사,운호건설(주),57545550,90.406,
R26BK01481376,2026-04-29,충청북도 제천시,박달재 재정비 사업,나광종합건설(주),1532316000,89.432,1727925000
R26BK01479819,2026-04-29,한국철도공사 회계통합센터,대전철도차량정비단 모니터링설비 구축공사,(주)스피드데이타정보통신,378415010,89.93,
R26BK01444109,2026-04-29,조달청 인천지방조달청,수도권매립지 내 파크골프장 조성사업 건설공사(토목 등),대주종합건설 주식회사,5247599990,88.25,
R26BK01486190,2026-04-29,경기도 용인시,2026년 샘골근린공원 안전한 공원환경 정비사업,(주)일진,441773420,90.31,
R26BK01486131,2026-04-29,경기도 평택시,2026년 저류지(북부권역) 환경정비 공사,다솜나무종합병원 주식회사,36832441,90.312,
R26BK01480743,2026-04-29,경상남도 산청군,신안 안봉(물레방아) 취입보 재해복구사업(2공구),주식회사 대경,50429000,90.261,
R26BK01485385,2026-04-29,충청북도 괴산군,장연거문소하천사면정비공사,주식회사 유현건설,48789000,90.292,
R26BK01485445,2026-04-29,충청북도 괴산군,문광유평배수로정비공사,(주)상신,21948800,90.221,
R26BK01485616,2026-04-29,전북특별자치도 군산시,2026년 7권역 가로화단 및 완충녹지 제초공사(상반기),주식회사 토림,39235950,90.397,
R26BK01483825,2026-04-29,경상북도 울릉군,저동3리 농로개설공사,(주)보성건설,36874556,90.152,
R26BK01485802,2026-04-29,경상북도 산림환경연구원,2026년도 산지사방사업(영덕 영덕 매정),주식회사 와이피숲자람,26875000,90.891,
R26BK01495734,2026-04-29,경상남도 양산시,2026년 상반기 소나무재선충병 피해고사목 제거사업(동부지구),주식회사 태성산림,59769000,90.998,
R26BK01484490,2026-04-29,부산광역시 기장군,동남권 산단 기반 시설물 보강공사,(주)대흥이엔지,74895060,90.427,
R26BK01486102,2026-04-29,경기도 평택시,2026년 저류지(서부권역) 환경정비 공사,주식회사 미도조경,44617282,90.51,
R26BK01496178,2026-04-29,경기도 평택시,함박산중앙공원 방문자센터 내 카페 인테리어공사,(주)씨앤제이건축디자인,39450000,90.906,
R26BK01477743,2026-04-29,경상남도 거창군,2026년 상반기 가로수 정비사업(고제 무궁화 등 식재),코어그린개발 주식회사,52470000,90.809,
R26BK01484341,2026-04-29,강원특별자치도교육청 강원특별자치도속초양양교육지원청,양양고 공간재구조화 리모델링 기계설비공사,수영설비,189453407,90.716,
R26BK01496283,2026-04-29,한국농어촌공사 충북지역본부 옥천.영동지사,동이·이원·청산·청성지구 소규모 유지관리 보수공사,에스지건설,19800000,90.0,
R26BK01483053,2026-04-29,인천시설공단,청라 해변공원 RC게임장 시설개선 공사,동진산업개발주식회사,101428600,90.178,
R26BK01486063,2026-04-29,충청북도 청주시 서원구,양지리 199번지 일원 배수로 정비공사,주식회사 지슬롭이엔씨,35873200,90.246,
R26BK01484071,2026-04-29,전북특별자치도 전주시 완산구,거마평로(효자동1가 642일원) 도로환경 조성공사,유한회사 하룡건설,47558340,90.178,
R26BK01485105,2026-04-29,경상북도 안동시,안동 공공하수처리장 원심탈수기 교체 전기공사,주식회사 창조전기,95725020,90.377,
R26BK01484258,2026-04-29,국토교통부 익산지방국토관리청 광주국토관리사무소,국도77호선 무안 연리지구 등 5개소 포장도 보수공사,주식회사 더아이건설,1162957110,89.094,
R26BK01479770,2026-04-29,한국철도공사 회계통합센터,교외선 일영역 광장대합실 전력설비 신설공사,주식회사 뉴예지,147186864,90.307,
R26BK01483818,2026-04-29,경상남도 남해군,두모항 피항지 조성사업 TTP 보강공사,태상개발 주식회사,667286750,90.178,
R26BK01486279,2026-04-29,경상남도 창원시 성산구,성주어린이공원 보행환경 정비공사,주식회사 동은,26189210,90.521,
R26BK01485033,2026-04-29,전북특별자치도 군산시,실내배드민턴장 등기구 교체공사,주식회사 백산기업,26663700,90.551,
R26BK01465532,2026-04-29,덕성여자대학교,2026년도 덕성하나누리관 및 라온센터 냉난방환경개선 전기공사,두복산전(주),99000000,99.0,
R26BK01476308,2026-04-29,인천국제공항공사,2026년 인천공항 중수도시설 노후설비 개선공사,경화건설 주식회사,1329582331,89.336,
R26BK01480730,2026-04-29,경상남도 산청군,신안 송죽저수지 재해복구사업(2공구),주식회사 지성건설,31818000,90.191,
R26BK01486410,2026-04-29,세종특별자치시,2026년 2-1생활권 가로수 유지관리 공사,주식회사 청아건설,93422390,90.433,
R26BK01480172,2026-04-29,재단법인 대구경북디자인진흥원,디자인 AI 인프라 건축공사(소방) 입찰공고,광명전기,616990905,90.864,
R26BK01482753,2026-04-29,전북특별자치도교육청 전북특별자치도부안교육지원청,계화중 본관동 외벽 보수공사 입찰공고(긴급),용신산업(주),214085570,90.403,
R26BK01483800,2026-04-29,대전광역시 유성구,2026년 시설녹지변 맨발산책로 조성사업,주식회사해피청인,168097940,90.142,
R26BK01476435,2026-04-29,충청남도 건설본부 건설사업부 북부사무소,[당진]2026년 당진지역 갈산도로 인도(갓길) 정비사업,대양건설주식회사,107818227,90.271,
R26BK01481914,2026-04-29,경상남도 함양군 함양읍,2인 이상 견적 제출 안내공고[조동들 소규모 용수개발사업],중원건설 주식회사,126838380,90.441,
R26BK01485118,2026-04-29,강원특별자치도 글로벌본부,2026년 주문진항 (구)위판장 포장 정비공사,주식회사  신원,185952525,91.017,
R26BK01484308,2026-04-29,경기도 부천시,2026년 동부권역 녹지대 병해충 방제공사,주식회사 휴림조경건설,24970240,90.537,
R26BK01471570,2026-04-29,서울특별시,광암정수장 고도증설 및 재정비 사업 전기공사,주식회사 효담,11852325500,83.173,
R26BK01484471,2026-04-29,전남광주통합특별시 광양시,선미태인하이츠 옥상방화문 자동개페장치 교체공사(민간입찰대행),주식회사 에덴이엔지,30046157,90.12,
R26BK01481073,2026-04-29,충청남도 공주시,2026년 사방댐 준설사업(2차),라경임업 주식회사,32729000,93.216,
R26BK01484245,2026-04-29,전북특별자치도 진안군,(입찰대행)학천3동지구 마을회관 증축공사,피닉스종합건설 주식회사,109048600,90.421,
R26BK01484386,2026-04-29,제주특별자치도 제주시,전국체전 대비 애월근린공원 주경기장 개보수 사업,주식회사 성일건설,223965000,90.365,
R26BK01478470,2026-04-29,충청남도 아산시 미래도시관리사업소,2026년 동지역(온양1~3동) 공원 제초사업,주식회사 서광,103902490,90.52,
R26BK01484889,2026-04-29,경기도 광주시,제1정수장 고도정수처리시설 설치사업(정보통신),(주)파스컴,99268136,91.021,
R26BK01484953,2026-04-29,경기도 파주시,2026년 운정호수공원 음악분수 유지관리 공사,한국기계공업사,56360900,92.022,
R26BK01483640,2026-04-29,충청남도 아산시,2026년 임도 구조개량 및 보수사업,주식회사 에코랜드,141102200,90.628,
R26BK01486329,2026-04-29,세종특별자치시,2026년 1-2생활권 가로수 유지관리 공사,주식회사 연남건설,161715000,90.592,
R26BK01485626,2026-04-29,경상북도 청송군,주왕산도시계획도로(소로3-9호선) 확장공사,(주)우진건설,33203350,90.282,
R26BK01480503,2026-04-29,경상북도 안동시 보건소,주민건강지원센터 냉난방기 교체 공사,(주)동신산업개발,180840300,90.331,199837000
R26BK01481572,2026-04-28,국토교통부 익산지방국토관리청 광주국토관리사무소,광주국토 관내 도로비탈면 정비공사,정우토건 주식회사,997456490,89.476,
R26BK01473670,2026-04-28,경북 울진군산림조합,2026년 산불피해지 조림예정지 정리사업(사계 3-3지구),주식회사 동부임업,116752000,90.269,
R26BK01495792,2026-04-29,경상남도 양산시,2026년 상반기 소나무재선충병 피해고사목 제거사업(서남부지구),주식회사더숲,63777000,90.999,
R26BK01481681,2026-04-29,경상남도 산청군 신안면,"신안 세천(안봉리 259, 2공구)재해복구사업",성은건설 주식회사,61446200,90.226,
R26BK01483973,2026-04-29,인천광역시 계양공원사업소,2026년 양묘장 병해충 방제 공사,방지거조경(주),28675900,90.766,
R26BK01495944,2026-04-29,한국농어촌공사 전남지역본부 구례지사,도암지 외 3개소 간이사정방류시설 설치공사,주식회사 대호이엔지,43700000,89.962,
R26BK01473552,2026-04-28,경북 울진군산림조합,2026년 산불피해지 조림예정지 정리사업(소곡 2-1지구),금강임업주식회사,142781000,90.278,
R26BK01483323,2026-04-29,경상북도 영천시 공원관리사업소,영천강변공원 조경수목 병해충 방제사업 입찰공고,주식회사 진영산업개발,21754000,90.037,
R26BK01478066,2026-04-29,법무부 대구지방교정청 포항교도소,포항교도소 직업훈련작업장 냉난방 전기공사 입찰 공고,광명전기,120553160,90.061,
R26BK01483894,2026-04-29,경상남도 고성군,2026년 생활밀착형숲 조성사업,주식회사 제운조경,344560020,90.104,
R26BK01425713,2026-04-29,조달청 광주지방조달청,서남해안 생태정원도시 조성공사,(주)라인건설,18402045550,84.005,
R26BK01485213,2026-04-29,경상남도 창원시,창원특례시 평생학습관 실내 인테리어 공사(기계설비),주식회사 아남산업개발,58313240,90.244,
R26BK01484509,2026-04-29,전남광주통합특별시 신안군,장애인거주시설 기능보강 공사,주식회사 다미종합건설,331066300,90.224,
R26BK01473596,2026-04-28,경북 울진군산림조합,2026년 산불피해지 조림예정지 정리사업(소곡 2-3지구),유한회사 푸른임업,139968500,90.416,
R26BK01484709,2026-04-29,충청북도 청주시 흥덕구,수락리 250-1번지 앞 농로법면 정비공사,청민건설 주식회사,27378533,90.204,
R26BK01484139,2026-04-29,경상남도 창원시 상수도사업소,의창구 농산물도매시장 주변 노후수도관 교체공사,재신건설 주식회사,198776194,91.009,
R26BK01484442,2026-04-29,강원특별자치도 속초시,2026년 지방하천(쌍천) 유지보수사업,주식회사 광명,211565900,90.398,
R26BK01495680,2026-04-29,경상남도 양산시,2026년 상반기 소나무재선충병 피해고사목 제거사업(동남부지구),주식회사 산림법인에코트리,59591000,90.452,
R26BK01482317,2026-04-29,충청북도 충주시 금가면,금가 월상리 선평길 정비공사,범창건설주식회사,30479160,90.255,
R26BK01484157,2026-04-29,강원특별자치도 도로관리사업소 강릉지소,2026년 지방도446호선 생둔1교 교량 보수보강공사,(주)거상건설,138725874,90.378,
R26BK01485978,2026-04-29,사단법인 전국지역아동센터협의회,아동·청소년복지시설 석면해체 및 보강(교체)공사(중부) [긴급],중양산업건설 주식회사,937300221,90.462,
R26BK01497009,2026-04-29,한국농어촌공사 경기지역본부 파주지사,갈현2배수장 횡축사류펌프(1호기) 사전 예방정비 공사,주식회사 하나에코테크,46876500,90.0,
R26BK01479008,2026-04-29,충청남도 천안시,2026년 목천읍 신계교 보수공사,주식회사 한영건설,292051320,90.465,
R26BK01483565,2026-04-29,경상북도 청도군,승마교보수보강공사,대경산업개발,88127434,90.358,
R26BK01494648,2026-04-29,경기도 용인시,남사읍 완장리 493-8번지 일원 배수관로 설치공사,단우건설 주식회사,44649000,90.0,
R26BK01477048,2026-04-27,산림청 북부지방산림청 서울국유림관리소,2026년 간선임도 신설사업(기산),늘푸른숲 주식회사,150617560,87.763,
R26BK01483847,2026-04-29,전남광주통합특별시 광양시,광양읍 매화마을아파트 경로당 리모델링 공사(건축),(주)수정이엔지,85306520,90.42,
R26BK01485222,2026-04-29,농촌진흥청 국립원예특작과학원 시설원예연구소,"2, 3구역 유류배관 지상화 개선 공사",한일건설조경,98467728,90.252,
R26BK01484498,2026-04-29,경상남도 창원시 상수도사업소,진해구 안곡동 3-107 주변 노후수도관 교체공사,화우건설 주식회사,182058927,90.656,
R26BK01486271,2026-04-29,남양주도시공사,2026년 남동권역 소규모 조경유지관리공사,성진조경,33689860,90.311,
R26BK01495847,2026-04-29,한국농어촌공사 경남지역본부 의령지사,2025년 재해복구사업(손오배수장) 제진기 원격제어 통신공사,주식회사 인하씨엔티,6420000,89.79,
R26BK01485789,2026-04-29,경기도 남양주시 상하수도관리센터,2026년 상수도시설장 기계설비 단가계약(2차),주식회사 대한티엘,64391520,90.325,
R26BK01486443,2026-04-29,세종특별자치시,2026년 3-3생활권 가로수 유지관리 공사,신화조경(주),83033800,90.383,
R26BK01456099,2026-04-29,조달청 인천지방조달청,(가칭)도일1유 신축공사,두남건설주식회사,9339484000,85.837,
R26BK01471537,2026-04-29,산림청 북부지방산림청 민북지역국유림관리소,"2026년 사방사업(기번1, 유역관리-도사)",광영건설산업 합자회사,654900000,88.051,738889000
R26BK01482118,2026-04-29,경기도 하남시,2026년 미사뚝방 및 나무고아원 수목관리 공사(단가계약) 수의견적 제출 공고,실용조경,154457380,90.382,
R26BK01483912,2026-04-29,충청북도 충주시,살미향산(군도5호선)국도연결공사,한양건설(주),201777670,90.901,
R26BK01485671,2026-04-29,강원특별자치도 평창군,계촌5리 감동지길 외 1개소 농로포장 및 보수공사,(주)대덕종합건설,69100580,90.125,
R26BK01485927,2026-04-29,충청남도 금산군 진산면,봄자리골소하천 유지관리사업(오항리 259-2번지),세주건설 주식회사,33479960,90.113,
R26BK01482340,2026-04-29,사단법인 한국석면안전관리협회,2026년 하동군 슬레이트 해체 철거 공사(2권역),현대환경건설 주식회사,108427860,90.195,
R26BK01484963,2026-04-29,경기도 평택시,진위면 청호리 340-1~3번지 임시공영주차장 조성공사,(주)전진이엔씨,43135100,89.969,
R26BK01403395,2026-04-29,한국농어촌공사 강원지역본부 홍천.춘천지사,홍천군 삼막골지구 소규모농촌용수개발사업 토목공사,주식회사 우건,7918703147,88.675,
R26BK01485153,2026-04-29,군포도시공사,2026년 복합생활스포츠타운 조경 유지관리 공사 소액수의 견적제출 공고,(주) 산 야,61516000,90.301,
R26BK01485281,2026-04-29,전북특별자치도 군산시,2026년 2권역 가로화단 및 완충녹지 제초공사(상반기),주식회사 토림,43322240,90.47,
R26BK01484115,2026-04-29,강원특별자치도 평창군,평창읍 하3리(시루목) 우수관로 정비공사,(주)서진건설,50534700,90.807,
R26BK01486104,2026-04-29,충청북도 청주시 서원구,2026년도 현도면 풀깎기 및 수목제거 연간단가(1공구),풍경공작소 주식회사,12518370,90.364,
R26BK01484046,2026-04-29,강원특별자치도 평창군,2026년 학교숲 조성사업(평창중학교),청송조경 주식회사,48152410,90.161,
R26BK01485772,2026-04-29,경상북도 산림환경연구원,2026년도 임도구조개량사업(영천 화남 월곡~화남 용계),주식회사 나을산림,77481300,90.432,
R26BK01484169,2026-04-29,전북특별자치도교육청 전북특별자치도순창교육지원청,순창제일고 외 1교(동계고) 소방펌프 교체공사,주식회사 더원이앤씨,28621218,89.969,
R26BK01486502,2026-04-29,대전광역시 중구,2026년 산림복지 나눔숲 조성사업,합자회사 풍암건설,77922870,90.121,
R26BK01483851,2026-04-29,경상북도 울릉군,2025년 숲길조성관리 정비사업,주식회사 와이피종합건설,369425000,90.374,
R26BK01484007,2026-04-29,충청북도 충주시,탄금공원자전거도로보수공사,주식회사 태화,30878970,90.259,
R26BK01486527,2026-04-29,경기도 평택시,지제역 반도체밸리 제일풍경채 어린이집 리모델링공사(건축),주식회사 더디자인그룹,45226700,90.027,
R26BK01480561,2026-04-29,충청북도 청주시,용담로(청가랑~괴강매운탕)확장공사(2단계),정우종합건설 주식회사,477596108,90.882,
R26BK01480213,2026-04-29,전남광주통합특별시 여수시 상하수도사업단,2026년 노후 수도미터기 교체공사,(주)덕주건설,658136910,90.531,
R26BK01486025,2026-04-29,전남광주통합특별시 여수시,남면 연도항 이동식화장실 설치공사,장한건설(주),39573380,90.178,
R26BK01486348,2026-04-29,전북특별자치도 순창군,섬진강(대풍교) 하상정비사업,(유)정명건설,146978600,90.272,
R26BK01481482,2026-04-28,경기도 군포시,당동 869번지(희망공원) 일원 노후관 교체공사,디에스이엔씨 주식회사,170199000,90.402,
R26BK01484125,2026-04-29,국립군산대학교,국립군산대 기관실습관 외 3개동 샌드위치패널 제거 및 교체공사,주식회사 서홍건설,172474850,90.112,
R26BK01471307,2026-04-29,경기도 안산시 단원구,스마트허브 녹지대 조경유지관리공사,엠지엠(MGM)이엔지,106063725,90.517,116930000
R26BK01486368,2026-04-29,전북특별자치도 순창군,유등 월탄 소하천 정비사업,유한회사 화성건설,88053050,90.512,
R26BK01484613,2026-04-29,경상북도 경주시 맑은물사업본부,건천 대곡1리 하수관로 설치공사(2차),주식회사 세명,132573550,90.454,
R26BK01484092,2026-04-29,경상남도 합천군,정대1구(지문마을) 상수관로 교체공사,우진토건 주식회사,103287670,90.222,
R26BK01479305,2026-04-29,지방자치단체조합 충남혁신도시관리본부,「내포신도시 충예로 차선도색 정비공사」 소액 수의견적 제출 안내공고,진보건설 주식회사,79289110,90.096,
R26BK01461367,2026-04-29,경기도 안산시 상록구,팔곡초등학교 일원 노후 가로등 조도개선 공사,주식회사 태건전력,30331243,89.927,
R26BK01483943,2026-04-29,전북특별자치도 김제시,공덕면 양반마을 농로포장공사,(유)호암건설,20691900,90.281,
R26BK01484134,2026-04-29,경상북도 포항시 남구,지곡동(553) 지곡 육교 보수 공사,주식회사 현대엠앤아이,43774591,90.491,
R26BK01487998,2026-04-30,한국철도공사 회계통합센터,중앙선 도담역 방송설비 개량공사,주식회사 서정,92395670,89.963,
R26BK01487797,2026-04-30,경상남도 밀양시,2026년 4월 보안등 설치공사,주식회사 동서산업전기,36951822,90.377,
R26BK01486192,2026-04-30,원주시산림조합,2026년 어린나무가꾸기사업 1지구,주식회사오투,65484000,89.965,
R26BK01483929,2026-04-30,파주도시공사,2026년 마장호수 조경 유지관리,주원조경건설(주),45493670,90.404,50655000
R26BK01482974,2026-04-30,한국은행,한국은행 전북본부 공조설비 교체공사,주식회사대진엔지니어링,364715000,90.171,
R26BK01486565,2026-04-30,충청북도 영동군,학산면(모지내) 맑은물 공급사업,선명건설(주),136370590,90.339,
R26BK01486469,2026-04-30,충청북도 영동군,경부고속선 영동보수기지 급수관로 설치공사,용진환경 주식회사,32925318,90.178,
R26BK01485896,2026-04-30,경상남도 산청군 금서면,평촌 서재말 상수도 노후관로 교체공사,유림건설(주),137291924,90.909,
R26BK01481750,2026-04-30,전남광주통합특별시 해남군,현산 읍호교 보수공사,(주)미래종합건설,440056000,90.413,
R26BK01487291,2026-04-30,경기도교육청 경기도용인교육지원청,어정초 교사동 및 체육관 방수공사,(주)이에스디자인,167791000,90.328,
R26BK01482853,2026-04-30,경기도 수원시 권선구,세류대교 보수보강 공사,건양건설 주식회사,82287560,90.88,
R26BK01483598,2026-04-30,경상북도 안동시,길안면 백자리(면도101호) 확포장공사,(주)남성종합건설,564281998,90.889,
R26BK01488769,2026-04-30,충청북도 단양군,2026년 가로수 전정사업(어상천지구),산골조경(주),66680000,89.874,
R26BK01443903,2026-04-30,조달청 경남지방조달청,진주기계공업고등학교 실습장 및 청소년 직업체험관 증축 소방공사,주식회사 대원소방,317563900,90.391,
R26BK01487643,2026-04-30,강원특별자치도 태백시,2026년 상반기 가로(보안)등 신규 설치공사,주식회사 한국이앤에스,41381123,90.281,
R26BK01481192,2026-04-30,인천광역시 상수도사업본부,2026년 북부1구역 블록시스템 정비구간 포장복구공사(연간계약),주식회사 대홍산업,276009570,90.797,302907000
R26BK01487944,2026-04-30,양산시산림조합,2026년 산불예방숲가꾸기사업(1차)-외석지구,주식회사우양,133300000,90.054,
R26BK01486708,2026-04-30,경상남도 창원시 상수도사업소,진해구 대죽동 17-9 주변 노후수도관 교체공사,(주)삼광건설,194448272,90.806,
R26BK01481604,2026-04-30,서울특별시교육청 대경생활과학고등학교,대경생활과학고등학교 야외무대 설치공사(데크),주식회사 예반건설,138190490,89.932,
R26BK01484313,2026-04-29,국립공주대학교산학협력단,RISE사업단 사무실 환경개선 공사(전기),(주)성진전력,245791090,90.444,
R26BK01486627,2026-04-30,전북특별자치도교육청 전북특별자치도전주교육지원청,"전주풍남유, 전주서문초 옥상방수 및 기타공사",주식회사 승덕건설,115719442,90.329,
R26BK01487073,2026-04-30,전북특별자치도 도로관리사업소,2026년 별산교 보수보강공사,유한회사 천호산업,138046100,90.301,
R26BK01482549,2026-04-30,경상북도 안동시,임하면 천전리(독립운동기념관~임하대교) 노후상수도관 교체공사,(주)석지산업,304719906,90.494,
R26BK01486901,2026-04-30,경기도 시흥시,시흥정 장애인 편의시설 리모델링 공사(건축),주식회사 미도아이엔씨,132634497,90.313,
R26BK01483702,2026-04-30,천안도시공사,2026년 태조산공원 및 산림레포츠단지 외부녹지 유지관리공사,상록조경(주),46302000,90.337,
R26BK01487996,2026-04-30,경기도 부천시,소하천(여월베르네천 및 역곡천) 목교 정비공사,(주)푸른세상,103665121,90.287,
R26BK01487903,2026-04-30,경기도 남양주시,신하촌마을 간이펌프장 전극봉 설치 공사,주식회사 한국종합건설,42710944,90.554,
R26BK01487372,2026-04-30,충청북도 충주시 지현동,"공사 수의계약 안내공고[지현동 태영하이츠타운2차 5,6동 옥상 방수 공사(입찰대행)]",주식회사 아성로드라인,30289588,90.008,
R26BK01483066,2026-04-30,경기도청 북부청사,2026년 도유림 사방사업(화악리),주식회사산사랑,169732600,90.316,
R26BK01486598,2026-04-30,충청남도 부여군,부여군 지방하천(은산천) 퇴적토 정비사업,동인건설(주),91500000,90.413,
R26BK01487600,2026-04-30,전북특별자치도 도로관리사업소,2026년 714 김제 황산 쌍감 외 1개소 덧씌우기,(유)에스에이치건설,93819650,89.975,
R26BK01481582,2026-04-30,경상남도 창원시 하수도사업소,반지동 하수맨홀 추락방지시설 설치공사,주식회사 시원건설,59734000,90.632,
R26BK01481876,2026-04-30,해양환경공단 해양환경교육원,실습교육동 냉난방설비 설치공사,주식회사 샘터건설,125956180,90.083,
R26BK01481272,2026-04-30,보건복지부 국립재활원,국립재활원 교육행정동 옥상 방수공사,주식회사 태강이엔에스,106019606,90.283,
R26BK01489121,2026-04-30,전남광주통합특별시 해남군,해남 월교 도로측구 정비공사,(유)강호건설,31363677,90.204,
R26BK01483933,2026-04-30,충청남도 공주시,계룡면 유평리(412-3) 도로확장공사,성진토건 주식회사,38579400,90.317,
R26BK01484676,2026-04-30,강릉영동대학 산학협력단,강릉영동대학교 지역특화 인재양성 플랫폼(ICC) 및 현장미러형 실험실습실 환경개선 공사(전기),주식회사대연전기,30325150,90.374,
R26BK01487213,2026-04-30,경상남도 김해시,"2026년 산불진화임도 개설사업(상동매리~대동예안, 3차)",경림산업 주식회사,219518926,90.346,
R26BK01487227,2026-04-30,강원특별자치도 속초시 하수처리사업소,금호동 관광수산시장 일원 우수BOX 준설공사,으뜸건설 주식회사,45090000,90.475,
R26BK01487005,2026-04-30,전북특별자치도 고창군,농촌 마을만들기사업(흥덕면 노동마을) 커뮤니티센터 주변 석축 설치공사,주식회사 정송,25230350,89.994,
R26BK01487152,2026-04-30,경상남도 산청군 신안면,신안 세천(외송리 6-10)재해복구사업,주식회사 제일건설산업,162770930,90.278,
R26BK01485892,2026-04-30,경상북도 포항시 북구,"기계 남계리(164,273) 농로포장 및 구거정비공사",종문건설 주식회사,32879000,90.414,
R26BK01484256,2026-04-30,부산시설공단,유라시아플랫폼사업소 승강기 1차 대수선 공사,(주)원엘리베이터코리아,57559400,89.984,
R26BK01483632,2026-04-30,강원특별자치도 춘천시 상하수도사업본부,서면 당림리 농어촌마을하수도 건설공사(전기 및 계측제어),주식회사 청대전력,253161720,90.326,
R26BK01488428,2026-04-30,화성도시공사,2026년 화성특례시 동부권 체육시설(조경) 유지보수공사(단가계약),(주) 영서랜드개발,62578960,90.083,
R26BK01473487,2026-04-17,서울특별시 동부공원여가센터,2026년 서울숲 병해충 감염우려목 정비사업,중원나무종합병원 주식회사,48000000,90.262,
R26BK01489101,2026-04-28,서울특별시 도로사업소 강서도로사업소,청사 보일러 교체 설비공사,주식회사 부-스타,16976960,91.0,
R26BK01488297,2026-04-30,울산광역시산림조합,2026년 산불예방숲가꾸기사업(범서구영1지구),주식회사 그린숲,57827948,90.203,65109000
R26BK01488142,2026-04-30,강원특별자치도교육청 강원특별자치도화천교육지원청,산양초 교사동 화장실 보수 기계설비공사,주식회사 영동종합건설,113339790,90.363,
R26BK01486794,2026-04-30,전북특별자치도 도로관리사업소,2026년 우덕교 보수보강공사,(주)새우리토건,121341000,90.219,
R26BK01486773,2026-04-30,충청남도 태안군,만리포해수욕장 데크쉼터 정비사업,(주)단비조경,50307120,90.345,
R26BK01488409,2026-04-30,경기도 안양시 상하수도사업소,동안청소년수련관 주변 빗물받이 연결관 정비공사,(주)양진건설,182503081,91.056,198110000
R26BK01488593,2026-04-30,충청남도 서산시,팔봉 국민체육센터 건립공사(통신),동원이엔지 합자회사,105993340,90.465,
R26BK01488718,2026-04-30,대구광역시 달성군,현풍 성하리 20번지선 인도정비공사,(주)윤성건설,30725757,90.201,
R26BK01488827,2026-04-30,서울교통공사,2026년 시청역 유휴공간 기반시설 조성 기계공사,에이치지산업개발 주식회사,418472150,90.496,
R26BK01488090,2026-04-30,세종특별자치시,금사리 배수로 정비공사,다성건설주식회사,40044621,90.313,
R26BK01488565,2026-04-30,경기도 남양주시 도로관리사업소,별내로데오거리 일원 도로 정비 사업,주식회사  미호이엔씨,103293600,90.712,
R26BK01472099,2026-04-23,경기도 광주시,제1정수장 고도정수처리시설 설치사업(소방시설),주식회사 한성소방이앤씨,75717400,90.303,
R26BK01487022,2026-04-30,제주도 제주시 오라동,오라삼동 경로당 리프트 설치 및 리모델링 공사,디자인엠에이씨주식회사,73143000,90.471,
R26BK01487343,2026-04-30,인천광역시 서해구,검단구 모듈러 임시청사 내부 환경개선공사(건축),주식회사 에이트이엔씨,309945000,90.892,
R26BK01488595,2026-04-30,전남광주통합특별시교육청 광주청사,광주광역시교육청학생교육원 옥상 방수공사 수의계약 안내공고,주식회사 부건건설,119355060,90.307,
R26BK01486611,2026-04-30,전북특별자치도 김제시,진봉면 신고사마을 농로포장공사,(유)호암건설,44222900,90.288,
R26BK01487047,2026-04-30,경기도 남양주시 화도읍,운수2리 마을회관 신축공사(전기),주식회사 포엠에스,64628042,90.336,
R26BK01488682,2026-04-30,대구광역시 달성군,2026년 달성2차산업단지 녹지 및 조경지 잔디 유지관리 공사,(주)신후랜드,124744463,90.427,
R26BK01481526,2026-04-30,인천광역시 강화군,농어촌도로102호선(대문고개입구교차로~선원중로2-1) 도로확포장공사,경우종합건설 주식회사,723483900,90.27,
R26BK01488405,2026-04-30,전북특별자치도 익산시,익산 구 익옥수리조합 사무소와 창고 경관조명 설치공사,현성이엔씨,62691540,90.069,
R26BK01489188,2026-04-27,서울특별시 동부공원여가센터,매헌시민의숲 관리사무소 옥상방수공사,이아인 협동조합,33500000,90.535,
R26BK01488301,2026-04-30,경상남도 밀양시,밀양교 외 9개소 보수공사,(유)이안종합건설,232956989,90.333,
R26BK01487862,2026-04-30,경상남도 함양군 함양읍,2인 이상 견적 제출 안내 공고[관동마을 안길 아스콘 덧씌우기사업],주식회사 만보건설,28332890,90.217,
R26BK01488337,2026-04-30,경상남도 밀양시,용두교 보수공사,주식회사 백송,139574150,90.279,
R26BK01472787,2026-04-30,건국대학교,건국대학교 에코업 기기분석실 조성공사,주식회사 태광시스템,32296000,92.274,
R26BK01484694,2026-04-30,경기도남양주교육청 심석초등학교,심석초등학교 놀이시설 조성 공사,주식회사 신촌종합건설,219162000,90.225,
R26BK01483148,2026-04-30,재단법인 한국엘피지사업관리원,용인시 가좌1리마을 LPG배관망 구축사업 시설공사,(주)동현건설,249273059,90.353,
R26BK01487451,2026-04-30,강원특별자치도 춘천시,사북면 파크골프장 진입도로 조성사업,주식회사서린,174985630,91.743,
R26BK01500516,2026-04-30,서울특별시 서부공원여가센터,2026년 여의도공원 자연생태숲 식생 정비 공사,구산종합조경 주식회사,52000000,100.0,
R26BK01486757,2026-04-30,경기도 오산시,오산남부종합사회복지관 냉난방기 교체 공사(기계),코리아이엔지 주식회사,121419620,90.527,
R26BK01485558,2026-04-29,경기도 가평군,현등사 삼층석탑 보존처리공사,홍익보존 주식회사,55550000,90.467,
R26BK01497640,2026-04-30,서울특별시 서울아리수본부 중부수도사업소,"중부수도사업소 청사 냉난방기 추가 설치 공사(물품, 기계)",주식회사 월드이엔지,20316780,95.876,
R26BK01485204,2026-04-30,경상북도 경주시 맑은물사업본부,맨홀추락방지시설 설치[외동(동천)지구] 공사,주식회사 세명건설,171723760,91.73,
R26BK01486664,2026-04-30,경기도 시흥시,2026년도 도로유지보수공사 연간단가(중부권-2차),항길건설 주식회사,146295890,90.892,
R26BK01488045,2026-04-30,강원특별자치도 고성군,舊 고성신협 건물 철거공사,(주)흥림건설,88471790,90.078,
R26BK01483452,2026-04-30,재단법인 한국엘피지사업관리원,파주시 객현2리마을 LPG배관망 구축사업 시설공사,주식회사 미성가스이엔지,547777705,90.385,
R26BK01486344,2026-04-29,경기도 안성시,안성 동부 가로수 병해충방제(약제살포) 단가공사,(주)우리숲,1302450,95.858,1371000
R26BK01484083,2026-04-30,충청남도 공주시,공주 수촌리 고분군 배수로 정비공사,주식회사 건준,427810500,90.18,
R26BK01487839,2026-04-30,경상북도 안동시,안동~영덕 국도 하수맨홀 인상공사,한진기술 주식회사,29035770,90.254,
R26BK01488281,2026-04-30,제주특별자치도,2026년 재래가축(제주흑돼지) 사육시설 개보수 공사(건축) (사업소),영성토건주식회사,159189190,90.342,
R26BK01487855,2026-04-30,충청남도 천안시 공원녹지사업본부,2026년 보호수 노후 시설물 정비공사(용곡동 외 1개소),주식회사 고탑조경,104583000,90.697,
R26BK01480576,2026-04-30,서울특별시 영등포구,도신로 1부지 신축시설 진출입로 개설공사,코칸종합건설 주식회사,337180000,90.878,
R26BK01462907,2026-04-30,서울특별시 도봉구,도봉구 노후불량 하수관로 정비사업 (2구역),홍익산업개발(주),1294127440,89.827,
R26BK01487340,2026-04-30,충청북도 충주시 소태면,소태 덕은마을 농로포장 및 배수로 설치,대일건설 주식회사,36031400,90.201,40270000
R26BK01484607,2026-04-30,강릉영동대학 산학협력단,강릉영동대학교 지역특화 인재양성 플랫폼(ICC) 및 현장미러형 실험실습실 환경개선 공사(기계),(주)대덕종합건설,46544840,90.189,
R26BK01488342,2026-04-30,대전광역시 시설관리공단,하수처리장 전기실 대용량 차단기 설치공사,성광전력(주),28137440,89.891,
R26BK01451586,2026-04-30,조달청 강원지방조달청,"사북역 별빛광장 조성사업(건축, 토목, 기계, 조경)",부광종합건설 주식회사,7936958588,88.801,
R26BK01486928,2026-04-30,경기도 부천시 원미구,부일로 도로정비공사,(주)정훈건설,97584000,90.348,
R26BK01486629,2026-04-30,전북특별자치도 장수군,주민자립생활 교육장 신축 공사 (전기) 수의계약 안내공고,주식회사 대원전력,47577367,90.337,
R26BK01487685,2026-04-30,경상남도 거제시,거제 포로수용소 막사지 벽체 보수공사,주식회사 호탄국가유산,58984500,90.283,
R26BK01481558,2026-04-30,충청남도 천안시,봉명구역 도시계획도로(소로1-221호) 개설공사,주식회사 한길이앤씨,86462150,90.325,
R26BK01479542,2026-04-30,강원특별자치도교육청 강원특별자치도정선교육지원청,"임계초 외 2교(여량초, 나전중) 치장벽돌 보강공사",주식회사 대일,74295606,90.311,
R26BK01465329,2026-04-30,김천시장애인종합복지관,김천시장애인종합복지관 소방설비 기계공사 (스프링클러 송수구 위치변경),(주)제일전기소방,3979480,89.761,
R26BK01487172,2026-04-30,경상북도 영양군,반변천 현리제 정비공사,최고건설 주식회사,176846380,90.647,
R26BK01487568,2026-04-30,경상북도 봉화군,분천산타마을 제3주차장 설치공사,주식회사 진영건설,168735860,90.619,
R26BK01486722,2026-04-30,경상남도산청교육청 신안초등학교,신안초등학교 육상 훈련장 조성공사,유한회사  성지,21559100,90.166,
R26BK01483285,2026-04-30,한경국립대학교,수공학관 외장재 교체 전기공사,경원전기,27635430,90.291,
R26BK01487240,2026-04-30,경기도 고양시,고양중교 보수보강공사,세영건설산업(주),104933000,90.993,
R26BK01488423,2026-04-30,전북특별자치도 익산시,팔봉동 행정복지센터 기능보강공사,선경건설,27105000,89.955,
R26BK01496492,2026-04-30,서울특별시 중부공원여가센터,도심 속 녹색 휴게정원 및 남산 웰컴가든 전기공사,주식회사 케이씨환경디자인,7924500,90.0,
R26BK01474220,2026-04-30,고용노동부 중부지방고용노동청 영월출장소,고용노동부 영월출장소 석면 해체 공사,(주) 대영발파해체건설,94315000,89.889,
R26BK01488730,2026-04-30,전남광주통합특별시 나주시,2026년 가로수 병해충 방제사업,주식회사 보람나무병원,36238000,90.48,
R26BK01487906,2026-04-30,경상북도 포항시,기후대응 도시숲 조성사업(문덕용산지구),(주)티에스엘,159571900,90.167,
R26BK01485277,2026-04-30,한국보훈복지의료공단 중앙보훈병원,2026년 중앙보훈병원 중앙관 의료용 진공펌프 기계설비 정비,(주)은성앤택,6502011,89.83,
R26BK01488802,2026-04-30,경상남도 진주시,경남항공 국가산단 완충저류지 설치사업(전기),주식회사 엔이앤씨,325665690,90.384,
R26BK01488788,2026-04-30,전남광주통합특별시 순천시,수도작 영농형 태양광 실증모델 설치공사,주식회사 삼근,37917030,90.141,
R26BK01487635,2026-04-30,재단법인 창원복지재단,마산합포노인종합복지관 화장실 개보수공사(1~3층) 수의계약(소액수의) 견적서 제출 안내 공고,주식회사 성심건설,40464691,90.008,45479918
R26BK01488701,2026-04-30,경기도 용인시 수지구,2026년 풍덕천동 쌈지공원 조성공사,창엔지니어링(주),80720000,90.068,
R26BK01497115,2026-04-30,한국농어촌공사 경남지역본부 울산지사,2026년 울주군 공기업대행사업(다개지구 평리 용수로 보강 및 관로공사),미광건설주식회사,30000000,88.915,
R26BK01488411,2026-04-30,전남광주통합특별시 보성군,태백산맥 문학거리 주차장 정비사업,(주)대웅건설,34622110,90.32,
R26BK01487718,2026-04-30,인천광역시 중구,중구 노인복지회관 게이트볼장 대기실 신축공사,주식회사 야긴종합건설,88277280,90.253,
R26BK01481180,2026-04-30,한국학중앙연구원,노후시설 개·보수(건축-지붕) 공사,(주)지원창호산업,145875763,89.977,
R26BK01486426,2026-04-30,경기도 안산시,2026년 단원구공원 잔디유지관리공사(5공구),샘터조경,71125140,90.394,
R26BK01488492,2026-04-30,강원특별자치도 횡성군,월현지구(예버등) 농어촌생활용수 개발사업,합자회사 수정개발,125396560,90.802,
R26BK01488366,2026-04-30,충청북도 청주시 서원구,석실리 399일원 농로정비공사,대신개발 주식회사,35299500,90.259,
R26BK01487417,2026-04-30,전북특별자치도 도로관리사업소,2026년 군산 서수 교통사고 잦은곳 개선사업,주식회사에이치지건설,93545132,90.251,
R26BK01465234,2026-04-30,김천시장애인종합복지관,김천시장애인종합복지관 보행로(인도) 설치 공사,보명건설 주식회사,38758860,90.388,
R26BK01485002,2026-04-30,경상북도 경주시,중앙시장 시설현대화사업 북측 막구조 교체 공사,강동건설 주식회사,178077700,90.394,
R26BK01478819,2026-04-30,고양도시관리공사,고양종합운동장 북측 배수로 등 노후화 시설물 정비공사,주식회사 우신조경개발,75786700,91.333,
R26BK01487709,2026-04-30,대전광역시 서구,2026년 가로수 사이 수벽정비사업,일양건설주식회사,86583800,90.099,
R26BK01481255,2026-04-30,한국석유공사,"거제지사 2,3차 지역 외곽휀스 LED 등기구[보안등,가로등] 교체공사",주식회사 에이스엘이디,42740500,99.396,
R26BK01494676,2026-04-29,서울특별시 서북병원,전기공사 시행_노후 분전반 교체,(주)태화계전,25270000,95.0,
R26BK01486551,2026-04-30,충청북도 영동군,영동 매천리 도로개설공사(전기),주식회사 세영전력,59606580,90.417,
R26BK01487150,2026-04-30,경기도 의왕시,버스정류소 철거공사,주식회사 금라이엔지,37270701,89.953,
R26BK01486307,2026-04-30,전라북도 남원시 주천면,용담(용담리 342) 아지바우골 배수로 정비공사,주)보광건설,27044600,90.295,29843000
R26BK01488530,2026-04-30,충청남도 서산시,문조선(지곡301호) 농어촌도로 확포장공사,(주)삼희건설,468367457,90.481,
R26BK01483406,2026-04-30,경기관광공사,2026년 평화누리 및 수풀누리 조경관리공사,주식회사 태룡건설,267404000,90.389,
R26BK01488310,2026-04-30,충청남도 부여군,동부여시니어 생활체육센터 보수공사(건축),(주)홍익건설,81884620,90.996,
R26BK01488028,2026-04-30,경기도,경기도검도회관 주차장 개선공사,주식회사 월드에너지,77837101,90.245,
R26BK01487549,2026-04-30,대전광역시 중구,방아미천 소하천 시설물 정비사업,재민건설 주식회사,194483000,90.375,
R26BK01487117,2026-04-30,강원특별자치도교육청 강원특별자치도강릉교육지원청,사천중 인조잔디운동장 및 다목적구장 조성공사 수의계약견적제출공고 안내,주식회사 율곡,173391800,90.329,
R26BK01481500,2026-04-30,서울특별시교육청 서울특별시강동송파교육지원청,서울명일초 본관 및 별관 내외부도장 및 균열보수공사,(주)자오에스지,250188255,90.423,
R26BK01483228,2026-04-30,충청남도 부여군,부여군 규암나루 청년임대주택 건립공사(통신),주식회사 제이원 정보통신,354116888,90.339,
R26BK01483947,2026-04-30,부안중앙농업협동조합,부안중앙농협 고품질쌀 유통활성화사업 집진개보수 지원사업 기계설비공사,주식회사 아이디알시스템,678000000,90.159,
R26BK01487774,2026-04-30,전남광주통합특별시교육청 광주청사,광주광역시교육청해양수련원 수영장 보수 및 방수공사 수의계약 안내공고,서이건설 주식회사,147718654,90.298,
R26BK01488377,2026-04-30,전북특별자치도 익산시,익산 왕궁리유적 배수시설 설치공사,주식회사내담건설,26332300,89.874,
R26BK01482924,2026-04-30,해양수산부 국립수산과학원,양식연구과 뱀장어친어관리동 및 양식생물연구동 수처리시설 개보수 공사,(주)경림이엔지,94033350,90.395,
R26BK01475201,2026-04-28,하남시종합사회복지관,하남시종합사회복지관 화장실 공사 입찰 공고,주식회사 창조하는사람들,45154510,90.255,
R26BK01482976,2026-04-30,충청남도 부여군,부여군 규암나루 청년임대주택 건립공사(소방),주식회사 우주전기통신,349885000,90.269,
R26BK01487801,2026-04-30,전남광주통합특별시 나주시,지방하천 감정천 재해복구사업,(주)희망이앤씨,40815220,90.302,
R26BK01488341,2026-04-30,경상남도 창원시 푸른도시사업소,2026년 덩굴제거사업(진해지구),(주)아름컴퍼니,125597800,91.535,
R26BK01485283,2026-04-30,창원시설공단,의창스포츠센터 수영장 수온관리 개선 공사,주식회사 삼보엔지니어링,21669340,89.988,
R26BK01486413,2026-04-30,경기도 성남시 분당구,2026년 어린이공원 바닥분수 관리공사,(주)효성설비,132424500,90.402,
R26BK01485535,2026-04-29,강원특별자치도 홍천군,서면 두미리 492번지 농업용 취수보 철거 공사,주식회사 백산건설,26843300,90.288,
R26BK01486907,2026-04-30,전북특별자치도 도로관리사업소,2026년 삼거리교 보수보강공사,(유)백강건설,89955526,90.144,
R26BK01482007,2026-04-30,산림청 동부지방산림청 삼척국유림관리소,2026년 임도구조개량사업(매원리 산288 외),양구군산림조합,736606080,87.752,835017000
R26BK01482187,2026-04-30,한경국립대학교,수공학관 외장재 교체공사,에스티코퍼레이션 주식회사,155570200,90.204,
R26BK01487949,2026-04-30,충청남도 천안시 공원녹지사업본부,백석로 완충녹지 환경개선공사,(주)양지조경,127956000,90.204,
R26BK01485551,2026-04-30,경기도교육청 경기도구리남양주교육지원청,학교 유무선 네트워크 개선 3-1차 사업 정보통신공사(5권역),(주)신우퍼스텍,349680130,90.394,
R26BK01487096,2026-04-30,경상남도 김해시,신어천 광장공원 관람석 확장사업,조경숲,186312000,90.699,
R26BK01482943,2026-04-30,경기도청 북부청사,2026년 도유림 사방사업(백둔리),안성시산림조합,265362900,90.507,
R26BK01482589,2026-04-30,서울특별시교육청 서울특별시강남서초교육지원청,[기금회계]서울서래초 교사동 및 강당동 방수공사(신기술특허),영진토건(주),220605810,90.039,
R26BK01488144,2026-04-30,강원특별자치도 정선군,산림목재 클러스터 조성사업(건축-전기),주식회사 국민전기통신,120839692,90.489,
R26BK01483629,2026-04-30,한국철도공사 회계통합센터,★실적제한및철도신호기술자보유★2026년 충북본부 선로전환기 개량 기타공사,한성전기주식회사,625191990,90.421,
R26BK01488289,2026-04-30,경기도 성남시,금광동 17번지 외 3개소 상수관 정비공사,합진건설(주),184956300,90.465,
R26BK01484585,2026-04-30,조달청 대구지방조달청,국립경국대학교 중앙도서관 2층 환경개선 및 기타공사,주식회사 대동에프앤비,1632382090,89.346,
R26BK01486340,2026-04-30,충청북도 청주시,2026년 문화유산 주변 조경관리 및 잔디관리,(주)청운조경,180424500,90.402,
R26BK01482224,2026-04-30,한국농어촌공사 제주지역본부,공사관리관정 유지관리사업 관정 그라우팅 및 시설개선 공사,(주)제주수중모터펌프,74019900,89.822,
R26BK01481994,2026-04-30,산림청 남부지방산림청 양산국유림관리소,2025년 봄철 산불피해지 산사태예방사업(운화),관보건설주식회사,65739190,88.312,
R26BK01496410,2026-04-30,경상남도 남해군,2026년 소나무재선충병 피해목 제거사업(C구역),(주)그린,24738000,90.291,
R26BK01484469,2026-04-30,경기도교육청 경기도광주하남교육지원청,망월초 옥상 및 외벽 방수공사,주식회사 예화엔지니어링,86377230,90.053,
R26BK01487209,2026-04-30,충청북도 충주시,2026년호암직동외1개동LED보안등및등주교체공사,병광전기(주),42429600,90.363,
R26BK01486737,2026-04-30,서울특별시 영등포구,영등포종합사회복지관 내진보강 및 스프링클러설치 건축공사,주식회사 명진건설이엔지,1436364150,89.284,
R26BK01488229,2026-04-30,경상남도 고성군 대가면,가산소하천 생활권 정비사업,주식회사 조광지질,33663750,90.246,
R26BK01429548,2026-04-30,조달청 경남지방조달청,진주기계공업고등학교 실습장 및 청소년 직업체험관 증축 전기공사,(주)이원(E1),1063651434,89.47,
R26BK01485284,2026-04-30,횡성어사품조합공동사업법인,횡성어사품조합공동사업법인 2026년 저장 가공 시설 현대화 지원사업,주식회사 대원지에스아이,200160000,89.987,
R26BK01488067,2026-04-30,경기도 가평군,절골천(상판리 616번지) 재해복구공사,제이제이건설주식회사,47240000,90.258,
R26BK01440920,2026-04-30,조달청 충북지방조달청,만년지구 저수지 준설공사,주식회사 우성건설,365792311,90.224,
R26BK01482804,2026-04-30,경기도 김포시,공공건축물 그린리모델링 공사(거물대2리 경로당),주식회사 대현에이엔디,113642500,90.557,
R26BK01485812,2026-04-30,경상북도 성주군 상하수도사업소,선남면 도흥1리 추가관로 설치공사,대부건설 주식회사,72125600,90.454,
R26BK01487870,2026-04-30,경기도 성남시,"성남수질복원센터 제1, 2처리장 소화조 가스이송배관 교체",(주)하츠,488924200,90.32,
R26BK01482041,2026-04-30,중소기업은행,상무지점 전체 레이아웃 설비공사,창성엔지니어링(주),109449600,91.521,
R26BK01487518,2026-04-30,충청남도 금산군,신대2리(앞재길) 배수개선공사,주식회사우림건설,64183752,90.258,
R26BK01485766,2026-04-30,경상북도 봉화군,서벽3리 주민 힐링센터 건립공사 입찰대행,일호종합건설주식회사,79403111,90.439,
R26BK01485590,2026-04-30,경기도교육청 경기도구리남양주교육지원청,학교 유무선 네트워크 개선 3-1차 사업 정보통신공사(7권역),주식회사 신석,411790380,90.392,
R26BK01489991,2026-04-30,의료법인영서의료재단,충남권역재활병원 건립사업 신축공사 건축(해지 후 잔여공사) 수의계약 [긴급공고],주식회사 학산건설,9356600000,100.0,
R26BK01487509,2026-04-30,경기도 평택시 상하수도사업소,평택성당 일원 노후 상수관로 관세척 공사,(주)동산환경,55866000,89.958,
R26BK01487804,2026-04-30,경상북도 포항시,용흥동 대안지 데크교체 및 수변데크 설치공사,경신조경(주),182507780,90.396,
R26BK01487771,2026-04-30,경기도 안산시,단원구공원 잔디 등 유지관리공사(6공구),(주)시원조경,113480630,90.541,
R26BK01488493,2026-04-30,인천광역시 서해구,건지로 및 염곡로 일원 하수시설물 정비공사,주식회사 케이디교역,118193300,90.336,
R26BK01498508,2026-04-30,한국농어촌공사 경남지역본부 함안지사,백암양수장 양수펌프 교체 공사,주식회사 세한기공,19400000,88.58,
R26BK01488799,2026-04-30,충청북도 단양군,2026년 가로수 전정사업(매포 복자기),단양군산림조합,39432185,89.928,
R26BK01488192,2026-04-30,한국철도공사 회계통합센터,청량리역사 수송원사무실 내진보강 공사에 따른 통신설비 개량공사,(주)무궁화전자,75383400,90.192,
R26BK01487759,2026-04-30,대전광역시 서구,2026년 자녀안심그린숲 조성사업,주식회사 초록마을,111400944,90.114,
R26BK01480016,2026-04-30,강원특별자치도교육청 강원특별자치도원주교육지원청 원주삼육초등학교,"한빛관 보수(체육관,급식실,다목적교실) 소방공사",다원이엔지주식회사,67381182,90.441,
R26BK01486593,2026-04-30,충청남도 부여군,부여군 지방하천(구룡천) 퇴적토 정비사업,녹색건설주식회사,90263780,90.284,
R26BK01497404,2026-04-29,산림청 국립자연휴양림관리소,2026년 국립용대자연휴양림 유지보수사업(연립동 실내환경 개선공사),산림조합중앙회 동부목재사업본부,42417000,90.0,
R26BK01497716,2026-04-29,국가유산청 궁능유적본부 세종대왕유적관리소,세종 영릉 관람관리도로 흙콘크리트포장 정비공사 시행,주식회사 고택,15900000,,
R26BK01486428,2026-04-30,충청북도 청주시,병천천(환희리 25-1) 재해복구공사(호안복구),(주) 신세계건설산업,737507000,90.542,
R26BK01486747,2026-04-30,기후에너지환경부 낙동강유역환경청,낙동강(하류) 상반기(3권역) 예초 및 잡목 제거공사,정운토건 주식회사,263420800,90.603,
R26BK01485713,2026-04-30,경기도 의왕시,바라산자연휴양림 노후관로 교체공사,주식회사 동우건설,81500000,90.475,
R26BK01488644,2026-04-30,경기도 김포시,2026년 도시숲 시설물 유지관리 사업,주식회사 조경솔터,40455062,90.155,
R26BK01463158,2026-04-30,울산광역시 중구,중구생활문화센터 방수공사,(주)한라이엔지,24358210,90.003,
R26BK01488032,2026-04-30,대전광역시 중구,중구문화원 시설 개선 공사(건축),드림건설(주),200682893,90.395,
R26BK01486571,2026-04-30,충청북도 영동군,2026년 간선임도 신설사업(임계지구),주식회사 전진산림기술단,77448000,90.656,85710500
R26BK01473287,2026-04-29,해양수산부 여수지방해양수산청,무인표지 정비공사,(주)이도산업,84379240,90.315,
R26BK01488791,2026-04-30,서울교통공사,동묘앞(1)역 등 19개역 라돈 배기 송풍기 자동제어 설치공사,준제이엔씨(주),318561710,90.353,
R26BK01483415,2026-04-30,한국철도공사 회계통합센터,경부선 부산역 승강장 부분 개량공사,주식회사 서대조경,366522240,90.51,
R26BK01481085,2026-04-29,경기도 안성시,국지도 23호선 상습정체구간 개선사업,대산개발(주),939311000,90.591,
R26BK01488993,2026-04-30,전북특별자치도 군산시,2026년 학교숲(금광초) 조성사업,(유)위텍,132584000,90.163,
R26BK01488210,2026-04-30,경상남도 통영시,2026년 도시공원 풀베기사업(1권역),주식회사 태인개발,94036610,90.422,
R26BK01487538,2026-04-30,양산시산림조합,2026년 산불예방숲가꾸기사업(1차)-홍룡사지구,주식회사늘푸른숲,99611000,89.981,
R26BK01468120,2026-04-30,부산광역시 해운대구,2026년 가로화단(중앙분리화단) 전정공사(2권역),거광조경건설(주),97229000,90.44,
R26BK01496990,2026-04-29,한국농어촌공사 전남지역본부 장성지사,유정저수지 사전방류시설(전도수문) 설치공사,주식회사 한일수기,40000000,100.0,
R26BK01486807,2026-04-30,전남광주통합특별시 여수시,여수 석보 주변정비공사(화장실 신축 등)(전기),건영전기(주),30628960,90.336,
R26BK01486810,2026-04-30,경기도 오산시,오산스포츠센터 수영장 수처리시스템 교체 공사,주식회사 동화플랜트,135077420,90.359,
R26BK01485315,2026-04-29,한국농어촌공사 경북지역본부 영주.봉화지사,안정면 기초생활거점조성사업 전기공사,주식회사 호원전기,137371890,90.455,
R26BK01488728,2026-04-30,전남광주통합특별시 나주시,빛가람대교~노향교 제방도로 확장공사,주식회사 동서개발,292954528,90.537,
R26BK01486556,2026-04-30,충청남도 금산군,남일면 취수장 철거공사,주식회사금산에이치엠에이치,71088034,90.135,
R26BK01493920,2026-04-29,산림청 국립산림과학원 산림생명자원연구부,(공사비)생명공학동 승강기교체(철거) 공사,주식회사 대경엘리베이터,20331300,92.655,
R26BK01488466,2026-04-30,한국철도공사 회계통합센터,경원선 응봉역 결함개소 보수보강 공사,주식회사의조,56028723,89.932,
R26BK01485502,2026-04-30,경상북도 영덕군,매일소하천 매일제 정비공사 견적제출 안내공고,(주)신양건설,26233130,90.584,
R26BK01486680,2026-04-30,경기도 오산시,서부로 보강토옹벽 긴급 보수공사(토목),세영건설 주식회사,83091160,90.317,
R26BK01487118,2026-04-30,경상북도 영덕군,동해안 해맞이 명소화사업(대진캠핑장) 견적제출 안내공고,(주)대성건설,144745050,94.822,
R26BK01482673,2026-04-30,당림미술관,당림미술관 주차장 시설 보강 공사 (현설) (적격) (지역제한),도원건설 주식회사,117535000,91.064,
R26BK01481518,2026-04-30,부산광역시 강서구,2026년 가락대로 일원 녹지대 유지관리 공사,주식회사 엔에스포레,236436630,90.69,
R26BK01485743,2026-04-30,대구광역시달성교육청 현풍중학교,2026년 현풍중학교 교육환경개선사업(간선개체 및 분전반) 전기공사 소액수의 견적제출 안내공고,(주)크린전력,68914341,90.09,
R26BK01487586,2026-04-30,경상남도 창원시,2026년 다목적 CCTV 설치공사,늘푸른통신,35439120,90.269,
R26BK01488793,2026-04-30,전남광주통합특별시 순천시,낙안 금산 마을만들기사업 전기공사,(주)성우전력,55643410,90.338,
R26BK01488795,2026-04-30,전남광주통합특별시 순천시,해룡면 남가리 662-1번지 일원 공용급수관 신설 공사,강림건설주식회사,47340000,89.985,
R26BK01487788,2026-04-30,경상남도 거제시,고현종합시장 외내벽 도장공사,덕원조경건설 주식회사,53329330,90.37,
R26BK01487740,2026-04-30,경기도 안산시,2026년 안산스마트허브 간선도로 정비공사,주식회사 성호시설물관리공사,112226810,90.165,
R26BK01488580,2026-04-30,경상남도 통영시,2026년 도시공원 풀베기사업(5권역),장석건설 주식회사,139959828,90.432,
R26BK01486750,2026-04-30,경상남도,국도79호선 창녕부곡거문 수해복구공사,주식회사 비에스건설,918230240,90.655,
R26BK01478617,2026-04-30,신대구부산고속도로(주),2026년 절토사면 보수공사,동양건설(주),750543790,91.723,
R26BK01477323,2026-04-30,충청남도 홍성군,임득의 장군 묘 정비사업(긴급),주식회사 희찬건설,496158120,90.305,
R26BK01487030,2026-04-30,산림청 북부지방산림청 춘천국유림관리소,2026년 제7차 숲가꾸기(어린나무가꾸기)사업 지명경쟁 입찰 공고,현승영림,43320000,90.292,48193000
R26BK01485854,2026-04-30,경상남도 김해시,대동면 수안리 424번지 일원 구거정비공사,우남건설 주식회사,40247030,90.488,45100000
R26BK01441703,2026-04-30,조달청 전북지방조달청,송산지구 배수개선사업 토목공사,주식회사 삼부종합건설,3153879000,89.58,
R26BK01484885,2026-04-30,충청북도 단양군,단성면 북상하리길 노거수 정비사업,주식회사 청하나무종합병원,27953000,91.722,
R26BK01499298,2026-04-30,한국농어촌공사 전남지역본부 담양지사,"2026년 훼손농지복구(복토, 배수로정비)사업",(주)동부건설,27140000,90.001,
R26BK01485372,2026-04-30,경상북도 영덕군,얼밭골소하천 삼화제 정비공사 견적제출 안내공고,(주)신양건설,24161313,90.646,
R26BK01481689,2026-04-30,중소기업은행,상무지점 전체 레이아웃 건축공사,(주)대상아이디,339850000,90.888,
R26BK01488371,2026-04-30,경상남도 밀양시,청도 구기마을 노인보호구역 정비공사,주식회사 재덕건설,30088500,90.583,
R26BK01488564,2026-04-30,전남광주통합특별시 장성군,우지1교 외 소규모 위험시설 보수·보강공사,(유)지오종합건설,71126200,90.271,
R26BK01487088,2026-04-30,경기도 부천시,2026년도 유효기간도래 디지털 수도계량기 교체공사 단가계약(오정권역1차),이온건설 주식회사,143958210,91.14,156010000
R26BK01479469,2026-04-30,경북 영양군산림조합,2026년 산불피해지 복구조림사업(답곡3지구),영양임업 주식회사,60106340,96.84,
R26BK01482435,2026-04-30,국립한밭대학교,국립한밭대학교 글로컬 용접센터 구축 공사(전기),주식회사 장원전기,212098880,90.353,
R26BK01487968,2026-04-30,한국공항공사 김해공항,대구공항 국제선 격리대합실 유아·임산부 휴게실 조성공사,주식회사 인터건축,29050920,89.961,
R26BK01453090,2026-04-30,경찰청 충청남도경찰청,아산서 사무동 증축 건축공사,태경코퍼레이션(주),1748783783,89.525,
R26BK01485756,2026-04-30,전남광주통합특별시 영암군,호음마을 마을회관 리모델링 건축공사,(유)오복종합건설,96637280,90.298,
R26BK01487650,2026-04-30,대전광역시 중구,중구문화원 시설개선 공사(전기),성림에너지 주식회사,37672784,90.369,
R26BK01486575,2026-04-30,강원특별자치도 인제군,인제읍 덕산지구 군계획도로 개설공사,에스지건설 주식회사,5085203000,88.095,
R26BK01488702,2026-04-30,충청북도 단양군,2026년 가로수 전정사업(천동지구),주식회사 정도개발,46022800,89.94,
R26BK01487045,2026-04-30,경기도 의왕시,버스정보안내단말기(BIT) 이전설치 공사,주식회사 디오이,49923477,89.888,
R26BK01488860,2026-04-30,전북특별자치도 군산시,군산 야외수영장 시설물 보수공사,주식회사 동원코리아,72053460,90.082,
R26BK01453833,2026-04-30,경찰청 충청남도경찰청,아산서 사무동 증축 통신공사,주식회사 하나보안,180697771,90.466,
R26BK01487605,2026-04-30,한국보훈복지의료공단 중앙보훈병원,2026년 중앙보훈병원 중앙관 에스컬레이터(4호기) 스텝체인 등 교체공사,주식회사 광원엘리베이터,44430370,90.383,49505000
R26BK01486560,2026-04-30,충청북도 영동군,용산면 시금리(귀지재) 소규모수도시설 개량사업,보광건설(주),95918800,90.34,
R26BK01473163,2026-04-29,독립기념관,진입광장 조경명소화 및 포장 개선공사,주식회사 명성건설조경,151057580,90.273,
R26BK01486616,2026-04-30,충청남도 논산시,죽산교 보수보강공사,아이지종합건설 주식회사,881836630,90.313,
R26BK01482991,2026-04-30,한국철도공사 회계통합센터,경부선 서울역 화재수신기 교체공사,(주)뉴탑엔지니어링,85070741,89.979,
R26BK01487880,2026-04-30,전남광주통합특별시 상수도사업본부 용연정수사업소,용연정수장 약품투입동 등 3개소 보수공사,현대아이엔지건설 주식회사,164651715,90.441,
R26BK01484391,2026-04-30,강릉영동대학 산학협력단,강릉영동대학교 지역특화 인재양성 플랫폼(ICC) 및 현장미러형 실험실습실 환경개선 공사(건축),복원건설 주식회사,122682150,90.23,
R26BK01485348,2026-04-29,강원특별자치도 홍천군,서면 안굴업천(굴업리 97번지) 유지보수 공사,주식회사 영재건설,46920000,90.295,
R26BK01498440,2026-04-30,한국농어촌공사 충북지역본부 청주지사,서평1배수장외 11개소 경광등 설치공사,주식회사 에이스티앤비,19270000,88.031,
R26BK01496690,2026-04-30,한국농어촌공사 전남지역본부 광주지사,안전사고 방지 반산제 부지 내 안전시설 설치공사,선디자인(주),4250000,89.852,
R26BK01487173,2026-04-30,충청남도 보령시,구내식당 조리실 보수공사,(주)명보건설,21792230,89.941,
R26BK01482808,2026-04-30,한국수산자원공단 서해본부,2026년 부안군 꽃게 산란서식장 자연석 시설,주식회사신동영산업,243184450,90.331,
R26BK01495955,2026-04-30,부산광역시 서울본부,부산광역시 서울본부 리모델링 공사(건축),주식회사비포인트디자인그룹,49437000,92.783,
R26BK01483238,2026-04-30,충청남도교육청 충청남도논산계룡교육지원청,성광온누리학교 외벽방수 및 기타공사,(주)효창건설,215953300,90.34,
R26BK01487033,2026-04-30,전북특별자치도 고창군,공음면 갑촌마을 배수로 정비공사,유한회사 현영건설,20854246,89.934,
R26BK01482471,2026-04-30,경상북도 안동시,예안면 신남리(굼곡) 급수구역 확장사업,다인개발 주식회사,304455876,90.625,
R26BK01483776,2026-04-30,서울특별시 동대문구,2026년 공원 수준향상 정비사업,(주)삼무조경,86872100,90.941,
R26BK01487024,2026-04-30,전북특별자치도 고창군,선운산도립공원 CCTV설치 통신공사 사업,주식회사 봄,21147460,90.47,
R26BK01487262,2026-04-30,경기도교육청 경기관광고등학교,경기관광고 풋살장 설치 전기공사 소액수의 견적제출 안내 공고,주식회사 국제전력건설,106674514,90.28,
R26BK01485510,2026-04-30,전남광주통합특별시 광산구,용아로(장덕동 1012번지) 노후가로등 밝기개선사업,주식회사 한일전기,60667290,90.021,
R26BK01485677,2026-04-30,부산시설공단,서면지하도상가 서면몰 중간문(자동문) 설치공사,청수건설(주),78597120,90.152,
R26BK01488552,2026-04-30,강원특별자치도교육청 강원특별자치도원주교육지원청,강원과학고 급식소 증축 냉난방기 설치공사 소액수의 안내공고,주식회사 씨앤씨테크,77756829,90.208,
R26BK01487997,2026-04-30,경기도 가평군,우묵천(상판리 292-24번지) 재해복구공사,(주)장원건설,62362550,89.986,
R26BK01484233,2026-04-30,경기도 수원시,영흥수목원 증식온실 설치 공사,(주)청림,89536747,90.019,
R26BK01479419,2026-04-30,신대구부산고속도로(주),영업소 캐노피 및 톨부스 재도장공사,주식회사 세림건설산업,284513118,91.848,
R26BK01485528,2026-04-30,전남광주통합특별시 광산구,소촌동‧우산동‧운남동 어린이보호구역 개선사업,주식회사 이하우스,40740580,90.06,
R26BK01486566,2026-04-30,강원특별자치도 인제군,북면 커피나무 맞은편(원통리 469-2번지) 주민편의 주차장 조성사업,유현건설 주식회사,42520172,90.283,
R26BK01474240,2026-04-30,강원특별자치도 도로관리사업소 태백지소,2026년 지방도424호선 백전2교 보수보강공사,(합)다원건설,68352800,90.83,
R26BK01499495,2026-04-30,한국농어촌공사 전남지역본부 광주지사,2026년 농업생산기반시설(지산배수간선 외) 정비공사,주식회사 우리건설,24650000,88.01,
R26BK01486778,2026-04-30,충청남도 금산군,제원면 의용소방대 청사 신축공사,(유)백상,1049754000,89.511,
R26BK01486093,2026-04-30,국방부 전쟁기념사업회,전쟁기념관 호국 추모실 개선 전기공사,진경파워콤 주식회사,46357360,90.269,
R26BK01481163,2026-04-30,충청남도교육청 충청남도청양교육지원청,청송초등학교 외부환경개선공사,서원종합건설 주식회사,302259000,90.336,
R26BK01486600,2026-04-30,전북특별자치도 김제시,진봉면 가실리 배수로 정비공사,유한회사 광운건설,37419902,89.94,
R26BK01486572,2026-04-30,충청남도 서천군 상하수도사업소,취약지역급수관로설치사업(기산 가공리 1공구) 입찰 공고(긴급),영재건설 주식회사,204605460,90.337,
R26BK01419687,2026-04-30,조달청 대전지방조달청,근흥지구 배수개선사업 토목공사,주식회사조일종합건설,12741644705,87.801,
R26BK01485572,2026-04-30,전남광주통합특별시 광산구,운남주공2단지 주변 보도정비공사,(유)해주토건,53049052,90.365,
R26BK01472973,2026-04-30,인천교통공사,인천2호선 인천대공원~운연 사면 보강공사,그린에너지개발주식회사,830470800,90.169,
R26BK01484289,2026-04-30,강원특별자치도 삼척시 노곡면,여삼리 3반 마을안길 정비사업,주식회사 창조,44426800,90.346,
R26BK01482620,2026-04-30,전북특별자치도교육청 전북특별자치도순창교육지원청,금과초 외 1교(풍산초) 외벽수선 및 기타공사,유한회사 삼오,256826000,90.434,
R26BK01486782,2026-04-30,충청남도 태안군,활곡어촌계 어장진입로 정비사업,주식회사 동광이앤씨,66882330,89.983,
R26BK01488432,2026-04-30,전북특별자치도 군산시,시청사 화장실 및 조리원실 환경개선공사(전기),주식회사 재정전력,44878710,90.296,
R26BK01486473,2026-04-30,경기도 양주시,노인복지통합지원센터 리모델링 공사(통신),주식회사 디아이엔아이,68202019,90.352,
R26BK01480318,2026-04-30,경상남도 창원시,진해구 부경신항수협 주변 노후수도관 교체공사,제이에스건설산업 주식회사,293795800,90.583,
R26BK01488611,2026-04-30,경상남도 통영시,도산 연도 잔교 설치공사,두인기업,32930320,90.101,
R26BK01497071,2026-04-29,한국농어촌공사 충남지역본부 공주지사,동현동 소규모 수리시설개보수공사,주식회사 송원산업개발,19747000,89.996,
R26BK01487357,2026-04-30,양산시산림조합,2026년 산불예방숲가꾸기사업(1차)-석계지구,주식회사우양,131529700,89.973,
R26BK01479563,2026-04-27,한국농어촌공사 경남지역본부,2026년 경남 제3권역 배수펌프장 펌프 긴급 점검 정비공사,주식회사 덕산이엔지,166264260,90.848,
R26BK01487316,2026-04-30,부산광역시 연제구,부산경상대학교 일원 도로정비공사,주식회사 정록건설,85742947,90.035,
R26BK01486608,2026-04-30,경기도 오산시,서부로 보강토옹벽 긴급 보수공사,에스와이신영건설 주식회사,314513020,90.165,
R26BK01487914,2026-04-30,전북특별자치도 김제시,2026년 동부권 재난대비 공공하수처리구역 하수도 기계준설공사(총액단가),(유)가인산업,480500,90.579,
R26BK01488254,2026-04-30,전남광주통합특별시 보성군,벌교읍 중로 1-9도로 재포장 공사,현성토건주식회사,26187490,90.106,
R26BK01487221,2026-04-30,산림청 동부지방산림청 삼척국유림관리소,2026년 숲가꾸기(어린나무가꾸기)사업 4차 지명경쟁 입찰,가곡산림경영영림단,103600000,89.785,115238000
R26BK01486474,2026-04-30,경기도 양주시,노인복지통합지원센터 리모델링 공사(소방),(주)신우전기엔지니어링,82793406,90.426,
R26BK01488248,2026-04-30,강원특별자치도 고성군,도원리 마을안길 개설공사,주식회사 원암,28055450,90.267,
R26BK01486932,2026-04-30,경상북도 영양군,반변천(선바위지구)정비공사,백운건설 주식회사,128382530,90.353,
R26BK01497121,2026-04-30,서울특별시 서울아리수본부 북부수도사업소,2026년 신상계가압장 전력공급 이중화 전기공사,주식회사 신안전설,33245000,92.785,
R26BK01483562,2026-04-30,대구광역시 상수도사업본부 달서사업소,다사~왜관간 광역도로 건설공사에 따른 상수도시설물 이설 공사,주식회사 제이티건설,44911140,90.271,
R26BK01487884,2026-04-30,경상남도 함양군 함양읍,2인 이상 견적 제출 안내 공고[죽곡마을 안길 아스콘 덧씌우기사업],주식회사 형제,23809043,90.298,
R26BK01483475,2026-04-30,충청남도 공주시,반포면 마암2리(125-3)용수관로 설치 공사,주식회사보물개발,30694800,89.977,
R26BK01481878,2026-04-30,전남광주통합특별시 종합건설본부,신덕지하차도 등 2개소 LED조명 교체공사,(주)금성전력산업,227288823,90.0,
R26BK01487285,2026-04-30,경상북도 영양군,"2026년 1차 빈집정비사업(입암면,석보면) 철거공사",정임건설 주식회사,66912500,90.062,
R26BK01487256,2026-04-30,충청북도 제천시 농업기술센터,송계2리 마을만들기사업 건축공사,성원건설(주),298067160,90.408,
R26BK01453237,2026-04-30,조달청 강원지방조달청,한국항공고 그린스마트스쿨 조성 교사동 증축 및 부대시설공사,주식회사 경도종합건설,5042109840,88.802,
R26BK01486138,2026-04-30,충청남도 아산시,도고천 안전사고 예방 및 환경개선 공사,주식회사 다원건설,246566260,90.583,
R26BK01477055,2026-04-30,세종특별자치시교육청 세종특별자치시교육청학교지원본부,세종고등학교 창호개선 및 기타공사,주식회사 상진산업건설,142977600,90.175,
R26BK01488587,2026-04-30,충청남도 서산시,2026년 소나무 가로수 전정사업,고려임업주식회사,88937940,89.958,
R26BK01487902,2026-04-30,경기도 안양시,도매시장 관련상가 소화설비 교체공사,(주)에이스원소방전기,134451100,90.335,
R26BK01484511,2026-04-30,전북특별자치도교육청 전북특별자치도임실교육지원청,청웅중 외 1교(삼계중) 상시전원 분리 및 기타 전기공사,주식회사 미르엘텍,26897887,90.106,
R26BK01487111,2026-04-30,강원특별자치도교육청 강원특별자치도화천교육지원청,산양초 교사동 화장실 보수공사,주식회사 미일사,151405076,90.502,
R26BK01481653,2026-04-30,서울대학교병원,"방사선종양학과 3, 5 치료실 재배치공사(설비)",(주)일경엔지니어링,64357067,94.902,
R26BK01472069,2026-04-30,울산광역시 중구,2026년 공원등 유지·보수 단가계약,주식회사 경동이앤에스,32095440,90.167,
R26BK01483986,2026-04-30,충청남도 공주시,2026 공주 동학사 목조석가여래삼불좌상 주변정리(흰개미 방제),인디고문화재그룹,32977000,90.277,
R26BK01482084,2026-04-30,산림청 동부지방산림청 삼척국유림관리소,2026년 임도구조개량사업(임원리 산1 외),주식회사백두개발,771866970,87.816,872877000
R26BK01486821,2026-04-30,충청남도 태안군,학암포 소규모하수처리시설 증설사업 전기 및 계측제어 공사(입찰대행),큰빛전설주식회사,294107281,90.415,
R26BK01497897,2026-04-30,한국농어촌공사 경북지역본부 안동지사,2026년 용배수로 수문설치 및 교체공사,(주)대광기공,17540000,87.999,
R26BK01488829,2026-04-30,경상남도 하동군,2026년 상반기 소나무재선충병 피해목제거사업 (전도-화개 가시권)(1지구),주식회사 갑인,82703000,89.94,
R26BK01488828,2026-04-30,경상남도 하동군,2026년 상반기 소나무재선충병 피해목제거사업 (전도-화개 가시권)(2지구),유한회사 해솔,138176785,90.404,
R26BK01497691,2026-04-30,한국농어촌공사 경북지역본부 구미김천지사,해동2양수장 토출관로 교체공사,동국건설 주식회사,11800000,90.145,
R26BK01488760,2026-04-30,전북특별자치도 군산시 기후환경국,옥도면 연도리 일원 하수관 정비공사,주식회사 기룬,28940850,90.081,
R26BK01486615,2026-04-30,충청남도 부여군,진틀소하천 유지보수공사,주식회사 석용건설산업,26765315,90.499,
R26BK01488555,2026-04-30,충청남도 아산시,학성천 수해복구공사(선창3지구) 취소공고 및 새로공고,가현건설주식회사,64768540,90.008,
R26BK01482668,2026-04-30,국립한밭대학교,국립한밭대학교 글로컬 용접센터 구축공사(기계),주식회사 제이씨이엔씨,271650850,90.191,
R26BK01487387,2026-04-30,경기주택도시공사,매입임대주택 수원 주신시티빌 옹벽 보강공사,엔제이환경건설 주식회사,218674783,90.632,
R26BK01488551,2026-04-30,강원특별자치도 철원군,2026년 산불예방 숲가꾸기,철원군산림조합,101250300,90.34,112112000
R26BK01488832,2026-04-30,경상남도 하동군,적량 군도7호선 (관리지구) 선형개량사업 건축물철거공사,주식회사 청화,26412000,91.093,
R26BK01482241,2026-04-30,바오로교실,바오로교실 화장실 환경조성 사업,가목건축(주),20532600,89.966,
R26BK01485546,2026-04-30,전남광주통합특별시 광산구,선암동 초등학교 어린이보호구역 개선사업,(주)이집,49431510,90.144,
R26BK01500394,2026-04-30,한국농어촌공사 경북지역본부 달성지사,달성군정비사업(26년) 현내용수간선 정비공사,주식회사 로하스기술,41000000,89.912,
R26BK01488710,2026-04-30,경기도 안성시,구포동 청소년휴카페 설치 리모델링 공사,주식회사 피움,83075086,89.962,
R26BK01485531,2026-04-29,전북특별자치도교육청 전북특별자치도김제교육지원청,김제검산초 운동장정비 및 기타공사,유한회사 유림건설,72647943,90.377,
R26BK01485862,2026-04-30,부산광역시교육청 부산광역시서부교육지원청,부산체육고등학교 교내포장 및 기타공사 소액수의 견적공고,(주)흥일토건,62122162,90.222,
R26BK01484518,2026-04-30,강원특별자치도교육청 강원특별자치도원주교육지원청 원주삼육초등학교,"원주삼육초등학교 한빛관보수(체육관,급식실,다목적교실)전기공사",주식회사 티케이이앤씨,125034300,90.422,
R26BK01479323,2026-04-30,강원특별자치도 춘천시 상하수도사업본부,2026년 상수도시설 확충공사(동산면 원창리 149-12번지 일원),한빛이앤지 주식회사,110315452,90.59,
R26BK01496458,2026-04-30,경상남도 남해군,2026년 소나무재선충병 피해목 제거사업(D구역),남해군산림조합,41430000,90.159,
R26BK01485574,2026-04-30,경기도교육청 경기도구리남양주교육지원청,학교 유무선 네트워크 개선 3-1차 사업 정보통신공사(6권역),주식회사 건담이엔씨,161964835,90.396,
R26BK01488498,2026-04-30,경기도 과천시,여과지 미세여과시설 설치공사,(주)삼흥건설,45131930,90.188,
R26BK01487126,2026-04-30,울산광역시 동구,대왕암공원 생태공원 정비사업 전자 입찰 공고(긴급),(주)수림개발,224050430,90.281,
R26BK01485956,2026-04-30,한국수산자원공단제주본부,2026년 제주 바다숲 1년차 용수리해역 자연석 시설,주식회사 현일건설,196196260,90.216,
R26BK01439554,2026-04-30,조달청 경남지방조달청,진주기계공업고등학교 실습장 및 청소년 직업체험관 증축 기계설비공사,주식회사 중앙산업설비,318905290,90.332,
R26BK01493109,2026-04-30,한국농어촌공사 영산강사업단,금호1-2공구 8호 배수로 외 2개소 퇴적물제거사업,주식회사  광림토건,19300000,88.544,
R26BK01488562,2026-04-30,충청북도 옥천군,2026년 농어촌 빈집정비 지원사업,주식회사 하나그린,20821840,89.996,
R26BK01488737,2026-04-30,강원특별자치도 동해시,(입찰대행) 북평동행정복지센터 청사 화장실 개선 공사,(주)유에스,52083000,90.268,
R26BK01472193,2026-04-30,해양수산부 포항지방해양수산청,국립등대박물관 시설물 보수·보강공사,아성건설 주식회사,278624000,90.3,
R26BK01485872,2026-04-30,한국수산자원공단제주본부,2026년 제주 바다숲 1년차 태흥2리해역 자연석 시설,주식회사 현일건설,197616630,90.33,
R26BK01488765,2026-04-30,전남광주통합특별시 나주시,빛가람 복합문화체육센터 내 청춘놀이터 조성 인테리어 공사(통신),전산정보시스템,22767227,90.425,
R26BK01488155,2026-04-30,세종특별자치시,달전2리 마을경관 정비공사,세종토건산업 주식회사,60515210,90.302,
R26BK01486761,2026-04-30,경상남도 창원시 상수도사업소,의창구 팔용동 522-3번지 주변 노후수도관 교체공사,일원건설 주식회사,179819200,90.927,197900000
R26BK01486857,2026-04-30,경상북도 포항시 맑은물사업소,북구 기계면 지가1리 급수 공사,아당건설 주식회사,89462600,90.36,
R26BK01483718,2026-04-30,경기도 평택시,평택여중사거리 일원 도로정비공사,정주건설주식회사,207508770,90.351,
R26BK01488390,2026-04-30,경기도 가평군,26년 위임국도75호선 우수받이 준설 공사,태광건설(주),26257853,90.208,
R26BK01482006,2026-04-30,중소기업은행,상무지점 전체 레이아웃 전기공사,주식회사 태광이엔지,110509900,90.508,
R26BK01486635,2026-04-30,전북특별자치도 장수군,장수군 하수관거 준설공사 (단가계약) 수의계약 안내공고(지역제한 전북특별자치도),주식회사 덕연건설,96563900,90.784,
R26BK01487265,2026-04-30,양산시산림조합,2026년 산불예방숲가꾸기사업(1차)-백록지구,주식회사 아마존,102068000,90.313,
R26BK01483056,2026-04-30,한국농어촌공사 경기지역본부,2026년 지하수자원관리사업 관측망 설치공사,주식회사 경기중앙개발,225426800,90.131,
R26BK01485205,2026-04-30,경상북도 영덕군,오보소하천 오보제 호안정비공사 견적제출 안내공고,주식회사 보건건설,96181300,90.412,
R26BK01488667,2026-04-30,대구광역시 도시관리본부,성서국민체육센터 수영장 냉각기 설치공사,주식회사 다음에어텍,23647360,90.31,
R26BK01483171,2026-04-29,강원특별자치도 강릉시 상하수도사업소,연곡면 삼산1리 장수원(안마을)소규모 수도시설 노후관로 교체공사,마루산업 주식회사,129546000,96.581,
R26BK01488221,2026-04-30,전남광주통합특별시 보성군,득량면 중로 3-16 측구 정비공사,유한회사 도원건설,36168900,90.114,
R26BK01488503,2026-04-30,강원특별자치도 철원군,도시구역내 시설(문화마을 도로개설) 유지관리사업,(주)세현건설,48197360,90.683,
R26BK01482935,2026-04-29,국립한밭대학교,국립한밭대학교 N10동 전기실 외 1개소 증축공사(건축토목),다원종합건설 주식회사,369267700,90.207,
R26BK01498449,2026-04-30,한국농어촌공사 경남지역본부 함안지사,칠북면 화전리 외 3개소 용수로 보수 공사,태영건설 주식회사,30000000,88.459,
R26BK01495227,2026-04-30,서울특별시 서북병원,전기공사 시행_간호간병통합서비스 병동(34병동) 조명환경 개선,대현전력(주),15665500,97.0,
R26BK01499107,2026-04-30,한국농어촌공사 경북지역본부 의성.군위지사,창평3용수간선 개거수로 긴급 보수공사,성진건설(주),7300000,,
R26BK01483156,2026-04-30,충청남도 부여군,부여군 규암나루 청년임대주택 건립공사(전기),천둥이앤지(주),343736000,90.457,
R26BK01483601,2026-04-30,한국공항공사 김해공항,포항경주공항 조경시설 유지관리공사,주식회사 태영건설,95025001,90.614,
R26BK01488786,2026-04-30,전남광주통합특별시 나주시,빛가람 복합문화체육센터 내 청춘놀이터 조성 인테리어 공사(전기),주식회사 해송종합건설,34117000,90.363,
R26BK01486270,2026-04-30,원주시산림조합,2026년 어린나무가꾸기사업 2지구,주식회사엔에프,71437100,91.444,
R26BK01487090,2026-04-30,서울특별시 서울아리수본부 영등포아리수정수센터,"2026년 풍납취수장 조류차단막, 오일휀스 철거 및 설치공사",주식회사 씨모닝,43123770,90.182,
R26BK01488700,2026-04-30,대구광역시 달성군,2026년 구지 국가산업단지 녹지 및 조경지 잔디 유지관리 공사,(주)양신농원개발,188173500,90.444,
R26BK01487368,2026-04-30,대구광역시 서구,2026년 상리공원 편의시설 개선공사,주식회사 거양,110722900,90.168,
R26BK01487365,2026-04-30,경상북도 영양군,"2026년 1차 빈집정비사업(일월면,수비면) 철거공사",주식회사 대양개발,38389100,89.961,
R26BK01487146,2026-04-30,충청북도 도로관리사업소 북부지소,위임국도 59호선 향산도로 배수시설 개선사업,주식회사 범우피씨,54949863,91.063,
R26BK01483320,2026-04-30,전남광주통합특별시 광주청사,광주예술의전당 연습실 마감재 교체 공사,주식회사 디자인502,271571000,90.382,
R26BK01488880,2026-04-30,전북특별자치도 군산시,"시청사 화장실 및 조리원실 환경개선공사(건축,기계)",유한회사소통종합건설,365066800,90.314,
R26BK01486288,2026-04-30,원주시산림조합,2026년 어린나무가꾸기사업 3지구,주식회사엔에프,56252300,90.604,
R26BK01486401,2026-04-30,충청북도 청주시,병천천(환희리 267) 재해복구공사(호안복구),동아산업개발주식회사,357677500,90.34,
R26BK01464393,2026-04-30,서울특별시 도봉구,도봉구 노후불량 하수관로 정비사업 (1구역),주식회사 조은에스디아이,1561635140,89.903,
R26BK01487930,2026-04-30,전북특별자치도 김제시,2026년 서부권 재난대비 공공하수처리구역 하수도 기계준설공사(총액단가),유한회사 으뜸환경건설,482691,90.88,
R26BK01488480,2026-04-30,경상남도 통영시,2026년 도시공원 풀베기사업(2권역),주식회사 수피아,85657400,90.413,
R26BK01488600,2026-04-30,충청북도 청주시,정북동 토성 진입로 개설공사,삼부종합건설 주식회사,485023639,91.342,
R26BK01488626,2026-04-30,경상남도 통영시,도천 민양항 부잔교 설치공사,주식회사 태인건설,28373100,90.303,
R26BK01484265,2026-04-30,경상북도 안동시 남선면,[입찰대행공고]남선면 외하리 상무수무 마을회관(경로당) 신축공사,대림종합개발 주식회사,170997690,90.485,
R26BK01486848,2026-04-30,경기도 구리시,노후 가로등 분전함 교체 공사,디케이전기,24246000,90.514,27298700
R26BK01499487,2026-04-30,산림청 동부지방산림청 태백국유림관리소,2026년 산림유역관리사업(작은거무소골),산림조합중앙회 동부산림사업본부,707250000,89.745,
R26BK01488578,2026-04-30,인천광역시 서해구,침수방지시설 추가설치공사(단가계약),주식회사 늘품건설,123849700,90.187,
R26BK01488346,2026-04-30,강원특별자치도교육청 강원특별자치도화천교육지원청,다목초 교사동 화장실 보수공사,주식회사 화인건설,51642270,90.376,
R26BK01485561,2026-04-30,전남광주통합특별시 광산구,침수취약지역 내 일체형 맨홀 추락방지시설 설치공사,유한회사하우젠공조시스템,20411100,89.976,
R26BK01486465,2026-04-30,충청남도 아산시,"아산제2테크노밸리 일반산업단지 관리사무소 신축공사(건축, 토목, 기계)",에이치종합건설 주식회사,756289000,90.239,
R26BK01484880,2026-04-30,전남광주통합특별시 광주도서관,사직도서관 냉·난방 개선 전기공사,(유)해인전력,150099022,90.54,
R26BK01485027,2026-04-30,전북특별자치도 군산시,시청사 창호 열차단필름 설치공사,(유)진포건설,99905990,90.696,
R26BK01481959,2026-04-30,충청남도 아산시 미래도시관리사업소,충남 다문화 특화거리 조성사업 도로정비공사(신창면),주식회사 아산특수공영,27978700,91.367,
R26BK01486477,2026-04-30,충청남도 아산시,아산제2테크노밸리 일반산업단지 관리사무소 신축공사(전기),주식회사 엠에프이앤아이,119309475,90.361,
R26BK01488161,2026-04-30,충청북도 청주시,구미리 취약지역 생활여건 개조사업(화재방지시설),(주)예주엔지니어링,24030360,89.959,
R26BK01483564,2026-04-30,경상북도 안동시,안동 안동권씨 능동재사 추원루 보수공사,일호종합건설주식회사,1097996233,89.691,
R26BK01497604,2026-04-30,경상남도 합천군 농업기술센터,2026년 산불진화임도 개설사업(가야성기지구),합천군산림조합,458518000,88.744,
R26BK01486973,2026-04-30,신장림사랑채노인복지관,신장림사랑채노인복지관 8층 강당 마루 교체 공사,(주)에스엠실내건축,12809956,89.78,
R26BK01485052,2026-04-30,경상북도교육청 영천전자고등학교,영천전자고등학교 교육환경대수선 및 기타공사,한동산업(주),746095000,90.176,
R26BK01482233,2026-04-30,충청남도 아산시 미래도시관리사업소,충남 다문화 특화거리 조성사업 도로 및 우수관로 정비공사(둔포면),우승기업(주),95210531,90.685,
R26BK01488664,2026-04-30,대구광역시 달성군,옥포 본리리 823-2번지선 본리천 하상정비공사,(주)창조산업개발,138764457,90.37,
R26BK01486618,2026-04-30,전북특별자치도 김제시,진봉면 고사리 농로포장공사,유한회사 제이씨건설,29634190,90.21,
R26BK01486604,2026-04-30,충청남도 부여군,절골소하천 하천유지관리사업,주식회사 정동건설,42417210,90.461,
R26BK01478847,2026-04-30,강원특별자치도교육청 강원특별자치도평창교육지원청 호명초등학교,호명초등학교 샌드위치판넬 교체공사,주식회사 인디자인,56910297,91.022,62626000
R26BK01483749,2026-04-30,경기도 포천시,고모리 수리시설 정비사업,대윤건설(주),137749410,90.336,
R26BK01487053,2026-04-30,경상남도 김해시,"2026년 삼중, 소방공원 시설 개선사업",주식회사 한라조경,49649100,89.87,
R26BK01486255,2026-04-30,충청남도 아산시,2026년 직장운동경기부 하키팀 합숙소 환경개선공사,(주)조은이앤씨,77503000,90.05,
R26BK01489125,2026-04-30,전남광주통합특별시 해남군,현산 봉림 농로 정비공사,주식회사대촌건설,28643300,90.243,
R26BK01485286,2026-04-30,강원특별자치도 원주시,문막읍 동화리 동화초등학교 앞 노후상수관(D80) 교체공사,주식회사 한성토건,58448640,90.408,
R26BK01485901,2026-04-30,경상남도 김해시,무계지하차도 대피유도시설 설치공사,정안건설(주),201881880,90.47,
R26BK01486601,2026-04-30,충청남도 부여군,수목천 제방 보강공사,세림건설(주),55471080,90.201,
R26BK01482986,2026-04-30,대구광역시 서구,평리3동 주민자치센터 환경개선 건축(설비)공사,주식회사 신동양기업,108165348,90.032,
R26BK01488798,2026-04-30,경상남도 진주시,진주시 매립장사업소 임시사무실 설치공사(전기),주식회사 혜광전기감리,165858998,90.478,
R26BK01481592,2026-04-30,경상북도 영덕군 시설체육사업소,영덕 강구대게축구장 노후 스포츠조명 교체공사 견적제출 안내 공고,주식회사 동성,159181225,90.203,
R26BK01453978,2026-04-30,경찰청 충청남도경찰청,아산서 사무동 증축 소방공사,주식회사 재우전기,93969900,90.458,
R26BK01487836,2026-04-30,경상남도 함양군 함양읍,2인 이상 견적 제출 안내공고[송전마을 배수로 정비사업],주식회사 솔로몬건설,39896900,90.264,
R26BK01484914,2026-04-30,경기도 포천시,포천천 저탄소 수변공원화사업,명성종합건설 (주),1798669000,89.367,
R26BK01471050,2026-04-30,법무부 대구지방교정청 부산구치소,부산구치소  구내 우수 분리배출 관로 및 경사로 포장 등 설치 공사 소액수의 견적서 제출 안내 공고,동강포장건설 주식회사,67724340,89.939,
R26BK01488776,2026-04-30,재단법인 부산정보산업진흥원,지하주차장 환경개선 공사(BCC),디자인마루건설(주),165118320,90.374,
R26BK01463408,2026-04-30,충청남도 홍성군,동서트레일 등 조성사업(오서산 산촌마을펜션 리모델링),디자인주식회사,175739700,90.425,
R26BK01496485,2026-04-30,경기도 평택시 안중출장소,급경사지 변위계 설치사업,(주)지성하이텍,28028260,89.744,
R26BK01480380,2026-04-30,전남광주통합특별시 무안청사,용곡-황죽간 지방도 확포장공사,주식회사 해진종합건설,2717040945,89.695,
R26BK01488575,2026-04-30,충청북도 단양군,2026년 가로수 전정사업(용진지구),대형산업 주식회사,27517600,89.905,
R26BK01499374,2026-04-30,한국농어촌공사 경북지역본부 성주지사,도흥1 배수간선 외 2개소 퇴적물제거공사,주식회사 원진건설,31020000,88.014,
R26BK01487823,2026-04-30,경상남도 밀양시,2026년 상반기 밀양아리랑대공원 외 1개소 유지관리사업,주식회사 유화,35514700,90.335,
R26BK01486597,2026-04-30,충청남도 부여군,부여군 지방하천(합수천) 퇴적토 정비사업,거산이앤씨 주식회사,28411354,90.262,
R26BK01488291,2026-04-30,한국철도공사 회계통합센터,경전선 광양역 조명타워 조명설비 개량공사,주식회사 석수,72123610,89.918,
R26BK01479777,2026-04-30,경북 영양군산림조합,2026년 산불피해지 복구조림사업(답곡4-1지구),주식회사 수비검마산임업,20951000,95.462,
R26BK01484952,2026-04-30,충청북도 단양군,청사 수변전설비 교체공사,주식회사 예성전기,194605717,90.154,
R26BK01496297,2026-04-30,경상남도 남해군,2026년 소나무재선충병 피해목 제거사업(B구역),주식회사 숲드림,39230000,90.196,
R26BK01487246,2026-04-30,전남광주통합특별시 서구,동남아파트 주변 침수방지 압송관 설치사업,주식회사 건설구일일,78680690,91.0,
R26BK01486302,2026-04-30,원주시산림조합,2026년 어린나무가꾸기사업 4지구,주식회사엔에프,76958900,90.115,
R26BK01486694,2026-04-30,전북특별자치도 전주시 완산구,당산로·성지산로 은행나무 암수교체사업,(주)가림조경,78263000,90.145,
R26BK01486614,2026-04-30,경상남도 함안군,"칠원도서관 책마루 조성사업(건축,기계)",주식회사 태산종합건설,2089602350,89.363,
R26BK01488784,2026-04-30,경상남도 진주시,진주시 매립장사업소 임시사무실 설치공사(토목·건축·기계),일진종합건설 주식회사,2018561990,89.333,
R26BK01478688,2026-04-30,고용노동부 광주지방고용노동청 전주지청,고용노동부전주지청 실내건축 공사 수의시담 견적서 제출 안내 공고,주식회사 소유산업개발,199913470,92.799,
R26BK01487196,2026-04-30,전북특별자치도 도로관리사업소,2026년 지방도 와룡육교 보수보강공사,주식회사 시원건설,193321770,90.189,
R26BK01482444,2026-04-30,경기도 이천시,이천 어재연고택 안채 및 광채 긴급보수공사,성현문화 주식회사,444232500,90.384,
R26BK01488870,2026-04-30,경상북도,국도59호선 구미(옥성~선산)지구 포장도 보수공사,(주)석지산업,116418010,90.819,
R26BK01488249,2026-04-30,한국철도공사 회계통합센터,전라선 익산-동익산 간 1.300km 외 27개소 비탈사면점검로 설치공사,주식회사에스제이디자인건축,187160345,90.281,
R26BK01486140,2026-04-30,부산광역시교육청 부산광역시서부교육지원청,사남초등학교 다목적강당 증축 및 기타 소방공사 소액수의 견적공고,주식회사창진,60242950,90.273,
R26BK01482355,2026-04-30,서울대학교병원,의학연구혁신센터 지하1층 연구공간 확장공사(건축),(주)엘앤피디자인,188039093,90.389,
R26BK01488572,2026-04-30,경상남도 통영시,2026년 도시공원 풀베기사업(4권역),주식회사 진명건설조경,99914100,90.446,
R26BK01485610,2026-04-30,경기도교육청 경기도구리남양주교육지원청,학교 유무선 네트워크 개선 3-1차 사업 정보통신공사(8권역),엘케이전력 주식회사,359216280,90.39,
R26BK01481596,2026-04-30,경상남도 창원시 하수도사업소,"중앙동, 용지동 일원 하수맨홀 추락방지시설 설치공사",합자회사 진보토건,48451000,90.771,
R26BK01485287,2026-04-30,경상남도 고성군 농업기술센터,양덕마을 공동주차장 정비공사,주식회사금강,31264600,90.296,34420000
R26BK01487484,2026-04-30,경상북도 구미시,인동 마제지 게이트볼장 정비공사,서원종합건설 주식회사,75179680,90.187,
R26BK01488147,2026-04-30,충청남도 천안시 공원녹지사업본부,성성3지구 완충녹지 보완공사,주식회사 청산조경,179565160,90.192,
R26BK01482216,2026-04-30,부산광역시 해운대구,재송동 1269번지 일원 하수관로 정비 전기공사,동진건설전기 주식회사,33637893,90.191,
R26BK01488486,2026-04-30,충청남도 서산시,2026년 가로수 보호틀 주변 정비사업(단가계약),청송조경(주),2241411,90.39,
R26BK01488688,2026-04-30,울산광역시산림조합,2026년 산불예방숲가꾸기사업(범서구영2지구),(주)동성산업개발,90433400,89.91,101200000
R26BK01481799,2026-04-30,전북특별자치도교육청 전북특별자치도익산교육지원청,성당중 옥상방수공사,유한회사 성운개발,36213850,89.919,
R26BK01485053,2026-04-30,경상북도 경주시,대본항 정비사업,주식회사 대현건설,84290150,91.421,
R26BK01448362,2026-04-30,조달청 광주지방조달청,"문흥동성당 일원 우수저류시설 설치사업(토목, 기계)",브이산업 주식회사,8181490000,88.532,
R26BK01486881,2026-04-30,경기도 성남시 수정구,어린이공원 및 놀이터 재정비 사업(고등동 등),주식회사 나루홀딩스,79134000,89.898,
R26BK01488487,2026-04-30,강원특별자치도 철원군,가로수 보호틀 정비사업,주식회사 우솔,28229660,90.102,
R26BK01483755,2026-04-30,경상북도 청도군,각남지구농어촌생활용수개발사업,(주)한솔종합건설,1663171800,89.715,
R26BK01488720,2026-04-30,강원특별자치도 동해시,부곡동행정복지센터 재난창고 건축공사,현웅종합건설주식회사,52999190,90.166,
R26BK01488331,2026-04-30,제주특별자치도,해양수산연구원 어류 사육동 살균시스템 등 장비설치공사 (사업소),주식회사 우성이엔씨,139602378,90.394,
R26BK01487333,2026-04-30,경상북도 봉화군,다덕약수관광지 주차장 진출입로 개량공사,주식회사 홍익건설,30284700,90.172,
R26BK01486393,2026-04-30,경기도 안산시,수암봉 공영주차장 사면정비 및 경관개선공사,크리스탈산업 주식회사,58703664,90.252,
R26BK01486507,2026-04-30,전남광주통합특별시 장흥군,2026년 솔잎혹파리 나무주사사업,한빛산림 유한회사,21762686,89.808,
R26BK01488454,2026-04-30,울산광역시산림조합,2026년 산불예방숲가꾸기사업(범서구영3지구),(주)영훈임업,96423200,89.864,107030000
R26BK01463412,2026-04-30,서울특별시,2026년 신림동 등 10개동 배급수관 정비공사,덕정산업 주식회사,1128295400,90.071,
R26BK01395964,2026-04-30,조달청,탑천(월하지구) 지방하천 정비공사,盛寶建設産業 株式會社,35800620287,93.278,
R26BK01485278,2026-04-29,전남광주통합특별시교육청 전남광주통합특별시장흥교육지원청,장흥용산초·중 부대시설 보수 공사(유리캐노피 설치),(주)에스엔지,54503140,90.213,
R26BK01498123,2026-04-30,한국농어촌공사 전남지역본부 해남.완도지사,월호저수지  임시양수장 외 2개소 수중모터펌프 개보수 기계공사,주식회사 양현이엔지,40500000,92.391,
R26BK01496937,2026-04-30,서울특별시 서울아리수본부 암사아리수정수센터,"활성탄지 1, 2계열 역세펌프 1호기 정비공사",(주)일우엔텍,41283000,92.785,
R26BK01486726,2026-04-30,전북특별자치도 전주시 완산구,2026년 완산구 관내 지방하천 풀베기사업(1차 단가계약),유한회사 풍경아트,35731000,89.804,
R26BK01488196,2026-04-30,충청북도 청주시,구미리 취약지역 생활여건 개조사업(빈집정비공사),오투건설(주),31411630,89.939,35035000
R26BK01482586,2026-04-30,경기도 의정부시,2026년 노후계량기 교체공사(서측권역),주식회사 성문엔지니어링,735171660,90.548,
R26BK01486484,2026-04-30,충청북도 영동군,남성리(소로2-326) 군계획도로 개설사업 전기공사,(주)영동전력,29849330,91.041,
R26BK01488475,2026-04-30,울산광역시산림조합,2026년 산불예방숲가꾸기사업(범서구영4지구),주식회사 그린숲,78747024,90.105,88660000
R26BK01486953,2026-04-30,충청북도 도로관리사업소 북부지소,위임국도 59호선 벌천도로 배수시설 개선사업,주식회사 동이건설,31735888,90.905,
R26BK01396845,2026-04-30,조달청,과천과천 공공주택지구 부지조성공사(2공구),양우종합건설 주식회사,56420515000,93.709,
R26BK01496411,2026-04-30,서울특별시 서울아리수본부 중부수도사업소,중부수도사업소 청사 냉난방기 추가 설치 공사(전기),주식회사 테큐아이엔씨,5492700,92.783,
R26BK01481390,2026-04-29,산림청 중부지방산림청 부여국유림관리소,2026년 임도구조개량 시설공사(서산 산수),주식회사솔향산림,288669000,88.522,326848000
R26BK01488298,2026-04-30,충청북도 청주시 서원구,남이 구미리 마을안길 정비공사,대길포장건설(주),41068000,90.628,
R26BK01453180,2026-04-30,조달청 인천지방조달청,굴포하수처리시설 가스포집기 수선공사,주식회사 에스와이시스템,664917938,90.416,
R26BK01480203,2026-04-30,경기도 안산시,2026년 등산로(숲길) 유지관리공사,(주)삼림,57312230,90.428,
R26BK01488491,2026-04-30,경기도 남양주시 도로관리사업소,2026년 교통약자 보행환경 개선공사 풍양권역,해솔건설 주식회사,60527300,90.574,
R26BK01497476,2026-04-30,충청북도 증평군 수도사업소,2026년 율리 마을상수도 철거부지 사면안정공사,(주)현창건설,19764000,90.0,
R26BK01495687,2026-04-30,경상남도 남해군,2026년 소나무재선충병 피해목 제거사업(A구역),주식회사 금산,23297000,90.442,
R26BK01483084,2026-04-30,서울특별시 은평구,통일로65길 3-4 외 1개소 원형관로 보수공사,(주)거람,438958000,90.38,
R26BK01486824,2026-04-30,경기도 의왕시,바라산 유아숲 체험원 보완사업,주식회사 탑에코,24562900,89.987,27388000
R26BK01488506,2026-04-30,강원특별자치도 횡성군,상대지구 도민제안 재해취약지역 정비사업,주식회사 우진,186524120,90.523,
R26BK01480335,2026-04-30,강원특별자치도 영월군,영월 청령포 소나무재선충병 방제사업,신한나무종합병원 주식회사,86072000,90.649,
R26BK01486764,2026-04-30,충청남도 태안군,만리포해수욕장 모래 보충사업,지성이엔지(주),53702100,89.924,
R26BK01486745,2026-04-30,충청남도 태안군,동부시장 노외주차장 아스콘 덧씌우기 공사,합자회사 상일건설,27445928,90.287,
R26BK01485422,2026-04-30,경기도 수원시 영통구,그린나래어린이공원 리모델링공사,주식회사동지,183783700,90.573,
R26BK01487730,2026-04-30,서울특별시,데이터센터 노후 전력 계통 정비 및 UPS 이중화에 따른 전기공사,주식회사도연전기,1538418900,89.346,
R26BK01488589,2026-04-30,전남광주통합특별시 장성군,동화2교 외 소규모 위험시설 보수·보강공사,주식회사 조황,88883326,90.405,
R26BK01487110,2026-04-30,경상북도 영양군,동천 연당제 정비공사,주식회사 고은조경앤나무병원,95922100,90.454,
R26BK01474250,2026-04-30,강원특별자치도 도로관리사업소 태백지소,2026년 지방도415호선 녹구만1교 보수보강공사,주성건설(합),140023220,90.537,
R26BK01464208,2026-04-30,한국공항공사 항공기술훈련원,항공기술훈련원 관제교육동 시설개선 공사,대화건설 주식회사,1114379000,89.361,
R26BK01478439,2026-04-30,경기도 평택시 상하수도사업소,숙성4리 도시계획도로 개설공사(전체분),주식회사 월드뷰종합건설,625285810,90.378,
R26BK01487274,2026-04-30,부산광역시 북구,2026년 구포동 당숲 보호사업,태림나무종합병원 주식회사,46863000,91.036,
R26BK01487273,2026-04-30,전북특별자치도 도로관리사업소,2026년 장남 3교 보수보강공사,주식회사 아남건설,123782360,90.008,
R26BK01486712,2026-04-30,경기도 오산시,2026년 도시공원 잔디유지관리공사(7구역_수청근린공원 외 10개소),주식회사 청림,71790820,90.521,
R26BK01488715,2026-04-29,서울특별시 서북병원,서북병원 노통연관식 보일러 연관 교체 공사 시행,(주)한국엔지니어링,49400000,95.0,
R26BK01482947,2026-04-30,충청북도 청주시,미원면 화창리(숫골) 소규모수도시설 노후관 교체공사,금강중기건설주식회사,299445000,90.401,
R26BK01486622,2026-04-30,전북특별자치도 장수군,연동천 세천 유지관리사업 수의계약 안내공고,유한회사 청록건설,21880000,90.822,
R26BK01499014,2026-04-30,한국지역난방공사 광주전남지사,2026년 22.9kV 가스절연개폐기 정밀점검 및 가스교체 공사,만보전력주식회사,8382000,88.01,
R26BK01450994,2026-04-30,조달청 서울지방조달청,경찰청 본관 화장실 환경개선 전기공사,문화전기(주),205518343,90.473,
R26BK01487186,2026-04-30,경상남도 창원시,창원특례시 평생학습관 실내 인테리어 전기공사,경일전기엔지니어링,74217776,90.418,
R26BK01486482,2026-04-30,충청남도 아산시,아산제2테크노밸리 일반산업단지 관리사무소 신축공사(통신),우리이앤아이(주),47996810,90.441,
R26BK01487645,2026-04-30,서울특별시 동작구,상도동 일대 배수개선공사,동보진흥건설(주),759826750,91.38,
R26BK01481470,2026-04-30,경상남도 창원시 하수도사업소,진해물재생센터 최초침전지(5지) 보수공사,정훈토건(주),146460650,90.325,
R26BK01488407,2026-04-30,전북특별자치도 전주시 완산구,2026년 완산구 기린공원 등산로 정비사업,미주조경 주식회사,76517850,90.248,
R26BK01487125,2026-04-30,전남광주통합특별시 여수시,해산IC교 보수보강공사(특허공법 포함),영우포장건설(주),75726090,90.086,
R26BK01487448,2026-04-30,경기도 가평군 하수도사업소,산유 외 4개소 하수관로 누수 개량사업,주식회사 제이앤케이,161897420,90.62,180376000
R26BK01485362,2026-04-30,경상남도 고성군 농업기술센터,덕촌마을 공동주차장 정비공사,주식회사 서현건설,46922000,90.284,51920000
R26BK01488509,2026-04-30,경상남도 통영시,2026년 도시공원 풀베기사업(3권역),주식회사 진명건설조경,72864120,90.568,
R26BK01484636,2026-04-30,한국과학기술원,동측식당(E5) 주방시설 개선공사(기계),協盛機械設備 株式會社 (협성기계설비주식회사),252333698,90.871,
R26BK01484452,2026-04-30,한국폴리텍대학 전남캠퍼스,한국폴리텍대학 전남캠퍼스 식당 조리실 환기설비 개선 기계설비공사,정상냉동엔지니어링,154815751,90.014,
R26BK01483581,2026-04-30,재단법인 한국엘피지사업관리원,논산시 황화정3리마을 LPG배관망 구축사업 시설공사,(주)홍도엔지니어링,407202342,90.371,
R26BK01481499,2026-04-30,경상남도 창원시 하수도사업소,의창구 창원천 일원 하수관 오접정비공사,주식회사 에스.엠.엔지니어링,109991940,90.473,
R26BK01481827,2026-04-30,인천광역시교육청 인천보건고등학교,(긴급)인천보건고등학교 장애인편의시설(승강기) 설치공사,주식회사 한성종합건설,534306000,90.074,
R26BK01485394,2026-04-30,경기도 수원시 영통구,참새어린이공원 리모델링공사,누리조경건설주식회사,104188000,90.65,
R26BK01499015,2026-04-30,한국어촌어항공단,양양군 물치항 어촌뉴딜사업 물치커뮤니티센터 신축공사(건축-소방),주식회사네오플럭스,8100000,,
R26BK01487185,2026-04-30,경기도 수원시 영통구,매탄공원 여가문화 활동정원 조성공사,주식회사 지엠조경,83408172,90.132,
R26BK01496965,2026-04-30,한국농어촌공사 전남지역본부 장성지사,화산저수지 조절수문 전동식 밸브 교체공사(군비),주식회사 양현이엔지,16500000,97.76,
R26BK01486617,2026-04-30,전북특별자치도 장수군,사치 배수로  설치공사 수의계약 안내공고,유한회사 예인건설,33436200,89.962,
R26BK01489120,2026-04-30,전남광주통합특별시 해남군,삼산 계동 도로측구 정비공사,유한회사 신해건설,25092000,90.286,
R26BK01487933,2026-04-30,경기도 가평군,행랑천(상판리 382-3번지) 재해복구공사,대호건설(주),72585710,90.268,
R26BK01488117,2026-04-30,강원특별자치도 영월군,예담고 예정 부지 내 유휴시설 철거공사,신광환경합자회사,31990000,90.503,
R26BK01483155,2026-04-30,한국공항공사 김포공항,김포공항 국제선 수하물처리시설 증설 전기공사,서광이앤아이(주),93254000,90.324,
R26BK01485844,2026-04-30,경상북도 성주군 상하수도사업소,선남면 도흥2리 추가관로 설치공사,천우건설(주),71388050,90.604,
R26BK01479202,2026-04-30,고용노동부 중부지방고용노동청 영월출장소,고용노동부 영월출장소 석면 해체 후 마감 공사,주식회사 이음디자인,196537000,91.961,
R26BK01485192,2026-04-30,강원특별자치도 원주시,귀래면 주포리 142번지 일원(절안마을~경천묘) 상수관 설치공사(2차-1구간),(주)거상건설,182403001,90.59,
R26BK01483666,2026-04-29,충청남도 아산시,아산 봉곡사 대웅전 및 고방 흰개미 방충공사,(주)세계유산연구원,62100000,91.504,
R26BK01483088,2026-04-30,한국철도공사 회계통합센터,★기술자 및 실적보유★경부고속선 1단계구간 전차선 마모개소 교체 공사(2026년),(주)삼영기업,625279570,90.539,
R26BK01486795,2026-04-30,충청남도 태안군,신진도어촌계 어장진입로 정비사업,주식회사 동광이앤씨,78445380,90.237,
R26BK01488306,2026-04-30,전북특별자치도 익산시,2026년 산업단지 등 관내 가로등 유지보수 단가,주식회사 디엠티,13161730,90.088,
R26BK01486605,2026-04-30,전북특별자치도 김제시,진봉면 신흥마을 농로포장공사,주식회사 범아건설,56094300,90.239,
R26BK01486843,2026-04-30,경상남도 함양군 함양읍,2인 이상 견적 제출 안내 공고[중촌뜰 용수로 정비사업],주식회사 미래건설,94844500,90.541,
R26BK01483230,2026-04-30,서울특별시 서울아리수본부 뚝도아리수정수센터,뚝도아리수정수센터 노후 영상감시설비 개량공사,주식회사 에이앤티플러스,49104000,92.783,
R26BK01486009,2026-04-29,국립공주대학교산학협력단,RISE사업단 사무실 환경개선 공사(건축),(주)부건건설산업,582089700,90.359,
R26BK01486161,2026-04-29,국립공주대학교산학협력단,RISE사업단 사무실 환경개선 공사(기계설비),주식회사 금광건설,201688680,90.199,
R26BK01485428,2026-04-30,부산광역시 영도구,2026년 주요간선도로 녹지대 유지관리사업,진목조경,90467450,90.883,
R26BK01487446,2026-04-30,경상북도 칠곡군,왜관일반산업단지 노후공공시설물(도로) 정비공사,수정산업개발(주),110152000,90.345,
R26BK01488463,2026-04-30,경기도 과천시,"과천지식정보타운 S11BL 국공립어린이집 인테리어 공사(건축, 기계)",주식회사 세미디자인,88969517,90.131,
R26BK01487679,2026-04-30,전남광주통합특별시교육청 전남광주통합특별시광주동부교육지원청,문화초 강당동 방수공사 수의계약 안내공고,능인건설(주),108277314,90.251,
R26BK01479366,2026-04-30,강원특별자치도 춘천시 상하수도사업본부,2026년 상수도시설 확충공사(송암동 701-1번지 일원),(주)보령건설,39036000,90.195,
R26BK01487328,2026-04-30,국립공주대학교산학협력단,RISE사업단 사무실 환경개선 공사(소방),주식회사 태경방재이앤씨,43277540,90.322,
R26BK01488570,2026-04-30,경상북도 의성군,2026년 산사태예방사업(동변2지구),주식회사 우주 (wooju),32078000,89.929,
R26BK01484496,2026-04-30,경상남도 창원시,마산야구센터 수영장 시설 개선공사(전기),주식회사 비전이엔지,70517850,90.552,
R26BK01495098,2026-04-30,한국농어촌공사 경남지역본부 울산지사,2026년 울주군 공기업대행사업(신복양수장 전력공급방식 변경공사),지에스전력,34800000,89.996,
R26BK01488205,2026-04-30,경기도 성남시,2026년 국도 및 국지도 보도 정비공사,주식회사 대한티엘,436482730,90.429,
R26BK01488679,2026-04-30,전남광주통합특별시 나주시,2026년 시직영 양묘장 기반조성사업,투에이치건설주식회사,207177900,90.319,
R26BK01499079,2026-04-30,한국농어촌공사 전남지역본부 장성지사,화산저수지 사전방류시설(전도수문) 설치공사,(주)덕유,40000000,88.93,
R26BK01484523,2026-04-30,전남광주통합특별시교육청 전남광주통합특별시해남교육지원청,북평중 하프돔 다목적 체육시설 증축공사,주식회사 진흥,70595785,90.599,
R26BK01487519,2026-04-30,강원특별자치도 태백시,2026년 시청사 조경수목 전지전정 공사,주식회사 삼강건설,31996228,90.338,
R26BK01481855,2026-04-30,한국철도공사 회계통합센터,경부선 대구역 등 조명제어설비 개량공사,영진전력,112231043,89.967,
R26BK01486579,2026-04-30,충청남도 서천군 상하수도사업소,급배수관로 확장사업(비인 성북리) 수의계약 견적제출 공고,한울이엔텍 주식회사,139237932,90.537,
R26BK01486640,2026-04-30,경상남도 함양군 병곡면,2인 이상 견적 제출 안내 공고(도천2소하천 정비사업),주식회사 운성건설,48417640,90.313,
R26BK01487016,2026-04-30,양산시산림조합,2026년 산불예방숲가꾸기사업(1차)-내석지구,주식회사우양,84852600,90.727,
R26BK01474256,2026-04-30,강원특별자치도 도로관리사업소 태백지소,2026년 국지도88호선 곡동교 교량보수보강공사,주식회사 하나건설,38388136,90.952,
R26BK01483787,2026-04-30,서울특별시 동대문구,배봉산공원 체육시설 현대화공사,남우산업개발(주),107518000,90.238,
R26BK01480379,2026-04-30,울산광역시 북구 문화예술회관,북구문화예술회관 승강기 정밀안전검사 부품 설치공사,동양텍엘리베이터(주),29894000,90.101,
R26BK01454801,2026-04-30,조달청 경남지방조달청,진주기계공업고등학교 실습장 및 청소년 직업체험관 증축 통신공사,대원에스엔티(주),343281690,90.466,
R26BK01487802,2026-04-30,경기도 안산시,안산역 서측 공영주차장 외 1개소 유지보수공사,주식회사 승익토건,97401800,90.576,
R26BK01487528,2026-04-30,경상북도 영양군,"2026년 1차 빈집정비사업(영양읍,청기면) 철거공사",부자건설 주식회사,37281700,90.464,
R26BK01487672,2026-04-30,충청남도 보령시,보령시 수소터빈 시험연구센터 신축공사(건축)_차수,혜창종합건설(주),3702567700,89.348,
R26BK01486166,2026-04-30,경상북도 경주시 맑은물사업본부,동천동 창신상가 외 1개소 하수관로 정비공사(2차),주식회사 영진건설,80677440,91.381,
R26BK01483721,2026-04-30,천안도시공사,2026년 도솔공원 외부녹지 유지관리공사,제이에스스톤,53301312,90.318,
R26BK01488030,2026-04-30,한국농어촌공사 전북지역본부 순창지사,순창읍 중앙로일원 도시재생사업(보행자친화마실길 외 2개) 전기공사,주식회사 한빛전기,95355420,90.453,
R26BK01487739,2026-04-30,경상남도 거제시,2026년 교통사고 잦은 곳 개선사업,(주)대동건설,69203500,90.834,
R26BK01480290,2026-04-30,강원특별자치도 영월군,영월 흥녕사지 징효대사탑비 소나무재선충병 방제사업,송악나무병원 주식회사,143621000,90.475,
R26BK01488225,2026-04-30,충청북도 청주시,형동리 431-2 일원 급수(신설)공사,주식회사 한일,32249835,90.636,
R26BK01488748,2026-04-30,대구광역시 달성군,유가 군도4호선(양리 193번지) 배수로 정비공사,주식회사 삼우개발,98093000,91.081,
R26BK01485191,2026-04-29,충청남도 아산시,아산 윤일선가옥 흰개미 방충공사,진성문화유산,24847000,91.354,27590000
R26BK01486343,2026-04-30,서울특별시 서초구,방배동 909-6 ~ 936-4 사각형거 보수공사,동양강재건설(주),903868920,90.416,
R26BK01497112,2026-04-30,국가유산청 국립고궁박물관,국립고궁박물관 지하수장고 배수펌프 교체 및 전시실 집수조 준설 공사,주식회사 대원산업,16919100,90.0,
R26BK01482612,2026-04-30,경상북도 안동시,서구동 지방상수도 원격검침 시스템 구축 사업,주식회사 세윤,247862000,90.498,
R26BK01486171,2026-04-30,기후에너지환경부 낙동강유역환경청,낙동강(하류) 상반기(1권역) 예초 및 잡목 제거공사,주식회사 명지조경건설,247798900,90.596,
R26BK01488286,2026-04-30,전북특별자치도 익산시,2026년 주요도로 생활민원 도로보수 공사(단가계약 4차),세림건설 주식회사,17676360,90.208,
R26BK01487468,2026-04-30,산림청 동부지방산림청 삼척국유림관리소,2026년 숲가꾸기(어린나무가꾸기)사업 5차 지명경쟁 입찰,대승영림단,132660000,89.592,147566000
R26BK01479825,2026-04-30,경북 영양군산림조합,2026년 산불피해지 복구조림사업(답곡4-2지구),범진임업 주식회사,51221600,98.556,
R26BK01488197,2026-04-30,전남광주통합특별시 보성군,2026년 망제산 공중화장실 설치 기반공사,주식회사 에스엠산업개발,70590476,90.175,
R26BK01486703,2026-04-30,기후에너지환경부 낙동강유역환경청,낙동강(하류) 상반기(2권역) 예초 및 잡목 제거공사,주식회사 경남조경수,263763040,90.614,
R26BK01486154,2026-04-30,경상북도 문경시,호계면 구산리(393) 우수관로 정비공사,주식회사청풍건설,20884480,90.306,
R26BK01486683,2026-04-30,서울특별시 송파구,잠실 트리지움 자전거도로 개선공사,보문건설(주),352371320,91.116,
R26BK01489122,2026-04-30,전남광주통합특별시 해남군,화산 월호 마을안길 정비공사,주식회사 두륜건설,64990200,90.285,
R26BK01479675,2026-04-30,강원특별자치도교육청 강원특별자치도정선교육지원청,함백초 다목적실 치장벽돌 보강공사,미르건설(합),125641937,90.181,
R26BK01499341,2026-04-30,한국농어촌공사 경기지역본부 파주지사,법흥배수장 외 1개소 전기인입설비 보수공사,이테크 주식회사,8019000,90.0,
R26BK01489123,2026-04-30,전남광주통합특별시 해남군,해남 기동 농로 정비공사,민아건설 주식회사,32791740,90.361,
R26BK01479813,2026-04-29,부산항만공사,2026년 감천항 3부두 확장구역 오수처리시설 설치공사,지원건설 주식회사,134239000,90.514,
R26BK01499155,2026-04-30,한국농어촌공사 경북지역본부 의성.군위지사,덕지1용수간선 외 7개소 수문 보수공사,신화이엔지,11850000,,
R26BK01487263,2026-04-30,서울특별시,2026년 문정동 외 14개동 상수도공사(장기계속단가계약),용인토건,939012740,90.653,
R26BK01486804,2026-04-30,기후에너지환경부 낙동강유역환경청,낙동강(하류) 상반기(4권역) 예초 및 잡목 제거공사,주식회사 나폴리조경,267586000,90.6,
R26BK01489124,2026-04-30,전남광주통합특별시 해남군,해남 안동 농로 정비공사,대동개발(주),25409755,90.265,
R26BK01451612,2026-04-30,조달청 대구지방조달청,수질오염 통합방제센터 구축사업 소방공사,三和建業 株式會社,787881191,90.332,
R26BK01487244,2026-04-30,경기도 고양시,싸릿말교 등 7개소 보수보강공사,세영건설산업(주),152736000,92.073,
R26BK01487710,2026-04-30,전북특별자치도 도로관리사업소,2026년 지방도 799 익산 왕궁 동용 덧씌우기 공사,(유)아일건설,87250300,89.994,
R26BK01487476,2026-04-30,전북특별자치도 도로관리사업소,2026년 지방도 702호 김제 진봉 고사 덧씌우기 공사,부경건설 주식회사,68262800,89.978,
R26BK01484643,2026-04-30,충청남도 홍성군,2026년 무궁화동산 조성사업,남산조경,85417866,89.914,
R26BK01487575,2026-04-30,전남광주통합특별시 광양시,금호동 백운아트홀 앞 육교 및 금당육교 정비공사,주식회사 미승기술개발,169561760,90.423,
R26BK01485661,2026-04-30,강원특별자치도 양양군,2026년 상반기 다목적용 CCTV설치 공사,주식회사  바다정보통신,33932460,91.018,
R26BK01488547,2026-04-30,충청북도 단양군,2026년 한전 배전선로 지장 가로수 전정사업,주식회사 정도개발,44631800,90.282,
R26BK01499583,2026-04-30,경기도 이천시,이천시청 종합민원실 환경개선 공사,조은디자인 주식회사,45000000,90.0,
R26BK01457301,2026-04-30,조달청 강원지방조달청,KTC 삼척 수소 전주기 계량 신뢰성센터 구축공사(건축),성진종합건설(합),2111852900,89.339,
R26BK01482680,2026-04-30,서울특별시 금천구,금나래아트홀 리모델링 건축음향공사,희성실내건축 주식회사,400220300,90.386,
R26BK01486408,2026-04-30,경기도 안산시,2026년 노적봉공원 장미원 유지관리공사,주식회사 은봉조경,34229130,90.402,
R26BK01486573,2026-04-30,강원특별자치도 인제군,인제 합강정 지붕보수공사,대헌주식회사,257476000,90.554,
R26BK01485437,2026-04-30,대전교통공사,현충원역 환승주차장 보수공사(2차),대영개발(주),70117808,89.981,
R26BK01487719,2026-04-30,양산시산림조합,2026년 산불예방숲가꾸기사업(1차)-원효암지구,주식회사 일오삼,155955800,89.961,
R26BK01487100,2026-04-30,전남광주통합특별시 여수시,덕양교 보수보강공사(특허공법 포함),오륜기업(주),35624070,90.042,
R26BK01479834,2026-04-30,강원특별자치도교육청 강원특별자치도횡성교육지원청,[2권역] 2026년 수목 전정 및 벌목 공사(갑천초 외 13개교),자연애조경 주식회사,88713034,90.479,97111000
R26BK01482043,2026-04-30,경상남도 통영시,용남면 대곡마을 진입도로 개설공사,창진종합건설(주),551440200,90.4,
R26BK01486015,2026-04-30,부산광역시교육청 부산광역시서부교육지원청,사남초등학교 다목적강당 증축 및 기타 정보통신공사 소액수의 견적공고,주식회사 호암이엘,88709962,90.452,
R26BK01486808,2026-04-30,충청남도 태안군,창기1리어촌계 어장진입로 정비사업,주식회사 동광이앤씨,82861590,89.895,
R26BK01482785,2026-04-28,전북특별자치도 고창군,고창읍성 성상로 보수정비공사,주식회사 영화문화재,79540000,90.424,
R26BK01487795,2026-04-30,양산시산림조합,2026년 산불예방숲가꾸기사업(1차)-용당지구,주식회사아름다운,55200000,90.543,
R26BK01488311,2026-04-30,경상남도 창원시 푸른도시사업소,2026년 덩굴제거사업(합포3지구),(주)아름컴퍼니,110405600,90.74,
R26BK01484056,2026-04-30,공주교육대학교,공주교대 일락관 옥상 방수공사[특허공법] 소액수의 견적공고,주식회사 자연건축,97057000,90.155,
R26BK01485297,2026-04-30,경상남도 고성군 고성읍,소규모 공공시설물 정비사업(사동세천) 소액수의 견적제출 공고(수정),合資會社 大洋開發,44330000,90.274,
R26BK01487029,2026-04-30,경기도 부천시,2026년도 유효기간도래 디지털 수도계량기 교체공사 단가계약(소사권역1차),청솔건설(주),166753290,90.551,183980000
R26BK01483566,2026-04-30,강원특별자치도 춘천시 상하수도사업본부,동산면 원창(2) 농어촌마을하수도 건설공사(전기 및 계측제어),주식회사삼진전기,380737718,90.277,
R26BK01488820,2026-04-30,경상남도 하동군,하동읍 읍내 인도정비사업(덕천빌딩~교육청),세강종합건설 주식회사,372877890,90.319,
R26BK01463695,2026-04-30,조달청 인천지방조달청,매음지구 다목적농촌용수개발사업 전기공사,주식회사 대현전력,334965720,90.417,
R26BK01482524,2026-04-29,국립한밭대학교,국립한밭대학교 동아리관(N12) 환경개선공사(전기),(주)한성시스코,128830000,90.455,
R26BK01498419,2026-04-30,한국농어촌공사 충북지역본부 청주지사,공공임대용 농지매입사업 훼손농지 복구공사,(주)동덕건설,24830000,88.009,
R26BK01453306,2026-04-30,경찰청 충청남도경찰청,아산서 사무동 증축 전기공사,세명전기 주식회사,176135996,90.524,
R26BK01488635,2026-04-30,광운대학교,(재공고)유선 통신설비(교환기) 녹취시스템 구축 공사 용역,동양씨엔티주식회사,28548974,89.776,
R26BK01488363,2026-04-30,전북특별자치도 익산시,고봉로어린이공원 노후시설 정비사업,주식회사신토성건설,34376300,90.406,
R26BK01488271,2026-04-30,경기도 가평군,석거천(운악리 673번지) 재해복구공사,대성건설주식회사,59098902,89.959,
R26BK01488347,2026-04-30,경기도 성남시,"소각로 1,2호기 내화물 교체공사",(주) 월드이앤테크,386650000,90.206,
R26BK01487601,2026-04-30,강원특별자치도 태백시,2026년 우기대비 관로준설공사,주식회사 진성,179838800,91.604,
R26BK01488739,2026-04-30,전북특별자치도 군산시 기후환경국,신풍동 상습침수구역 트렌치 설치공사,유한회사 무결건설,24320600,90.204,
R26BK01487910,2026-04-30,경기도교육청 경기관광고등학교,경기관광고 풋살장 설치 토목공사 소액수의 견적제출 안내 공고,부강건설산업주식회사,217729400,90.146,
R26BK01485448,2026-04-30,세종특별자치시,송문교 보수보강공사,에스지한빛건설 주식회사,79185700,90.726,
R26BK01486595,2026-04-30,충청남도 부여군,부여군 지방하천(장벌천) 퇴적토 정비사업,세림건설(주),25549990,90.316,
R26BK01488318,2026-04-30,경상남도 밀양시,소규모하수처리시설 노후 송풍기 교체공사,태양이엔지 주식회사,40415538,90.538,
R26BK01495174,2026-04-30,한국농어촌공사 경남지역본부 울산지사,울산지사 배수장 조명 일괄제어시스템 구축공사,주식회사 조은안전,15690000,90.048,
R26BK01456420,2026-04-30,조달청 강원지방조달청,한국항공고 그린스마트스쿨 조성 교사동 증축 전기공사,(주)태경,672249380,90.415,
R26BK01488734,2026-04-30,대구광역시 달성군,구지 창리 1514번지 일원 인도개설공사,성진건설(주),29688400,90.157,
R26BK01487610,2026-04-30,부산광역시 연제구,한양타워아파트 일원 도로정비공사,애니건설(주),66532170,90.026,
R26BK01483650,2026-04-30,한국철도공사 회계통합센터,★실적제한및철도신호기술자보유★충북본부 관내 노후 신호제어설비 유지보수 공사,원흥이엔씨 주식회사,351507800,90.323,
R26BK01483274,2026-04-30,경기도 평택시 송탄출장소,라이프아파트사거리 및 장당 보도육교 캐노피 설치공사,(주)복문철강공업,774391500,91.164,
R26BK01497520,2026-04-29,산림청 국립자연휴양림관리소,2026년 국립용대자연휴양림 산림문화휴양관 보수공사,산림조합중앙회 동부목재사업본부,98645000,89.999,
R26BK01480259,2026-04-30,강원특별자치도 영월군,영월 선돌 소나무재선충병 방제사업,푸른나무병원,40704200,90.557,
R26BK01488071,2026-04-30,경상북도 경주시,선도 능남소하천 정비공사,한서건설(주),78940200,90.415,
R26BK01485485,2026-04-30,전남광주통합특별시 광산구,소촌동 상공회의소 주변 보도 정비공사,(주)두발건설,96344046,90.396,
R26BK01488813,2026-04-30,충청남도 당진시 건설도시국 수도과,2026년 상수도시설물 예초공사,주식회사 한누리조경,55488500,90.397,
R26BK01480321,2026-04-30,강원특별자치도 영월군,영월 한반도지형 소나무재선충병 방제사업,주식회사 솔뫼나무병원,80120000,90.303,
R26BK01476896,2026-04-30,경기도 안산시 상록구,2026년 상록구 어린이공원 풀깎기공사,시민조경,38727400,90.722,
R26BK01467958,2026-04-30,부산광역시 해운대구,2026년 가로화단(중앙분리화단) 전정공사(1권역),주식회사 윤슬이엘,82948012,90.325,
R26BK01484620,2026-04-30,단양노인복지관,단양노인복지관 경로식당(주방) 바닥 보수공사,강동건설 주식회사,41805775,89.983,
R26BK01486602,2026-04-30,전북특별자치도 김제시,진봉면 상궐리 농로포장공사,유한회사 태산기술,50992810,90.31,
R26BK01487583,2026-04-30,전남광주통합특별시교육청 전남광주통합특별시광주동부교육지원청,문우초 등 2교(오치초) 외벽방수공사 수의계약 안내공고,주식회사 불스테크,137262052,90.047,
R26BK01488550,2026-04-30,충청북도 제천시,2026년 밀원단지 조성사업(모정지구),주식회사예원임업,146319000,89.949,
R26BK01464842,2026-04-30,한국농어촌공사 충북지역본부 옥천.영동지사,영동읍 농촌중심지활성화사업 사회복지센터 및 복지회관 건립 토목건축공사,주식회사 보현건설,6543839000,88.679,
R26BK01488304,2026-04-30,전남광주통합특별시 보성군,조성면 중로 2-9 배수로 정비공사,진형건설 주식회사,38914400,90.319,
R26BK01488251,2026-04-30,경상남도 창원시 푸른도시사업소,2026년 덩굴제거사업(합포1지구),주식회사 혜송,106038051,90.322,
R26BK01486919,2026-04-30,경기도 부천시,2026년도 유효기간도래 디지털 수도계량기 교체공사 단가계약(원미권역1차),(주)대솔이앤지,184468500,90.49,
R26BK01488529,2026-04-30,전남광주통합특별시 장성군,2026년 필암서원 식생관리사업,우리나무병원(주),90891980,92.521,
R26BK01485847,2026-04-30,경기도교육청 경기도안양과천교육지원청,안양덕현초 임시교사(모듈러교실) 부대토목공사,성진건설(주),71754820,90.128,
R26BK01486690,2026-04-30,경기도 고양시 덕양구,화중로 일원 보행환경개선사업,(주)주원이엔씨,119203200,90.862,
R26BK01486268,2026-04-30,경상남도교육청 진주여자고등학교,진주여자고등학교 배수로 및 수중펌프 설치 공사 수의계약 안내공고,청호건설(주),44653870,90.373,
R26BK01487157,2026-04-30,대구광역시 수성구,황금동 일원 등 하수관로 및 빗물받이 정비공사,주식회사 주원건설,44243580,90.492,
R26BK01488280,2026-04-30,경상남도 창원시 푸른도시사업소,2026년 덩굴제거사업(합포2지구),주식회사 태솔,115196000,90.439,
R26BK01479196,2026-04-27,경기도 용인시 원삼면,2026년 원삼면 지방하천 한천 풍수해예방 소규모 준설사업,보성건설엔지니어링 주식회사,98640830,89.879,
R26BK01488627,2026-04-29,경상남도 산청군,[수의시담] 2026년 간선임도 신설사업(신등모례지구),산청군산림조합,197359000,89.745,
R26BK01495997,2026-04-30,경상남도 산청군,2026년 소나무 재선충병 훈증더미 제거사업,산청군산림조합,48690000,89.745,
R26BK01496103,2026-04-30,경상남도 산청군,생활권 주변 산사태 피해지 복구사업(신등산청읍지구),산청군산림조합,165102000,89.745,
R26BK01486999,2026-04-24,한국농어촌공사 경북지역본부 경주지사,안강지구 영농대비 용수로 개보수 토목공사,(주)대명토건,17020000,88.013,
R26BK01487179,2026-04-30,전남광주통합특별시 해남군,옥천 탑동 소규모수도시설 정수처리장치 설치공사,(주)신화토건,20765000,90.227,
R26BK01487576,2026-04-24,한국농어촌공사 경북지역본부 경주지사,건천지구 영농대비 용수로 개보수 토목공사,주식회사 제이와이씨,13400000,90.436,
R26BK01486941,2026-04-24,한국농어촌공사 경북지역본부 경주지사,강동천북지구 영농대비 용수로 개보수 토목공사,(주)대명토건,10620000,88.008,
R26BK01487807,2026-04-30,과학기술정보통신부 우정사업본부 경북지방우정청,상주공성우체국 화물용승강기 교체공사,주식회사 케이비산업,84350890,90.177,
R26BK01464038,2026-04-30,한국농어촌공사 충남지역본부 청양지사,청양읍 농촌중심지활성화사업 일상돌봄 플랫폼 조성 토목건축기계공사,헤븐건설 주식회사,885233820,90.463,
R26BK01495433,2026-04-30,서울특별시 물재생센터 중랑물재생센터,3처리장 약품펌프실 개선공사,칠갑공영,17296840,95.0,
R26BK01484026,2026-04-29,경상남도 합천군,야로면(금평2구) 노후관로 정비사업,주식회사 성우,197926000,90.379,
R26BK01481676,2026-04-30,인천광역시 강화군,강화 홍릉 묘역 정비공사,라온인 주식회사,199438000,90.67,
R26BK01498357,2026-04-30,경기도 용인시,"다함께돌봄센터 29호점 리모델링 공사(건축, 기계)",주식회사 디자인정글,32696000,90.002,
R26BK01488722,2026-04-30,경기도 용인시 수지구,2026년 수지구 야간 보행환경 개선사업,주식회사 서울엘앤디,74540209,90.94,
R26BK01498489,2026-04-30,한국농어촌공사 경북지역본부 예천지사,고평배수장 등 6개소 원격 조명제어기능 구축공사,사회복지법인 한국청각장애인복지회 청음공방,16700000,90.475,
R26BK01478757,2026-04-30,재단법인충남콘텐츠진흥원,태안 강소형 스마트시티 케이스테이션 공사(건축),예운건설주식회사,830526800,90.31,
R26BK01488823,2026-04-30,경상남도 하동군,2026년 간선임도 유지보수 및 구조개선사업(청암상이~횡천전대),주식회사 청원토목,43791000,90.345,
R26BK01487648,2026-04-30,과학기술정보통신부 우정사업본부 경북지방우정청,대구고성동우체국 화물용승강기 교체공사,주식회사 케이비산업,102118700,90.292,
R26BK01484384,2026-04-30,경기도남한산성세계유산센터,2026년 남한산성도립공원 탐방로 정비공사,주식회사 송담,25612000,90.399,28743000
R26BK01500522,2026-04-30,경기도 이천시,2026년 관내 생활권역 돌발해충 지상방제사업,(주)영림공사,48690000,90.0,
R26BK01485418,2026-04-29,충청북도 괴산군,청천송면농로포장공사,진평건설(주),34276010,90.205,
R26BK01498132,2026-04-30,재단법인 서울특별시 120다산콜재단,청사 3층 지붕교체 및 보강공사,시공온 주식회사,53059000,96.47,
R26BK01471413,2026-04-30,월드비전춘천종합사회복지관,2026년 종합사회복지관 리뉴얼지원사업(3층 주방 기능보강사업),주식회사 나우건설,34302811,90.082,
R26BK01498447,2026-04-30,한국농어촌공사 전남지역본부 목포.무안.신안지사,2026년 마동마을 배수로 현대화사업,주식회사 대농토건,19196100,90.0,
R26BK01485860,2026-04-29,강원특별자치도 속초시,2026년 청대초등학교 어린이보호구역 개선사업,지투건설(주),67304000,90.573,
R26BK01487272,2026-04-30,전남광주통합특별시 해남군,현산 신풍 배수지선관로 설치공사,주식회사두경건설,191658000,90.404,
R26BK01486353,2026-04-29,경기도 안성시,안성 서부 가로수 병해충방제(약제살포) 단가공사,한양나무병원 주식회사,1302000,94.472,
R26BK01481525,2026-04-30,창녕군장애인종합복지관,창녕군장애인종합복지관 옥상방수  리뉴얼 공사,보선건설 주식회사,17821600,90.713,19768000
R26BK01482173,2026-04-30,창녕군장애인종합복지관,창녕군장애인종합복지관 목욕탕 리뉴얼 공사,제이엠건설 주식회사(JM),9344291,90.475,
R26BK01487243,2026-04-30,전남광주통합특별시 해남군,삼산 구림천 정비공사,마루건설산업주식회사,78439000,90.498,
R26BK01464344,2026-04-30,한국농어촌공사 충남지역본부 청양지사,청양읍 농촌중심지활성화사업 건강먹거리돌봄플랫폼 토목건축기계공사,(주) 신영건설산업,1105228850,89.412,
R26BK01488216,2026-04-30,경상남도 창원시 푸른도시사업소,2026년 덩굴제거사업(회원성산지구),주식회사 장운,67379000,90.974,
R26BK01477845,2026-04-23,(주)우진산전,[25년 브랜드사업] 충전인프라 구축 충전기 설치 사업자 선정(시내버스3),(주)아이마켓코리아,73480000,96.799,
R26BK01477868,2026-04-23,(주)우진산전,[25년 브랜드사업] 충전인프라 구축 충전기 설치 사업자 선정(전세버스3),(주)아이마켓코리아,187330000,96.8,
R26BK01477883,2026-04-23,(주)우진산전,[25년 브랜드사업] 충전인프라 구축 충전기 설치 사업자 선정(시내버스2),(주)아이마켓코리아,30030000,96.8,
R26BK01489460,2026-04-27,한국농어촌공사 전남지역본부 영암지사,2026년 아래저수지 외 3개소 간이방류시설 설치공사,한국건설 주식회사,17800000,93.374,
R26BK01477862,2026-04-23,(주)우진산전,[25년 브랜드사업] 충전인프라 구축 충전기 설치 사업자 선정(전세버스2),(주)아이마켓코리아,135960000,96.8,
R26BK01477871,2026-04-23,(주)우진산전,[25년 브랜드사업] 충전인프라 구축 충전기 설치 사업자 선정(전세버스4),(주)아이마켓코리아,133100000,96.401,
R26BK01477878,2026-04-23,(주)우진산전,[25년 브랜드사업] 충전인프라 구축 충전기 설치 사업자 선정(시내버스1),(주)아이마켓코리아,166430000,96.8,
R26BK01496789,2026-04-30,채비(주),2025년 3차 지역별 무공해차 전환 브랜드사업 충전시설 구축 공사(시흥하늘휴게소 일산방향),주식회사 부강,141020000,100.0,
R26BK01499709,2026-04-30,한국농어촌공사 경기지역본부 안성지사,마전2리 취약지역생활여건개조사업 통신공사,진훈전기정보통신,14724000,90.0,
R26BK01483404,2026-04-29,대전광역시 대덕구,2026년 갑천우안도로 노후가로등 조도개선공사,주식회사 대농산업전기,111985700,90.266,
R26BK01496911,2026-04-30,채비(주),2025년 3차 지역별 무공해차 전환 브랜드사업 충전시설 구축 공사(시흥하늘휴게소 판교방향),주식회사 이모션플레이스,154330000,100.0,
R26BK01494080,2026-04-30,한국농어촌공사 경남지역본부 하동남해지사,심천용수간선 외 4개소 퇴적물제거공사,화신건설 주식회사,8000000,90.909,
R26BK01498029,2026-04-30,산림청 국립자연휴양림관리소,2026년 국립용현자연휴양림 숲속의 집 및 관리사무소 보수공사,산림조합중앙회 대전세종충남지역본부,51509000,90.0,
R26BK01486224,2026-04-30,경상북도 구미시,2026년 상반기 주요 등산로 정비사업,재성토목주식회사,76682044,91.275,
R26BK01488693,2026-04-30,강원특별자치도 강릉시,강릉세무서 진입도로 개설공사,선정건설 주식회사,109746000,90.453,
R26BK01486016,2026-04-30,한국농어촌공사 경남지역본부,2026년 지하수자원관리사업 관측공 및 보호시설 설치공사,백은건설 주식회사,98698900,90.322,
R26BK01485522,2026-04-29,강원특별자치도 평창군,대관령면 군도12호선(갈매골) 도로정비공사,진부건설(주),30425000,91.662,
R26BK01482831,2026-04-28,한국농어촌공사 강원지역본부,2026년 농어촌지하수관측공 착정 및 보호시설 설치공사,주식회사싱크워터,100744060,90.25,
R26BK01488719,2026-04-30,강원특별자치도 강릉시,시도4호선(구정 학산리) 보도설치공사,필립건설(주),71086800,90.71,
R26BK01482009,2026-04-22,한국농어촌공사 경북지역본부 상주지사,오태소수력발전소 전기설비 보수공사,주식회사엘에이치엔지니어링,23859000,90.0,
R26BK01490767,2026-04-29,부산광역시교육청 부산광역시남부교육지원청 부산여대부속유치원,부산여자대학부속유치원 유치원 놀이터 유지 보수 관리에 대한 공사,주식회사 보아스코리아,11000000,100.0,
R26BK01470518,2026-04-27,주식회사 플러그링크,전기자동차 완속충전시설 구축 사업(힐스테이트 시화호 라군인테라스),신형이아이씨 주식회사,271852800,90.41,
R26BK01481975,2026-04-30,한국철도공사 회계통합센터,경부선 동대구역 조명설비 개량 등 기타공사,주식회사 덕성,384934264,90.284,
R26BK01470220,2026-04-21,사회복지법인쌘뽈원,사회복지법인 쌘뽈원 쌘뽈요양원 냉난방기 설치,(주)피티에이공조,21340000,100.0,
R26BK01318276,2026-04-02,조달청,양양 남대천 기수역 조성사업 기본 및 실시설계 용역,주식회사 테이블오건축사사무소,0,,
R26BK01420737,2026-04-07,재단법인세종일자리경제진흥원,2026년 세종지역 심층조사(자율) 용역,(주)아테나컴퍼니,39600000,,
R26BK01434120,2026-04-13,한국과학기술원,KAIST 전자도서관 AI 검색 및 번역 서비스 구축,주식회사 아이티투게더,97000000,,
R26BK01418962,2026-04-06,경상남도 함안군,함안군 도로대장 구축 및 전산화 용역 (협상에의한계약),주식회사 테라엔지니어링,1170000000,,
R26BK01412572,2026-04-21,조달청 대구지방조달청,항공정보종합관리망(SWIM) 제작·구매 및 설치 정보시스템 감리용역,(주)한국정보기술단,290594000,,
R26BK01413825,2026-04-03,경상북도 영덕군,"2026년 영덕군(삼계리, 금곡3리) 취약지역 생활여건 개조사업 기본계획 수립 및 실시설계 용역 입찰 공고(협상에의한계약)",주식회사 지역재생연구소,275072500,,
R26BK01427232,2026-04-21,조달청 대전지방조달청,혁신조달 확대를 위한 범부처 통합 혁신플랫폼 강화사업 감리,정보기술품질연구원 주식회사,137600000,,
R26BK01407465,2026-04-21,조달청 인천지방조달청,26년 국방정보시스템 기반운영환경 노후교체 사업,(주) 어빌리티시스템즈,4724537520,,
R26BK01387030,2026-04-21,선문대학교 산학협력단,글로벌 캡스톤 디자인 해외 워크샵 프로그램 운영 용역,주식회사 진투어프로모션,294000000,,
R26BK01418230,2026-04-14,조달청 대전지방조달청,2026 특별전 「기후와 생태계(가제)」 전시물 제작·설치,헤파이스토스웍스 주식회사,143550000,,
R26BK01417097,2026-04-07,조달청 충북지방조달청,2026년도 유치원장 자격연수 국외교육 연수 용역(제4사업),주식회사 와이즈큐브,217880000,,
R26BK01417994,2026-04-06,재단법인경기문화재단,경기문화재단 조직체계 효율화 및 중장기 운영체계 개선 연구용역,인사이트(주),56000000,,
R26BK01410388,2026-04-07,조달청 충북지방조달청,2026년도 유치원장 자격연수 국외교육 연수 용역(제3사업),주식회사 더다산,220344000,,
R26BK01380732,2026-04-23,조달청,고흥도양(모듈러) 민간참여 공공주택 건설사업 시공단계 감독권한대행 등 건설사업관리용역,주식회사 대성씨엠,2356000000,80.237,
R26BK01429754,2026-04-13,한동대학교,한동대학교 2026년 환동해지역혁신원 소셜벤처 육성 프로그램 운영 용역,주식회사 쉐어라이프,78000000,,
R26BK01424125,2026-04-08,과학기술정보통신부 국립중앙과학관,2026년 국가중요과학기술자료 현황조사 및 보존관리 방안 연구 용역,국립공주대학교 산학협력단,65000000,,
R26BK01433433,2026-04-14,통일부,북한 위성분석 전문기관 연구용역(식량 기후변화 재난재해분야)(긴급),한국과학기술원,50000000,,
R26BK01376772,2026-04-08,조달청 서울지방조달청,2026년 재외명예영사 방한 초청사업,주식회사 프리미엄패스인터내셔널,249400000,,
R26BK01431286,2026-04-17,재단법인 한국청년기업가정신재단,2026년 원격영상 진로멘토링 기획 수업 운영,주식회사 글로랑,329000000,99.813,
R26BK01411237,2026-04-15,조달청,2026년 사이버폭력 실태조사,주식회사 메트릭스,240000000,,
R26BK01478793,2026-04-22,주식회사 휴앤텍,재실자 행동 지침 기반 탄소중립모니터링 플랫폼 시제품 제작,주식회사 아이오티즈,148500000,100.0,
R26BK01387458,2026-04-21,국민건강보험공단,건강보험 50년사 편찬 용역,주식회사 다니기획,212500000,,
R26BK01422526,2026-04-21,조달청,기획예산처 대표 홈페이지 고도화 사업,주식회사 파란샘,397500000,,
R26BK01471066,2026-04-23,경상북도교육청 영광고등학교,영광고등학교 국제교류 체험학습 위탁용역,(주)영주고려관광,39676509,89.595,
R26BK01484182,2026-04-23,서울특별시 서울시립대학교,2026년 대학 일자리 플러스센터 사업 안내 온라인 소식지 제작 용역,원바이원 컨설팅,10450000,95.0,
R26BK01484198,2026-04-23,산림청 동부지방산림청 강릉국유림관리소,2026년 임도 안전예방 및 구조보강사업,강릉시산림조합,101900000,88.987,
R26BK01471924,2026-04-23,한국어촌어항공단,2026년 어항관리선 선주배상책임보험 가입,한국해운조합,64090570,94.869,67504790
R26BK01410319,2026-04-23,서울특별시,"광암아리수정수센터 소규모 공사(토목, 건축 등) 감독권한대행 등 건설사업관리 용역",주식회사 홍익기술단,1267160000,81.121,1559000000
R26BK01474930,2026-04-23,한국원자력안전기술원,국가방사능통합시스템(KORUS) 프로그램 유지관리,주식회사 바론시스템,193850000,100.0,
R26BK01449483,2026-04-22,서울특별시성동교육청 광진중학교,2026학년도 광진중학교 3학년 소규모테마형교육여행 위탁 용역 입찰공고,주식회사 유스트래블,43581500,96.508,
R26BK01439389,2026-04-16,창업진흥원,2026년 창업에듀 콘텐츠 기획‧제작 용역,주식회사 미디어스트리트,140000000,,
R26BK01464376,2026-04-20,(사)한국수입협회,2026년 한국수입협회 미국·멕시코 수입사절단 행사장 및 체류·이동 지원 용역,(주) 하나투어비즈니스,61552170,,
R26BK01474053,2026-04-23,경기도 성남시 분당구,운중동 공공공지 등 노후 산책로 정비공사 폐기물처리용역,우광개발주식회사,26868000,88.011,
R26BK01474093,2026-04-23,경상북도 안동시,임동면 박곡지구(박곡리) 마을기반 정비사업 폐기물처리 용역,(주)대흥환경산업,46751900,88.316,
R26BK01484359,2026-04-23,서울특별시 광진구,2026년 스마트경로당 시스템 유지관리 용역,주식회사 그렉터,56458000,100.0,
R26BK01416443,2026-04-21,조달청 서울지방조달청,지방세입시스템 서비스 확대 및 인프라 보강 사업 감리용역,(주)씨에이에스,264000000,,
R26BK01411951,2026-04-02,한국국제보건의료재단,스리랑카 서부주 만성질환 관리 역량 강화 사업 형성조사,(의)삼성의료재단,85130538,,
R26BK01479276,2026-04-22,한국농어촌공사 전남지역본부 목포.무안.신안지사,2026년 당호양수장 외 6개소 펌프 분해점검 용역,(주)중부기계,12474000,90.0,
R26BK01477796,2026-04-23,한국환경산업기술원,공공기관 녹색제품 의무구매제도 교육 운영 지원,콘텐츠위드 주식회사,49500000,99.0,
R26BK01434493,2026-04-14,(재)제주테크노파크,제주AI융합 인재양성을 위한 AI기반 기업역량 진단 및 컨설팅 플랫폼 구축 용역,주식회사 진우소프트이노베이션,95000000,,
R26BK01473084,2026-04-21,산림청 국립산림과학원,(용역)백두대간 통합 DB 프로그램 고도화Ⅱ,주식회사 에코앤지오,14700000,98.0,
R26BK01468248,2026-04-23,해양수산부 마산지방해양수산청,"2026년도 해양폐기물 수집,운반,처리 용역(단가계약)",남해종합환경 주식회사,286882,84.268,
R26BK01462493,2026-04-23,울산광역시 울주군,서생 구국도31호선(해맞이로) 도로확장공사 타당성평가(조사) 및 기본계획수립용역(가격입찰 후 PQ)-긴급,주식회사 케이지엔지니어링종합건축사사무소,428100000,86.805,495000000
R26BK01416418,2026-04-07,중소벤처기업진흥공단,26년 수출바우처 사업 보조금 정산업무 위탁용역,우리회계법인,364100000,,
R26BK01429958,2026-04-21,과학기술연합대학원대학교,[UST] UST International Conference 2026 개최 대행 용역,(주)에이엔이광개토,228810000,,
R26BK01421669,2026-04-08,농촌진흥청,일반 농기자재 실태조사 및 제도화 전략 수립 연구 용역 재공고,사단법인지역특화작목발전협회,39883000,,
R26BK01443215,2026-04-17,농업정책보험금융원,AX기반 디지털 정책자금 검사시스템 구축을 위한 정보화전략계획(ISP) 수립,주식회사 선도소프트,188100000,,
R26BK01406230,2026-04-09,재단법인충남콘텐츠진흥원,2026 충남 이스포츠 대회 운영 용역,(주) 더플레이,441870000,,
R26BK01447453,2026-04-21,조달청 충북지방조달청,2026학년도 방송통신중·고등학교 생애교육 프로그램 운영 용역,주식회사 베어러블,190388000,,
R26BK01443565,2026-04-23,대구광역시교육청 경북고등학교,2026학년도 경북고등학교 2학년 현장체험학습(수학여행) 위탁용역 2단계(규격가격동시) 입찰 공고[긴급],(주)미래여행사,94474060,84.527,
R26BK01473689,2026-04-23,충청남도 홍성군,홍북읍 파크골프장 조성사업 실시설계용역,주식회사 도건이엔지,38573900,89.837,
R26BK01433051,2026-04-23,경기관광공사,2026 경기관광 외국인 서포터즈 및 영·일문 SNS 운영,주식회사 더아이케이,177200000,,
R26BK01484950,2026-04-23,한국어촌어항공단,2026년 화성시 해면 갯벌어장 지원사업 어장환경개선 실시설계 용역,주식회사 탑,20900000,95.0,
R26BK01411391,2026-04-23,서울특별시,영등포 아리수정수센터 소규모 공사(건축·토목) 감독권한대행 등 건설사업관리 용역,우리기술단 주식회사,1022385000,80.558,1265000000
R26BK01444621,2026-04-20,(재)지역문화진흥원,2026 청와대 사랑채 국민화합 문화사업 운영,주성디자인랩 주식회사,1010000000,,
R26BK01454959,2026-04-20,관세청,"2026년 전자상거래 수출 통계 개발, 국가통계 승인, 서비스 제공방안 마련 연구",재단법인 한국무역통계진흥원,45000000,,
R26BK01422580,2026-04-10,조달청 부산지방조달청,2026년 에너지 전문교육 운영,(주) 한국능률협회컨설팅,254650000,,
R26BK01448820,2026-04-17,전주기전대학 산학협력단,2026년 전문대학 산학협력처·단장협의회 하계 해외 벤치마킹 위탁용역 (캐나다) 입찰공고,(주)에띠마이스,218750000,99.431,
R26BK01453621,2026-04-20,서울특별시교육청 서울특별시성동교육청 마장중학교,2026학년도 마장중학교 3학년 수련활동 위탁용역 입찰 공고,재단법인 효정국제문화재단,29040000,91.312,31813350
R26BK01423389,2026-04-16,재단법인서울디자인재단,2026년 중소기업 산업디자인 개발 지원사업 운영,크리에이티브커리어인스티튜트주식회사,413930000,,
R26BK01483958,2026-04-23,국립공원공단 북한산국립공원사무소,2026년 북한산국립공원 유기견 서식현황 모니터링 용역,주식회사  애일,14700000,98.0,
R26BK01435510,2026-04-14,서울특별시교육청,[긴급]2026년 서울교육공론화 사업 용역 계약,코리아스픽스 주식회사,105000000,95.614,
R26BK01445154,2026-04-17,농림수산식품교육문화정보원,2026년 도시농업 종합정보시스템 운영 및 유지보수,주식회사 타이드플로,79200000,,
R26BK01471813,2026-04-23,서울특별시 성동구,옥수-1 소구역 하수관로 정비공사 건설폐기물 처리용역(장기계속),주식회사 백성,57098000,87.827,
R26BK01438096,2026-04-16,조달청 서울지방조달청,국제공조시스템 고도화,솔트정보시스템 주식회사,621720000,,
R26BK01429267,2026-04-10,학교법인한국폴리텍 한국폴리텍대학직업교육연구원,(긴급)재공고_직업교육대학 평가지표 국제표준화 연구용역,서울대학교 산학협력단,60000000,,
R26BK01484433,2026-04-23,한국농어촌공사 경북지역본부 청송.영양지사,토곡지구 소규모농촌용수개발사업 문화재지표 조사용역,(재)삼한문화유산연구원,4000000,89.345,
R26BK01471521,2026-04-23,충청남도 천안시,구성천 자연재해위험개선지구 비상대처계획(EAP) 수립용역,주식회사 경인엔지니어링,85491000,88.169,96966000
R26BK01417822,2026-04-23,한국농어촌공사 안전기술본부,취병저수지 등 27개소(보완지구) 비상대처계획(EAP) 수립 용역,주식회사 중앙방재엔지니어링,782800000,85.648,
R26BK01442970,2026-04-23,충청남도교육청 당진고등학교,2026학년도 당진고등학교 1학년 수련활동 위탁 용역,재단법인서해안청소년수련원,76015000,99.793,
R26BK01473122,2026-04-23,충청남도 건설본부 건설사업부 서부사무소,[홍성]지방도609호 운월도로 포장도 보수공사 폐기물처리용역,무한건설환경(주),32895000,88.111,
R26BK01400611,2026-04-07,해양환경공단,친환경 중형 방제선 2척 건조 감리,주식회사 한국선박기술,360000000,,
R26BK01482975,2026-04-23,경기도 이천시,"노후, 불량 하수맨홀 정비공사 실시설계 용역(1구역)",일신이엔씨주식회사,47727000,90.0,
R26BK01483032,2026-04-23,경기도 이천시,"노후, 불량 하수맨홀 정비공사 실시설계 용역(2구역)",주식회사 라온엔지니어링,47727000,90.0,
R26BK01483997,2026-04-23,국립공원공단 북한산국립공원사무소,북한산성분소 신축사업 장애물 없는 생활환경(BF) 본인증 용역,주식회사 아이씨디플랜건축사사무소,30674000,98.0,
R26BK01479411,2026-04-23,한국지역난방공사 용인지사,2026년 상반기 용인지사 조경관리용역,사단법인 해밝음장애인복지회,19780000,90.142,
R26BK01471493,2026-04-23,충청남도 천안시,원성천 자연재해위험개선지구 비상대처계획(EAP) 수립용역,주식회사 경인엔지니어링,87442000,88.07,99644000
R26BK01442370,2026-04-14,경기도 용인시,(긴급)(협상)용인시 미디어파사드·대형LED·미디어갤러리 콘텐츠 기획 및 운영 용역,주식회사 프리다츠,570000000,,
R26BK01471799,2026-04-23,대구광역시 군위군,군위군 농산물산지유통센터 스마트화시설 개선공사 실시설계용역,건축사사무소 강모,51194330,88.006,
R26BK01468454,2026-04-23,한국공항공사 김해공항,김해공항 고가도로 정밀안전점검진단 및 보수보강 실시설계 용역,원공엔지니어링(주),130838400,86.784,
R26BK01439401,2026-04-15,조달청 서울지방조달청,2026년 해양수산 기술이전 지원,주식회사 그로스타,166000000,,
R26BK01428495,2026-04-15,경상북도 칠곡군 수도사업소,칠곡군 공공하수처리시설 수질(TMS) 측정기기 유지관리 용역(기술 가격 동시입찰),한국이티에스 주식회사,387560000,97.717,
R26BK01435396,2026-04-13,시청자미디어재단,2026 방송 및 방송광고시장 불공정행위 서면조사,주식회사 코리아리서치센터,31980000,,
R26BK01484354,2026-04-23,한국농어촌공사 충남지역본부 보령지사,남포신간척지 농로 포장공사 재해예방기술지도용역,주식회사 정화안전지도,2332000,92.173,
R26BK01484399,2026-04-23,국토안전관리원,(수의시담)건축물 내진성능평가 세부지침 등 개정 용역,사단법인 한국지진공학회,78400000,99.911,
R26BK01470414,2026-04-23,성남도시개발공사,노외주차장(제3종시설물) 상반기 정기안전점검 용역 견적제출 안내 공고,상산엔지니어링(주),38496000,88.176,
R26BK01484942,2026-04-23,대한체육회,2026년 전국종합체육대회 주최자배상책임보험 가입,재단법인 스포츠안전재단,87000000,100.0,
R26BK01414100,2026-04-14,조달청,정보보호 공시 검증 방법론 개발 및 검증 운영,삼일회계법인,4400000000,,
R26BK01420339,2026-04-09,조달청 전북지방조달청,2026년 무형유산 체험형 교육 운영 및 지원 용역,합굿마을문화생산자협동조합,245000000,,
R26BK01484368,2026-04-23,경상남도 합천군,2026년 합천군 군민안전보험 가입,농협손해보험 주식회사,99051560,99.723,
R26BK01455953,2026-04-23,대경대학교,"대경대학교 행복기숙사 건립사업 신축공사 건축감리용역(토목, 기계, 구조, 소방, 통신 포함)",(주)건축사사무소유오에스,176000000,62.042,
R26BK01479254,2026-04-23,조달청 대전지방조달청,2026년 종합기상정보시스템 개선,주식회사 티티엠소프트,221600000,99.986,
R26BK01473011,2026-04-22,산림청 국립산림과학원,(위탁)기후변화 취약 수종의 개체군 동태 예측,국립목포대학교산학협력단,21560000,98.0,
R26BK01452685,2026-04-21,한국개발연구원,「2026 청년 경제재정캠프」 위탁용역,주식회사 에이치마케팅커뮤니케이션즈,191000000,,
R26BK01430932,2026-04-14,통일부,북한 위성분석 전문기관 연구용역(경제 산업분야)(긴급),국민대학교산학협력단,49340000,,
R26BK01442329,2026-04-20,주식회사 싸인랩,강원 태백 노지 스마트농업 시범사업 민간실증단지 실증과제 (생육 모니터링) 연구 수행사업자 모집 공고,티에이로보틱스 주식회사,22990000,,
R26BK01482755,2026-04-22,한국지역난방공사 판교지사,2026년 판교지사 무정전 전원공급설비 유지보수 용역,주식회사 에이스전기,19342620,99.0,
R26BK01482137,2026-04-23,질병관리청,"[정책,105] 2026년도 다제내성결핵 치료 요법에 따른 신약 적정성 평가",울산대학교 산학협력단,30000000,100.0,
R26BK01469289,2026-04-23,국민연금공단(청풍 리조트사무소),청풍리조트 전기안전관리자 위탁 상주 용역 계약,주식회사 에이치앤비파트너,116477200,88.007,132948000
R26BK01473264,2026-04-22,산림청 국립산림과학원,(위탁)산림복원 평가를 위한 과정기반 모델 분석 및 목록화,국립공주대학교 산학협력단,19600000,98.0,
R26BK01479726,2026-04-23,국가지식재산위원회,지식재산 예산 분류 가이드라인 작성 연구,한국지식재산연구원,30000000,100.0,
R26BK01361024,2026-04-07,관세청,2026년도 국가관세종합정보시스템 사용자 만족도 조사,알앤알컨설팅 주식회사,63800000,,
R26BK01484290,2026-04-23,한국농어촌공사 충남지역본부 아산지사,자가용전기설비(배수장) 전기안전관리대행(남부),현대전기안전 주식회사,2400000,88.41,
R26BK01471048,2026-04-23,부산광역시 남구,(긴급)[PQ후 가격입찰]스마트그린 남구 자원순환 프로젝트 감독권한대행 등 건설사업관리용역,(주)상지엔지니어링건축사사무소,1028676000,80.521,
R26BK01460370,2026-04-23,서울특별시교육청 하나고등학교,2026학년도 하나고등학교 2학년 소규모테마형교육여행 용역 입찰공고,(주)세일여행사,149855000,96.042,
R26BK01478667,2026-04-23,문화체육관광부 국립국어원,2026년 외국인 근로자 한국어 교재 개발,경인교육대학교 산학협력단,98200000,100.0,
R26BK01468341,2026-04-23,경기도교육청 경기도화성오산교육지원청,2026년 화성오산 학교 급식 환기설비 점검 위탁 용역,주식회사 호성엔지니어링건축사사무소,183654570,84.397,
R26BK01437567,2026-04-16,한국영유아보육·교육진흥원,2026년 한국보육진흥원 통합홍보 대행 용역,주식회사 위더,124800000,,
R26BK01428067,2026-04-16,조달청 충북지방조달청,수영장 내 유해화학물질 현장 안전관리 실태조사 연구,주식회사 네이쳐엔지니어링,114000000,,
R26BK01482583,2026-04-23,산림청,2026년 산림 내 작물 재래원종(CWR) 국제 심포지엄,조인,47500000,95.0,
R26BK01470184,2026-04-23,전북특별자치도 부안군,2026년 부안군 축제장 다회용기 지원사업 용역,리유스랩,139197791,88.022,158845500
R26BK01482547,2026-04-22,한국농어촌공사 경남지역본부 창원지사,북면 기초생활거점조성사업 소방감리 용역,정이엔지,14500000,88.967,
R26BK01469427,2026-04-22,충청남도,제8차 충남권 관광개발계획 전략환경영향평가 용역,주식회사 경일종합기술공사,39308000,88.017,
R26BK01483039,2026-04-23,한국석유공사,경비대 순찰로 및 CCTV 주변 환경 정비 작업,주식회사 백호이앤티,18966000,97.934,
R26BK01483360,2026-04-23,한국에너지공단,자동차 총소유비용(TCO) 조사,경북대학교 산학협력단,49900000,99.8,
R26BK01457833,2026-04-21,충청북도 진천군,진천·음성 광역폐기물 침출수처리시설 처리 초과물량 침출수 위탁처리 용역(단가),네이처이앤티주식회사,142989,87.879,
R26BK01472429,2026-04-23,서울특별시 강북구,2026년 강북구 하수사업 GIS DB 구축 및 맨홀 라이다 측량 용역,주식회사 웨이버스,100200000,87.917,
R26BK01452611,2026-04-23,서울특별시교육청 서초고등학교,[긴급]2026학년도 서초고등학교 1학년 수련활동 위탁용역,신안종합리조트(주),97053000,94.312,
R26BK01468281,2026-04-23,전남광주통합특별시 무안청사,완도 당인항 지방어항 건설사업 기본 및 실시설계 용역(P.Q후 지명경쟁),주식회사 삼안,1198745000,80.103,
R26BK01467056,2026-04-23,한종산업개발 주식회사,2026년 굴포 및 역곡공공하수처리시설 하수슬러지 운반처리(재활용) 용역(단가계약),주식회사 제이와이,342941977,86.776,
R26BK01468448,2026-04-23,전남광주통합특별시 무안청사,완도 방축항 지방어항 건설사업 기본 및 실시설계 용역(P.Q후 지명경쟁),주식회사 건화,1238000000,80.319,
R26BK01461177,2026-04-20,경상남도 서부도로관리사업소,국도59호선 산청 모고 운곡지구 수해복구공사 폐기물처리용역,주식회사 오곡산업,25530000,88.017,
R26BK01469973,2026-04-22,강원특별자치도 양구군,송청지구 방음벽설치 타당성검토 및 기본계획 용역,(주)대암엔지니어링,42422000,88.342,
R26BK01467409,2026-04-23,경상남도 거창군 수도사업소,2026년 거창군 소규모수도시설 수질검사 용역(2분기/서부권),주식회사 엔텍분석연구원,28398000,88.334,
R26BK01465179,2026-04-23,성평등가족부,2026년 가족친화 수준조사 사전조사,한국여성정책연구원,29580000,99.898,
R26BK01478869,2026-04-22,한국농어촌공사 전남지역본부 진도지사,2026년 물관리자동화설비 점검정비용역,(유)금화이엔에스,3700000,75.448,
R26BK01428778,2026-04-20,재단법인 부산경제진흥원,2026년 부산청년주간 행사 운영 용역,부산일보 주식회사,108400000,,
R26BK01485930,2026-04-23,한국농어촌공사 경북지역본부 경주지사,화곡지구 영농편의 수리시설개보수사업 세부설계 용역,주식회사 동서이엔씨,48800000,89.972,
R26BK01474708,2026-04-23,성평등가족부,폭력예방교육 개편 방안 연구,숭실대학교 산학협력단,77115000,97.663,
R26BK01473902,2026-04-23,울산광역시,내황교 등 3개소 정밀안전점검 용역,재영이엔씨(주),86088000,88.261,98430000
R26BK01374255,2026-04-16,한국문학번역원,2026년 프랑크푸르트도서전 전시 위탁 운영 용역,(주)엠디 인사이트,299000000,,
R26BK01418349,2026-04-07,재단법인국립세계문자박물관,2026년 국립세계문자박물관 영상콘텐츠 기획 및 제작 용역,주식회사 부트룸,58300000,,
R26BK01426049,2026-04-15,전남광주통합특별시교육청 전남광주통합특별시교육청AI교육원,광주광역시교육청 2026년(2단계) NEW 학내전산망 구축 정보시스템 감리 용역,주식회사 한국정보화기술원,211792000,,
R26BK01482146,2026-04-23,서울특별시 서울아리수본부 강서수도사업소,2026년 강서수도사업소 위험성평가 용역,주식회사네오세이프테크,11181500,97.938,
R26BK01483246,2026-04-23,한국표준과학연구원,국가전략기술 첨단혁신장비 성과확산 및 기술교류 프로그램 운영 용역,사단법인 한국연구산업협회,86240000,99.85,
R26BK01473942,2026-04-23,울산광역시,부로산터널 등 3개소 정밀안전점검 용역,주식회사 정민건설,84977500,88.003,97190000
R26BK01422390,2026-04-16,조달청,2026년 경제교육 국제 콘퍼런스,주식회사 에이치에이엔컴퍼니,256410000,,
R26BK01429343,2026-04-14,게임물관리위원회,2026년 게임물 교육 콘텐츠(영상) 제작 사업,인바이드,46750000,,
R26BK01484113,2026-04-23,국립공원공단 북한산국립공원사무소,북한산성분소 신축사업 제로에너지건축물(ZEB) 본인증 용역,주식회사 건축환경그룹다올,17787000,98.0,
R26BK01418383,2026-04-14,조달청 대전지방조달청,10·29이태원참사 피해지원 온라인 소통 시스템 구축,상상스토리 주식회사,193000000,,
R26BK01482557,2026-04-23,한국농어촌공사 경기지역본부 김포지사,2026년 농업생산기반시설 전기안전관리대행 용역,한신이에스엠,8500000,98.963,
R26BK01406659,2026-04-09,조달청 대전지방조달청,신용보증재단 및 중앙회 재해복구센터 고도화 컨설팅,주식회사 넥스트아이앤아이,228050000,,
R26BK01429643,2026-04-10,국립세종수목원,(재공고)2026  대한민국 정원식물 전시·품평회 전시 운영 용역,스튜디오 온더덩,59000000,,
R26BK01451124,2026-04-22,서울특별시 서북병원,2026년 상반기 서북병원 정기 위험성평가 용역 시행,에스에이치안전보건 주식회사,6365000,95.0,
R26BK01415318,2026-04-14,조달청 인천지방조달청,2026년 화학물질 유해성정보 조사·분석,한국생산기술연구원,2500000000,,
R26BK01417215,2026-04-23,서울특별시교육청 경기고등학교,2026학년도 경기고등학교 2학년 소규모테마형교육여행 위탁 용역,(주)정풍관광,240985000,97.8,245904000
R26BK01482923,2026-04-22,한국농어촌공사 경남지역본부 고성.통영.거제지사,견유 권역단위거점개발사업 토목건축공사 재해예방기술지도 용역,탑안전기술,11521000,90.602,
R26BK01471381,2026-04-23,한국수산자원공단동해본부,2026년 고성군 대문어 자원첨가 및 부화시설물 설치,주식회사 오션팩토리,106158000,87.953,
R26BK01452812,2026-04-20,재단법인 제물포문화재단,2026 SNS 기반 홍보플랫폼 육성 사업 운영 용역,협동조합가치공유연구소,93500000,,
R26BK01482819,2026-04-23,경기연구원,[수의시담] 2026년 경기연구원 직원 단체보장보험,현대해상화재보험(주),61526990,99.607,
R26BK01482455,2026-04-23,한국과학기술정보연구원,한국초고성능컴퓨팅포럼 운영 지원,조슈아파트너스 주식회사,144000000,97.627,
R26BK01418288,2026-04-23,한국농어촌공사 안전기술본부,용화저수지 등 25개소(변경지구) 비상대처계획(EAP) 수립 용역,주식회사 서영엔지니어링,729084000,85.679,
R26BK01474069,2026-04-23,강원특별자치도 춘천시 상하수도사업본부,2026년 소규모 하수관로 정비공사(신촌리 569-3번지 일원) 폐기물처리용역,(주)강토개발,23064800,88.263,26210000
R26BK01425983,2026-04-21,조달청,가상자산 통합분석시스템 구축 감리 사업,주식회사 악티보,284000000,,
R26BK01443243,2026-04-17,전북대학교,전북 미래산업 현장 연계 탐방 프로그램 운영,유한회사 애드컴,47300000,,
R26BK01485186,2026-04-23,경상북도 성주군,2026년 산사태 발생 우려지역 실태조사 용역(제2차),산림조합중앙회,48048000,91.342,
R26BK01443677,2026-04-17,교육부 국사편찬위원회,2026년도 한국사료총서 번역서 간행 용역,주식회사 수류화개,53900000,,
R26BK01444065,2026-04-23,강원특별자치도교육청 강원특별자치도교육청국제교육원,2026년 강원 청소년 외교 교육프로그램 위탁용역,(주)유쾌한여행,341950000,99.115,
R26BK01440396,2026-04-20,서울특별시교육청 은광여자고등학교,2026학년도 은광여자고등학교 1학년 수련활동 위탁용역 입찰공고,신안종합리조트(주),82068000,93.649,87696000
R26BK01415972,2026-04-14,조달청,2026년 체험형 디지털윤리 교육 및 캠페인 운영,프라임씨 유한회사,1260430000,,
R26BK01443723,2026-04-17,국립세종수목원,도시숲 등관리를 위한 평가 지표 고도화 연구,서울시립대학교 산학협력단,30000000,,
R26BK01444779,2026-04-17,한국농수산식품유통공사 대구경북지역본부,안심비축기지 하역용역,합동하역소,597253390,100.0,
R26BK01445999,2026-04-23,한국교통안전공단,"2026년 철도역사 혼잡도, 미끄럼저항, 쾌적성 측정 용역",서울과학기술대학교 산학협력단,139878480,,
R26BK01443500,2026-04-17,한국장애인고용공단,2026년 한국장애인고용공단 직원 채용대행 용역,주식회사 인사바른,133798000,,
R26BK01450369,2026-04-23,충청남도서산교육청 대산중학교,"2026학년도 대산중학교 3학년 해외역사문화탐방 위탁용역 입찰공고(규격,가격분리동시입찰)",주식회사 엔에스인터내셔날,72900000,85.157,
R26BK01377240,2026-04-01,조달청,공공배달앱 활성화 방안 연구용역,중소벤처기업연구원,300000000,,
R26BK01432764,2026-04-13,국회 국회예산정책처,고령층 가입자 구성 변화에 따른 건강보험 기여-급여 구조 분석,서울시립대학교 산학협력단,50000000,,
R26BK01446173,2026-04-20,경상북도,제4차 경상북도 기후위기 적응대책 세부시행계획 수립 연구용역,국립금오공과대학교산학협력단,66000000,,
R26BK01454199,2026-04-23,서울특별시교육청 서울특별시성동교육청 마장중학교,2026학년도 마장중학교 2학년 수련활동 위탁용역 입찰 공고,국제광림비전랜드,26417500,89.167,29630000
R26BK01428296,2026-04-10,재단법인 울산정보산업진흥원,콘텐츠 창제작 및 사업화 지원 통합운영 용역,에스이메이커스(주),275000000,,
R26BK01441949,2026-04-23,한국농어촌공사 충남지역본부,주항지구 배수개선사업 세부설계 용역(PQ),주식회사 다산컨설턴트,257697000,87.724,
R26BK01464862,2026-04-23,충청남도 아산시 미래도시관리사업소,신창면 오목리 아스콘덧씌우기 공사 폐기물처리용역,주식회사 이한산업,50381000,88.823,57520000
R26BK01478359,2026-04-23,서울특별시 서대문소방서,서대문소방서 흡수식 냉온수기 세관 정비 용역,대명세기공조,4550000,97.849,
R26BK01411300,2026-04-23,서울특별시,뚝도아리수정수센터 소규모 공사(건축·토목) 감독권한대행 등 건설사업관리 용역,주식회사 동해종합기술공사,1018050000,81.074,1265000000
R26BK01485532,2026-04-23,한국농어촌공사 충남지역본부,칠산3지구 배수장 성능개선사업 세부설계 측량용역,주식회사 드림이앤디,4100000,,
R26BK01470787,2026-04-23,강원특별자치도 홍천군,건설공사(건축) 안전점검 수행기관 지정 공고[홍천군 홍천읍 연봉리 408-29 숙박시설공사],제이에이치안전엔지니어링 주식회사,2727000,88.309,3100000
R26BK01460296,2026-04-23,조달청 광주지방조달청,담양동초 그린스마트스쿨 증축 및 리모델링 공사 건설폐기물 처리용역,호남산업(주),605865000,85.507,
R26BK01460548,2026-04-23,대구광역시교육청 오성고등학교,2026학년도 2학년 현장체험학습(수학여행) 공고,(주)여행하는 사람들,82508000,87.854,93866210
R26BK01473611,2026-04-23,경기도 가평군,농어촌도로 북101호선(목싸선) 확포장공사(2단계) 폐기물처리용역,유한회사 도성개발,75331400,88.413,
R26BK01427304,2026-04-14,전북특별자치도 전주시,2026년 전주시 출연기관 경영평가 연구용역(협상에 의한 계약),사단법인 지방행정발전연구원,48180000,,
R26BK01480450,2026-04-22,서울특별시 서울도서관,서울시립도서관(서대문구 소재)개관 추진 관련 기계소방 설계 용역,주식회사 우리이엔씨,21500000,,
R26BK01473925,2026-04-23,울산광역시,덕정교 등 3개소 정밀안전점검 용역,주식회사타임기술,88415500,88.036,99440000
R26BK01467294,2026-04-23,경상남도 거창군 수도사업소,2026년 거창군 소규모수도시설 수질검사 용역(2분기/남부권),누리생명과학원 주식회사,29024000,88.224,
R26BK01471889,2026-04-23,충청남도 아산시,"2026년 상반기 무한천, 삽교천 하천시설물 정밀안전점검 용역",(주)칠석기술,53769000,88.22,61160000
R26BK01462048,2026-04-22,한국농어촌공사 경남지역본부 합천지사,갑산지구 배수개선사업 재해예방기술지도용역(토목)용역,한국건설지원단 주식회사,41712190,88.301,47603000
R26BK01473607,2026-04-23,하동군산림조합,2026년 하동군 산불피해지 조림사업 감리용역(1차),주식회사 예림이엔지,10830870,90.079,
R26BK01482485,2026-04-22,한국농어촌공사 경남지역본부 창원지사,창원시 신활력플러스사업 토목·건축·기계공사 재해예방기술지도 용역,탑안전기술,5800000,89.066,
R26BK01482815,2026-04-23,한국국토정보공사,지적측량 업무배정 지원시스템  고도화 용역,주식회사 스패셜티,51700000,99.423,
R26BK01480997,2026-04-23,한국도로교통공단,스마트교차로 데이터 기반의 AI분석 교통정보 수집 알고리즘 고도화 개발,(주)라온로드,16660000,98.0,
R26BK01467852,2026-04-23,전북특별자치도 남원시,남원시 대산매립장 순환이용 정비사업 감독권한 대행 등 건설사업관리용역(총괄분)(PQ 후 가격입찰)(긴급),주식회사 다산컨설턴트,3814357000,80.938,
R26BK01482365,2026-04-23,한국지역난방공사 고양사업소,고양사업소 2026년 DH지사 기계분야 경상정비공사 재해예방기술지도 용역,한국건설안전기술 주식회사,9504000,90.707,
R26BK01481389,2026-04-23,국가유산청 국립문화유산연구원 국립경주문화유산연구소,신라문화권 사찰 기록자료(황룡사지) 제작,경일대학교 산학협력단,20500000,97.619,
R26BK01482497,2026-04-23,한국지역난방공사 고양사업소,2026년도 고양사업소 통신설비 유지보수용역,성보정보통신(주),10639200,83.762,
R26BK01473221,2026-04-22,산림청 국립산림과학원,(위탁)남해 장기생태 조사지 식생 모니터링 및 DB 구축,한국식생연구소주식회사,20580000,98.0,
R26BK01472145,2026-04-23,충청북도교육청 충청북도청주교육지원청 용암중학교,2026. 용암중 수련활동 및 전세버스 임차용역 소액수의 견적 공고,주식회사 청주아일관광,26600000,89.592,
R26BK01469555,2026-04-23,대구광역시 달성군,2026년 농업용 관정 지하수 영향조사 및 사후관리 용역,주식회사 제일지오,148853000,87.823,169620000
R26BK01401657,2026-04-23,서울특별시,"강북아리수정수센터 소규모 공사(토목, 건축 등) 감독권한대행 등 건설사업관리 용역",주식회사 동해종합기술공사,1383200000,80.626,
R26BK01450435,2026-04-22,경기도교육청 경기도교육청국제교육원,한국-일본 청소년 국제교류 위탁용역,(주)정풍투어,66516000,96.398,
R26BK01480308,2026-04-23,조달청 서울지방조달청,2026년 이천시 디지털트윈 솔루션 확산 및 개발,주식회사 이지스,294000000,99.492,
R26BK01452619,2026-04-23,서울특별시교육청 송곡관광고등학교,"[긴급] 2026학년도 송곡관광고 1,2학년 소규모테마형교육여행 위탁 용역",주식회사 아델이엔티,112475600,97.695,
R26BK01483102,2026-04-23,대검찰청,딥러닝 기반의 위·변조 동영상 분석 기법 연구Ⅱ,성균관대학교 산학협력단,93000000,97.894,
R26BK01482635,2026-04-23,국가유산청 국립해양유산연구소,신안선 출수목 수종분석,한국전통문화대학교 산학협력단,20260000,98.011,
R26BK01451069,2026-04-23,부산광역시교육청 부산컴퓨터과학고등학교,2026학년도 부산컴퓨터과학고등학교 2학년 수학여행 및 3학년 비숙박형(1일형) 현장체험학습 위탁 용역 입찰 공고,주식회사 부산관광투어,130970000,95.495,135066400
R26BK01473525,2026-04-23,전라남도 나주시 하수도사업소,"나주 중부처리구역(1,2,3,4,12) 하수관거 정비공사(잔여구간) 폐기물처리용역",호남산업(주),316760000,86.765,
R26BK01439359,2026-04-14,행정안전부 대통령기록관,대통령기록 서비스 기능 확대 및 혁신 방안 연구,협동조합 아카이빙 네트워크 연구원,50000000,,
R26BK01467780,2026-04-23,경기도 의정부시,의정부시 환경계획 수립 용역,주식회사 신화엔지니어링,108196000,81.268,
R26BK01428349,2026-04-14,조달청 인천지방조달청,국토교통과학기술진흥원 대표 홈페이지 디자인 개편 및 기능 개선,랜드소프트 주식회사,160000000,,
R26BK01472137,2026-04-23,경기도 의정부시,2026년 의정부 폭염그늘막 유지보수 용역(단가계약),주식회사 상호안전,57468600,88.322,
R26BK01437877,2026-04-15,조달청 서울지방조달청,26년 사이버수사시스템 통합유지관리,(주)시스윙,984000000,,
R26BK01484137,2026-04-23,공무원연금공단,2026년 공상공무원 패널조사(1차년도),(주)한국리서치,294000000,98.0,
R26BK01434654,2026-04-13,해양환경공단 해양환경교육원,해양환경교육원 구내식당 위탁운영,(주)호성식품,100848000,,
R26BK01449963,2026-04-16,한국농어촌공사 경북지역본부 달성지사,달성군정비사업(26년) 박곡지구 준설공사 폐기물(건설오니)처리 용역,대한환경산업(주),151806000,88.036,
R26BK01408546,2026-04-13,한국농어촌공사 충남지역본부,태안군 농촌공간 재구조화 및 재생 기본계획수립 용역,주식회사 꿈꾸는도시,320000000,,
R26BK01472187,2026-04-23,충청남도 태안군,소로2-403호 외 1개 노선(구터미널 부지) 도로 개설 실시설계 용역,신성이앤씨 주식회사,26258000,88.14,
R26BK01479393,2026-04-23,경기도 평택시,"고덕노인복지관 리모델링 공사 설계용역(건축, 기계)",주식회사 가인건설알앤씨,29484000,89.997,
R26BK01392218,2026-04-03,조달청,한·아세안 국가정원 재기획 기본구상 및 타당성평가 용역,주식회사 도화엔지니어링,474500000,,
R26BK01445409,2026-04-17,한국지방재정공제회,2026년도 한국지방재정공제회 관리자급 등 역량교육·평가 운영 대행 용역,주식회사 오알피연구소,87638000,87.223,100000000
R26BK01472013,2026-04-23,대전광역시,중리동 105-6번지 일원 노후관 개량공사 폐기물 처리용역,레노텍 주식회사,61894000,88.064,
R26BK01468658,2026-04-23,조달청 대구지방조달청,수소 연료전지 발전 클러스터 구축사업 부지 내 수소관로 실시설계 용역,주식회사 도화엔지니어링,167500000,87.808,
R26BK01472522,2026-04-23,경기도 화성시,2026년 화성시 취약해안 폐기물 수거 근로자 용역,주식회사 그린아트,142256397,88.01,160480000
R26BK01465771,2026-04-23,전남광주통합특별시 장성군,월평제2처리분구 및 신천마을 하수관로 수밀시험 및 CCTV 조사용역,(주)대웅건설,121360740,87.758,
R26BK01481584,2026-04-23,문화체육관광부 국립현대미술관,미술품 상태조사 표준업무절차 개발 연구용역(2회 유찰 후 전자수의시담),정도문화유산,98000000,98.0,
R26BK01473278,2026-04-23,경상남도 창녕군,2026년 스마트 홍수관리시스템 유지관리 용역,주식회사 소프트윙스,96854750,88.134,
R26BK01473577,2026-04-23,한국지역난방공사,수원 친환경에너지 개선사업 주기기 구매 건설폐기물 처리용역(폐목재재활용),주식회사지구환경,50231069,88.014,
R26BK01438724,2026-04-23,제주특별자치도교육청,[(긴급)입찰공고]2026년 농어촌 우리동네 예술학교 전문기관 위탁  용역[협상에의한계약],(사)한국능률협회,279000000,,
R26BK01472341,2026-04-23,국립경국대학교,건축공사 안전점검 수행기관 지정 공고(국립경국대학교 동물백신 실증센터 신축공사),주식회사 이앤에스솔루션,15580000,88.12,
R26BK01418036,2026-04-23,한국농어촌공사 안전기술본부,옥계저수지 등 27개소(보완지구) 비상대처계획(EAP) 수립 용역,주식회사 중앙방재엔지니어링,782800000,85.497,
R26BK01480261,2026-04-23,서울특별시 소방재난본부,2026년 의용소방대 단체 상해보험,디비손해보험 주식회사,14137560,,
R26BK01467548,2026-04-23,인천광역시 부평구,2026년 제3종시설물 실태조사 용역,우리건설 주식회사,118386381,87.765,
R26BK01473090,2026-04-23,부산광역시교육청,2026년 동래윤산다문화한국어교실 정규과정 학생통학차량 임차용역,백두산고속관광(주),70125000,95.613,73848000
R26BK01482820,2026-04-23,해양수산부 국립수산과학원,원양 주요 종 단위노력당어획량(CPUE) 표준화 연구,국립부경대학교 산학협력단,58800000,100.0,
R26BK01482843,2026-04-23,해양수산부 국립수산과학원,기후변화에 따른 포획금지규정 개선 방안 연구,국립부경대학교 산학협력단,98000000,100.0,
R26BK01467064,2026-04-23,충청북도교육청 봉명고등학교,2026학년도 봉명고등학교 1학년 수련활동 위탁용역 수의 견적 안내 공고,사)국제미래재단,61134150,96.269,63770850
R26BK01472391,2026-04-23,서울대학교,서울대학교 디자인연구동(49동) 리모델링 건설폐기물 처리용역,청한공영(주),123303000,87.748,
R26BK01473374,2026-04-23,경상북도교육청,2026년 학교흡연예방사업 관계자 심화연수 용역,(주)신라교과서여행,44651870,88.055,
R26BK01425865,2026-04-08,보건복지부,복지행정 AI 효과분석 연구,사단법인 한국행정학회,90000000,,
R26BK01438617,2026-04-17,조달청 서울지방조달청,2026년 국립대한민국임시정부기념관 디지털 체험 콘텐츠 구축 용역,(주)디자인인트로,200000000,,
R26BK01472759,2026-04-23,전남광주통합특별시 북구,신안동 135-9번지 주변 하수암거 재해복구공사 폐기물처리 용역,(주)케이환경,35800000,88.435,
R26BK01470702,2026-04-23,충청남도 공주시,"[입찰대행] 건설공사 안전점검 수행기관 지정 공고[오곡동 167-1, 2번지 자동차관련시설 신축공사]",주식회사 보배엔지니어링,3712380,88.622,
R26BK01472458,2026-04-23,부산광역시교육청 부산광역시남부교육지원청,동천초등학교 등 2교(오륙도중) 외벽마감재교체 및 기타공사 건설재해예방 기술지도용역,주식회사 국민안전기술단,764850,90.077,
R26BK01472783,2026-04-23,부산광역시 부산진구,서면로 일원 도로정비공사 건설폐기물처리용역,(주)석원산업,22784000,88.218,
R26BK01439188,2026-04-14,한국산업단지공단,2026년 태양광 수요기업 컨설팅 용역(인천),주식회사 제이에이치에너지,209000000,,
R26BK01418252,2026-04-23,한국농어촌공사 안전기술본부,가산저수지 등 26개소(보완지구) 비상대처계획(EAP) 수립 용역,주식회사 온담이엔지,756213500,85.533,
R26BK01472086,2026-04-23,경기도 화성시 맑은물사업소,화성시 상수도관망 전문기술진단 및 유수율 제고 용역(P.Q후 가격입찰),주식회사 서용엔지니어링,2842600000,82.171,3500000000
R26BK01472577,2026-04-23,포항시시설관리공단,형산빗물펌프장 외 8개소 정밀안전점검 및 정기안전점검 용역,주식회사 보람엔지니어링건축사사무소,87402000,88.127,100000000
R26BK01470239,2026-04-22,한국천문연구원,본원 업무용 친환경 전기차 EV3 자동차 임차,케이카 주식회사,24624000,99.868,
R26BK01473210,2026-04-23,경상북도교육청,2026년 전산직 공무원 역량강화 워크숍 용역,주식회사 예스투어,40691660,88.055,
R26BK01473056,2026-04-23,서울시 강남구도시관리공단,2026년 강남구도시관리공단 공용차량(시설관리팀) 임차 용역,주식회사 레드캡투어,12100000,92.475,13200000
R26BK01471249,2026-04-23,한국전기연구원,2026년 연구원 자산 종합보험 가입,한화손해보험 주식회사,153568891,72.597,
R26BK01466720,2026-04-23,한국지역난방공사 용인지사,2026년도 용인지사 항온항습기 및 냉난방설비 유지보수용역,주식회사 유앤아이이엔지,60603854,88.015,
R26BK01472031,2026-04-23,대전도시공사,오동지구 일반산업단지 개발사업 재해영향평가용역,주식회사 예당엔지니어링,185903000,87.768,
R26BK01481195,2026-04-23,한국보훈복지의료공단,2026년 메일서비스 이용,크리니티(주),149996000,99.098,
R26BK01483131,2026-04-23,산림청 서부지방산림청,[제주센터] 2026년 산림유전자원보호구역 탐방로 정비사업(2년차) 실시설계용역,산림기술사사무소엘림엔지니어링,16590000,88.987,
R26BK01461384,2026-04-20,충청남도 태안군,국가유산 경관개선사업 통합 서문 관광안내소 조성공사 비상주감리 용역,주식회사 삼현,22968200,88.983,
R26BK01476225,2026-04-22,한국과학기술정보연구원,2026년 온라인 가상실험 플랫폼 서비스 기능 개선 및 유지보수,주식회사 액츠원,21600000,99.082,
R26BK01434763,2026-04-17,사회복지법인 한국컴패션,한국컴패션 Growing 252 어린이 교육 프로그램 교재 및 교구재 제작,삼양애드,466676100,97.71,480000000
R26BK01438664,2026-04-16,조달청 충북지방조달청,2026년 AI-반도체 해외실증 지원 사업 성과 관리 용역,(주)키투웨이(Key To Way Inc.),200000000,,
R26BK01473516,2026-04-23,한국농어촌공사 충남지역본부,청양군 농업용관정 현장조사 용역,(주)신한엔테크,95552250,88.335,
R26BK01435156,2026-04-13,국립공원공단 국립공원해양생태보전원,2026년 해초지 복원지역 사후관리 및 적지조사,(주)수중생태기술연구소,180000000,,
R26BK01454630,2026-04-23,충청북도교육청 영동미래고등학교,2026학년도 영동미래고등학교 글로벌 현장체험학습(수학여행) 입찰 공고,주식회사 더드림여행,108912600,89.525,
R26BK01484025,2026-04-23,한국농촌경제연구원,2026년도 하절기 냉방가동 대비 냉동기 세관 및 정비점검 보수,(주)호남냉동시스템,6400000,100.0,
R26BK01424211,2026-04-09,산림청 산림교육원,(재공고)미래 환경변화 대응을 위한 인재양성 발전방안 연구 용역,(주)입소,59000000,98.633,
R26BK01481283,2026-04-23,한양여자대학교,[혁신]학생 행복 공간 조성을 위한 조형물 제작 업체 선정,주식회사 지구너머세상,19360000,98.775,
R26BK01466928,2026-04-23,한국농어촌공사 경남지역본부,26년 경남 서부권 재해예방계측시스템 장기계측 용역,주식회사 건일엔지니어링,142548000,87.764,
R26BK01454955,2026-04-23,전북특별자치도교육청 서림고등학교,2026년 1학년 수학여행 현장체험학습 위탁 용역,유한회사 세계화원관광,25928000,75.95,
R26BK01367161,2026-04-14,재단법인자동차손해배상진흥원,자동차사고 피해자 심리지원사업 수행 용역,텔러스헬스 주식회사,490000000,,
R26BK01472925,2026-04-23,서울도시철도엔지니어링(주),구내운전 영업배상책임보험 가입계약,메리츠화재해상보험주식회사,11900000,91.261,
R26BK01438029,2026-04-14,한국교육방송공사,파주놀이구름 미디어파사드(PMF) 콘텐츠 제작,주식회사 디아나인사이트,46750000,,
R26BK01472147,2026-04-23,충청남도 태안군,남면102호(곰섬) 도로 확포장공사 실시설계 용역,우성측량토목설계(주),43854000,88.165,
R26BK01481925,2026-04-22,한국농어촌공사 전남지역본부 진도지사,나배마을 취약지역 생활여건 개조사업 건설폐기물 처리용역,유한회사 광성환경,27500000,90.609,
R26BK01439388,2026-04-21,조달청 부산지방조달청,친환경 육상양식장 표준모델 개발 및 표준설계 심의 대응,부산대학교산학협력단,495000000,,
R26BK01466871,2026-04-23,전남광주통합특별시교육청 전남광주통합특별시광주동부교육지원청 경양초등학교,2026학년도 6학년 수학여행 위탁 용역 수의계약 안내공고,무등산뮤즈콘텐츠(주),19055300,88.027,
R26BK01441831,2026-04-21,재단법인경기도사회적경제원,온라인 교육 콘텐츠 제작 및 운영 용역(재공고),클로버랩스,91300000,,
R26BK01468649,2026-04-22,전남광주통합특별시교육청 광주청사,광주전자공고 차동 내진성능평가용역 수의계약 안내 공고,주식회사 메가구조안전,18920000,96.04,
R26BK01433845,2026-04-23,조달청,2026년 오염우려지역 토양지하수 환경조사 및 평가,재단법인 한국환경산업연구원,2748547000,80.088,
R26BK01449480,2026-04-20,교육부,제45회 스승의날 기념 행사 용역 계약,주식회사 케이에스씨,82450000,,
R26BK01480673,2026-04-22,서울특별시 서울도서관,서울시립도서관(서대문구 소재)개관 추진 관련 전기소방 설계 용역,(주)아이엔지소방,21500000,,
R26BK01441698,2026-04-20,주식회사 싸인랩,강원 태백 노지 스마트농업 시범사업 민간실증단지 실증과제 (생육 기술) 연구 수행사업자 모집 공고,부산대학교산학협력단,23000000,,
R26BK01468209,2026-04-23,전남광주통합특별시 무안청사,"은곡~매월간 지방도 확포장공사 건설폐기물 처리용역(폐아스콘) 처리용역(총괄,1차)",(유)성주환경개발,170243890,87.75,
R26BK01473294,2026-04-22,산림청 국립산림과학원,(위탁)산림훼손지 토양환경 변화 및 영향요인 분석,강원대학교산학협력단,19600000,98.0,
R26BK01484049,2026-04-23,한국농어촌공사 경북지역본부 구미김천지사,배수장 조명설비 원격제어 및 물관리자동화시스템 보수용역,주식회사 비알인포텍,49000000,89.502,
R26BK01434204,2026-04-13,기후에너지환경부 국립생물자원관,2026년 대표 홈페이지 기능 고도화,주식회사 에스온시스템,97900000,,
R26BK01447066,2026-04-21,조달청 충북지방조달청,2026년 XaaS 선도 프로젝트 BM컨설팅 용역,(주)윕스,117000000,,
R26BK01481110,2026-04-22,서울특별시 서울공예박물관,제2회 서울시 유리지공에상 기념전시 연출 용역,디자인 누하,52250000,95.0,
R26BK01477141,2026-04-23,국가유산청 국립문화유산연구원 문화유산보존과학센터,석조문화유산의 AI 기반 기후변화 대응형 열화 예측 기술 개발,한국전통문화대학교 산학협력단,87000000,99.724,
R26BK01472753,2026-04-23,경기도 광주시,도웅리~상림리간(시도 7호선) 도로 확포장공사 폐기물처리용역,주식회사 한솔산업개발,132918000,87.778,
R26BK01432774,2026-04-15,조달청 충북지방조달청,2026년 중동 의료인 연수 프로그램 운영 지원 및 홍보 위탁,(주)민커뮤니케이션즈,241000000,,
R26BK01469440,2026-04-22,한국양성평등교육진흥원,2026년 국립여성사전시관 소장품 분류 및 기초명세 보완,한양대학교 에리카산학협력단,96040000,98.0,
R26BK01427842,2026-04-10,서울특별시교육청,[긴급]서울특별시교육청 조직분석·진단 연구 용역,주식회사 중앙경영연구원,91078560,87.0,
R26BK01484379,2026-04-23,한국지역난방공사 파주지사,2026년 상반기 파주지사 작업환경측정 용역,한국보건안전연구소 주식회사,4160000,89.387,
R26BK01484352,2026-04-23,한국농어촌공사 충남지역본부 예산지사,상성보 분수문 재해복구사업 토목공사 건설폐기물처리 용역,무한건설환경(주),9760000,89.623,
R26BK01406069,2026-04-21,전북특별자치도,전북특별자치도 도립공원 자연자원조사 용역,사단법인한국환경생태학회,696000000,,
R26BK01454879,2026-04-23,조달청,(가칭)경상북도교육청 환경교육센터 건립공사 감리용역(계속비),건축사사무소디딤돌,286698800,86.759,
R26BK01468451,2026-04-23,한국광기술원,2026년 재산종합보험,삼성화재해상보험 주식회사,47684467,56.287,
R26BK01468446,2026-04-23,충청북도 청주시,옥산면 오산리 농수산물 도매시장 진입도로 개설공사 폐기물처리용역,인원산업(주),514003000,85.496,
R26BK01484784,2026-04-23,서울특별시 119특수구조단,특수구조대 유해물질분석기(토리온 T-9) 고장 수리,퍼킨엘머코리아 유한회사,4615000,94.984,
R26BK01472192,2026-04-23,부산광역시 건설안전시험사업소,대연1교 정밀안전점검용역,(주)하나기술단,32423200,88.053,
R26BK01431934,2026-04-21,재단법인달성교육재단,2026 초등영어 여름방학캠프 운영 용역,(주)에스엠아이에스,149048000,,
R26BK01468318,2026-04-23,충청북도 제천시,백운면 수론천 정비사업 폐기물처리용역,나라환경 주식회사,253274000,86.797,
R26BK01406497,2026-04-10,조달청 서울지방조달청,2026년 민주평화통일자문회의 자문위원 연수,(주)에이엔이광개토,312200000,,
R26BK01479603,2026-04-23,농림수산식품교육문화정보원,2026년 전략작물 생산단지 재배기술 컨설팅 운영,주식회사 미래농업전략연구원,250000000,100.0,
R26BK01442226,2026-04-20,주식회사 싸인랩,강원 태백 노지 스마트농업 시범사업 민간실증단지 실증과제 (관수 기술) 연구 수행사업자 모집 공고,(주)경농,22996050,,
R26BK01467699,2026-04-23,경상남도교육청 경상남도양산교육지원청,동산초 외 1교(양산중) 제3종시설물 정기안전점검 및 물금초 외 14교 제3종시설물 실태조사 용역 수의계약 안내 공고,주식회사 피아이에스엔지니어링,39850000,88.319,
R26BK01457001,2026-04-23,인천광역시교육청 인천비즈니스고등학교,2026학년도 인천비즈니스고등학교 2학년 제주도 수학여행 위탁용역 전자입찰 공고,주식회사 미래교육여행,78418000,95.607,
R26BK01404238,2026-04-17,조달청 서울지방조달청,등기정보시스템 통합 구축 등을 위한 ISP,주식회사 지티아이씨,227000000,,
R26BK01473482,2026-04-23,강원특별자치도 도로관리사업소,지방도451호선 도관지구 포장도 정비사업 폐기물처리용역,건백산업주식회사,48900000,93.912,
R26BK01399530,2026-04-07,서울특별시 금천구,독산역 주변 지구단위계획 재정비 용역,(주)인토엔지니어링도시건축사사무소,310000000,,
R26BK01427713,2026-04-22,조달청 대전지방조달청,2026년 한국지질자원연구원 조경관리용역,다원건설산업 주식회사,121852300,87.999,
R26BK01476991,2026-04-23,재단법인 청주시정연구원,2026 청주시 외국인주민 실태조사 위탁조사용역,주식회사 와이앤제이랩,38990000,99.266,
R26BK01471141,2026-04-20,서울특별시 서울시립대학교,글로벌 시민강좌 및 시대산책 용역_박물관,(주)헤리티지연구소,20900000,95.0,
R26BK01432990,2026-04-13,행정안전부,2026년 마을기업 홈페이지 유지관리 용역,(주)디더블유아이,79800000,,
R26BK01474122,2026-04-23,경상북도 성주군,제6기 성주군 지역사회보장계획 수립 연구용역,경북미래연구컨소시엄(주),35199700,88.025,40000000
R26BK01445083,2026-04-17,코리아경기도주식회사,[긴급] 2026년 경기도 민간 다중이용시설(영화관) 다회용기 운영 용역,주식회사 잇그린,190850000,,
R26BK01485233,2026-04-23,서울특별시 서부공원여가센터,보라매공원 어르신휴게쉼터 정비 설계용역,동양건축 건축사사무소,21500000,100.0,
R26BK01484916,2026-04-23,한국농어촌공사 전남지역본부 담양지사,반룡지구 농어촌취약지역생활여건개조사업 기본계획수립 용역,주식회사 동양이엔디,35530000,95.0,
R26BK01473080,2026-04-21,한국환경산업기술원,지자체 녹색구매 협력 지원 사업,이클레이 한국사무소,62700000,95.0,
R26BK01465356,2026-04-23,경상북도,동천(무진지구) 하천재해예방사업 건설폐기물처리용역(1차),상록환경 주식회사,287106000,86.794,
R26BK01472944,2026-04-23,부산광역시 부산진구,2026년 부산진구청 공용차량 자동차보험 가입,삼성화재해상보험 주식회사,44543600,88.783,
R26BK01472333,2026-04-23,울산광역시교육청,2027 대학진학박람회 행사 운영 용역,씨에스코리아(CS.Korea),71029890,88.058,
R26BK01456932,2026-04-22,서울고속도로주식회사,수도권제1순환(일산~퇴계원간)고속도로 2026년 고객만족 및 통행량 증대 홍보 용역,굿윌커뮤니케이션즈(주),48620000,,
R26BK01473081,2026-04-23,전북대학교,2026년 냉온수유니트 세관 및 보수 용역,유한회사 전군이엔지,57914591,88.003,66178000
R26BK01477235,2026-04-23,조달청 서울지방조달청,2026년 재판서 및 사건부 DB구축 사업 용역,주식회사 더존테크윌,492500000,99.959,
R26BK01439947,2026-04-13,울산대학교,"[2-4-7,4]BTS(Brain to Society) 홈페이지 구축 용역",(주)대덕시스템,47000000,,
R26BK01482424,2026-04-22,한국지역난방공사 강남지사,2026년 강남지사 전기분야 경상정비공사 재해예방 기술지도 용역,우성안전기술원,6468000,89.166,
R26BK01482416,2026-04-23,국가유산청 국립고궁박물관 국립조선왕조실록박물관,2026년 국립조선왕조실록박물관 특별전 영상제작,주식회사 엔에스미디어,53350000,97.0,
R26BK01453568,2026-04-23,서울특별시중부교육청 청운중학교,2026학년도 청운중학교 1학년 수련활동(진로캠프) 위탁용역 입찰 공고,신안종합리조트(주),31500000,93.27,
R26BK01441957,2026-04-23,인천광역시교육청,2026년 스마트 3in1 건강교실 용역,주식회사 디에이블,96000000,99.508,
R26BK01438987,2026-04-14,경찰청,인구 감소·소멸지역의 치안서비스 유지를 위한 지역경찰 운영체계 최적화 및 치안보조인력 활용 방안 연구,건국대학교글로컬산학협력단,64592000,,
R26BK01471874,2026-04-23,강원특별자치도교육청,강원특별자치도교육청통일교육원 및 양구교육도서관 내진성능평가용역,주식회사 에이블 안전진단,59088000,88.65,
R26BK01484080,2026-04-23,한국농어촌공사 충북지역본부 충주.제천.단양지사,미당2리 마을만들기사업 재해예방기술지도 용역,주식회사 정화안전지도,3190000,90.062,
R26BK01484228,2026-04-23,한국농어촌공사 경북지역본부 성주지사,2026년 농업생산기반시설(성남배수장) 전기안전관리위탁 용역,(주)동양티피티,19167000,88.002,
R26BK01431301,2026-04-23,부산광역시교육청 브니엘여자고등학교,2026학년도 브니엘예술중학교 현장체험학습,(주)센텀뉴부산관광,134783800,90.901,149219860
R26BK01485045,2026-04-23,충청남도교육청 충청남도교육청교육과정평가정보원,2026년 충청남도교육청 읽기곤란(난독증)일반진단검사,사단법인대한난독증협회,98753200,98.753,
R26BK01382737,2026-04-20,관세청,2026년 수출입물류 동향 연차보고 및 보세화물제도 연구,(사)한국관세물류협회,99500000,,
R26BK01482787,2026-04-23,해양수산부 국립수산과학원,남극해 크릴어업 부수어획 자치어 종조성 분석 연구,국립부경대학교 산학협력단,49000000,100.0,
R26BK01480736,2026-04-23,조달청,공공기관 결산시스템 운영관리 및 기능개선,(주)이지코드,303000000,99.891,
R26BK01482542,2026-04-23,한국교통안전공단 자동차안전연구원,자동차 첨단기술 제작결함조사 강화방안 연구 용역,사단법인한국자동차모빌리티안전학회,58080000,96.911,
R26BK01405520,2026-04-09,서울특별시,서울공예박물관 소장 자수 구운몽도 병풍 보존처리 용역,고창문화재보존,118700000,,
R26BK01468869,2026-04-23,인천광역시 종합건설본부,2026년 능해고가교 정밀안전점검용역,주식회사메딕콘,31991000,88.031,
R26BK01468686,2026-04-23,국방과학연구소,2026년도 해미시험센터 예초관리용역,한울조경 주식회사,146670415,88.004,
R26BK01473757,2026-04-23,경상남도 밀양시,미리미동국 조경 및 진입도로 조성사업 건설폐기물처리용역,한맥(주),40818600,88.21,46554000
R26BK01465452,2026-04-21,전남광주통합특별시 완도군,2026년 해양쓰레기 정화사업 소안면 폐기물처리 용역(3차),유한회사바다환경,79990460,88.182,
R26BK01439194,2026-04-14,근로복지공단본부,2025년 지속가능경영보고서 발간 용역,주식회사 아이엠에스알,40000000,,
R26BK01458418,2026-04-23,조달청 강원지방조달청,그랜드호텔 및 마운틴콘도 환경개선공사 가연성폐기물 처리용역,주식회사 제아이씨,224948690,80.623,
R26BK01484552,2026-04-23,서울특별시 서울아리수본부,광암수계 배수관로 정비공사(1공구) 서부로 추진구간 지하안전평가 용역,주식회사 제일기초이엔씨,53300000,97.967,
R26BK01473836,2026-04-23,울산광역시,가대문고개교 등 3개소 정밀안전점검 용역,주식회사 정민건설,86263300,88.274,98760000
R26BK01439906,2026-04-17,부산광역시,2026 부산美아트페스티벌 행사 대행 용역,주식회사아트현,95800000,,
R26BK01472188,2026-04-23,충청북도 충주시 상수도사업소,동량면 조동리 일원 노후관교체공사 폐기물처리용역,노은환경개발(주),34540700,88.982,
R26BK01473815,2026-04-23,국토교통부 익산지방국토관리청 광주국토관리사무소,국도23호선 영암 금수지구 폭원부족 등 도로안전 정비사업 실시설계용역,주식회사 신화기술,75479000,87.757,
R26BK01473464,2026-04-23,강원특별자치도 태백시,2026년 태백관광 시티투어 버스 운영 용역,합명회사 스카이여행사,455500,98.468,460000
R26BK01468743,2026-04-23,충청북도 증평군,증평3일반산업단지 공업용수도 건설사업 실시설계용역,주식회사 메가종합기술,117612000,87.782,
R26BK01419928,2026-04-06,국가아동권리보장원,2026년 아동학대 예방 중심의 긍정양육 문화 조성 종합 홍보,주식회사 웰컴어소씨에이츠,576000000,,
R26BK01465667,2026-04-23,국토교통부 대전지방국토관리청 보은국토관리사무소,2026년도 보은국토 일반폐기물(폐합성수지 등) 위탁처리용역(단가) 견적 공고,(주)청원이에스개발,278590,88.1,
R26BK01467367,2026-04-23,경상남도 거창군 수도사업소,2026년 거창군 소규모수도시설 수질검사 용역(2분기/북부권),주식회사 엔텍분석연구원,30621000,88.059,
R26BK01447722,2026-04-21,조달청 대전지방조달청,2026년 기후변화과학 학교 교육지원 콘텐츠 개발 사업,주식회사 케이브레인컴퍼니,249500000,,
R26BK01470106,2026-04-23,강원특별자치도 홍천군,도시계획도로(하화계리 신풍중기 뒤)개설 매장유산 정밀발굴조사 용역,재단법인 예맥문화유산연구원,254755000,83.103,306152000
R26BK01418077,2026-04-23,한국농어촌공사 안전기술본부,외촌저수지 등 26개소(보완지구) 비상대처계획(EAP) 수립 용역,주식회사 삼안,750552000,85.541,
R26BK01465663,2026-04-23,서울특별시 강남구,(PQ 후 가격입찰) 대치빗물펌프장 등 7개소 및 율현수문 정밀안전점검 용역,인프라안전(주),131155000,87.337,
R26BK01471006,2026-04-23,대구광역시 달성군,하빈 무등2리 1323번지선 도시계획도로 개설공사 건설폐기물 운반 및 처리,대한환경산업(주),32634000,88.103,
R26BK01453291,2026-04-23,산림청 산림항공본부,(변경공고)2026년 산림항공본부 공무용차량 자동차보험 가입,메리츠화재해상보험주식회사,42497610,98.522,
R26BK01451665,2026-04-22,(주)카카오,2026년 카카오테크 캠퍼스 교육 과정 운영 용역,주식회사 엘리스그룹,476465000,,
R26BK01472355,2026-04-23,경상남도,밀양 조천지구 하천재해예방사업 설계 경제성 검토 용역,주식회사  한올엔지니어링,26450000,88.03,30000000
R26BK01412290,2026-04-23,부산교통공사,부산도시철도 부전역 외 1개 시설개량공사 시공단계 감독권한대행 등 건설사업관리용역,주식회사 동해종합기술공사,1295500000,80.031,
R26BK01466189,2026-04-23,한국농어촌공사 경기지역본부 평택지사,홍원지구 대구획경지정리사업 건설폐기물처리용역,서울N.E.T.(주),1523090000,82.998,
R26BK01468071,2026-04-23,제주특별자치도 제주시,애월주거지역 경계(중로3-3-9) 도로개설사업 GIS DB구축 용역,주식회사 제주트윈,132647500,87.756,
R26BK01453736,2026-04-23,서울특별시교육청 서울특별시성북교육지원청 영훈초등학교,2026년도 영훈초등학교 6학년 소규모테마형교육여행,롯데제이티비 주식회사,210100000,99.047,212850000
R26BK01437736,2026-04-13,전북특별자치도교육청 전북특별자치도익산교육지원청,[백제문화탐험대] 2026년 해외 역사문화탐방 연수 위탁 용역,주식회사 한진투어,66000000,,
R26BK01481890,2026-04-23,울산광역시교육청 울산광역시강북교육지원청,유곡중 학교공간혁신 공사 설계용역,이엔피건축사사무소,19900000,96.452,
R26BK01469618,2026-04-23,경상북도구미교육청 원호초등학교,2026학년도 1학기 원호초등학교 현장체험학습 및 수영실기교육 차량임차 용역 수의계약 안내 공고,(주)오상관광,40984000,88.538,
R26BK01465012,2026-04-23,충청남도 아산시 미래도시관리사업소,2026년 서부권 어린이놀이시설 바닥재 소독용역,충무개발,30004770,88.05,34432600
R26BK01467379,2026-04-23,전북특별자치도 임실군,2026년도 임실군청 공용차량 보험가입 입찰공고,디비손해보험 주식회사,33706830,,
R26BK01445129,2026-04-20,부산항만공사,2026 회계연도 회계자문 및 결산지원 용역,현대회계법인 부산지점,104500000,,
R26BK01478436,2026-04-23,조달청 서울지방조달청,동국대학교 불교한글문화유산 신번역 텍스트 데이터베이스 설계 및 구축 연구,바키타랩 주식회사,137621000,99.797,
R26BK01482140,2026-04-23,국가유산청 국립고궁박물관,"국립고궁박물관 1층 기획전시실 개편공사(전기, 소방) 감리용역",주식회사 천일엠이씨,18000000,96.982,
R26BK01477815,2026-04-23,조달청,2026년 지역주도 민관협력체계 구축 및 확산사업 용역,사단법인 경북시민재단,2128500000,100.0,
R26BK01432358,2026-04-17,(재)경기도경제과학진흥원,GBSA 인권센터 운영 용역,법무법인(유한) 원,79500000,96.363,
R26BK01471353,2026-04-23,경기도 안산시,2026년 안산시 공용차량 자동차보험 가입,하나손해보험 주식회사,39601750,45.428,
R26BK01466350,2026-04-23,해양환경공단,2026년 부산시 부산연안 주변해역 해양폐기물 정화사업,혜성,257972200,86.77,298788000
R26BK01482699,2026-04-23,한국지역난방공사 판교지사,2026년 판교지사 정보통신설비 성능점검 유지보수 용역,성보정보통신(주),9029460,87.999,
R26BK01482686,2026-04-22,강원특별자치도 원주시,안전보건관리주체 위험성평가 특별교육 용역,주식회사 세이프지,45500000,91.733,
R26BK01482859,2026-04-23,해양수산부 국립수산과학원,총허용어획량(TAC) 확대에 따른 제도 제·개정 연구,국립부경대학교 산학협력단,98000000,100.0,
R26BK01482709,2026-04-23,강원특별자치도 원주시,제2차 원주시 청년정책 기본계획 연구용역,원주진로지원센터 이룸협동조합,45136000,91.0,
R26BK01397142,2026-04-07,국방기술품질원,국방기술품질원 채용대행 용역,(주)스카우트,189123185,,
R26BK01453231,2026-04-23,재단법인 부산연구원,(재)부산연구원 신청사 건물관리 용역,주식회사 부일필터,60250240,87.75,
R26BK01469568,2026-04-23,경기도 안양시 만안구,관내 이면도로 등 포장정비공사 폐기물처리용역,(주)제이에스,76420000,89.27,
R26BK01466637,2026-04-23,대구광역시교육청 대구교육해양수련원,2026년 6~7월 해양수련원 해양수련과정 학생 수송차량 임차용역,(주)새천년관광,137106600,88.058,
R26BK01484473,2026-04-23,한국청소년활동진흥원,국립중앙청소년수련원 생활관 현대화 실시설계,로진디자인랩건축사사무소,54800000,99.976,
R26BK01469410,2026-04-22,경상남도 밀양시,2026년 활성1교 정밀안전진단용역 소액수의계약 견적제출 안내공고,주식회사 선익,64733000,88.278,73700000
R26BK01469332,2026-04-23,기상청,기상청 국가기상센터 신축사업 감독권한대행 등 건설사업관리 용역,(주)무영씨엠건축사사무소,2880079000,81.047,
R26BK01477970,2026-04-23,한국농어촌공사 제주지역본부,구좌권역 밸브실 시설물 점검용역,주식회사 용천,18300000,,
R26BK01465822,2026-04-21,충청남도 청양군,비봉면 록평리 군도1호선 인도설치 및 재포장공사 폐기물처리용역,(주)대건환경산업,106951800,87.848,122693000
R26BK01452770,2026-04-23,서울특별시교육청 덕성여자고등학교,2026학년도 덕성여자고등학교 2학년 소규모테마형교육여행 위탁용역 입찰공고,(주)정풍관광,111145000,98.336,
R26BK01470704,2026-04-23,경상남도교육청 경상남도창녕교육지원청,"창녕유치원 급식소 조리실 환기개선 전기(통신, 소방)공사 설계용역 수의계약 안내공고",태림ENG,3159000,90.087,
R26BK01468196,2026-04-23,충청남도 아산시 미래도시관리사업소,공고문(곡교천-신정호 자전거도로 개선사업 폐기물 처리용역),(주)한솔건설산업,24887000,88.144,
R26BK01482402,2026-04-23,한국지역난방공사 고양사업소,고양사업소 2026년 DH지사 전기분야 경상정비공사 재해예방기술지도 용역,(주) 고려전기통신안전,9028800,89.918,
R26BK01467938,2026-04-23,경상남도교육청 경상남도양산교육지원청,덕계초 외 4교 40년 이상 건축물 정밀안전점검용역 수의계약 안내 공고,(주)하우엔지니어링건축사사무소,37072000,88.276,
R26BK01437948,2026-04-20,국방부 국군재정관리단,26-N-안병태 제독 평전 연구용역,(사)21세기군사연구소,11639165,71.22,
R26BK01483070,2026-04-23,서울특별시 서울아리수본부 구의아리수정수센터,구의아리수정수센터 단위사업별 기계설비공사 감독권한대행 등 건설사업관리 용역,주식회사 피크엔지니어링,20600000,94.93,
R26BK01482882,2026-04-23,한국농어촌공사 경남지역본부 진주.산청지사,단성면 기초생활거점조성사업 전기 및 소방공사 재해예방기술지도 용역,한국재해예방안전원 주식회사,6973200,92.006,
R26BK01465782,2026-04-23,국토교통부 서울지방국토관리청,국지도98호선 광주 도척 유정-진우 도로건설공사 교통시설안전진단,(주)내일이엔시,43250000,87.748,
R26BK01483221,2026-04-23,연세대학교 미래캠퍼스,[대학혁신지원사업] 2026년 전공탐색박람회 행사장 부스 설치 용역,마노이앤아이주식회사,18432000,96.0,
R26BK01483287,2026-04-23,한국지역난방기술주식회사,3D 모델링 리뷰 프로그램(Navisworks) 연간사용,(주)라인테크시스템,2970000,98.432,
R26BK01470483,2026-04-23,경상남도교육청 경상남도창녕교육지원청,창녕유치원 급식소 조리실 환기개선 기계설비공사 설계용역 수의계약 안내공고,주식회사 유일테크엔지니어링,3384984,90.053,
R26BK01407791,2026-04-10,한국국제협력단,2026년도 KOICA K-MOOC 콘텐츠 제작 용역,인바이드,63360000,,
R26BK01472032,2026-04-23,강원대학교,문예대1호관 외 4개동 방수 및 기타공사 재해예방 기술지도용역,금화안전컨설팅,1401540,88.138,1596000
R26BK01470341,2026-04-23,전북특별자치도 익산시 상하수도사업단,황등2처리분구 시서마을 배수설비 설치공사 건설폐기물 처리용역,(주)에코건설산업,31779600,88.181,
R26BK01471199,2026-04-23,강원특별자치도 강릉시,2026년 강릉시 출연기관 경영평가 등 용역,사단법인 중부지역발전연구원,30624000,88.362,35000000
R26BK01465327,2026-04-23,한국농어촌공사 경북지역본부,2026년 재해예방계측시스템 장기계측 용역(1공구-송림저수지 등),(주)대명기술공사,185070500,87.764,210141000
R26BK01472154,2026-04-23,경상남도 밀양시,밀양시종합사회복지관 가곡분관 철거공사 감리용역 소액수의계약 견적제출 안내공고,정원디자인건축사사무소,49247900,88.131,55510000
R26BK01471944,2026-04-23,한국전력공사 인천사업본부,한국전력공사 남인천지사 안전관리 업무용 차량 임차용역,롯데렌탈(주),33120000,96.179,
R26BK01481606,2026-04-23,한국에너지기술연구원,연구실 고압가스 안전환경시설 조성사업 설계용역,주식회사 에프씨디,79000000,94.61,
R26BK01457118,2026-04-23,제주특별자치도교육청 애월고등학교,2026학년도 애월고등학교 학생 국외 체험 연수 위탁 용역 2단계 입찰 공고(긴급),주식회사 춘추항공여행사,160888000,95.03,
R26BK01440734,2026-04-17,서울올림픽기념국민체육진흥공단,2026년 체육시설 안전이용 및 안전문화 확산 홍보 용역,한국에스엔에스인재개발원(주),144200000,,
R26BK01416636,2026-04-14,재단법인충남콘텐츠진흥원,2026 스케일업 엑셀러레이팅 프로그램 운영,씨엔티테크(주),184121300,84.55,220000000
R26BK01444716,2026-04-17,(재)서울경제진흥원,2026년 서울AI로봇쇼 행사운영 대행 용역,주식회사 글리덕,1475400000,,
R26BK01481429,2026-04-23,전북특별자치도교육청,2026년 학생 불균형 체형 진단검사 등 위탁용역,진 이앤에스(Jin E&S),162280800,88.144,
R26BK01480588,2026-04-23,해양수산부 국립해양측위정보원,DGNSS 운영제어국 통합감시시스템 개량,가치공간정보 주식회사,98000000,98.989,
R26BK01483012,2026-04-23,산림청 중부지방산림청 보은국유림관리소,2026년 입목처분지(오탄리) 실시설계 용역,예숲산림기술사사무소,7610000,89.91,
R26BK01366684,2026-04-14,대한장애인체육회,2026 아이치나고야 아시안패러게임 각종 행사운영 대행,주식회사 세모씨앤씨,119600000,,
R26BK01437365,2026-04-16,(재)예술경영지원센터,2026년 코리안 아티스트 투데이 자료 기획 및 제작 대행,비(B) 파운데이션,77700000,,
R26BK01437880,2026-04-23,서울특별시동부교육청 전농중학교,2026학년도 3학년 수련활동 용역 입찰 공고,신안종합리조트(주),36708000,94.725,38206890
R26BK01418119,2026-04-23,한국농어촌공사 안전기술본부,달서저수지 등 26개소(보완지구) 비상대처계획(EAP) 수립 용역,주식회사 다산컨설턴트,751973000,85.628,
R26BK01473953,2026-04-23,경상북도 구미시,2026년 상반기 구미시 영농폐기물 운반·처리 위탁 용역(단가계약),주식회사 케이비아이국인산업,330000,90.506,
R26BK01390991,2026-04-09,조달청 서울지방조달청,2026년 상반기 국회방송 외주제작(헌법바로알기 프로그램),(주)에이치넷미디어,220000000,,
R26BK01482900,2026-04-23,한국농어촌공사 경북지역본부 문경지사,2026년 농업생산기반시설(수탁) 전기안전관리대행 용역 발주,산업전기안전관리주식회사,3470000,89.141,
R26BK01414741,2026-04-02,재단법인 경북아이티융합 산업기술원,스마트 돌봄e 통합정보 서비스 플랫폼 구축용역,주식회사 엔집,199980000,,
R26BK01473559,2026-04-23,강원특별자치도 영월군,예담고 예정 부지 내 유휴시설 철거공사 폐기물처리용역 수의견적 제출안내 공고,성원환경합자회사,53460000,90.756,58916000
R26BK01484581,2026-04-23,서울특별시 서부공원여가센터,2026년 보라매공원 CCTV 유지관리 용역,주식회사 에피테크,39000000,100.0,
R26BK01441905,2026-04-17,경기도 평택시 안중출장소,2026 평택 해양페스티벌 기획·운영 용역,청류,268722850,,
R26BK01466431,2026-04-23,보건복지부 국립재활원,2026년 상반기 국립재활원 시설물 정기안전점검 용역,주식회사 해량엔지니어링종합건축사사무소,26755600,88.001,
R26BK01422546,2026-04-16,조달청,2026 국제종자박람회 행사대행,백두기획,768000000,,
R26BK01432285,2026-04-14,정보통신산업진흥원,정보통신산업진흥원 구내식당 및 매점 위탁운영 용역,본푸드서비스(주),0,,
R26BK01484294,2026-04-23,한국농어촌공사 경기지역본부 여주.이천지사,안금1리 취약지역 생활여건 개조사업 건축감리용역,태양건축사사무소,15420000,93.009,
R26BK01478533,2026-04-23,한국석유공사,위험물 예방규정 컨설팅 용역,(주)오에스엘이엔에스,16000000,86.89,
R26BK01480225,2026-04-23,조달청,26년도 개인정보관리 전문기관 지정심사 및 사후관리 제도 운영,주식회사 포유씨큐리티,442350000,99.988,
R26BK01482854,2026-04-23,조달청,신종마약류 표준물질 합성 사업,한국과학기술연구원,727000000,99.931,
R26BK01413795,2026-04-14,조달청,2026년 「전자책 제작 지원 사업」 선정도서 검수 및 제작 컨설팅 용역,주식회사 북틀,327600000,,
R26BK01466526,2026-04-23,재단법인강동문화재단,2026년 강동문화재단  무대기계 유지보수 관리용역,주식회사 코드건축사사무소,58023000,88.57,66000000
R26BK01465341,2026-04-23,한국농어촌공사 경북지역본부,2026년 재해예방계측시스템 장기계측 용역(2공구-대평저수지 등),주식회사 삼지기술단,165699000,87.783,189859000
R26BK01469150,2026-04-23,제주특별자치도 제주시,2026년 제주시 기후환경과 공무용차량 자동차보험 가입,디비손해보험 주식회사,5123640,42.547,
R26BK01473150,2026-04-23,한국공항공사,2025년도 자회사 상임감사 직무수행 실적평가 용역,나우,33734300,88.008,38500000
R26BK01470355,2026-04-23,경상남도 거제시,26년 옥포 도시재생뉴딜사업 성과관리체계 구축 및 종합성과분석 용역,미라클,26360700,88.003,30000000
R26BK01473783,2026-04-23,경상남도 밀양시,밀양시 종합사회복지관 가곡분관 철거공사 건설폐기물처리용역,세정건업 주식회사,57988000,88.541,65379000
R26BK01473717,2026-04-23,국토교통부 국토지리정보원,유엔지명전문가그룹 대응 기반 강화 및 지명 표준화 연구,(사)동해연구회,93150000,100.0,
R26BK01472774,2026-04-23,경기도 남양주시,2026년 보존서고 기록물 정수점검 용역,주식회사 오아이티,48393636,88.453,
R26BK01473054,2026-04-20,경상북도교육청,(긴급)2026년 질문 중심 수업 연계 초등 서·논술형 평가 전문가 육성 전국단위 연수,테크빌교육(주),1055000000,97.056,
R26BK01417816,2026-04-21,국토교통부 국토지리정보원,2026년 모빌리티 보행지도 구축,엘티메트릭 주식회사,420000000,,
R26BK01473449,2026-04-23,경상북도 경주시,안강 하곡리 군도2호선 도로확장공사 폐기물 처리 용역,주식회사 현송,32787410,88.057,37356000
R26BK01479681,2026-04-23,조달청 인천지방조달청,국내 포름알데하이드 농도 변화와 VOCs 농도와의 상관성 연구(Ⅰ),한국외국어대학교 연구산학협력단,117000000,99.186,
R26BK01474916,2026-04-23,조달청 서울지방조달청,디지털포렌식 분야의 산학연관 협력 생태계 고도화를 위한 종합 연구,고려대학교산학협력단,218540000,99.698,
R26BK01440484,2026-04-17,조달청 대구지방조달청,2026년 국외 종자 보전 네트워크 구축,신구대학교 산학협력단,150000000,,
R26BK01466568,2026-04-23,동남권원자력의학원,의료폐기물 위탁처리용역 단가계약,엔씨메디 주식회사,405551640,97.865,
R26BK01467321,2026-04-23,경상남도 거창군 수도사업소,2026년 거창군 소규모수도시설 수질검사 용역(2분기/동부권),누리생명과학원 주식회사,26419000,88.473,
R26BK01473701,2026-04-23,국토교통부 익산지방국토관리청 광주국토관리사무소,국도13호선 담양 동산지구 폭원부족 등 도로안전 정비사업 실시설계용역,(주)태성기술개발,119014000,87.759,
R26BK01468333,2026-04-23,충청남도 아산시 미래도시관리사업소,배방읍 회룡리 배수 개선 공사 폐기물처리용역,(주)아산환경,26996000,88.585,
R26BK01464536,2026-04-23,해양경찰청,해양경찰 특수기록관 청소미화 용역,주식회사 반듯,83901038,87.995,
R26BK01427005,2026-04-21,조달청 대구지방조달청,2026년 디지털윤리 교육콘텐츠 개발 사업,(주)티엠디교육그룹,835000000,,
R26BK01475972,2026-04-21,식품의약품안전처,용기·포장 HACCP 기준 신설 및 적용을 통한 식품 안전관리 강화 방안 연구,주식회사 큐써트코리아,45000000,91.836,
R26BK01475910,2026-04-23,한국기상산업기술원,타지키스탄 기상재해 감시시스템 현대화 사업 기술설계 및 전문가 파견 용역(수의시담),주식회사 웨더피아,98000000,100.0,
R26BK01473164,2026-04-23,경기도,경기도청 옛청사 제1별관 등 2026년 상반기 제3종시설물 정기안전점검 용역,제일건설안전기술(주),8128560,90.012,
R26BK01468106,2026-04-23,한국환경공단 수도권동부환경본부,대기관리부 업무용차량(EV5) 장기 임차,케이카 주식회사,30960000,91.181,
R26BK01472310,2026-04-23,울산광역시교육청 울산광역시강남교육지원청,신정초 증축공사 건설폐기물 처리용역(매립_계속비),리뉴랜드신경주 주식회사,7259173,90.863,
R26BK01479403,2026-04-23,조달청 충북지방조달청,고입정보포털사이트 통합운영 및 유지관리,주식회사 디지털바인즈,190000000,97.677,
R26BK01399847,2026-04-14,조달청 서울지방조달청,2026년 묵자-점자 병렬 말뭉치 구축,(사) 한국시각장애인연합회,494901000,,
R26BK01397972,2026-04-16,조달청 인천지방조달청,2026년 배출권거래제 참여기업 탄소중립 컨설팅,(주)엔자인,616000000,,
R26BK01430220,2026-04-10,중소벤처기업진흥공단,도약(Jump-Up) 프로그램 성과분석 연구용역,주식회사 조사연구컨설팅올림,37500000,,
R26BK01480279,2026-04-22,경찰청,모바일기기 분석결과 선별프로그램 유지관리,주식회사 지엠디소프트,39800000,99.5,
R26BK01466381,2026-04-23,전북특별자치도 정읍시 상하수도사업소,산외처리분구 하수관로 설치사업 GIS DB구축 용역,주식회사 맵그리드,56017600,88.171,
R26BK01468232,2026-04-23,경상북도 칠곡군,광암천(광암지구) 하천재해예방사업 건설사업관리용역(PQ 후 가격입찰),주식회사 제일엔지니어링종합건축사사무소,797170000,85.737,
R26BK01467051,2026-04-23,한국농어촌공사 경남지역본부,26년 경남 동부권 재해예방계측시스템 장기계측 용역,주식회사 우진,140603900,87.753,
R26BK01446697,2026-04-22,한국국제협력단,(재공고)(장기계속) KOICA 디지털 헬스 석사학위연수(2026-2030) 용역,연세대학교 미래산학협력단,4068324378,99.909,
R26BK01473535,2026-04-23,강원특별자치도 도로관리사업소,지방도424호선 백옥포지구 길어깨 정비사업 폐기물처리용역,대관령산업(주),19339000,88.0,
R26BK01482677,2026-04-23,한국어촌어항공단,2026년 스마트양식해(海) 챌린지 용역(경진대회 현장지원 및 검증 컨설팅),(주)라이온플러스,15200000,95.0,
R26BK01432571,2026-04-14,조달청 서울지방조달청,2026 아트코리아랩 AI-예술 중장기 전략 및 로드맵 수립 연구용역,한국문화관광연구원,200000000,,
R26BK01462894,2026-04-23,부산광역시 수영구,금련산 안전한 숲길 조성사업 실시설계용역,산림기술사사무소 녹색지대,49665000,88.079,56491000
R26BK01413671,2026-04-13,재단법인충남콘텐츠진흥원,2026 인디게임파크 인큐베이팅 운영 및 미래 게임 발굴 창작자 양성,주식회사 에이씨엔디씨,323000000,,
R26BK01471872,2026-04-23,조달청 부산지방조달청,[글로컬대학30] 부산대학교 산학연구지원시스템 구축 용역,주식회사 인포플라,394000000,100.0,
R26BK01473044,2026-04-23,충청북도 청주시,무심천 인도교 등 신설사업 기본 및 실시설계용역(가격입찰 후 PQ),주식회사 동명기술공단종합건축사사무소,812280000,85.543,
R26BK01472088,2026-04-23,충청남도 태안군,군도8호(선비길) 도로 확포장공사 실시설계 용역,우성측량토목설계(주),87255000,88.071,
R26BK01482211,2026-04-22,한국농어촌공사 강원지역본부 홍천.춘천지사,인제 토속어종 산업화센터 합성수지 폐기물처리 용역,(주)강토개발,39402000,90.0,
R26BK01483164,2026-04-23,산림청 동부지방산림청 평창국유림관리소,2026년 계류보전사업(유포) 감리용역,주식회사솔내음산림기술사,3010000,88.974,
R26BK01483150,2026-04-23,경기도 여주시,주암1리 농어촌 취약지역 생활여건 개조사업 기본계획 및 시행계획 수립 용역,주식회사 지인누리,166000000,84.731,
R26BK01472018,2026-04-23,경기도교육청 경기도양평교육지원청,2026년 학교급식 환기설비 점검 용역,주식회사 와이케이,18647300,90.055,
R26BK01474044,2026-04-23,한국농어촌공사 경남지역본부 합천지사,합천읍 농촌중심지활성화사업 아이좋아플랫폼 재해예방기술지도용역(전기),대승종합안전주식회사,5817424,88.131,6600000
R26BK01410261,2026-04-14,조달청 서울지방조달청,재정업무 연속성 확보 및 수작업 관리시스템 구축을 위한 컨설팅(ISP),주식회사씨에스리,282645000,,
R26BK01474043,2026-04-23,인천광역시 옹진군,2026년 옹진군 어린이 영어캠프 운영용역,헬로우월드코리아,30799120,88.027,34999000
R26BK01476144,2026-04-23,한국환경산업기술원,국제협력사업 전략적 추진을 위한 중장기 로드맵 수립,주식회사 에코앤파트너스,108900000,99.0,
R26BK01476146,2026-04-22,한국과학기술정보연구원,2026년 Kacademy 전문교육 홈페이지 유지보수,주식회사 액츠원,21600000,99.769,
R26BK01473307,2026-04-23,한국농어촌공사 경남지역본부 합천지사,합천읍 농촌중심지활성화사업 아이좋아플랫폼 재해예방기술지도용역(통신),대승종합안전주식회사,4444664,88.335,5060000
R26BK01481930,2026-04-22,한국농어촌공사 경기지역본부,2026년 경기어촌특화지원센터 체험마을 홍보용 영상 제작 및 온라인 채널 운영 교육,언바운드,14550000,97.0,
R26BK01476133,2026-04-23,조달청,안전사업지구 사업모델 개발 용역,건축공간연구원,489500000,99.593,
R26BK01473834,2026-04-23,울산광역시 동구,2026년 미세먼지 저감조치 살수차 임차 용역,주식회사 대성종합산업,89737000,88.319,
R26BK01483796,2026-04-23,재단법인 재생의료진흥재단,2026 첨단재생의료 통계 핸드북 제작,화신문화(주),25000000,100.0,
R26BK01482105,2026-04-22,한국농어촌공사 경남지역본부 창원지사,유등1배수장 외 8개소 전기안전점검 용역,주식회사 한신이엔씨,11800000,89.171,
R26BK01474164,2026-04-23,강원특별자치도교육청 강원특별자치도원주교육지원청,[긴급]흥업초 교사동 강원형 학교시설 증개축공사 폐기물 처리용역,합자회사 금강개발,54901000,88.145,
R26BK01482584,2026-04-22,한국어촌어항공단,2026년 스마트양식해(海) 챌린지 용역(경진대회 온라인 공모 접수 및 심사‧소통채널 통합 운영,주식회사 호원소프트,16150000,95.0,
R26BK01461260,2026-04-13,한국산업안전보건공단 산업안전보건연구원,2026년도 안전보건국제학술지(SH@W)사무국 업무대행 용역,이트리출판사,75400000,100.0,
R26BK01473855,2026-04-23,대전광역시교육청,2026년 전문가와 함께하는 안전교육 위탁 용역,지에이치엠 주식회사,34291198,88.198,
R26BK01428026,2026-04-20,(재)한국국제문화교류진흥원,2026 한-아세안 문화혁신 협력사업(PIC) 통합 운영 용역,주식회사 아트플레이스,814000000,,
R26BK01464436,2026-04-23,한국공항공사 김포공항,청주공항 화장실 개선공사 설계용역,건축사사무소 시작,64067760,87.766,
R26BK01427942,2026-04-23,조달청,한국항공고 교사동 증축 및 부대시설공사 감독권한대행 등 건설사업관리용역,주식회사 동해종합기술공사,942368000,80.103,
R26BK01465898,2026-04-23,제주특별자치도개발공사,하원테크노캠퍼스 도시첨단산업단지 조성사업 재해영향평가용역,주식회사 연웅이앤씨,195600000,86.957,
R26BK01440710,2026-04-14,경찰청,2026 경찰청 원어민 전화회화 위탁교육,주식회사 캐럿에듀,47124000,,
R26BK01471914,2026-04-23,부산광역시,[P.Q후 가격입찰]2026년 덕산 및 화명정수장 계통 송수관로 정밀안전진단(점검)용역,주식회사 홍익기술단,968052000,80.431,
R26BK01440339,2026-04-23,제주특별자치도교육청 제주시교육지원청 제주동중학교,(긴급)2026학년도 제주동중학교 2학년 도외진로체험학습(수학여행) 위탁 용역,(주)가인여행사,135795200,91.298,
R26BK01482963,2026-04-23,김천시 농촌협약지원센터,남면기초생활거점조성사업2단계예비계획수립,주식회사 이랑,19800000,100.0,
R26BK01473593,2026-04-23,강원특별자치도 횡성군,군도19호선(안흥면 소사리 1732-2번지 일원) 노후도로 재포장공사 폐기물처리용역 소액수의 견적제출,주식회사 에스티,35270000,88.44,39666000
R26BK01473491,2026-04-23,경상북도 경주시,안강 하곡리 군도2호선 도로확장공사 폐기물 운반 용역,영남개발(주),11872440,90.059,13103000
R26BK01444017,2026-04-23,경기도교육청 현화고등학교,2026학년도 1학기 5월~7월 현화고등학교 조리운반 위탁급식 납품업체 선정 입찰 공고,주식회사 온정에프엔비,7100,98.603,
R26BK01484274,2026-04-23,한국농어촌공사 충남지역본부 아산지사,자가용전기설비(배수장) 전기안전관리대행 (북부),(주) 충청전기안전관리,8250000,88.488,
R26BK01473547,2026-04-23,경기도 평택시 상하수도사업소,평택시 상수관로 지표투과레이더(GPR)탐사 용역,주식회사 탑지오이엔지,59182000,88.043,
R26BK01453312,2026-04-23,서울특별시중부교육청 청운중학교,2026학년도 청운중학교 3학년 소규모테마형교육여행 위탁용역,(주)플랜조이,79553600,95.551,
R26BK01471695,2026-04-22,충청남도 논산시,K-헤리티지 밸리 조성사업 전략환경영향평가 용역,주식회사 세일종합기술공사,41501000,88.013,
R26BK01464779,2026-04-23,전라남도교육청 나주공업고등학교,2026학년도 나주공업고등학교 특수건강진단 및 작업환경 측정 용역 수의계약 안내공고,(사)대한산업보건협회 광주전남지역본부,31379909,88.333,35607990
R26BK01456890,2026-04-23,제주특별자치도교육청 애월고등학교,2026학년도 애월고등학교 1학년 도외 현장체험학습(수학여행) 위탁 용역 2단계 입찰 공고(긴급),(주)가인여행사,87513340,84.678,
R26BK01471534,2026-04-23,충청남도 천안시,2025년 천안시 침수흔적도 작성 용역,주식회사 미래공간기술,95374200,88.136,
R26BK01472098,2026-04-23,강원특별자치도교육청 강원특별자치도춘천교육지원청,2026년 공립학교 배수로 청소 용역,(합)고광건설,46242000,88.006,
R26BK01465799,2026-04-23,제주특별자치도개발공사,하원테크노캠퍼스 도시첨단산업단지 조성사업 교통영향평가 용역,주식회사인트랜,185350000,91.243,
R26BK01471270,2026-04-23,경기도 안산시,2026년 안산시 소규모 공동주택 안전점검 용역,대한주택관리사협회,53858000,89.516,
R26BK01447884,2026-04-23,전북특별자치도교육청 전북특별자치도전주교육지원청,전주학생교육지원시설 리모델링 및 기타 소방공사 감리용역,주식회사이린,33519770,86.906,
R26BK01408048,2026-04-21,조달청 서울지방조달청,2026년 학교 디지털 인프라 통합관리(테크센터) 운영 사업 용역,주식회사 세종아이티엘,2944007000,,
R26BK01468471,2026-04-23,전남광주통합특별시 무안청사,여수 세포항 지방어항 건설공사 해양환경영향조사 용역,주식회사 마린,494864000,87.643,
R26BK01474007,2026-04-23,대전광역시교육청,2026년 어린이활동공간 검사 용역,한국환경산업기술원,28620660,88.212,
R26BK01466896,2026-04-23,경기도 동두천시 환경사업소,동두천시 노후하수관로 정비공사(2단계) 시공 및 준공검사 용역,주식회사 동서산업,123474041,87.754,140580000
R26BK01473171,2026-04-23,경상남도 통영시,경남242호 상반기 1종 중간검사 대비 선체 상가수리 용역,삼양조선소,11680000,90.69,12964000
R26BK01428865,2026-04-23,재단법인 부산문화재단,2026년도 부산문화예술지원사업 현장조사(모니터링) 운영 용역,플랜비문화예술 협동조합,114000000,,
R26BK01477037,2026-04-23,조달청 강원지방조달청,2026년 정밀감정장비 검·교정 용역,한국애질런트테크놀로지스(주),110000000,99.457,
R26BK01479147,2026-04-23,조달청 부산지방조달청,2026년 개인정보 보호수준 강화,주식회사 컴앤휴먼,110000000,99.277,
R26BK01473244,2026-04-22,산림청 국립산림과학원,(용역)산림복원사업 효과성 평가 인자 검증을 위한 현장자료 조사,국립목포대학교산학협력단,9800000,98.0,
R26BK01456659,2026-04-23,서울교육대학교,2026학년도 하계 교수 학술세미나 위탁 용역,주식회사 모두투어네트워크,96720000,,
R26BK01474061,2026-04-23,한국농어촌공사 경남지역본부 합천지사,합천읍 농촌중심지활성화사업 아이좋아플랫폼 재해예방기술지도용역(소방),대승종합안전주식회사,5800837,88.203,6600000
R26BK01482871,2026-04-22,한국농어촌공사 경남지역본부 고성.통영.거제지사,견유권역단위거점개발사업 건설폐기물처리용역,동건환경 주식회사,33351000,90.492,
R26BK01467169,2026-04-23,재단법인 대한불교진각종유지재단,한국밀교문화집성 및 진호국가 의례복원 연구용역,위덕대학교 산학협력단,215000000,,
R26BK01456143,2026-04-23,충청남도교육청 북일여자고등학교,(긴급)북일여자고등학교 2026학년도 1학년 현장체험학습(수학여행) 위탁용역업체 선정을 위한 입찰 공고,아시아여행사(주),109538000,96.78,
R26BK01485499,2026-04-23,한국농어촌공사 충남지역본부,논산시 농업용 저수지 현황조사 용역,다인플러스측량설계,20200000,,
R26BK01420599,2026-04-21,조달청,2026년 디지털통합물류시스템 유지관리 용역,주식회사 비즈니스인사이트,645999200,,
R26BK01430637,2026-04-10,농촌진흥청,지방농촌진흥기관 스마트영농 정보 확산지원 용역 재공고,주식회사 더아이엠씨,43000000,,
R26BK01421411,2026-04-15,제주특별자치도개발공사,제주삼다수 먹는샘물 지하수영향조사,주식회사 지엠씨,317800000,,
R26BK01404867,2026-04-08,경기도 안양시,안양3동 도시재생(혁신지구) 활성화계획 수립 용역,주식회사 와우엔지니어링,210000000,,
R26BK01434725,2026-04-24,서울특별시교육청 성남고등학교,2026학년도 성남고등학교 1학년 소규모테마형교육여행 위탁용역,주식회사 모바인투어,192094450,96.441,
R26BK01431481,2026-04-23,한국마약퇴치운동본부,2026년 마약류 예방교육 효과성 및 만족도 조사,(주)엠브레인컨설팅,66000000,,
R26BK01431635,2026-04-15,겨레말큰사전남북공동편찬사업회,2026 겨레말큰사전 유튜브 겨레말TV 영상 콘텐츠 제작 및 운영,(주)레이븐어스,49000000,98.0,
R26BK01431651,2026-04-22,재단법인경기문화재단,2026년 경기 컬쳐 로드 경기 문화예술로 원(Circle)+31 행사 운영 용역,주식회사 비엠컴퍼니,184000000,,
R26BK01418237,2026-04-24,해양수산부 군산지방해양수산청,개야도항 정비공사 기본 및 실시설계용역,주식회사 아라기술,2359725000,81.289,
R26BK01435182,2026-04-14,제주국제자유도시개발센터,2026년 제주국제자유도시개발센터 직원 채용대행 용역,주식회사 트리피,108900000,,
R26BK01436593,2026-04-22,경상북도 포항시,『포항영일만항 북극항로 특화항만 구상 용역』,영남대학교산학협력단,186000000,,
R26BK01430131,2026-04-10,서울특별시 노원구,노원구 새활용센터 전시·체험시설 제작 및 설치 용역(긴급),윤앤코,1584000000,,
R26BK01424487,2026-04-06,서울특별시 구로구,제6기(2027~2030) 구로구 지역사회보장계획 수립 연구용역,사단법인한국산업정보연구소,45100000,,
R26BK01424382,2026-04-24,국방부 국군재정관리단,(26F045-I)육군중요역사기록물복원사업,(주)엔가드,520000000,70.94,
R26BK01434345,2026-04-14,기후에너지환경부 화학물질안전원,2026년 유해화학물질 안전교육 전문기관 만족도 조사,주식회사 메가알앤씨,48500000,,
R26BK01406051,2026-04-24,서울특별시교육청 홍익대학교사범대학부속고등학교,2026학년도 홍대부고 2학년 제주특별자치도 소규모테마형교육여행 용역 입찰 공고,주식회사 마니투어,51650000,98.064,
R26BK01433739,2026-04-16,한국발명진흥회,2026년 민관협력 IP전략지원 사업 CIPO 프로그램 운영(5차),주식회사 퓨처플레이,244125000,,
R26BK01472487,2026-04-24,경기도교육청 경기도평택교육지원청,군문유 외 13교 예·제초 용역,주식회사 아이그라스,49347350,88.001,
R26BK01476444,2026-04-24,울산광역시 울주군,2026년 제3종시설물(교량) 실측도면 작성용역(남부권) 소액용역 수의계약 견적제출 공고,하람엔지니어링주식회사,55251000,88.197,62800000
R26BK01363592,2026-04-22,충남창조경제혁신센터,인도네시아 친환경 전기버스 충전인프라 플랫폼 구축을 위한 사용후 배터리 포함 에너지저장장치 공급업체 선정,주식회사 다츠에너지,3320000000,,
R26BK01474265,2026-04-24,경기도 성남시,2025년 성남시 수질오염총량관리 시행계획 이행평가 용역,주식회사 가람이앤지,49887000,89.518,
R26BK01474991,2026-04-24,한국환경공단,국가소유 여수 슬러지자원화시설 원가산정 용역,사단법인 지방행정전략연구원,22528500,88.067,
R26BK01473157,2026-04-24,행정안전부 정부청사관리본부 대전청사관리소,2026년 상반기 정부대전청사 소방시설 종합점검 용역,대현엔지니어링 주식회사,71666350,88.098,
R26BK01471322,2026-04-22,경상남도 함양군,서평마을 취약지역 생활여건 개조사업 건설폐기물 처리용역,주식회사 승안환경,46476000,88.465,
R26BK01474926,2026-04-24,인천광역시 부평구,2026년 국가하천 굴포천 제방 정밀안전점검 및 상반기 하천시설물 정기안전점검 용역,주식회사 경서엔지니어링,32160000,88.225,
R26BK01486697,2026-04-24,한국농어촌공사 경기지역본부,학암저수지 재해예방 기능보강사업 지질조사 용역,(주)녹산엔지니어링,13783440,92.0,
R26BK01485466,2026-04-24,한국농어촌공사 강원지역본부 강릉지사,삼척 청년 농촌보금자리 조성사업 전기통신공사 재해예방기술지도 용역,(주)한국안전보건기술원,8700000,90.625,
R26BK01476031,2026-04-24,전남광주통합특별시 장성군,2026년 경로당 보험가입,메리츠화재해상보험주식회사,49194000,88.056,
R26BK01437545,2026-04-14,부산광역시,2026년 해운대수목원 숲해설 프로그램 운영용역,반디도시생태학교,149445500,,
R26BK01477676,2026-04-24,경상남도 사천시,해상 안전 체험장 설치사업 일반해양이용협의 용역,주식회사비앤지에코텍,62470720,88.221,
R26BK01412443,2026-04-21,(주)강원랜드,(주)강원랜드 마스터플랜 사업 예비타당성조사 기획 및 대응 용역(긴급)(정정공고),주식회사 비콘힐엔지니어링건축사사무소,913000000,,
R26BK01477817,2026-04-24,조달청 서울지방조달청,2026년도 문화비소득공제 고객센터 운영,효성아이티엑스 주식회사,280643000,99.983,
R26BK01444878,2026-04-17,민주화운동기념사업회,2026 민주화운동기념관 기획전 전시연출 설계 및 제작설치,주식회사 컴엔시,150000000,,
R26BK01480918,2026-04-24,조달청 인천지방조달청,대기오염물질 고농도 원인 규명을 위한 통합 분석체계 마련 연구 (I),이투엠쓰리(주),175000000,98.903,
R26BK01485201,2026-04-23,산림청 서부지방산림청,2026년 서부지방산림청 작업환경측정 용역,한길산업보건연구소주식회사,9960000,99.6,
R26BK01485842,2026-04-24,한국과학기술정보연구원,대규모 클러스터 시스템을 위한 프로비저닝 자동화 소프트웨어 최적화,나무아이씨티 주식회사,98010000,99.704,
R26BK01471779,2026-04-24,서울특별시강동교육청 성덕여자중학교,[긴급] 2026학년도 성덕여자중학교 2학년 수련활동 위탁 용역,(주)케이와이엠,45700000,94.895,
R26BK01476708,2026-04-24,경상북도교육청 경상북도울진교육지원청,2026학년도 울진교육지원청 우리 땅! 독도 탐방 체험학습 위탁 용역 수의 견적 제출 안내 공고,주식회사 스마일재팬투어,29272000,88.074,
R26BK01449633,2026-04-24,제주특별자치도개발공사,마음에온 서홍1차/서홍2차 통합공공임대주택 소방시설공사(전기/기계) 설계용역,주식회사 웅진엔지니어링,52898500,87.833,
R26BK01472169,2026-04-23,대전도시공사,오동지구 일반산업단지 개발사업 교통영향평가용역,주식회사 준앤준이앤씨,203884000,87.35,
R26BK01471943,2026-04-24,경상북도 울진군,안전점검 수행기관 지정 공고[북면 부구리 상습침수지구 개선사업],주식회사 영인건설,2562000,87.88,2910000
R26BK01474096,2026-04-23,한국농어촌공사 경남지역본부 합천지사,도옥마을 농어촌취약지역생활여건개조사업 세부설계 용역,주식회사 유진이엔씨,70343800,88.016,79901000
R26BK01458514,2026-04-24,부산광역시,[사후 P.Q] 남부하수 소화조 교체사업 기본설계용역,주식회사 건화,750000000,85.769,
R26BK01477685,2026-04-24,전북특별자치도 남원시,인월면 중군마을 광역상수도 매설공사 GIS DB 구축 용역,유한회사 가온기술,51156000,88.365,57684000
R26BK01475145,2026-04-24,대전광역시교육청 대전광역시서부교육지원청,2026년 학교 배수로 청소 용역,주식회사 청암건설,64061000,88.043,
R26BK01473273,2026-04-24,경상남도 거창군 농업기술센터,거창읍 대동지구 농촌공간 정비사업 가축분뇨 처리용역,새남해농업협동조합,33181000,97.269,
R26BK01437393,2026-04-17,재단법인인천문화재단,인천 자동차 산업사 구술채록(2차년도),모씨네 사회적협동조합,97130000,,
R26BK01484277,2026-04-24,광주광역시 도시공사,임대주택 콜센터 위탁관리 운영 용역,(주)케이티씨에스,602566070,95.495,
R26BK01454701,2026-04-24,서울특별시교육청 서울특별시강동송파교육지원청 상일중학교,2026학년도 상일중학교 3학년 소규모테마형교육여행 위탁용역,주식회사 어깨동무야,106872600,94.931,
R26BK01437277,2026-04-21,서울특별시교육청 배재고등학교,(긴급)2026학년도 배재 국제교류단 미국 체험학습 위탁용역 입찰 공고,에스아이티비(주),254400000,,
R26BK01454124,2026-04-20,재단법인칠곡문화관광재단,제4회 칠곡 트랜스미디어 축제 총괄대행 용역 입찰공고(협상에의한계약)(재공고),주식회사 더파워,320529000,,
R26BK01474853,2026-04-24,재단법인 2026강릉세계마스터즈탁구선수권대회 조직위원회,XIOM 2026 강릉세계마스터즈탁구선수권대회 오버레이 설치·운영 용역,(주)지원종합건설,63806100,88.014,71930000
R26BK01482946,2026-04-24,조달청 서울지방조달청,2026년도 우리역사넷 콘텐츠 구축 용역,스템위드 주식회사,162200000,99.981,
R26BK01484657,2026-04-23,경상북도 안동시,[수의시담] 2026년 차전장군 노국공주 축제 포토정원 설치 임차 용역,꽃일다,46454000,93.001,
R26BK01462525,2026-04-24,세종특별자치시,주택건설공사 감리자(건축) 모집 공고(5-2생활권 S1블록),마인엔지니어링건축사사무소 주식회사,3118150000,80.461,
R26BK01477566,2026-04-24,경상북도 안동시,안동 안동권씨 소등재사 아래채 보수공사 감리용역(재공고),건축사사무소 정훈,22000000,89.791,
R26BK01477629,2026-04-24,경기도 여주시,2026년 상반기 국가하천 제2종시설물 3권역 정밀안전점검 용역,주식회사 다우,51329600,88.149,
R26BK01475707,2026-04-24,강원특별자치도 화천군,2026년 배머리교 정밀안전진단용역,주식회사 흥찬엔지니어링,72292000,88.01,
R26BK01476966,2026-04-24,서울특별시 송파구,마천3재정비촉진구역 재개발정비사업 회계감사 용역,베스트세무회계사무소,8908337,90.055,
R26BK01483237,2026-04-24,한국농어촌공사 경북지역본부 칠곡지사,26년 물관리자동화시스템(TM/TC) 점검정비 용역,주식회사 제나드이엔씨,6100000,87.643,
R26BK01431396,2026-04-13,한국예술인복지재단,예술활동준비금지원사업 정책현안 대응을 위한 제도개선 방안 연구 용역,한국보건사회연구원,45000000,,
R26BK01475831,2026-04-24,충청남도 천안시,"장산1,2지구 배수펌프장 전기안전관리자 선임(상주) 용역",(주)동민산업,93793618,88.452,106278000
R26BK01486445,2026-04-24,산림청,탄소흡수원 가치 확산을 위한 무궁화 문화·교육 자료 발굴 용역,사단법인 한국고유문화콘텐츠진흥회,19400000,97.0,
R26BK01482067,2026-04-24,재단법인김포시청소년재단,2026년 청소년수련원 및 사계절썰매장 수목관리 용역,청솔산림조경 주식회사,44906400,90.0,
R26BK01475082,2026-04-24,경기도 파주시,［PQ후 가격입찰］야당동 하수도정비 중점관리지역 도시침수대응사업 기본 및 실시설계용역,주식회사 동명기술공단종합건축사사무소,2081958000,80.599,
R26BK01486384,2026-04-24,한국산업안전보건공단,2026년 안전한 일터 지킴이 순찰사업장 모니터링 등 용역,(주)유니온리서치,93120000,98.331,
R26BK01486449,2026-04-24,산림청,탄소흡수원의 적정 관리를 위한 가로수 이식 적정성 평가 기준 마련 용역,사단법인 한국가로수협회,19600000,98.0,
R26BK01441966,2026-04-17,조달청 경남지방조달청,외자구매 수출입통관 대행 및 국내외운송 용역,(주)고려국제운송,1319967,,
R26BK01420280,2026-04-07,서울특별시,서울시 소상공인 온라인 판로개척 지원 용역,(주)더블유케이마케팅그룹,1078350000,,
R26BK01476216,2026-04-24,인천광역시 상수도사업본부,2026년 정배수시설 제초 용역,주식회사 국민이엔씨,35211460,88.005,
R26BK01477613,2026-04-24,경상남도 사천시,2026년 해양쓰레기(부유) 정화사업 폐기물 처리용역(가연성),삼포환경산업주식회사,35573200,88.102,
R26BK01475936,2026-04-24,경상남도 양산시,물금읍 행정복지센터 별관 건립 전기공사 감리용역,주식회사 이산기술단,58277000,89.25,66370000
R26BK01476675,2026-04-23,사단법인 서울특별시자원봉사센터,이웃봉사단 교육 온라인 콘텐츠 제작,주식회사 미디어팔레트,17950000,99.722,
R26BK01486492,2026-04-24,경기도 이천시,2026년 소방용수시설 설치공사 실시설계용역,주식회사 라온엔지니어링,24219000,90.0,
R26BK01470507,2026-04-24,인천광역시 계양구,계양구립종합누리센터 신축공사(전기) 책임감리용역(계속비계약),주식회사 드림이엔씨,190507420,87.746,217404000
R26BK01474842,2026-04-24,충청남도 아산시,아산시 침수흔적도 작성 용역,주식회사 신명건설기술공사,81810000,88.016,93208000
R26BK01432256,2026-04-13,국가아동권리보장원,"아동학대예방 법정의무교육(신고의무자, 공공부문) 영상 콘텐츠 개발",인바이드,45100000,,
R26BK01433536,2026-04-16,한국발명진흥회,2026년 민관협력 IP전략지원 사업 CIPO 프로그램 운영(3차),특허법인 이노,246750000,,
R26BK01486707,2026-04-24,건강보험심사평가원,(수의시담) 첩약 건강보험 적용 2단계 시범사업 평가 연구용역,연세대학교 산학협력단,68000000,97.142,
R26BK01386207,2026-04-01,남부공항서비스 주식회사,2026년도 남부공항서비스(주) 교육 대행 용역,주식회사 유밥,106748180,,
R26BK01436567,2026-04-13,한국농수산식품유통공사,2026년 K-외식 해외진출 현황조사 용역,(사)한국외식산업경영연구원,76500000,99.35,
R26BK01476958,2026-04-24,서울특별시교육청 서울특별시교육청교육시설관리본부,"[1권역,옹벽]단국대학교사범대학부속고 외 13교 시설물 정기안전점검용역",(주)한국구조물안전연구원,63929000,88.001,
R26BK01435294,2026-04-13,한국문화예술회관연합회,「2026년 문예회관 특성화 지원 사업」사진·영상 촬영 및 제작 용역,헬싱키(Helsinki),21500000,,
R26BK01477011,2026-04-24,서울특별시교육청 서울특별시교육청교육시설관리본부,"[2권역,옹벽]고려대학교사범대학부속고 외 15교 시설물 정기안전점검용역",주식회사 명인기술안전,63445000,88.026,
R26BK01476874,2026-04-24,경기도 연천군,2026년 연천군 어린이보호구역 실태조사용역,주식회사 동양건설엔지니어링,22929400,88.444,
R26BK01472256,2026-04-24,전남광주통합특별시 완도군,군외 고마도 도서식수원 개발사업 외 1건 기본 및 실시설계 용역,주식회사 도화엔지니어링,924240000,81.352,
R26BK01456287,2026-04-21,사단법인 한국서점연합회,2026년 권역별 선도서점 문화활동 육성 사업 홍보 용역,(주) 마케팅피플,98500000,,
R26BK01476432,2026-04-24,경상북도 예천군,2026년 무이배수장 외 1개소 전기설비 안전관리 대행 용역,(주)명신종합관리,84695040,88.06,
R26BK01458165,2026-04-21,한국농어촌공사 전남지역본부,고흥군 남열·용암·우암항 어촌뉴딜3.0사업(어촌회복형) 기본계획수립 용역,주식회사 에이치디이앤씨,400000000,,
R26BK01477392,2026-04-24,경기도 여주시,2026년 상반기 지방하천 제2종시설물 1권역 정밀안전점검 용역,주식회사 신우엔지니어링,61730840,88.08,
R26BK01477005,2026-04-24,울산광역시교육청,화봉고 교과교실제 전환 및 냉난방기 교체  전기.통신.소방공사 설계용역,주식회사 케이플랜,13600000,91.118,
R26BK01471529,2026-04-24,한국공항공사,2026년 공정안전관리(PSM) 컨설팅 기술용역,(주)연합안전컨설팅,78550672,87.906,89790910
R26BK01476319,2026-04-24,인천광역시 상수도사업본부,2026년 서부수도사업소 831블록 관세척(특허공법) 용역,주식회사 진서엔지니어링,64536770,88.222,73194000
R26BK01476967,2026-04-24,전북특별자치도 익산시,2026년 익산시 가축사육제한구역 지형도면 작성·고시 용역,주식회사 드림공간정보,18368000,90.478,
R26BK01430902,2026-04-20,(재)경기도경제과학진흥원,2026년 GBSA 기록물 분류체계 정비 및 비전자기록물 전수조사ㆍ정리 용역,한국문헌정보기술 주식회사,300000000,,
R26BK01468901,2026-04-24,경기도 고양시,고양시 자전거 이용 활성화계획 수립용역,주식회사효광엔지니어링,164987000,87.833,
R26BK01476895,2026-04-24,충청북도 진천군,제6기(2027~2030) 진천군 지역사회보장계획 수립 용역,주식회사 청화,21000000,94.94,
R26BK01476725,2026-04-24,경상북도교육청,건설공사 안전점검 수행기관 지정 공고[한국조리명장고등학교 조리실습동 및 태권도 체육관 증축공사][지명: 조달청 통합명부 등록기관],(주)제원이엔씨,3939100,90.169,
R26BK01480542,2026-04-24,조달청 인천지방조달청,수질오염물질 지정 및 적정 관리방안 연구(2026),주식회사 유로핀즈엔솔,589000000,99.864,
R26BK01476869,2026-04-24,경상남도교육청 경상남도창원교육지원청,유목초등학교 외 4개교 제3종시설물(건축물) 정기 및 정밀안전점검용역 수의계약 안내 공고,지원구조이앤씨,19700100,90.038,
R26BK01476926,2026-04-24,전북특별자치도 전주시,2026년 공공체육시설(화산체육관) 정밀안전점검 용역 견적제출 안내공고,주식회사 케이안전기술원,24827560,88.109,28468000
R26BK01461850,2026-04-24,부산시설공단,부산영락공원 오수관로 신설 공사 기본 및 실시설계 용역,(주)관보종합기술단,85778800,88.021,
R26BK01476354,2026-04-24,울산광역시교육청 울산광역시강남교육지원청,옥현중 본관동 내진성능평가 용역,케이에스엠기술 주식회사,29870400,88.041,
R26BK01476256,2026-04-24,전북특별자치도 전주시,장동 948-2번지 일원 배수로 정비사업 외 6건 실시설계용역 견적제출 안내공고,(유)이지이앤씨,42358000,88.018,48301000
R26BK01476253,2026-04-24,울산광역시교육청 울산광역시강남교육지원청,옥산초 본관동 내진성능평가 용역,주식회사 대원구조안전진단,30144280,88.015,
R26BK01475483,2026-04-24,충청남도 계룡시,2026년 계룡시 급경사지 안전점검용역,주식회사 나루기술,21090200,88.043,24123000
R26BK01475317,2026-04-24,경상북도 영주시 수도사업소,순흥면 순흥지 인근 노후관개체공사 외 8건 지하시설물 GIS DB 구축 용역,주식회사 지에스드론공간정보,88652000,88.485,
R26BK01466089,2026-04-23,한국농어촌공사 충북지역본부,마이지구 수리시설개보수사업 기본 및 세부설계용역(가격입찰 후  PQ),주식회사 다산컨설턴트,291311000,86.885,
R26BK01469837,2026-04-24,경기도 안양시,2026년 안양시 보호구역 실태조사 용역,주식회사 케이아트엔지니어링종합건축사사무소,140798000,87.798,
R26BK01432683,2026-04-14,인천광역시 동구,제물포구 출범 경축행사 대행 용역(긴급),주식회사 에스포컴퍼니 (S4 company),140000000,,
R26BK01467869,2026-04-24,전북특별자치도 장수군,장수군 섬진강수계 수질오염총량관리 2025년도 이행평가 용역,전북녹색환경지원센터,43180000,88.814,
R26BK01444114,2026-04-24,조달청,김포국제공항 항공기 소음영향도 조사 용역,한국환경설계(주),1303800000,81.156,
R26BK01445043,2026-04-24,경상북도 포항시,주택건설공사 감리자(건축) 모집공고[포항 항구동 주상복합 신축공사],(주)태원종합기술단건축사사무소,3527678000,82.968,
R26BK01476042,2026-04-24,한국환경공단 강원환경본부,2026년 평창수도사업소 시설지 예초작업 용역,(합자)우리건설,82166630,88.425,
R26BK01475916,2026-04-24,경상남도 양산시,노포사송로(대1-7호선)도로재포장공사 폐기물처리용역,강진건설 주식회사,32597279,88.06,36830000
R26BK01421715,2026-04-15,전북특별자치도 정읍시,2026년 제19회 정읍 구절초 꽃축제 행사대행 용역 (협상에의한계약),(주)전주엠비씨프로덕션(JMPRO),399385800,,
R26BK01486835,2026-04-24,경상남도 합천군 농업기술센터,2026년 땅밀림 복구사업(쌍백면 하신리 술곡마을) 시공감리 용역,산림조합중앙회,41040000,88.744,
R26BK01433565,2026-04-16,한국발명진흥회,2026년 민관협력 IP전략지원 사업 CIPO 프로그램 운영(4차),특허법인아이피에스,256000000,,
R26BK01430471,2026-04-20,사단법인 지역소프트웨어산업발전협의회,2026년 지역 디지털산업 생태계 실태조사,코데이터솔루션 주식회사,376650000,93.0,
R26BK01477300,2026-04-24,경기도,경기도 팀업캠퍼스 야구장 인조잔디 교체공사 설계용역,미래건축사사무소,27317975,88.397,
R26BK01476116,2026-04-24,서울특별시성북교육청 서라벌중학교,서라벌중학교 2026학년도 3학년 소규모테마형교육여행 수의 견적 제출 공고,주식회사 투어나라,45326200,89.489,
R26BK01474324,2026-04-24,경상북도 울릉군,2026년 도서지역 정화운반선으로 운반된 해양쓰레기 처리 용역,주식회사 에스에스알,260732,88.126,
R26BK01474762,2026-04-24,서울특별시 구로구,2026년 구로구 하수관로 개량 및 사각형거 보수공사 GIS DB 구축 용역,주식회사 한국도시공간,95574000,88.239,
R26BK01468582,2026-04-24,의정부도시공사,2026년 업무용차량 보험 가입,디비손해보험 주식회사,27205740,54.976,
R26BK01476837,2026-04-24,경기도 소방재난본부,2026년 소방민원 만족도 조사 용역,다옴스퀘어,24621250,88.001,28000000
R26BK01436091,2026-04-14,서울특별시동작교육청 광신중학교,"2026학년도 광신중학교 1,2학년 수련활동 용역 입찰공고",포천염광수련원,44555000,96.635,
R26BK01476962,2026-04-24,인천광역시교육청 인천광역시서부교육지원청,인천왕길초등학교 바닥교체공사 설계용역 수의계약 견적제출 안내공고,헤윰건축사사무소,24041670,88.013,
R26BK01435804,2026-04-14,농촌진흥청,"KOPIA 볼리비아, 에티오피아, 라오스, 짐바브웨, 우간다 사업 평가 연구 용역",주식회사 비오디브,39936600,,
R26BK01481198,2026-04-24,조달청 서울지방조달청,2026년 주민등록시스템 기능개선,(주)비인텍,3456000000,99.945,
R26BK01453340,2026-04-24,서울특별시교육청 압구정고등학교,압구정고등학교 2026학년도 1학년 수련활동 위탁 용역,신안종합리조트(주),82931000,95.6,86207000
R26BK01446419,2026-04-20,사단법인 한국교회총연합,2026 지역공동체 회복을 위한 우리마을 공감음악회 운영 용역,"주식회사 솔루션민(Solution Min Co.,Ltd.)",197600000,,
R26BK01476007,2026-04-24,한국출판문화산업진흥원,한국출판문화산업진흥원 업무용 차량 임차 용역 소액수의 견적제출 안내공고,주식회사 뉴오렌지렌트카,31600800,91.372,
R26BK01480851,2026-04-24,조달청 서울지방조달청,2026년 전자소송 등 전자지불대행서비스,주식회사 엘지씨엔에스,7961000000,99.992,
R26BK01421843,2026-04-17,조달청 서울지방조달청,세종학당 한국어 교재 개편,고려대학교산학협력단,1519100000,,
R26BK01486103,2026-04-24,서울특별시 서울시립대학교 산학협력단,조기취업형 계약학과 교내 학과 설명회 운영 용역,다이브404(DIVE404),21560000,98.0,
R26BK01477377,2026-04-24,경기도 시흥시,2026년도 민간위탁 방역소독사업(5권역),주민자치클러스터 사회적협동조합,38822769,98.415,
R26BK01476814,2026-04-24,경상북도 김천시,평화배수펌프장 외 4개소 정밀안전점검 용역,(주)혜성안전기술원,68066000,88.113,78034000
R26BK01487622,2026-04-24,한국농어촌공사 충남지역본부 청양지사,형산지구 취약지역생활여건개조사업 기본계획 수립 용역,주식회사 다인스,43120000,88.0,
R26BK01432847,2026-04-14,중앙사회서비스원,2026년 사회서비스 종사자 휴식 지원사업 운영 용역,주식회사 13컴퍼니,43240000,,
R26BK01483431,2026-04-24,한국생명존중희망재단,109 2센터 업무용 메신저 구축,주식회사 이로운솔루션,18240000,98.861,
R26BK01474017,2026-04-24,경상남도교육청 경상남도진주교육지원청,"가좌초등학교 급식소 환기시설개선 전기(통신, 소방)공사 설계용역 수의계약 안내공고",주식회사 한빛엔지니어링,4635676,90.77,
R26BK01477499,2026-04-24,경기도 여주시,2026년 상반기 지방하천 제2종시설물 4권역 정기안전점검 용역,에스아이건설(주),59666940,88.226,
R26BK01461433,2026-04-20,재단법인 한국청년기업가정신재단,2026년 스타트업 챌린지 프로그램 운영 및 지원 용역,주식회사 어썸스쿨,119110000,,
R26BK01482456,2026-04-24,한국국제협력단,2026년 인도적 지원 홍보 용역,주식회사 디자인스튜디오에이,370000000,100.0,
R26BK01477651,2026-04-24,경기도 여주시,2026년 상반기 국가하천 제2종시설물 5권역 정밀안전점검 용역,주식회사 브로스엔지니어링,53347000,88.108,
R26BK01477184,2026-04-24,청주산림조합,2026년 조림지가꾸기(풀베기)사업 감리용역(낭성지구),주식회사 호산임업,39787000,88.092,45534000
R26BK01477587,2026-04-24,경상북도 안동시,안동시 보행안전 및 편의증진 기본계획 수립용역,삼우이앤지 주식회사,85409000,88.211,
R26BK01431104,2026-04-13,대한체육회,2026 아이치·나고야 하계아시아경기대회 코리아하우스 운영 대행,주식회사케이비에스엔,882800000,,
R26BK01398911,2026-04-07,재단법인경기환경에너지진흥원,경기도 기후테크 육성 종합계획 수립 용역,(주)현대경제연구원,108900000,,
R26BK01452565,2026-04-21,조달청 서울지방조달청,국립어린이청소년도서관 개관 20주년 특별전 연출 및 설치,주식회사 보우크리에이티브,130000000,,
R26BK01477512,2026-04-24,충청남도 아산시 수도사업소,아산시 배방읍 휴대리 상수도 노후관 교체공사 건설폐기물 처리 용역,(주)한솔건설산업,95958000,88.311,
R26BK01484107,2026-04-24,조달청 대전지방조달청,안전점검을 통한 현충시설 통합관리체계 구축방안 마련 용역,건축공간연구원,196000000,100.0,
R26BK01449600,2026-04-24,경상북도교육청 금오공업고등학교,[긴급]2026학년도 금오공업고등학교 1학년 수학여행 위탁용역,주식회사 정원컴,136492000,95.214,
R26BK01406927,2026-04-09,서울특별시,도시철도(1~8호선) 장기 사후관리 재산 실태조사 용역,주식회사 올포랜드,154000000,,
R26BK01415785,2026-04-17,조달청 서울지방조달청,건축물카드대장 전산화사업,주식회사 코이션,195800000,,
R26BK01396927,2026-04-24,서울특별시 서초구,[긴급] 잠원동 방음언덕형 공영주차장 외 11개소 정밀안전점검 용역,주식회사한국국토안전연구원,134920000,86.825,
R26BK01469149,2026-04-24,경상북도 경주시 맑은물사업본부,경주시 물 수요관리 시행계획 수립용역,주식회사 진양종합엔지니어링건축사사무소,111464700,87.827,
R26BK01484547,2026-04-24,강원특별자치도 원주시,2026년 민원담당공무원 고객만족서비스 및 힐링 교육 용역,주식회사 더벨류코리아,21600000,90.18,
R26BK01431379,2026-04-16,국회 국회사무처,국회방송 제78주년 제헌절 특집다큐 제작 용역,주식회사 미디어예니,44000000,,
R26BK01477246,2026-04-24,청주산림조합,2026년 조림지가꾸기(풀베기)사업 감리용역(청원흥덕지구),주식회사 호산임업,33649000,88.358,38509000
R26BK01385011,2026-04-16,조달청,차세대 국가인재데이터베이스 구축 사업(1차년도),주식회사 아이티센엔텍,5409800000,,
R26BK01470929,2026-04-24,한국지역난방기술주식회사,묘도 집단에너지 기본설계 용역(전기),주식회사 애니파워이앤씨,76000000,93.807,
R26BK01476468,2026-04-24,울산광역시교육청 울산광역시강남교육지원청,개운초 본관동 내진성능평가 용역,주식회사 디에스구조엔지니어링,32316200,88.057,
R26BK01437411,2026-04-24,서울특별시교육청 서울특별시서부교육지원청 가재울중학교,[긴급] 2026학년도 가재울중학교 소규모테마형교육여행 위탁 용역,주식회사 유스트래블,147287700,96.872,153982600
R26BK01482225,2026-04-24,조달청 충북지방조달청,한국형 예측 네트워크(Forecast-Hub) 시범 운영,고려대학교산학협력단,145000000,98.639,
R26BK01431321,2026-04-13,한국예술인복지재단,예술활동증명 제도 개선 연구 용역,주식회사 미래산업전략연구소,95000000,,
R26BK01476041,2026-04-24,경기도 성남시 분당구,판교동 공공공지 노후 산책로 정비공사 폐기물처리용역,우광개발주식회사,20997000,88.232,
R26BK01469199,2026-04-24,인천교통공사,2026년 작업환경측정 용역,에이치에스이코리아 주식회사,79177600,88.101,
R26BK01474513,2026-04-24,전북특별자치도 김제시,김제 문화예술 커뮤니티센터 건립사업 전기감리 용역,주식회사 온길,48477100,88.242,
R26BK01477500,2026-04-24,울산광역시 남구,2026년 제3종시설물 실태조사 용역,오름구조안전기술원 주식회사,53931000,88.376,
R26BK01473392,2026-04-24,한국과학기술정보연구원,수소자동차 2단 원심 압축기 내부 에어포일 베어링 열유동 해석 컨설팅,주식회사 시멕스,21120000,99.622,
R26BK01441738,2026-04-24,조달청,종묘 영녕전 정밀안전진단 용역,(재)한국건설안전기술원,171006000,87.107,
R26BK01455142,2026-04-21,국민통합위원회,[긴급]국민통합위원회 청년통통포럼 운영 용역,주식회사 더 퀘스천,78600000,,
R26BK01451927,2026-04-21,국가유산청 국립문화유산연구원,학술발굴조사 제도의 합리적 개선을 위한 기초조사,사단법인 한국문화유산협회,88000000,,
R26BK01483809,2026-04-24,산림청 국립산림과학원,(용역) 낙엽송 영구 프레파라트 제작,우드포럼목재연구소,28369000,97.986,
R26BK01483811,2026-04-24,산림청 국립산림과학원,(용역) 권역별 산림훼손지 및 주변지역 입지토양환경 조사(1),주식회사 미래생태공간,34237000,97.999,
R26BK01443156,2026-04-17,(재)서울경제진흥원,2026년 서울영화센터 단계별 맞춤형 교육 프로그램 운영 용역,주식회사 로카,119406000,,
R26BK01484504,2026-04-24,서울시청소년상담복지센터,2026년 서울지역 학교 밖 청소년 대상 제과·제빵 기능사 자격증 취득과정 운영,퍼스트바리스타제과제빵학원,25930000,92.674,
R26BK01484357,2026-04-24,강원특별자치도,춘천 도시계획시설(35호 공공청사)부지 내 유적 발굴조사용역,재단법인국강고고학연구소,448712000,88.853,
R26BK01485353,2026-04-24,한국도로교통공단,교통안전 교육센터 CDN(네트워크 분산처리) 서비스 위탁 운영,주식회사 스피디,32921460,97.5,
R26BK01453268,2026-04-21,재단법인충북연구원,2026년 시험인증 기초인력양성 사업,한국산업기술시험원,53200000,,
R26BK01467668,2026-04-24,서울특별시서부교육청 광성중학교,2026학년도 광성중학교 1학년 수련활동 위탁용역,청소년수련마을 보람원,27364000,88.391,
R26BK01486261,2026-04-24,한국농어촌공사,公社 안전보건 문서체계 정립 용역,주식회사안전일터관리원,30723000,98.0,
R26BK01345690,2026-04-23,한국국제협력단,타지키스탄 정부기능 디지털 전환 이행 지원사업(2024-2028/650만불) PMC 용역,주식회사 한국아이티컨설팅,4850000000,,
R26BK01470335,2026-04-24,경기도 광주시,2026년 배수펌프장 운영관리(상주 전기안전관리) 용역,주식회사 티에스산업,209487800,86.869,
R26BK01468712,2026-04-24,한국광해광업공단,대한석탄공사 도계광업소 및 장성광업소 수질정화시설 개보수 공사 실시설계용역,주식회사 엠제이테크,143907000,87.794,163054000
R26BK01485641,2026-04-23,강원특별자치도 고성군,고성군 상징 이모티콘 제작 운영,별별콘텐츠,27900000,90.291,
R26BK01429496,2026-04-21,조달청 인천지방조달청,경기온라인학교 서비스 사업 개인정보영향평가 용역,대진정보통신주식회사,113494000,,
R26BK01477459,2026-04-24,울산광역시 남구,고래문화마을 고래등길(공중보행교) 건립공사 건설폐기물처리 용역,경원(주),22995000,88.024,
R26BK01440895,2026-04-14,조달청 서울지방조달청,통계 관리 개선 등 지능형 송무 추진 ISP,주식회사 넥스트아이앤아이,201900000,,
R26BK01454373,2026-04-24,서울특별시교육청 서울특별시강동송파교육지원청 상일중학교,2026학년도 상일중학교 1학년 수련활동 위탁용역,성산청소년효재단,50677000,98.793,
R26BK01468824,2026-04-24,경기도 의회사무처,경기도의회 휴대용컴퓨터 장기임차용역,(주)알투컴,765292770,85.847,898212480
R26BK01444863,2026-04-21,조달청 서울지방조달청,2026년 신문 기사 원문 자료 수집 및 정제,셀렉트스타 주식회사,400000000,,
R26BK01476807,2026-04-24,경상북도 포항시,포항시립미술관 제2관 건립공사 건설폐기물 처리 및 운반 용역,미래개발(주),46657000,88.32,53328350
R26BK01486672,2026-04-24,한국국토정보공사,광명시 디지털 트윈국토 서비스 유지관리 용역,(주)명지정보기술,80000000,100.0,
R26BK01437535,2026-04-14,한국에너지공단,3급 승진후보자 역량평가 과제 개발 및 운영,한국생산성본부,95700000,,
R26BK01466880,2026-04-24,전남광주통합특별시 영암군 수도사업소,2026년 영암군 정수시설 기술진단용역,(주)우리종합기술,167511000,87.758,
R26BK01480577,2026-04-24,조달청 인천지방조달청,환경정보 검증분야 국제상호인정체계 확대 방안 연구(Ⅲ),주식회사 인터페론,196500000,99.949,
R26BK01461244,2026-04-23,한국석유화학협회,특정물질 통합관리리스템 구축(3단계),주식회사 유엔파인,200000000,,
R26BK01411081,2026-04-14,조달청,2026년 KTV 정책 홍보 행사 방송 제작 용역,주식회사레이븐,284229000,,
R26BK01442608,2026-04-15,대법원 법원도서관,2026년 영문저널 발간을 위한 번역 사업,에퀴코리아(주),51000000,,
R26BK01416565,2026-04-14,재단법인충남콘텐츠진흥원,2026 충남 천안 그린스타트업타운 스케일업 프로그램 운영 용역,씨엔티테크(주),272286300,,
R26BK01437976,2026-04-24,조달청,2026년 상반기 정밀안전점검 용역,주식회사 삼림엔지니어링,291163000,86.749,
R26BK01484783,2026-04-23,제주특별자치도,2026년 제주특별자치도 AI디지털배움터 교육 운영 사업 용역(가격협상),(주)케이티씨에스,2640239360,99.499,
R26BK01462986,2026-04-20,한국화학연구원,Integrated Testing Strategy (ITS) 웹 플랫폼 업데이트 및 고도화,주식회사 퀀텀소프트,36800000,,
R26BK01467133,2026-04-21,서울특별시 미래한강본부,난지생태습지원 재정비 공사 등 5건 건설재해예방 기술지도 용역,우리건설안전기술,14117000,90.045,
R26BK01486850,2026-04-24,건강보험심사평가원,(수의시담) 정신질환자 지속치료 지원 시범사업 평가 연구용역(3차),서울아산병원,69300000,99.0,
R26BK01471007,2026-04-24,한국지역난방기술주식회사,묘도 집단에너지 기본설계 용역(토목),주식회사 예담엔지니어링,14900000,93.153,
R26BK01473398,2026-04-24,한국농어촌공사 충북지역본부 옥천.영동지사,영동읍 농촌중심지활성화사업 건축(상주)감리용역,주식회사종합건축사사무소구일,393185000,86.75,456632000
R26BK01474345,2026-04-24,경상남도 함양군 상하수도사업소,병곡 축동마을 소규모수도 노후화시설 개량사업 건설폐기물처리 용역(2인 이상 견적 제출),남양기업 주식회사,33700000,88.052,
R26BK01471746,2026-04-24,경상남도 남해군,용강마을 소규모 수도 노후화시설 개량사업 건설폐기물처리 용역,주식회사 초원환경,37614000,89.083,
R26BK01443086,2026-04-24,인천광역시교육청 인천소방고등학교,2026학년도 인천소방고등학교 2학년 제주도 수학여행 위탁용역 입찰 공고,주식회사 화이트투어,91579000,94.909,
R26BK01438944,2026-04-16,한국보건산업진흥원,보건의료 국가대표기술 30선 발굴을 위한 기획 연구,주식회사 비욘드알앤아이,69000000,,
R26BK01475802,2026-04-24,과학기술정보통신부 우정사업본부 서울지방우정청,서울제기동우체국 물품이사 및 정리용역,주식회사 이사박사코리아,2563950,88.012,
R26BK01476197,2026-04-24,한국농어촌공사 충남지역본부 논산지사,장구지구 배수개선사업 토목건축기계공사 재해예방기술지도용역,원건설안전컨설팅,30948717,88.118,
R26BK01477457,2026-04-24,경기도 여주시,2026년 상반기 지방하천 제2종시설물 2권역 정밀안전점검 용역,에스아이건설(주),57175550,88.219,
R26BK01474765,2026-04-23,조달청 서울지방조달청,2026년도 역사지리정보DB 구축 용역,주식회사 유명소프트,149400000,99.939,
R26BK01468570,2026-04-24,전북특별자치도 남원시,남원 천연물 바이오소재 융합센터 건립공사 안전점검 수행기관 지정 공고(입찰대행),주식회사 누리구조기술사사무소,3015000,87.911,3453000
R26BK01452428,2026-04-24,한국교통안전공단,2026년 교통안전정보관리시스템 운영 및 유지관리 용역,주식회사 이웃,386000000,,
R26BK01476113,2026-04-24,전북특별자치도 전주시,전북연수원 운동장 및 조경시설 조성 실시설계용역 견적제출 안내공고,주식회사 성광,41496900,88.061,47036000
R26BK01445892,2026-04-17,한국원자력안전재단,원자력안전 전문인력 양성 사업 성과관리 및 확산 제고방안,디앤에이파트너스 주식회사,54000000,,
R26BK01456829,2026-04-24,조달청 인천지방조달청,26년 공공부문 목표관리 대상기관 탄소중립 기술지원,(주)엔자인,470715000,80.512,
R26BK01485091,2026-04-23,한국보훈복지의료공단,2026년 통합요양정보시스템 유지관리 용역 수의시담,인피니텀주식회사,379896000,99.972,
R26BK01429726,2026-04-10,한국수산자원공단 서해본부,2026년 당진시 수산자원조성사업 통합관리,주식회사 씨모닝,167000000,,
R26BK01462929,2026-04-24,경상북도교육청,(가칭)경상북도교육청 융합진로체험교육관 건립 리모델링공사 건설폐기물처리용역(계속비),구미녹색환경(주),257119000,86.76,
R26BK01437566,2026-04-20,서울특별시교육청 서울특별시서부교육지원청 가재울중학교,[긴급] 2026학년도 가재울중학교 수련활동 위탁 용역,주식회사 신화교육문화,63822000,98.445,65638000
R26BK01430249,2026-04-13,국제방송교류재단,2026년 한국문화 홍보 온라인 채널 운영 및 마케팅 용역,주식회사 스쿼드엑스,262900000,87.72,300000000
R26BK01472969,2026-04-24,지방자치단체조합 충남혁신도시관리본부,「2026년 내포신도시 어린이공원 모래소독 및 청소 용역」 소액수의 견적 제출 안내공고,홍주그린,30953970,88.05,
R26BK01441088,2026-04-24,서울특별시서부교육청 성산중학교,성산중학교 2026학년도 2학년 수련활동 위탁용역 입찰공고,주식회사 미리내,39901000,95.296,42187000
R26BK01406003,2026-04-09,조달청,암호모듈 전문역량 확보를 위한 통합 지원 운영,한국시스템보증(주),382000000,,
R26BK01412248,2026-04-10,조달청 충북지방조달청,2026년 방송통계 통합정보 제공시스템 기능개선 및 유지보수,주식회사 오션정보기술,145530000,,
R26BK01455832,2026-04-24,한국교육방송공사,한국교육방송공사(EBS) 사옥 청소 용역,릭소종합관리주식회사,2512754567,88.003,
R26BK01449650,2026-04-24,대전광역시교육청 동아마이스터고등학교,동아마이스터고 2026학년도 공강 시간 프로그램 운영 위탁 용역,주식회사 넥스트스텝,30000000,77.575,
R26BK01476899,2026-04-24,충청북도 산림환경연구소,2026년 미동산수목원 보완사업(노후시설물 보수) 폐기물처리용역,(주)예당환경,20597800,88.051,
R26BK01444485,2026-04-24,울산광역시교육청 울산제일고등학교,2026학년도 울산제일고 2학년 수학여행 용역 입찰 공고,주식회사 서진해외여행,66809260,93.847,
R26BK01433458,2026-04-16,한국발명진흥회,2026년 민관협력 IP전략지원 사업 CIPO 프로그램 운영(1차),준성특허법률사무소,254625000,,
R26BK01437316,2026-04-24,조달청 충북지방조달청,(가칭)오송2고등학교 외 1원[(가칭)내곡유치원] 신축 소방공사 감리용역,선우엔지니어링(주),113096900,87.394,
R26BK01473139,2026-04-24,학교법인 휘문의숙,[긴급] 2026년도 학교법인 휘문의숙 교원 해외연수 위탁용역 입찰 공고,주식회사 컬쳐랑,179706380,91.343,
R26BK01471188,2026-04-24,충청남도,소방헬기(2호기) 외주정비(기체 1년·300시간 검사 등) 용역,한국항공서비스 주식회사,108284590,88.89,122911000
R26BK01469925,2026-04-24,서울특별시 영등포구,도신로 1부지 신축시설 진출입로 개설공사 건설폐기물 운반 및 처리용역,에스와이산업개발 주식회사,16862000,87.773,
R26BK01470529,2026-04-24,제주특별자치도,추자항 해경부두 축조공사 환경영향평가용역(P.Q 후 가격입찰),주식회사 아라기술,913347000,81.047,
R26BK01449521,2026-04-24,서울특별시서부교육청 성산중학교,성산중학교 2026학년도 3학년 소규모테마형교육여행 위탁용역,(주)좋은시간여행사,72615500,97.091,75023830
R26BK01476358,2026-04-24,경기도교육청 경기도의정부교육지원청,2026년도 의정부 학교 석면 위해성평가 및 유지보수 용역,주식회사 새로고침,50328400,88.249,
R26BK01472534,2026-04-24,경기도교육청 경기도평택교육지원청,평택고덕유 외 15교 예·제초 용역,윤서조경,41664660,88.02,
R26BK01475791,2026-04-24,경상남도 밀양시,2026년 범평배수문외 10개소 정밀안전점검용역 소액수의계약 견적제출 안내공고,주식회사 이도,74564300,88.027,84700000
R26BK01481074,2026-04-24,조달청 서울지방조달청,2026 아트코리아랩 예술기술 융합 테스트베드 기획 및 운영 용역,주식회사 유쾌한,655000000,99.858,
R26BK01472445,2026-04-24,경기도교육청 경기도평택교육지원청,용이중 외 14교 예・제초 용역,주식회사 한미산업,31879380,88.063,
R26BK01470443,2026-04-24,강원특별자치도 도로관리사업소 북부지소,지방도391호선 삼일지구 위험도로 사면정비공사 폐기물처리용역 수의견적 제출안내 공고,(주)상보산업,37053000,88.069,
R26BK01473875,2026-04-24,경상남도 서부도로관리사업소,"용역 소액수의 견적 제출안내 공고[두양교 외 2개교(진교교, 만지교) 정밀안전점검용역]",주식회사 유일기술,59425800,88.012,
R26BK01487091,2026-04-24,한국농어촌공사 충남지역본부 청양지사,청양읍 농촌중심지활성화사업 일상돌봄 플랫폼 조성 건설폐기물처리용역,주식회사 보민환경,17572720,88.0,
R26BK01475159,2026-04-24,전남광주통합특별시 구례군,토지이동결의서 전산화 구축 사업,(주)대성에너지오,88259050,88.23,
R26BK01475423,2026-04-24,한국환경공단 수도권동부환경본부,유증기회수설비검사 업무용차량(화물) 장기임차(리스) 용역,삼성카드(주),43164000,88.206,
R26BK01470330,2026-04-24,강원특별자치도 양구군,양구군 오미리들 자연재해위험개선지구 정비사업 건설사업관리용역(PQ 후 가격입찰),주식회사 케이씨아이,2460260000,80.612,
R26BK01450514,2026-04-20,경기도 안성시,안성문화장 특화거리 공간프로젝트 기획·운영 대행 용역,주식회사 유디임팩트,491900000,,
R26BK01470138,2026-04-24,서울특별시,2026년 중랑물재생센터 하수 슬러지 운반 및 처리용역(5차),케이솔(주)정안공장,770748404,85.729,
R26BK01468939,2026-04-24,전남광주통합특별시 광주청사,광주광역시 성장관리계획 수립 용역(PQ 후 가격입찰),주식회사 동해종합기술공사,594360000,85.637,
R26BK01476979,2026-04-24,경기도 연천군,2026년 노인 및 장애인 보호구역 실태조사용역,주식회사 북부기술단,24429000,88.736,
R26BK01474545,2026-04-24,재단법인 2026강릉세계마스터즈탁구선수권대회 조직위원회,XIOM 2026 강릉세계마스터즈탁구선수권대회 냉방 설비 설치·운영 용역,주식회사 에스제이,46238000,88.428,51940000
R26BK01453540,2026-04-24,경상남도교육청 경상남도창원교육지원청 석동중학교,[긴급]2026학년도 석동중학교 2학년 수학여행 위탁 용역 입찰 공고,주식회사 다온항공여행사,106250000,87.002,122338000
R26BK01477178,2026-04-24,인천시설공단,2026 ~ 2029년 송도공원 공원관리용 차량 임차 용역,더플러스렌터카 주식회사,67249600,90.492,
R26BK01477027,2026-04-24,인천광역시교육청 인천광역시서부교육지원청,인천마전초등학교 바닥교체공사 설계용역 수의계약 견적제출 안내공고,디자인캠퍼스건축사사무소,19247976,88.005,
R26BK01473151,2026-04-23,충청남도 건설본부 건설사업부 서부사무소,[홍성]국지도96호 장곡도로 포장도 보수공사 폐기물처리용역,삼원환경산업주식회사,45780987,88.547,52470000
R26BK01471430,2026-04-22,전남광주통합특별시 순천시,외서면 월암리 일원 농어촌 지방상수도 시설공사 GIS DB구축 용역,금아이엔지주식회사,22012000,88.071,
R26BK01473246,2026-04-23,전남광주통합특별시 순천시,송광면 농어촌도로207호선 개설공사 외 2건 실시설계 용역,삼광기술공사(주),34282880,88.226,39100000
R26BK01473811,2026-04-24,청주산림조합,2026년 조림지가꾸기(풀베기)사업 실시설계용역(기타지구),라인산림ENG,17149045,90.44,
R26BK01476706,2026-04-24,울산광역시 울주군,서생 명산리 640번지 일원 오수관 연결공사 건설폐기물 처리용역 소액용역 수의계약 견적제출 공고,주식회사동운,22408000,88.175,25660000
R26BK01470628,2026-04-24,경기도 안양시,2040년 안양 도시기본계획(변경) 및 도시관리계획(재정비) 수립 용역,주식회사 제일엔지니어링종합건축사사무소,678200000,85.509,
R26BK01477302,2026-04-24,경기도 시흥시,2026년도 민간위탁 방역소독사업(2권역),주식회사에코그린존,35244400,89.24,
R26BK01458866,2026-04-24,한국은행,한국은행 화폐박물관 운영용역(도급),풀스피드 주식회사,963874680,88.116,
R26BK01476292,2026-04-24,울산광역시교육청 울산광역시강남교육지원청,온산초 본관동 내진성능평가 용역,동인구조기술(주),30566750,88.011,
R26BK01480593,2026-04-24,조달청 인천지방조달청,대기배출시설의 응축성 먼지 배출현황조사(III),(사)한국대기환경학회,490000000,99.694,
R26BK01484600,2026-04-24,조달청 충북지방조달청,지역화학사고대비체계 활성도 평가 및 이해당사자 역량 지원 방안 연구,주식회사 슈타인컨설팅,147000000,100.0,
R26BK01469141,2026-04-24,해양수산부 남해어업관리단,국가어업지도선(무궁화27호) 간이수리용역(추진축계 등),(주) 선진엔텍,110280435,84.349,131028670
R26BK01474231,2026-04-24,충청남도 서산시,2026년도 서산시 보호구역 실태조사 용역,주식회사 송현알앤디,44391000,88.595,
R26BK01486002,2026-04-24,재단법인 울산정보산업진흥원,울산 콘텐츠 산업 종합계획 수립 기획연구,더브릿지전략컨설팅 주식회사,51000000,99.786,
R26BK01474232,2026-04-24,충청남도 서산시,어금선 농어촌도로 확포장공사 지장건물 철거공사 폐기물처리용역,(주)연합,62539204,88.022,
R26BK01477481,2026-04-24,경기도 여주시,2026년 상반기 지방하천 제2종시설물 3권역 정기안전점검 용역,주식회사 화목이엔씨,61295800,88.081,
R26BK01476583,2026-04-24,환경에너지솔루션 주식회사,판교환경에너지시설 환경분야 자가측정 용역,(주)대현환경,68659500,88.101,78059000
R26BK01473847,2026-04-24,경상남도 서부도로관리사업소,용역 소액수의 견적 제출안내 공고[월강교 외 1개교(홍정교) 정밀안전점검용역],주식회사 봉청건설,45717440,88.007,
R26BK01479537,2026-04-24,조달청 서울지방조달청,2026년 국방실험사업 지원 용역사업,정보통신기획평가원,771000000,98.947,
R26BK01477254,2026-04-24,경기도 시흥시,2026년도 민간위탁 방역소독사업(1권역),주식회사 그린피아한성,34661860,88.717,
R26BK01475155,2026-04-24,경상남도 창원시,난포·심리항 어촌뉴딜 3.0사업 기본계획 수립 용역,주식회사 다우,64856000,88.351,
R26BK01477442,2026-04-24,경상북도 성주군,작은지구  급경사지붕괴위험지역 정비사업 임목폐기물 처리용역,주식회사 비엠에코,57802200,88.327,
R26BK01470262,2026-04-24,경상남도교육청 경상남도창원교육지원청 해운중학교,2026학년도 해운중학교 1.3학년 현장체험학습 차량 임차용역 수의계약 안내공고,서진항공여행사 주식회사,6308000,91.767,
R26BK01472542,2026-04-24,경상남도 합천군 초계면,2026년 초계 배수펌프장 전기안전관리자 선임 및 관리운영 용역,신서림에스앤에스주식회사,46350941,88.058,52820000
R26BK01477730,2026-04-24,전남광주통합특별시 무안군,"무안읍 파크골프장 조성사업 군관리계획(용도지역, 체육시설) 결정(변경) 용역",금아이엔지주식회사,73010000,88.438,
R26BK01477479,2026-04-24,경기도 시흥시,2026년 가압장 구조물 정밀안전점검 용역,주식회사효광엔지니어링,88242000,88.341,
R26BK01445692,2026-04-24,한국농어촌공사 충남지역본부,봉동지구 배수개선사업 세부설계용역(PQ),주식회사 다산컨설턴트,243452000,86.894,
R26BK01471305,2026-04-24,한국공항공사 제주공항,제주공항 기계설비 성능점검 용역,유한회사 탑종합방재,87269400,87.87,
R26BK01469586,2026-04-24,충남대학교병원,2026년 승강기 유지관리용역(기타제조사),(주)태산엘리베이터,65689260,88.116,
R26BK01432113,2026-04-14,농촌진흥청 국립축산과학원,국내 목장형 유가공 낙농가 경영 실태조사 및 발전 방안 마련,BA플러스,63000000,,
R26BK01439774,2026-04-10,한국무역협회,2026년 파리 K-프리미엄 소비재전 한국무역협회 단체관 부스 장치 설치공사 용역,주식회사 지니컴즈,228000000,97.128,
R26BK01446384,2026-04-21,강원특별자치도교육청,2026년 강원교육 유공교원 국외연수 위탁 용역,합자회사 모두여행사,70990000,94.374,
R26BK01469865,2026-04-24,국민연금공단,국민연금공단 사옥 건물보험 가입 용역,현대해상화재보험(주),39276600,48.592,
R26BK01456459,2026-04-21,조달청 대전지방조달청,경찰대학 제53기 치안정책과정 공무국외연수 위탁 용역,아이투어,133500000,,
R26BK01477598,2026-04-24,충청북도 소방본부,2026년 충청북도 산림인접마을 비상소화장치 설치공사 실시설계 용역(북부권),주식회사 엔씨엔지니어링,23663700,88.054,26867000
R26BK01469273,2026-04-24,국가유산진흥원,강릉 초당동 283-2번지 국비지원(소규모) 정밀발굴조사 용역,재단법인 두류문화연구원,93344000,87.76,
R26BK01487699,2026-04-24,한국청소년활동진흥원,2026년 청소년활동 핵심역량 측정시스템 유지보수 용역,(주)윈솔,11220000,99.703,
R26BK01476199,2026-04-20,해양수산부,2026년 선박 통항로 안전성 평가 연구용역,한국해양교통안전공단,909000000,99.969,
R26BK01481155,2026-04-22,한국원자력연구원,MARINA 노외중성자감시계통(NMS) 기본설계 완료 및 설치·운영방안 수립,한양대학교 산학협력단,29000000,100.0,
R26BK01486047,2026-04-24,서울특별시 강동소방서,2026년 강동소방서 냉난방기 세척 용역 계약,주식회사 씨에이치투오코리아,9820000,95.031,
R26BK01354871,2026-04-24,인천국제공항공사,제2여객터미널 장기주차장 확장공사 건설사업관리용역,주식회사 유신,2733749000,81.194,
R26BK01423052,2026-04-08,(재)연구개발특구진흥재단,5극3특 국가균형성장을 위한 연구개발특구 발전방향 연구 용역,(사)기술경영경제학회,80000000,,
R26BK01486924,2026-04-24,서울특별시 중부공원여가센터,2026년 서울광장 바닥분수 청소 용역,(주)거문환경,21297320,97.0,
R26BK01466174,2026-04-24,해양수산부 포항지방해양수산청,호미곶항 정비공사(7차) 폐콘크리트 처리용역,계림환경(주),23481000,87.762,
R26BK01476387,2026-04-24,한국농어촌공사 경기지역본부,이천시 농업용 공공관정 사후관리 용역(IC-005외 14개소),(주)중앙 수자원개발,96600700,88.115,
R26BK01476408,2026-04-24,울산광역시교육청 울산광역시강남교육지원청,문수중 교사동 내진성능평가 용역,주식회사 디에스구조엔지니어링,30214300,88.121,
R26BK01485696,2026-04-24,국토교통부,2026년 노후계획도시정비플랫폼 특화서비스 운영,한국국토정보공사,985000000,100.0,
R26BK01476510,2026-04-24,경기도 시흥시,2026년 은계유수지 우기대비 양수기 임차용역,삼성중기,58171000,88.016,
R26BK01477520,2026-04-24,전남광주통합특별시 무안청사,진도항 항로유지 준설공사 실시설계용역,주식회사 선우기술개발,96921000,88.049,
R26BK01477347,2026-04-24,충청남도 보령시,보령시 재해위험저수지 지정 타당성조사 및 기본계획 수립 용역,주식회사 동국엔지니어링,30584000,88.032,
R26BK01436553,2026-04-24,서울교통공사,2026년 8호선 별내구간 궤도시설 정밀진단 및 성능평가 용역,주식회사 동해종합기술공사,565740000,86.636,
R26BK01455430,2026-04-24,경상북도교육청 경상북도울진교육지원청 부구중학교,2026학년도 부구중학교 2학년 해외체험학습(수학여행) 위탁 용역 입찰 공고,(주)영신관광,59629000,89.744,
R26BK01483815,2026-04-24,산림청 국립산림과학원,(용역)산림유역 강우유출 장기 모니터링 데이터 수집(2026),주식회사 미래생태공간,68442000,97.999,
R26BK01445017,2026-04-17,한국산업인력공단 글로벌숙련기술진흥원,2026 제48회 중국 상하이 국제기능올림픽대회 통역 지원 용역,이제이커뮤니케이션 주식회사,148500000,,
R26BK01474757,2026-04-24,재단법인 포항테크노파크,수산물 시료 방사능 분석 실험 보조인력 용역,주식회사 대청기업,75178540,88.346,
R26BK01473761,2026-04-24,천안도시공사,종합운동장 부설주차장 유료화 대비 조성 공사 감리용역(토목),주식회사 더원이엔지,26395000,88.648,
R26BK01443339,2026-04-17,문화체육관광부,K-푸드로드 문화관광 활성화 추진방안 연구,한국문화관광연구원,60000000,,
R26BK01475691,2026-04-24,경상북도 경주시,제6기(2027~2030) 경주시 지역사회보장계획 수립 용역,경북미래비전전략연구소 주식회사,52291000,89.134,58384000
R26BK01469475,2026-04-22,강원특별자치도 홍천군,내면 방내리 수유동 배수관로 확장사업 실시설계용역,(주)도원엔지니어링,94515600,88.535,
R26BK01469577,2026-04-24,정보통신공제조합,정보통신공제조합 세종회관 신축사업 전기감리 용역,주식회사 서울전업공사,141887827,87.776,160000000
R26BK01470874,2026-04-24,대전광역시 대덕구,대덕구 노후 하수관로 지반탐사(GPR) 용역,주식회사 윤성이엔지,130381020,87.959,
R26BK01485198,2026-04-24,충청남도 부여군,2026년 연속지적도 정비사업,한국국토정보공사,50000000,100.0,
R26BK01483887,2026-04-24,조달청,2026년도 과학기술사이버안전센터 보안관제 및 침해예방 대응 지원,에스케이쉴더스 주식회사,1393300000,99.997,
R26BK01453405,2026-04-24,부산광역시교육청 부산진여자상업고등학교,2026학년도 부산진여자상업고등학교 2학년 현장체험학습(수학여행) 위탁 용역,(주)나비투어,74264670,96.326,
R26BK01388476,2026-04-02,재단법인 서울관광재단,2026 디스커버서울패스 홍보마케팅 용역,주식회사 씨엠지티,134129600,,
R26BK01477601,2026-04-24,경상북도 안동시,풍천면 어담지구(어담리) 마을기반 정비사업 폐기물처리 용역,웅부환경 주식회사,25237990,88.583,
R26BK01469941,2026-04-24,한국자산관리공사,광명 舊근로청소년복지관부지 도시개발사업 건설폐기물처리용역,(주)원보,2648444000,83.029,
R26BK01477659,2026-04-24,경기도 여주시,2026년 상반기 국가하천 제2종시설물 6권역 정기안전점검 용역,(주)케이에스엔지니어링,38898600,88.097,
R26BK01477571,2026-04-24,강원특별자치도 철원군,철원군 청사 제2별관 및 문화재단 건축물 내진성능평가 용역,(주)해인안전진단건축사사무소,36193700,88.156,
R26BK01412612,2026-04-24,한국농어촌공사 경남지역본부 밀양지사,하남지구 농촌용수이용체계재편사업 건설폐기물처리 용역,계림환경(주),1199083000,85.515,
R26BK01442881,2026-04-17,경찰청,지역경찰의 저위험권총 휴대 및 사용기준 등에 관한 연구용역,조선대학교 산학협력단,40000000,,
R26BK01466580,2026-04-21,전북특별자치도 진안군,2026년 진안군 슬레이트 처리용역(상반기),한맥테코산업(주),163813560,88.06,
R26BK01468353,2026-04-24,경기도,경기532호 중간검사 및 수리용역,태항조선(주),58427100,89.137,66921000
R26BK01387977,2026-04-24,서일대학,2026학년도 대학 홍보 광고 대행,(주)유웨이어플라이,259650000,,
R26BK01474823,2026-04-24,한국환경공단,재사용전지 안전성검사기관 지정 컨설팅 용역,이수,64350000,88.023,
R26BK01473976,2026-04-24,경상남도 밀양시,청운 마을하수도 설치사업 건설재해예방 기술지도용역,와이에이치(YH)안전원,34391700,88.052,38810000
R26BK01482328,2026-04-24,합천군산림조합,2026년 선도산림경영단지 명품 숲가꾸기 사업 실시설계용역,부흥엔지니어링,1846000,89.999,
R26BK01452615,2026-04-24,경상북도교육청 선주고등학교,2026학년도 선주고등학교 2학년 제주도 수학여행 위탁 용역,주식회사 혜성관광여행사,164130140,90.943,179900000
R26BK01477517,2026-04-24,충청남도 당진시,안전사고 6대 분야 안전 교육 소액수의 견적제출 안내 공고,주식회사 로컬앤커뮤니티,44067010,88.174,
R26BK01476060,2026-04-24,한국농어촌공사 경남지역본부 고성.통영.거제지사,견유 권역단위거점개발사업 건축감리 용역,자유건축 이기욱건축사사무소,33874200,88.076,
R26BK01469380,2026-04-24,제주국제자유도시개발센터,헬스케어타운 조성사업 사후환경영향조사 용역,주식회사 이루다인,207449000,87.854,235945000
R26BK01456958,2026-04-23,한국산업안전보건공단,2026년 외국인 노동자 안전보건 동영상 콘텐츠 제작 용역,인터즈 주식회사,173200000,88.959,
R26BK01486058,2026-04-24,연세대학교 미래캠퍼스,[RISE사업] 외국인 유학생 한국문화체험(대관령) 용역,주식회사 하나에듀글로벌,8800000,98.575,
R26BK01477403,2026-04-24,경기도 의정부시,소규모 도시계획시설 정비용역,주식회사 신성엔지니어링,88537000,88.025,
R26BK01472807,2026-04-24,경기도 양평군 수도사업소,2026년 상반기 양평군 지방상수도 청소용역,주식회사 트윈스일이공칠,71898590,88.381,
R26BK01476974,2026-04-24,강원특별자치도 강릉시,단오문화해안권 관광도로(구정) 조성사업 문화재 표본조사용역,재단법인강원역사문화연구원,26623000,89.623,30173000
R26BK01356079,2026-04-20,한국농어촌공사 경남지역본부 창원지사,진북면 기초생활거점조성사업(2단계) 지역역량강화용역,주식회사 알이디 건축사사무소,1300000000,,
R26BK01474907,2026-04-24,재단법인 김포문화재단,2026 애기봉평화생태공원 셔틀버스 운영 용역 (5월 ~ 12월),(주)신평관광,103534200,93.632,109560000
R26BK01475902,2026-04-24,서울특별시 강남구,"보육지원과-7986, 2026년 보육시설 관리 차량 임차 계약 의뢰",(주)카엔퍼블릭,37752000,88.045,
R26BK01486084,2026-04-24,국토교통부 국토지리정보원,2026년 고정밀 전자지도 구축 챌린지 사업관리 및 컨설팅,(주)메타지아이에스컨설팅,317900000,99.811,
R26BK01368560,2026-04-24,인천국제공항공사,인천공항 디지털관제시스템 및 조류탐지레이더 구축 등 통합 감리용역(가격입찰),(주)한국정보기술단,2020344000,80.412,
R26BK01451144,2026-04-20,한국교육학술정보원,교원 인공지능 디지털 교육 역량 강화 지원방안 연구,서울대학교 산학협력단,77000000,,
R26BK01475748,2026-04-24,경상남도 밀양시,밀양시 농어촌도로 기본 및 정비계획수립(변경) 재해영향성검토용역 소액수의계약 견적제출 안내 공고,주식회사 이도,77920000,88.039,88990000
R26BK01429565,2026-04-24,조달청,일라이트 표준화 지원센터 건립공사 감독권한대행 등 건설사업관리 용역,주식회사 라온엔지니어링건축사사무소,1096197000,80.023,
R26BK01471952,2026-04-23,한국농어촌공사 강원지역본부,평진·정남지구 농촌지하수 현황 및 수리수질조사 용역,주식회사 동서엔지니어링,84913000,88.01,96624000
R26BK01474645,2026-04-24,경기도 광명시,2026년 축제용 다회용기 지원사업 수행 용역,사회적협동조합 작은자리,48555402,88.243,
R26BK01471255,2026-04-24,강원특별자치도 도로관리사업소 북부지소,국도87호선 상노지구 포장도 보수공사 폐기물처리용역 수의견적 제출안내 공고,건백산업주식회사,79500000,91.908,
R26BK01440500,2026-04-15,경상남도 창녕군,창녕박물관 상설전시실 전시연출 및 제작·설치 용역,주식회사 이담,147000000,,
R26BK01471104,2026-04-24,국립암센터,국립암센터 호스피스 보조활동담당인력 근로자파견,주식회사 케이원시스템,839145100,88.019,
R26BK01471049,2026-04-24,의왕도시공사,의왕도시공사 본사 관용차량 장기임차,에스케이렌터카 주식회사,23112000,88.848,26240400
R26BK01477553,2026-04-24,경기도 시흥시,2026년 제3종시설물 실태조사 용역,주식회사 광명엔지니어링건축사사무소,79017000,88.026,
R26BK01471802,2026-04-24,서울특별시강동교육청 성덕여자중학교,[긴급] 2026학년도 성덕여자중학교 3학년 소규모테마형교육여행 위탁 용역,주식회사 신나라엔터테인먼트,83138470,98.069,
R26BK01470821,2026-04-24,한국지역난방기술주식회사,묘도 집단에너지 기본설계 용역(배관),(주)태양기술개발,57420000,96.115,
R26BK01435616,2026-04-16,조달청 부산지방조달청,2026년 KEA 인재육성교육 운영,(주) 한국능률협회컨설팅,449460000,,
R26BK01431650,2026-04-14,조달청 충북지방조달청,사업장 부문 중금속 배출 실태조사 및 누락 배출원 발굴,주식회사 그린환경종합센터,200000000,,
R26BK01439770,2026-04-17,한국교통안전공단,2026년 교통카드빅데이터 통합정보시스템 유지관리 용역,주식회사 에이치이앤티,251075000,,
R26BK01469808,2026-04-24,충청북도 청주시,2035 청주 도시관리계획 재정비 수립 용역 지명경쟁 입찰공고(PQ 후 가격입찰),주식회사 건화,831200000,86.212,
R26BK01480066,2026-04-24,조달청 인천지방조달청,생물다양성 정보시스템 고도화(1단계),주식회사 코아아이티,1132000000,99.933,
R26BK01444163,2026-04-17,한국농촌경제연구원,2026년 식품소비행태조사,주식회사 엠브레인리서치,251000000,94.446,264600000
R26BK01433501,2026-04-16,한국발명진흥회,2026년 민관협력 IP전략지원 사업 CIPO 프로그램 운영(2차),주식회사 다래전략사업화센터,254625000,,
R26BK01450961,2026-04-20,농림수산식품교육문화정보원,‘26년 농업농촌교육사업 보조금 정산 회계검증 위탁,경복회계법인,93280000,,
R26BK01484346,2026-04-23,해양수산부,2026년 전국 심해설계파 개정 용역,한국항만협회,1782000000,99.899,
R26BK01472248,2026-04-24,경기도교육청 경기도평택교육지원청,현화유 외 13교 예·제초 용역,시민조경 주식회사,52351000,88.008,
R26BK01450472,2026-04-24,조달청,홍천군 지방상수도 시설물 정밀안전점검 용역,에스큐엔지니어링(주),106033000,86.756,
R26BK01477579,2026-04-24,경상남도 사천시,2026년 해양쓰레기(침적) 정화사업 폐기물 처리용역(가연성),장산환경산업 주식회사,22041550,88.063,
R26BK01453271,2026-04-24,광주광역시동부교육청 고려중학교,2026학년도 고려중학교 2학년 수학여행 위탁 용역 2단계(규격·가격동시) 입찰 공고,(주)한희자여행나라,49000000,87.466,
R26BK01471261,2026-04-24,경상남도 함안군,유동 자연재해위험개선지구 정비사업 기본 및 실시설계 용역,주식회사동진이엔시,783373000,86.118,
R26BK01444821,2026-04-17,한국산업인력공단 글로벌숙련기술진흥원,[긴급] 2026 제48회 중국 상하이 국제기능올림픽대회 참가 용역,(유)대부관광여행사,329900000,,
R26BK01477508,2026-04-24,경기도 여주시,2026년 상반기 국가하천 제2종시설물 1권역 정밀안전점검 용역,주식회사 백강,49127000,88.008,
R26BK01477626,2026-04-24,경기도 여주시,2026년 상반기 국가하천 제2종시설물 2권역 정밀안전점검 용역,주식회사 화목이엔씨,56341600,88.111,
R26BK01455946,2026-04-21,재단법인 대구전통시장진흥재단,칠성야시장 상설문화공연 운영 용역(긴급),주식회사 아토컴퍼니플러스,59880000,,
R26BK01481143,2026-04-24,조달청,국제 화장품 규제조화 협의체(ICCR) 활동 등,사단법인 대한화장품협회,496000000,100.0,
R26BK01475116,2026-04-24,경상북도 김천시,봉산 신암 농어촌 마을하수도 설치사업 외 3개소 기본 및 실시설계용역,주식회사 동명기술공단종합건축사사무소,1236950000,80.454,
R26BK01470194,2026-04-24,한국공항공사 제주공항,광주공항 계류장 전면 재포장공사 건설사업관리용역,경도기술개발 주식회사,170152000,88.069,
R26BK01469981,2026-04-24,부산광역시 동래구,동래구 제2국민체육센터 건립 전기공사 실시설계용역,(주)디에이치기술단,120880200,87.799,
R26BK01477635,2026-04-24,경기도 여주시,2026년 상반기 국가하천 제2종시설물 4권역 정밀안전점검 용역,태림이엔씨 주식회사,47774810,88.223,
R26BK01471107,2026-04-24,서울교통공사,2026년 변전소 정류기 유지관리 용역,(주)용상전기통신,357000000,87.233,
R26BK01468060,2026-04-24,서울특별시서부교육청 광성중학교,2026학년도 광성중학교 2학년 수련활동 위탁 용역,여주중앙청소년수련원,34525000,89.491,
R26BK01470586,2026-04-24,한국농어촌공사 제주지역본부,중규모 빗물이용시설 설치사업 건설폐기물 처리용역,제주산업 주식회사,1412019900,83.647,
R26BK01444021,2026-04-20,서울특별시교육청 서울특별시교육청교육연구정보원,[긴급]2026년 진학상담 프로그램 기능 개선 용역,오엠알스캔 주식회사,346835700,,
R26BK01464831,2026-04-24,산림청 국립산림품종관리센터,2026년 종묘생산팀 임도 구조개량 사업 실시설계용역,해광산림기술사 사무소,43360360,87.765,
R26BK01477666,2026-04-24,경상남도 사천시,사천강 강변 도시계획도로(소로1-102호선) 개설공사 실시설계 용역,주식회사 연암,88125000,88.27,
R26BK01471064,2026-04-24,한국지역난방기술주식회사,묘도 집단에너지 기본설계 용역(지반조사 및 현황측량),주식회사 동일기술공사,214154160,90.023,
R26BK01469760,2026-04-24,한국자산관리공사,광명 舊근로청소년복지관부지 도시개발사업 임목폐기물처리용역,주식회사 신화테크,340515700,80.561,
R26BK01475492,2026-04-24,경상북도교육청,한국조리명장고등학교 조리실습동 및 태권도 체육관 증축 전기공사 감리용역(계속비),(주)동양기술단,53298020,88.0,60566000
R26BK01469483,2026-04-24,해양환경공단,2026년 포항시 포항항 주변해역 해양폐기물 정화사업,주식회사 한산,118074210,87.761,134243000
R26BK01439469,2026-04-13,한국원자력안전기술원,2026 원자력안전규제 온라인 통합소통,주식회사 하이브파트너스,88000000,,
R26BK01474657,2026-04-24,충청남도 건설본부 건설사업부 동부사무소,2026년 [공주]지방도629호 고당교 정밀안전진단용역,주식회사 경인엔지니어링,84302000,88.061,95109000
R26BK01468709,2026-04-24,한국광해광업공단,대한석탄공사 화순광업소 수질정화시설 개보수 공사 실시설계용역,주식회사 하늘티앤씨,55560250,87.771,62865000
R26BK01477736,2026-04-24,전남광주통합특별시 무안군,무안군 농업환경보전프로그램 운영관리 용역(5년차),전남지방행정발전연구원 주식회사,90886230,93.877,
R26BK01425838,2026-04-15,소방청 중앙소방학교,2026년 사이버콘텐츠 개발,주식회사 이음컨텐츠,77310000,,
R26BK01408899,2026-04-17,조달청 서울지방조달청,2026년~2027년 아트모아 시스템 운영 및 유지관리,주식회사 이노디스,343656000,,
R26BK01431345,2026-04-24,서울특별시교육청 송곡여자고등학교,(긴급)2026학년도 송곡여자고등학교 2학년 소규모테마형교육여행 위탁용역 입찰 공고문,주식회사 아델이엔티,119923000,93.423,
R26BK01479838,2026-04-24,한국과학기술정보연구원,과학기술 대용량데이터센터 정책 고도화 및 전략적 의제화 방안 수립,주식회사 원미래전략가들,21000000,100.0,
R26BK01474564,2026-04-24,경상북도 영양군,영양군민회관 개보수공사 기본 및 실시설계용역,신영건축사사무소,44091000,89.634,48990000
R26BK01475700,2026-04-24,충청북도 충주시,충주기업도시연결녹지(주덕1)포장공사폐기물처리용역,흥진환경(주),23100000,88.722,26300000
R26BK01477110,2026-04-24,강원특별자치도 영월군,2026년 능말 도시숲 유지관리사업 수의견적 제출안내 공고,주식회사 에스더블,40257000,88.049,45362000
R26BK01475174,2026-04-24,인천광역시 남동구,수현지구 소2-1호선 외 2개 노선 도로개설공사 폐기물처리용역,주식회사 장형,31926900,88.248,36157000
R26BK01475385,2026-04-24,전남광주통합특별시교육청 광주청사,전남공고 실내전광판 설치 통신공사 설계용역 수의계약 안내 공고,메타이엔지주식회사,8112000,90.029,9009000
R26BK01477355,2026-04-24,한국농어촌공사 경남지역본부 진주.산청지사,중천지구 소규모배수개선사업 세부설계 용역,주식회사 창미이엔지,75334900,88.135,
R26BK01471644,2026-04-23,인천시설공단,2026년 강화경기장 기계설비 성능점검 용역,한국기계기술원 주식회사,33105700,88.204,37961000
R26BK01473947,2026-04-24,경상남도 밀양시,밀양아리랑시장 주차환경 개선사업 지장물 철거공사 건설폐기물처리용역,주식회사동영환경,144417000,88.07,165790000
R26BK01477351,2026-04-24,경기도 시흥시,2026년도 민간위탁 방역소독사업(3권역),주식회사 더크린플러스,34266960,88.366,
R26BK01473916,2026-04-24,충청남도 논산시 평생학습도서관,어린이 천체관측관 조성(천체투영관) 공사 실시설계 용역,건축사사무소이든,43198900,88.072,
R26BK01476703,2026-04-24,조달청 강원지방조달청,강원지방조달청 업무용지원 차량 임차,기아 주식회사,31705200,88.307,
R26BK01457196,2026-04-24,한국산업안전보건공단,안전보건교육 성과평가 체계 고도화 연구용역,광운대학교산학협력단,47750000,96.479,
R26BK01472860,2026-04-24,경찰청 광주경찰청 광주북부경찰서,북부경찰서 용봉지구대 등 3개소 내진성능평가,주식회사 한돌구조,36044400,88.166,
R26BK01485759,2026-04-24,울산광역시,2026년 지하시설물(상수도) 전산화 수정·갱신사업 용역,주식회사 올포랜드,476755000,95.982,
R26BK01462776,2026-04-24,서울특별시교육청 서울백영고등학교,"2026학년도 서울백영고 1학년 수련활동 용역업체 선정 2단계(규격, 가격분리 동시)  입찰 공고",모나용평 주식회사,38991000,97.407,39892590
R26BK01477049,2026-04-24,인천광역시교육청 인천광역시서부교육지원청,인천검단초등학교 화장실 개선공사 설계용역 수의계약 견적제출 안내공고,서진건축사사무소,29993900,88.011,
R26BK01468361,2026-04-23,충청남도 아산시 미래도시관리사업소,충남 다문화 특화거리 조성사업 도로 및 우수관로 정비공사(둔포면) 폐기물처리용역,(주)아산환경,23164200,88.428,
R26BK01471173,2026-04-24,부산광역시 상수도사업본부 강서사업소,대저1동 서연정공원 주변 노후관개량공사 폐기물처리용역,(주)호생환경,27014000,88.331,31035000
R26BK01465157,2026-04-24,장성군산림조합,2026년 큰나무가꾸기사업 실시설계용역,동아엔지니어링 주식회사,8556000,91.052,
R26BK01472680,2026-04-24,인천광역시남부교육청 인천동명초등학교,2026학년도 인천동명초 현장체험학습 및 스포츠수업 차량 임차용역[재공고],주식회사 골든클래스관광,58802250,97.623,
R26BK01475892,2026-04-21,해양수산부,2026년 연안해역 해상교통망 구축 연구용역,국립한국해양대학교 산학협력단,99000000,100.0,
R26BK01476102,2026-04-24,경상남도,양산소방서 119구조대 이전 신축공사 감리용역,대경건축사사무소,33281110,88.002,37881000
R26BK01477438,2026-04-24,경기도 화성시,2026년 상반기 화성시 국가하천(오산천) 정기안전점검용역,(주)시우이엔씨,77173300,88.341,88521400
R26BK01459107,2026-04-24,서울주택도시개발공사,하계5단지 재정비사업 건설폐기물(파쇄) 처리용역,(주)건흥환경,3226300000,78.013,
R26BK01444101,2026-04-17,전북특별자치도 정읍시,"정읍시 민간위탁사무 평가지표 개발 용역 (협상에의한계약, 재공고)",사단법인 지방행정발전연구원,32581000,,
R26BK01475811,2026-04-24,전북특별자치도 임실군,2026년 상반기 수도시설(배수지) 청소용역 소액수의견적 제출안내 공고,운수방역,21066200,88.316,24000000
R26BK01468314,2026-04-24,서울특별시,2026년 중랑물재생센터 하수 슬러지 운반 및 처리용역(4차),옥천영농조합법인,773520000,85.642,
R26BK01442797,2026-04-17,충청남도 공주시,2026년 공주산성시장 밤마실 야시장 행사 대행 용역(협상),JK커뮤니케이션,275000000,,
R26BK01469597,2026-04-24,정보통신공제조합,정보통신공제조합 세종회관 신축공사 건축통신소방 감리 용역,주식회사 도원엔지니어링건축사사무소,804954900,85.961,940000000
R26BK01475858,2026-04-24,경상남도 양산시,2026년 신촌1배수펌프장 외 2개소 정기·정밀안전점검용역,주식회사 두룡,32119000,88.16,36700000
R26BK01476265,2026-04-24,인천관광공사,인천 크루즈 관광지 셔틀버스 운영,(합)국제관광여행사,92720360,96.377,
R26BK01463560,2026-04-23,서울특별시교육청 서울백영고등학교,"2026학년도 서울백영고등학교 2학년 소규모테마형교육여행  위탁용역 2단계입찰(규격, 가격분리동시)",주식회사 신나라엔터테인먼트,72473660,92.313,79174340
R26BK01470174,2026-04-24,서울특별시,2026년 중랑물재생센터 하수 슬러지 운반 및 처리용역(6차),주식회사 월성조경토,785730000,85.654,
R26BK01473987,2026-04-24,대전광역시,대전도시철도 2호선 연축차량기지 건축 보완설계용역,가우텍건축사사무소,86142700,88.006,
R26BK01475850,2026-04-24,제주특별자치도,영어교육도시 제2진입도로 건설공사(6차분) 건설폐기물 처리용역,서광산업주식회사,63441280,88.054,
R26BK01474233,2026-04-24,충청남도 서산시,동문동도시재생뉴딜사업(번화로공영주차장 조성사업 폐기물처리용역(해체공사),(주)연합,44208444,88.09,
R26BK01486365,2026-04-24,(사)한국수산회,K·FISH 상품 품질관리 정기 수거검사,사단법인 한국건강기능식품협회,150000000,100.0,
R26BK01476366,2026-04-24,경기도 성남시,태평종합사회복지관 부지 건축물 해체 및 부지 조성공사 실시설계용역,주식회사테마큐브건축사사무소,45834765,88.83,52130000
R26BK01475954,2026-04-24,경상남도 양산시,물금읍 행정복지센터 별관 건립 통신공사 감리용역,주식회사 선한이엔지,55153740,88.604,62750000
R26BK01475489,2026-04-24,재단법인칠곡문화관광재단,칠곡 문화데이 운영 용역 견적제출 공고,칠곡인문학협동조합,97076000,88.021,
R26BK01475036,2026-04-24,전라남도교육청 영흥고등학교,2026학년도 현장체험학습 차량 임차용역 수의계약 안내공고,(주)초원여행사,25780000,88.268,
R26BK01451420,2026-04-21,조달청 대구지방조달청,2026년 제39회 정보문화의 달 행사 기획 및 운영지원,주식회사 렛츠,149600000,,
R26BK01477026,2026-04-24,교육부 중앙교육연수원,2026년 배움누리터 CDN 서비스 단기 임차,주식회사 스피디,49125107,89.557,
R26BK01462917,2026-04-24,서울특별시교육청 서울백영고등학교,"2026학년도 서울백영고 3학년 소규모테마형교육여행 위탁용역 2단계입찰(규격, 가격분리동시) 입찰공고",주식회사 어깨동무야,77073000,98.204,79184400
R26BK01485240,2026-04-24,한국농어촌공사 지역개발지원단,제21회 한국농촌건축대전 및 제24회 한국농촌계획대전 운영 용역,주식회사 스펙토리,89000000,100.0,
R26BK01467974,2026-04-24,서울특별시서부교육청 광성중학교,2026학년도 광성중학교 3학년 소규모테마형교육여행 위탁용역,(주)정풍관광,65660400,82.467,
R26BK01452589,2026-04-24,서울특별시교육청 서초고등학교,[긴급]2026학년도 서초고등학교 2학년 소규모테마형교육여행 위탁용역,(주)정풍관광,195444000,97.784,
R26BK01474723,2026-04-24,부산광역시,부산광역시 스마트시티 통합플랫폼 유지관리용역,바름기술,64172000,88.011,71970330
R26BK01469756,2026-04-24,전남광주통합특별시 화순군,동복댐 수문학적 안정성 검토 용역,주식회사 건화,345627000,86.852,
R26BK01477073,2026-04-24,전북특별자치도 전주시 덕진구,동산고가도로(옹벽 도로) 재포장 및 보수보강 공사 폐기물처리용역 견적제출 안내공고,주식회사 개암이엔티,61012650,88.258,
R26BK01402202,2026-04-08,서울특별시,2026~2028년 상수도 GIS DB 정확도 개선사업(강북),(주)한국에스지티,3193634400,,
R26BK01462900,2026-04-24,지식재산처,2026년 정부 R&D 우수특허 창출 활용 지원 사업,한국특허전략개발원,898000000,100.0,
R26BK01477057,2026-04-24,전북특별자치도 익산시,2026년 정기 위험성평가 용역,주식회사 대한산업안전본부,17000000,90.534,
R26BK01477129,2026-04-24,서울도시철도엔지니어링(주),특수차량 손해보험 계약,삼성화재해상보험 주식회사,79904900,48.061,
R26BK01462994,2026-04-24,세종특별자치시,주택건설공사 감리자(전기) 모집 공고(5-2생활권 S1블록),주식회사 대윤엔지니어링,605705700,82.952,
R26BK01406408,2026-04-24,새만금개발공사,[변경공고]새만금 제2산업단지 조성사업 연계교통체계구축대책 수립 및 교통영향평가 용역,주식회사 삼안,1551000000,81.235,
R26BK01423765,2026-04-07,서울특별시 중구,노인복지시설 유니버설디자인 적용 용역,(주)한성디자인기획,68600000,,
R26BK01461132,2026-04-24,충청남도교육청 충청남도보령교육지원청,2026 지역인재 중학생 국제교류 해외영어캠프 위탁 용역,주식회사 엔에스인터내셔날,372902000,98.008,
R26BK01474730,2026-04-24,경기도 오산시,2026년 오산시 소규모 공동주택 안전점검 위탁 용역,대한주택관리사협회,95019000,89.266,
R26BK01475415,2026-04-24,강원특별자치도 고성군,보랏빛 라벤더 연결도로 조성사업 임목폐기물처리용역,(주)우주환경산업,61900000,90.757,
R26BK01476553,2026-04-24,울산광역시 울주군,2026년 제3종시설물(교량) 실측도면 작성용역(서부권) 소액용역 수의계약 견적제출 공고,하람엔지니어링주식회사,58067000,88.14,66000000
R26BK01468775,2026-04-24,서울특별시중부교육청 배화여자중학교,2026학년도 배화여자중학교 2학년 수련활동 용역업체(숙식)선정,(재)순복음선교회,27560000,94.639,29150000
R26BK01477291,2026-04-24,부산광역시교육청 부산광역시해운대교육지원청,죽성초등학교 다목적강당 증축공사 건설폐기물처리용역,에코포스트(주),67377400,88.023,76835000
R26BK01475795,2026-04-24,아산시시설관리공단,2026년 제6회 아산시시설관리공단 직원채용 대행 용역,주식회사 비엠더코리아인,45970811,88.162,
R26BK01477193,2026-04-24,거창군산림조합,2026년 산림사업 관리업무대행 산불예방 숲가꾸기사업 감리용역,주식회사 영순엔지니어링,22504000,88.171,25547000
R26BK01424404,2026-04-06,국립중앙의료원,2026년 지역거점공공병원 경영 컨설팅,(주)갈렙에이비씨,54000000,,
R26BK01475168,2026-04-24,경기도 고양시,2026년 상반기 상수도시설지 정기 안전점검 용역(일산동구),현성엔지니어링 주식회사,27023810,88.56,
R26BK01475118,2026-04-24,대구광역시 남구,2026년 도시숲 등 관리지표 측정평가 용역 소액수의 견적제출 공고,명문엔지니어링,56632000,88.074,
R26BK01416688,2026-04-14,(재)서울경제진흥원,서울뿌리산업지원허브 공용장비실 운영 용역,주식회사 씨엘케이컴퍼니,162000000,,
R26BK01479318,2026-04-24,세종특별자치시 상하수도사업소,[긴급](P.Q 및 SOQ 후 가격입찰)성제 공공하수처리시설 증설사업 외 2건 통합건설사업관리용역,주식회사 도화엔지니어링,2090000000,83.052,
R26BK01475369,2026-04-24,전북특별자치도 남원시,농어촌마을하수도 하수관로 정비사업 GIS DB 구축 용역,주식회사 정우,65582000,88.152,
R26BK01475182,2026-04-24,강원특별자치도 홍천군,서면 복지회관 리모델링공사 실시설계용역,(주)홍천건축사사무소,43110000,88.164,
R26BK01476783,2026-04-24,강원특별자치도 영월군,2026년 장릉 환경의숲 관리용역 수의견적 제출안내 공고,주식회사 승현,31027700,88.033,35491000
R26BK01474474,2026-04-24,경상남도 창원시,창원읍성 동문지 복원사업 이조빌라 9차 철거공사 건설폐기물 처리용역,금평산업개발 주식회사,58352000,88.116,
R26BK01461309,2026-04-21,영동군산림조합,2026년 조림지풀베기사업(2지구) 감리용역,주식회사 와이앤티산림기술단,41109300,88.025,
R26BK01477224,2026-04-24,청주산림조합,2026년 조림지가꾸기(풀베기)사업 감리용역(서원지구),(주)산림과학기술연구소,23669501,88.241,26790000
R26BK01476318,2026-04-24,경상북도교육청 김천생명과학고등학교,2026학년도 김천생명과학고등학교 수학여행 위탁용역 견적제출 안내 공고,늘빛투어,42591710,88.15,
R26BK01487108,2026-04-24,한국농어촌공사 충남지역본부 청양지사,청양읍 농촌중심지활성화사업 건강먹거리 돌봄 플랫폼 조성 건설폐기물처리용역,주식회사 보민환경,11544720,88.0,
R26BK01372549,2026-04-24,주식회사 우진메트로양산,양산도시철도 차세대 통합경영정보시스템 구축,에스트래픽 주식회사,5830000000,,
R26BK01423743,2026-04-24,해양수산부 군산지방해양수산청,군산항 등 항만시설 유지보수공사 통합건설사업관리용역,주식회사 세일종합기술공사,2299000000,81.444,
R26BK01406149,2026-04-21,조달청,신라왕경 디지털 재현사업,주식회사 문화유산기술연구소,8600000000,,
R26BK01452994,2026-04-21,경기도교육청,2026 다가가는 양성평등 UP! 교육 공연  용역,창작그룹가족,265375000,90.993,
R26BK01418850,2026-04-21,조달청,AI 노동법 상담 고도화,주식회사 사미텍,800000000,,
R26BK01443980,2026-04-24,서울특별시교육청 서울특별시강동송파교육지원청 송파중학교,2026학년도 송파중학교 2학년 수련활동 위탁용역,모나용평 주식회사,89862000,97.133,
R26BK01477255,2026-04-24,경기도 평택시,동삭2지구 등 자전거도로 정비공사 건설폐기물처리 용역,가람산업주식회사,23569460,88.581,
R26BK01482774,2026-04-24,강원특별자치도 원주시,2026년 전략리더과정 교육 용역,주식회사제이와이러닝솔루션,45000000,90.725,
R26BK01485306,2026-04-24,서울특별시 서울아리수본부 영등포아리수정수센터,병물아리수 냉동컨테이너 임차용역,거산21컨테이너,6374500,97.938,
R26BK01477913,2026-04-24,충청북도 소방본부,2026년 충청북도 산림인접마을 비상소화장치 설치공사 실시설계 용역(남부권),주식회사 서영,12041200,90.175,13367000
R26BK01470037,2026-04-24,재단법인 강남문화재단,[강남문화재단] 2026년 문화센터 이용 고객 만족도 조사 업체 선정,주식회사 메트릭스알앤씨,16054190,80.502,
R26BK01467900,2026-04-24,전북특별자치도 장수군,장수군 금강수계 수질오염총량관리 2025년도 이행평가 용역,주식회사 풀무인,50448000,88.406,
R26BK01469460,2026-04-24,경기도 포천시,삼성당천 소하천 정비사업 폐기물처리용역,광일토건환경(주),167191540,87.793,190399000
R26BK01435907,2026-04-17,재단법인스포츠윤리센터,통합신고관리시스템 기능개선 2단계 감리,주식회사 리슨잇,16000000,,
R26BK01462764,2026-04-24,경찰청 경기도남부경찰청,경기남부경찰청 수사동 증축공사 [정기안전점검 수행기관 지정] 공고,경인엔지니어링(주),24958800,87.821,
R26BK01470619,2026-04-24,전남광주통합특별시 북구,건설공사 안전점검 수행기관 지정 공고(두암동 600-32번지 오피스텔 등 신축공사),(주)캡스톤안전연구원,5267000,89.615,
R26BK01435226,2026-04-16,조달청 서울지방조달청,[2026년 동북아 역사교류 활성화 지원 사업] 한중 해외교류활동 및 자문단 운영 위탁 용역,주식회사 히스토리디,520000000,,
R26BK01444873,2026-04-23,조달청,2026년 클라우드 저장소(G드라이브) SaaS 이용,삼성에스디에스 주식회사,1270599000,99.999,
R26BK01476162,2026-04-24,경상남도,함양소방서 산악구조대 신축공사 감리 용역,지안건축사사무소,32614850,88.0,36747000
R26BK01480607,2026-04-24,조달청 인천지방조달청,도심·산단 지역 중심 유해성대기감시물질 취약 지점 및 우심 지역 평가 연구(Ⅱ),울산과학기술원,117500000,99.61,
R26BK01483068,2026-04-24,조달청 대구지방조달청,(안전성분석과) 2026년 안전성검사 검정기관 정도관리 위탁사업,(재)한국화학융합시험연구원,193708125,99.69,
R26BK01484644,2026-04-23,경상북도 안동시,[수의시담] 「안동시 청년정책 기본계획 수립 용역」,지방행정발전연구원 주식회사,45000000,90.0,
R26BK01458565,2026-04-24,조달청 인천지방조달청,2026년 안산시 악취관리지역 실태조사 용역,주식회사 에이티엠코리아,197840150,82.171,
R26BK01447314,2026-04-24,경기도수원교육청 영복여자중학교,2026학년도 영복여자중학교 2학년 주제별 현장체험학습(수학여행) 위탁 용역 입찰 공고,주식회사 한솔여행사,56260000,97.749,
R26BK01463858,2026-04-21,천안도시공사,2026년 삼거리공원 공영주차장 소방시설 안전관리 위탁용역,주식회사 대한이엔씨,5066390,90.138,
R26BK01436547,2026-04-14,전북특별자치도 익산시,2026년 함열읍 도시재생사업 모니터링 및 기록화 용역,비스타컨설팅그룹주식회사,45000000,,
R26BK01443662,2026-04-17,경기도 안양시,제23회 안양스마T움축제 위탁용역,더블유웍스코리아 주식회사,257000000,,
R26BK01434752,2026-04-14,재단법인충청북도역사문화연구원,전승공동체 활성화 지원사업(충북막걸리) 홍보 영상 제작 용역,좋은기획,60000000,,
R26BK01447356,2026-04-24,경기도수원교육청 영복여자중학교,2026학년도 영복여자중학교 3학년 주제별 현장체험학습(수학여행) 위탁 입찰 공고,유한회사 하늘교육여행사,54951000,96.236,
R26BK01422212,2026-04-07,조달청,인공강우용 무인기의 현장통합운영 및 시딩 신기술 개발 연구,주식회사 디지키,300000000,,
R26BK01448075,2026-04-24,서울특별시 강서구,강서구 통합신청사 전기설비 안전진단 용역,(주) 티이컨설팅,63134660,88.461,
R26BK01487385,2026-04-24,라이보텍 주식회사,2026년 국산 백신 원부자재 성능시험 지원사업 비임상 독성시험 용역,코아스템켐온(주) 양지지점,106700000,100.0,
R26BK01482884,2026-04-24,조달청,2026년 박물관 미술관 평가인증 운영 및 운영역량 강화 지원,(주)장앤파트너스그룹,294000000,100.0,
R26BK01483835,2026-04-24,조달청 인천지방조달청,정수장 원·정수 미세플라스틱 분포 조사(V),(주)세스코,294000000,99.694,
R26BK01479716,2026-04-24,조달청 서울지방조달청,해양수산과학기술 통계생산(2024) 및 연구개발활동조사,주식회사 메트릭스,117900000,99.949,
R26BK01476732,2026-04-24,경기도 파주시 도시관리사업본부,시도15호선 도로정비공사 폐기물처리용역,(주)홍명산업,34679000,88.148,
R26BK01447592,2026-04-20,재단법인 녹색에너지연구원,햇빛소득마을 협동조합 설립 및 운영모델 수립 용역,사회적협동조합 전남사회혁신네트워크,178000000,,
R26BK01403108,2026-04-08,재단법인 서울관광재단,2026 서울브랜드굿즈 오프라인 행사 기획 및 운영 용역,주식회사 유앤어스코리아,277450305,,
R26BK01434149,2026-04-13,한국물기술인증원,2026년 인증 불법·불량제품 온·오프라인 유통 모니터링 조사,사단법인 한국온라인쇼핑협회,130000000,,
R26BK01419610,2026-04-15,(재)서울경제진흥원,"2026 게임마켓(차이나조이, BIC, 지스타) 서울관 운영 용역",주식회사 롤링펌킨,246000000,,
R26BK01470676,2026-04-22,의령군산림조합,2026년 조림지풀베기 실시설계용역,산림기술사 사무소 영광,25957900,88.151,
R26BK01431237,2026-04-14,한국연구재단 정보통신기획평가원,2026년 정보통신 산업 및 정책 현황 조사,(주)날리지리서치그룹,53500000,,
R26BK01429776,2026-04-21,조달청 대전지방조달청,2026년 문화유산 연구지식정보 서비스 고도화,(주)아이리스닷넷,220000000,,
R26BK01487501,2026-04-24,경기연구원,[수의시담] 2026년 경기연구원 상반기 2차 자체채용 필기전형 대행서비스,인크루트 주식회사,14619550,97.94,
R26BK01428410,2026-04-10,국가유산청 국립고궁박물관,2026년 국립고궁박물관 재외동포 교육꾸러미 개발 및 제작,아이디어 스푼,88000000,,
R26BK01483242,2026-04-24,문화체육관광부 국립민속박물관,발간자료 웹 서비스 확장 및 기능개선,(주)스톤인테그리티,28900000,96.333,
R26BK01428077,2026-04-10,사단법인 한국프로골프협회,2026년 유소년 골프 저변확대를 위한 KPGA 주니어리그 클럽 활성화 사업 운영대행,주식회사 드레컴패니언,485000000,,
R26BK01474328,2026-04-24,경상북도 울릉군,2026년 독도 천연보호구역 오염실태 조사 및 제거 용역,포항예선사,72116900,88.001,
R26BK01444091,2026-04-24,조달청,인천국제공항 등 항공기 소음영향도 조사 용역,(주)나노빅엔지니어링,1562847000,85.616,
R26BK01441444,2026-04-14,한국수산자원공단 서해본부,2026년 부안군 꽃게 산란서식장 조성 통합관리(재공고),(주)오션드림테크,157200000,,
R26BK01434371,2026-04-22,조달청 대전지방조달청,2026년 공공데이터 및 데이터기반행정 활성화 컨설팅 사업,주식회사 공감데이터,198000000,,
R26BK01467922,2026-04-24,전북특별자치도 장수군,천천~장수IC 연결도로 개설공사(3공구) 매장문화재 시굴조사 용역,재단법인 조선문화유산연구원,26699200,88.096,
R26BK01408712,2026-04-21,조달청,중소기업 통합플랫폼 구축 사업(2단계),주식회사 유큐브,3841000000,,
R26BK01402096,2026-04-08,서울특별시,2026~2028년 상수도 GIS DB 정확도 개선사업(강남),주식회사 올포랜드,3108740800,,
R26BK01453184,2026-04-21,조달청 충북지방조달청,2026년 청주시 영구보존 지적기록물 전산화사업,주식회사 코아콤,215000000,,
R26BK01448141,2026-04-24,서울특별시교육청 창덕여자고등학교,2026학년도 창덕여고 1학년 수련활동 위탁용역 입찰 공고,모나용평 주식회사,72149000,97.269,73822660
R26BK01487018,2026-04-24,한국농어촌공사 토지개발사업단,고색2지구 도시계획시설사업 관리공사 재해예방기술지도 용역,한국방재안전보건환경기술원 주식회사,5346000,90.0,
R26BK01426910,2026-04-09,한국보건산업진흥원,선도형특성화연구사업 효과성 분석,주식회사 날리지웍스,59000000,,
R26BK01449946,2026-04-24,조달청 경남지방조달청,패류양식시험장 패류양식기술연구동 개축공사 설계용역,수건축사사무소,153822240,86.765,
R26BK01479579,2026-04-24,조달청 부산지방조달청,2026년도 국가자격시험 문제지(답안지) 보안·운송 용역,주식회사 발렉스특수물류,451900000,99.997,
R26BK01485790,2026-04-24,경기도 광주시,2026년 광주시 어린이보호구역 실태조사용역,한국도로교통공단 경기도지부,161595000,95.0,
R26BK01477367,2026-04-24,경기도 시흥시,2026년도 민간위탁 방역소독사업(4권역),유한방역,34271250,88.009,
R26BK01477425,2026-04-24,전남광주통합특별시 나주시,빛가람권역 어린이보호구역 개선사업 폐기물 처리 용역,(주)남부지엔씨,34257000,88.203,
R26BK01472384,2026-04-24,충청북도교육청 운호고등학교,(긴급)2026학년도 운호고등학교 1학년 수련활동 위탁용역 2단계(규격.가격동시) 입찰 공고,주식회사 박달재수련원,60902400,96.606,62680000
R26BK01477471,2026-04-24,충청남도 보령시,대천그라운드골프장 개보수사업 실시설계용역,주식회사 청림이엔지,22895000,88.0,25900000
R26BK01428999,2026-04-24,조달청,본청사 주차전용건축물 건립사업 기본 및 실시설계 용역,(주)건정종합건축사사무소,874270000,85.754,
R26BK01474113,2026-04-23,한국농어촌공사 경남지역본부 합천지사,관기마을 농어촌취약지역생활여건개조사업 세부설계 용역,주식회사 덕신건설,70101400,88.03,
R26BK01470729,2026-04-24,강원특별자치도 양구군,양구군 소하천정비종합계획(양구읍) 재수립 및 지형도면작성 용역(PQ 후 가격입찰),주식회사 한국종합기술,1591180000,80.636,
R26BK01422225,2026-04-09,서울특별시,2026년 서울시 시정 핵심사업 데이터 분석 컨설팅 용역,주식회사 더원테크,687707000,,
R26BK01465402,2026-04-24,산림청 북부지방산림청 민북지역국유림관리소,2026년 임도사업 통합감리용역(양구),주식회사 기술사사무소 진산,36114268,88.038,41107960
R26BK01424825,2026-04-14,조달청 서울지방조달청,2026년 상반기 국회방송 외주제작(나는 지방에 산다),주식회사비주얼미디어,208810000,,
R26BK01462944,2026-04-24,세종특별자치시,주택건설공사 감리자(소방) 모집 공고(5-2생활권 S1블록),주식회사 유일방재엔지니어링,898315000,82.95,
R26BK01428087,2026-04-24,재단법인경남문화예술진흥원,2026 지역특화콘텐츠개발지원사업 경남문화콘텐츠IP 팝업스토어 운영 용역,주식회사 와이에스케이파트너스,450747000,,
R26BK01486767,2026-04-24,산림청,인공림 관리기준 개편을 위한 현장조사 기반의 적합성 검증 등 용역,(사)한국산림과학회,57860000,96.433,
R26BK01426356,2026-04-23,경기도교육청 경기도교육청4.16생명안전교육원,단원고 4.16기억교실 관련 기록물 보존처리 용역 2단계(규격ㆍ가격 분리 동시)입찰 공고,(주)컨설배이션컨설팅,45000000,90.243,50000000
R26BK01473228,2026-04-23,전남광주통합특별시 순천시,의료원로터리 외 1개소 교통사고 잦은 곳 구조개선사업 실시설계 용역,주식회사 인성,25360000,88.021,28800000
R26BK01426820,2026-04-09,한국보건산업진흥원,2026년 식약처 출연연구개발사업 성과관리·활용 계획 수립,주식회사 날리지웍스,48500000,,
R26BK01446763,2026-04-20,사단법인 한국교회총연합,2026 치유와 평화를 위한 평화음악회 운영 용역,스튜디오웬즈데이,387000000,,
R26BK01485298,2026-04-23,한국농어촌공사 경기지역본부 화성.수원지사,과림지구 수리시설개보수사업 폐기물처리 용역,주식회사 금송산업개발,27640000,91.998,
R26BK01485432,2026-04-23,서울특별시 서울대공원,2026년 동물복지2과 건축분야 시설물 개선공사 설계용역,주식회사 야호아키텍츠건축사사무소,15591000,94.997,
R26BK01441214,2026-04-14,(사)한국수산회,공식 SNS 채널 운영 및 수산식품 홍보콘텐츠 제작,(주)스튜디오비케이씨,479092000,,
R26BK01487303,2026-04-24,산림청 국립산림과학원,(용역)국가산림자원조사 대상지 지상·공중 이종센서 기반 산림자원정보 수집 및 분석,충북대학교산학협력단,59000000,98.505,
R26BK01425777,2026-04-17,조달청 대전지방조달청,2026년 협동조합의날 행사,주식회사 꿈꾸는세상,190000000,,
R26BK01476564,2026-04-24,경상남도 진주시,2026년 영농폐기물 수거·위탁처리 용역(1차),태성산업,72073638,88.629,81900000
R26BK01483751,2026-04-24,산림청 국립산림과학원,(위탁)북방수염하늘소의 후각 신호에 의한 뇌 GPCR 유전자 동정,경성대학교 산학협력단,39077500,98.0,
R26BK01475588,2026-04-24,전북특별자치도 고창군,2026년 무장현 관아와 읍성 누정 및 목교 복원 실시설계 용역 수의(소액)견적 제출 안내,주식회사 건축사사무소 사야,52921620,88.012,59974000
R26BK01483807,2026-04-24,산림청 국립산림과학원,(용역)구조용 파티클보드 및 침엽수 원목의 환경영향정보 조사,주식회사 에코넥서스,37620000,94.318,
R26BK01483747,2026-04-23,산림청 국립산림과학원,(위탁)트랩 포획 참나무시들음병 매개충의 이미지 기반 동정 및 개체수 산출 기술 개발,국립공주대학교 산학협력단,28362000,97.999,
R26BK01483765,2026-04-24,산림청 국립산림과학원,(용역)산림병해충 방제약제의 유인항공 살포에 따른 봉군 영향 분석,경성대학교 산학협력단,23403380,98.0,
R26BK01438126,2026-04-17,조달청 서울지방조달청,2026 동아시아협력포럼 행사 기획 및 운영,주식회사 메쉬커뮤니케이션,308000000,,
R26BK01483737,2026-04-24,산림청 국립산림과학원,(용역)감의 주요 해충 조사 및 천적후보 곤충 발굴,원광대학교산학협력단,29246000,97.999,
R26BK01483803,2026-04-24,산림청 국립산림과학원,(용역)농림위성 엽면적지수 어안렌즈 센서 유지보수,주식회사  에어텍,29310000,97.997,
R26BK01483790,2026-04-24,산림청 국립산림과학원,(용역)농림위성 정상운영단계 활용산출물 알고리즘 현업화,문소프트 주식회사,98295120,98.5,
R26BK01483770,2026-04-24,산림청 국립산림과학원,(위탁)국내 주요 수목병원균의 유전체 데이터베이스 구축,국립창원대학교산학협력단,29256920,98.0,
R26BK01474433,2026-04-24,경상남도 김해시,삼랑진교 정밀안전점검 용역,주식회사 서정엔지니어링,31413530,88.058,
R26BK01475518,2026-04-24,전북특별자치도 고창군,중요 기록물 DB구축 사업 수의(소액)견적 제출 안내,주식회사 비에스지,67400000,89.811,74700000
R26BK01406398,2026-04-08,조달청 대전지방조달청,한우역사박물관 건립 타당성 및 기본계획 수립 연구,재단법인 한국농촌경제연구원,190000000,,
R26BK01483714,2026-04-23,산림청 국립산림과학원,(용역)산불피해지 피해 강도별 입지토양·탄소·미생물 조사,사단법인 한국산지환경연구회,48887300,98.0,
R26BK01422197,2026-04-15,국방기술진흥연구소,2026년 국방기술진흥연구소 교육훈련  통합 위탁운영,한국표준협회,418835571,,
R26BK01478130,2026-04-24,부산광역시 서구,건설공사 안전점검 수행기관 지정 공고[서대신동3가 산26번지 근린생활시설(목욕탕) 신축공사],(주)대한구조안전기술,7727000,87.83,
R26BK01487394,2026-04-24,제주특별자치도,2026년 제주청년 갭이어 프로그램 사업대행 용역(가격협상),주식회사 아르케,127799980,99.999,
R26BK01485441,2026-04-24,소방청,제15회 전국 일반인 심폐소생술 경연대회 용역(수의시담),주식회사 스펙토리커뮤니케이션,47500000,95.0,
R26BK01474320,2026-04-24,전북특별자치도 김제시,광역 소각장 반입 불가 동부권 생활폐기물 2차 위탁처리용역(단가계약),유한회사 대신신재생산업,178824,90.324,200000
R26BK01481854,2026-04-23,소방청 국립소방연구원,소방공무원 현장 복합화학물질 시료채취 및 분석법 개발,(재)원진직업병관리재단,89179560,99.088,
R26BK01459024,2026-04-20,(사)국채보상운동기념사업회,2026년 여성 국채보상운동 연극 제작 및 공연,사단법인 한울림,90500000,,
R26BK01481867,2026-04-23,소방청 국립소방연구원,소방차량 교통사고 방지기술 조사 기능 설계(안)연구,주식회사 라이드플럭스,73500000,91.875,
R26BK01486364,2026-04-24,경기도 이천시,이치1리 도로재포장공사 외 4개소 실시설계 용역,(주)케이에스이엔씨,49500000,90.909,
R26BK01474321,2026-04-24,전북특별자치도 김제시,광역 소각장 반입 불가 서부권 생활폐기물 2차 위탁처리용역(단가계약),유한회사 대원리싸이클링,179200,89.29,200000
R26BK01481846,2026-04-23,소방청 국립소방연구원,방화장갑의 사용적합성  평가 지침안 개발 용역,서울대학교 산학협력단,37000000,92.543,
R26BK01414188,2026-04-07,경상북도문화관광공사,2026 경주엑스포대공원 콘텐츠 기획 및 운영 용역,(주)씨제이이엔엠,2756800000,,
R26BK01433519,2026-04-13,충청남도,2026년 충청남도 급경사지 실태조사 용역,특수법인한국방재협회,495000000,,
R26BK01426952,2026-04-07,경상북도 영천시,2026 영천시 청소년 진로진학 박람회 행사 용역,(주)창조,97900000,,
R26BK01414328,2026-04-13,(재)경기테크노파크,2026 친환경차 부품개발 인력양성 교육 용역,현대엔지비 주식회사,260000000,,
R26BK01401199,2026-04-03,독립기념관,2026 일본 공문서관 소장문서 내 독립운동 참가자 기초조사 학술용역,역사디자인연구소,46000000,,
R26BK01429139,2026-04-13,서울특별시 강남구,[긴급](협상에의한 계약) 도시미관 향상을 위한 디자인 월 조성사업,주식회사 디자인다다,190000000,,
R26BK01431079,2026-04-10,충청남도 보령시,제6기 지역사회보장계획 수립 연구용역,사단법인 지방행정발전연구원,28826000,,
R26BK01434386,2026-04-27,경상남도교육청,2026. 찾아가는 학생금연클리닉 운영 용역,경남성가족상담센터/두리심리상담연구소,116150000,98.301,
R26BK01412593,2026-04-02,충청북도 영동군,영동군 공업지역 기본계획 수립 용역,(주)정도유아이티,285000000,,
R26BK01411046,2026-04-09,한림대학교,한림대학교 글로컬 사업 관련 AI 교육 통합 플랫폼 PMO 및 전략적 기술 자문 용역 업체 선정,주식회사 미라크소프트,310000000,,
R26BK01427999,2026-04-13,경상북도 영양군,영양원놀음 연행텍스트의 전통성 확보 및 대본 제작 용역(협상),주식회사 세계유산콘텐츠센터,80000000,,
R26BK01431796,2026-04-17,한국사회복지공제회,한국사회복지공제회 주거래은행 선정,주식회사 우리은행,1,,
R26BK01429300,2026-04-15,조달청 서울지방조달청,2026 문화예술 전국 유통지원 근로자 파견 및 관리 위탁 용역,주식회사 텔레앤테크,198055000,,
R26BK01421595,2026-04-09,한국화학융합시험연구원,산업전환 공동훈련센터(KTR) AI 교육과정개발 반영 교육로드맵 체계구축 용역,시앤피컨설팅 주식회사,29400000,,
R26BK01424911,2026-04-14,조달청 서울지방조달청,2026년 석재산업 현황조사 및 분석,주식회사 리서치림,123000000,,
R26BK01487253,2026-04-27,조달청 서울지방조달청,‘26년 국방인사정보체계 성능개선 사업,(주)네오위드넷,467500000,99.92,
R26BK01487653,2026-04-27,행정안전부 국가기록원,(서비스정책과) 2026년 기록정보 온라인서비스 구축사업,주식회사 아이브릭스,92400000,99.354,
R26BK01486879,2026-04-27,한국뇌연구원,동물용 9.4테슬라 대구경 자기공명영상장치 장비 보증 서비스,브루커코리아 (주),693000000,99.526,
R26BK01486981,2026-04-24,한국농어촌공사 충남지역본부 논산지사,지사 청사 천정형 냉난방설비 부품 철거 및 교체용역,하이엠솔루텍주식회사,11171500,100.0,
R26BK01450218,2026-04-20,주식회사한국중소벤처기업유통원,2026년 소모성자재(MRO) 납품 중소기업 구매상담회 운영 대행 용역,디벨롭어스 주식회사,98340000,98.552,100000000
R26BK01480548,2026-04-24,한국건설기술연구원,차세대 원전 초고밀도 콘크리트의 수축 저감을 위한 배합기술 개발,연세대학교 산학협력단,37954000,99.878,
R26BK01453645,2026-04-09,한국국제협력단,(장기계속) KOICA 감염병 대응 석사 및 박사학위연수(2026-2030) 용역,연세대학교 산학협력단,4615894000,99.587,
R26BK01484475,2026-04-24,한국농어촌공사 충북지역본부 청주지사,고은5리 마을만들기사업 마을회관 증축공사 건축감리용역,한울건축사사무소,3570000,88.148,
R26BK01484661,2026-04-27,한국과학기술정보연구원,2026년도 R&D 혁신지원 프로그램 소식지 및 2025-2026년도 영문연간보고서 전자파일 제작,슬로먼트,12595000,99.96,
R26BK01447719,2026-04-21,조달청 서울지방조달청,AI기반 국가디지털수사지원시스템 개선 개념검증(PoC) 및 ISMP,주식회사 한국아이티컨설팅,444510000,,
R26BK01478545,2026-04-27,경기도 안산시,2026년 상반기 연성정수장 관할 배수지 저수조 청소용역,주식회사 윤휘씨앤에이치,40429550,89.0,
R26BK01472480,2026-04-27,국토교통부 부산지방국토관리청 포항국토관리사무소,국도7호선 냉천교 등 15개소 정기안전점검 건설엔지니어링,주식회사 해인엔지니어링건축사사무소,95087000,87.761,
R26BK01484189,2026-04-24,서울특별시 물재생센터 중랑물재생센터,중랑물재생센터 하수슬러지 운반 용역(3차),대림종합개발(주),20377500,95.0,
R26BK01477813,2026-04-27,경상북도 포항시 맑은물사업소,YG25블록(송림교회 일원) 노후관 교체 공사 건설폐기물 처리 및 운반 용역,미래개발(주),19640000,88.287,
R26BK01472527,2026-04-27,국토교통부 부산지방국토관리청 포항국토관리사무소,국도7호선 부지1교 등 15개소 정기안전점검 건설엔지니어링,한국안전연구원 주식회사,92636830,87.79,
R26BK01474732,2026-04-24,사단법인 한국생활환경석면협회,2026년 고흥군 슬레이트 운반·처리 용역,한맥테코산업(주),190438280,88.926,
R26BK01405166,2026-04-08,국방기술품질원,무기체계「체계안전성」업무 교육자료 작성 및 교육 수행,(사)한국무기체계안전협회,88000000,,
R26BK01485189,2026-04-24,재단법인한국교육환경보호원,초중고 학생 정신건강상태검사 개선방안 연구,을지대학교 산학협력단,79900000,99.875,
R26BK01483951,2026-04-27,한국과학기술정보연구원,양자 컴퓨터 기반시설 구축 기계공사 감리 용역,도탑엔지니어링,20370000,99.852,
R26BK01485783,2026-04-27,조달청 경남지방조달청,경남 디지털 혁신거점 조성지원 사업 행사운영 용역,주식회사 이디아,189000000,97.422,
R26BK01434019,2026-04-16,한국출판문화산업진흥원,2026년 웹소설 산업 현황 실태조사 연구용역,글로벌리서치이엑스(주),77000000,,
R26BK01479017,2026-04-27,재단법인칠곡문화관광재단,약목스테이 활용 칠곡 칠일살이 운영 용역 견적제출 공고,이스트커뮤니케이션즈 주식회사,35490000,88.157,40000000
R26BK01471851,2026-04-27,충청남도 당진시,당진 노후정수장(합덕) 정비사업 외 1건 감독권한 대행 등 통합건설사업관리 용역[PQ후 가격입찰],주식회사 삼안,3751000000,80.606,
R26BK01417548,2026-04-09,문화체육관광부 국립국악원,렉처콘서트 콘텐츠 제작(긴급),주식회사 위지런,65900000,,
R26BK01443341,2026-04-17,한국광해광업공단,2026년도 지속가능경영보고서 발간 용역,주식회사 아이엠에스알,62204800,,
R26BK01474009,2026-04-27,전남광주통합특별시 무안청사,2026년 어업지도선 전남201호 선체 정기수리 용역,(유)대영중공업,184500000,84.313,
R26BK01477169,2026-04-24,청주산림조합,2026년 조림지가꾸기(풀베기)사업 감리용역(가덕문의남일지구),주식회사 정진이엔지,30343000,88.117,
R26BK01477992,2026-04-27,산림청 국립자연휴양림관리소,2026년 국립진부령자연휴양림 청소세탁용역,에이치씨종합관리 주식회사,61655680,88.277,70658000
R26BK01483681,2026-04-27,산림청 국립산림과학원,(위탁)위성영상 활용 연료량 추정기술 고도화 및 표출체계 정립,중앙대학교 산학협력단,48876000,97.998,
R26BK01419130,2026-04-07,한국보건산업진흥원,제약바이오 CRDMO 육성 지원 기획연구,주식회사 전략울림,90000000,,
R26BK01456528,2026-04-23,서울특별시교육청 서울컨벤션고등학교,2026학년도 서울컨벤션고등학교 1학년 수련활동 용역 계약(변경공고),모나용평 주식회사,67305000,98.3,68250000
R26BK01488966,2026-04-27,경상남도 합천군,합천운석충돌구 통합브랜드 개발 용역,주식회사 비아이엠플랜스,48760000,92.462,
R26BK01488976,2026-04-27,충청남도 소방본부,충남소방본부 디지털 홍보 역량강화 위탁교육 용역,주식회사 스토리아카이브,13491000,96.998,
R26BK01472372,2026-04-27,국토교통부 부산지방국토관리청 포항국토관리사무소,국도4호선 고란교 등 15개소 정기안전점검 건설엔지니어링,(주)한국건설안전진단,95255000,87.802,
R26BK01475708,2026-04-27,인천광역시 종합건설본부,2026년 연수고가교 저소음 포장공사 폐기물처리용역,주식회사 장형,45576300,88.827,
R26BK01483696,2026-04-27,산림청 국립산림과학원,(용역)전국 지상진화자원 실태 조사,한국산림재난안전기술공단,29330000,97.992,
R26BK01476195,2026-04-27,경상북도 구미시 상하수도사업본부,구미시 지방상수도 비상공급망 구축사업 GIS DB 구축 용역,주식회사 한성유아이,75063800,88.041,
R26BK01439004,2026-04-27,서울특별시교육청 인덕과학기술고등학교,2026학년도 2학년 소규모테마형교육여행 위탁용역 입찰 공고,(주)정풍관광,102796000,90.392,113965300
R26BK01447731,2026-04-27,(사)한국여성발명협회,2026 여성발명왕EXPO 전시기획 및 운영 용역,주식회사 아트플랜,204000000,99.512,
R26BK01436520,2026-04-15,성평등가족부,2026년 국가 성인지 예결산서 종합분석 연구,한국여성정책연구원,36000000,,
R26BK01452865,2026-04-22,조달청 서울지방조달청,지역신문 디지털취재장비(기사편집프로그램)임대지원 사업 용역업체 선정,클라우드넷코리아 주식회사,327800000,,
R26BK01443218,2026-04-22,국립공주대학교,2027학년도 국립공주대학교 신입생 모집요강 및 리플릿 등 제작,이은컴퍼니,81180000,92.332,88000000
R26BK01438653,2026-04-14,재단법인 울산정보산업진흥원,2026년 콘텐츠기업지원센터 콘텐츠 기술역량 강화지원 프로그램 운영,(주)앨리스헬스케어,70000000,,
R26BK01486417,2026-04-24,산림청,산림녹화기록물 디지털화를 위한 표준안 마련 및 대표 기록물 정비,사단법인 한국산림정책연구회,49000000,98.0,
R26BK01478883,2026-04-27,경기도 고양시,2026년 상반기 배수지 청소용역(일산동구),깨끗한세상,29317450,88.032,
R26BK01473072,2026-04-27,전남광주통합특별시 종합건설본부,유촌3교(하) 정밀안전진단 용역,주식회사 삼원기술,152893000,86.747,
R26BK01488954,2026-04-27,경기도 용인시,[수의시담]고유가 피해지원금 장비임차 용역,엠케이정보통신,25352000,88.0,
R26BK01477186,2026-04-27,강원특별자치도 태백시,2026년 먹거리길 일원 도로정비공사 건설폐기물처리용역,태성산업 주식회사,60825500,88.728,69390000
R26BK01437106,2026-04-17,부산광역시,2026년 AI활용 역량강화 교육 용역,주식회사 고누아이,67897120,,
R26BK01410864,2026-04-01,경기도교육청 양명여자고등학교,2026학년도 양명여자고등학교 2학년 주제별 숙박형 현장체험학습 위탁 용역,주식회사 미래교육여행,173749600,97.163,
R26BK01463030,2026-04-27,서울특별시강서교육청 방원중학교,2026학년도 방원중학교 2학년 수련활동 위탁업체 입찰,서울도시가스(주),26218000,96.672,27146000
R26BK01448958,2026-04-20,한국해양과학기술원 부설 선박해양플랜트연구소,2026 해군 지능정보화 정책발전 세미나 공동 개최를 위한 행사 진행 용역,주식회사 엠플레넷,49959690,,
R26BK01478856,2026-04-27,경상북도 울진군 맑은물사업소,울진지방상수도 봉평2리(봉황길) 노후관로 교체공사 폐기물처리용역,주식회사울진산업,36926000,89.49,41240000
R26BK01474289,2026-04-27,국토교통부 부산지방국토관리청 대구국토관리사무소,"국도25호선 구미 신당지구 등 20개소 절토사면, 옹벽 정밀안전점검 및 성능평가 기술용역",플러스테라 주식회사,211618000,85.564,
R26BK01477722,2026-04-27,경상남도 사천시,노후 새신수도호(차도선) 대체선박 건조 책임감리 용역(총괄분),파이오니어,174440000,89.044,
R26BK01418766,2026-04-15,조달청 서울지방조달청,국방과학기술을 활용한 창업경진대회 추진 용역,주식회사 베타랩,212970000,,
R26BK01480147,2026-04-27,수협중앙회,"오징어 손질 및 가공, 소포장 위탁가공 용역(재공고)",주식회사 바다장터,307500000,59.557,
R26BK01479180,2026-04-27,경상남도교육청 경상남도김해교육지원청,석봉초등학교 수전설비교체 전기공사 감리용역 수의계약 안내공고,주식회사 코아이엔지전력,5415191,90.094,
R26BK01478427,2026-04-27,부산도시공사,2026년 공공임대주택 예비입주자 모집대행 용역,주식회사 진성부동산중개법인,259958552,89.42,288842836
R26BK01487459,2026-04-27,제주특별자치도 세계유산본부,(수의시담)제주도 세계자연유산 확대를 위한 잠정목록 연구용역,한국자연유산연구소,98500000,99.137,
R26BK01487522,2026-04-27,전남광주통합특별시 곡성군,2026년 곡성군 축제장 다회용기 공급사업 용역,주식회사 청정가,105000000,91.575,
R26BK01451963,2026-04-21,대구광역시,2026년 산림재난 대응 드론 활용 용역,주식회사 스카이엔터프라이즈,95000000,,
R26BK01444195,2026-04-21,기후에너지환경부 화학물질안전원,화학안전 거버넌스 효과성 분석 및 지역 확산 방안 연구,사단법인 서울행정학회,50000000,,
R26BK01442230,2026-04-14,산림청,수목원 평가인증제 도입 방안 연구,(사)한국식물원수목원협회,70000000,99.114,
R26BK01448236,2026-04-21,조달청,디지털의료건강지원기기 제도 개선 및 시장현황 등 조사 연구,사단법인 범부처통합헬스케어협회,296000000,,
R26BK01473396,2026-04-27,경기도 광주시,2026년 광주시 탄벌체육관 시설관리 용역,케이제이건물관리 주식회사,104290920,87.999,
R26BK01489970,2026-04-27,강원특별자치도 춘천시,고유가 피해지원금 접수창구 순번대기시스템 임차 용역,디지털사무기,38850000,90.44,
R26BK01480190,2026-04-27,강원특별자치도 강릉시,[장애인종합복지관 본관] 25년 그린리모델링사업 설계용역(건축),건축사사무소 강릉,59248700,88.215,67755000
R26BK01453206,2026-04-21,한국건설기술연구원,AI 기반 실시간 터널 이미지 품질 평가 및 전처리 기법 개발,주식회사이마이닝,50000000,,
R26BK01435521,2026-04-22,조달청 대전지방조달청,2026년 국립법무병원 전자경비시스템 유지보수 용역(긴급),주식회사 명광,100612000,,
R26BK01472132,2026-04-27,경찰청 경상남도경찰청,거제경찰서 옥포지구대 신축 도시관리계획시설결정(공공청사) 및 용도구역변경 용역 발주,케이에스엠기술 주식회사,88026000,87.764,100000000
R26BK01455715,2026-04-21,서울대학교 인문대학,제36기 서울대학교 최고지도자 인문학과정 국외문화탐방 위탁운영,주식회사 플러스항공여행사,97800000,,
R26BK01420946,2026-04-07,조달청 인천지방조달청,야생동물 종합관리 시스템 고도화(2026년),주식회사 패스넷,256000000,,
R26BK01431808,2026-04-23,조달청 대전지방조달청,26년 모바일 홈택스 고도화 구축 감리사업,(주)한국정보기술단,136000000,,
R26BK01452324,2026-04-21,한국건설기술연구원,위성 SAR 기반 도심지 지반침하 모니터링 및 신뢰성 기반 맵핑기술 개발,서울과학기술대학교 산학협력단,30000000,,
R26BK01480466,2026-04-27,충청남도 예산군,2026 시설물 정밀안전점검 용역 수의(2인 이상) 견적제출 안내공고,주식회사 영신,84878200,88.263,95630000
R26BK01453919,2026-04-20,한국관광공사,오시아노 관광단지 조성사업 사후환경영향조사(공사시) 용역,주식회사 청호알앤디,68555739,87.757,
R26BK01476902,2026-04-27,한국어촌어항공단,2026년 충남 보령시(1권역) 연근해어장 생산성 개선 지원사업 수거용역,(주)고려수중개발,113998000,84.955,132611000
R26BK01447050,2026-04-22,조달청 서울지방조달청,2026년 북한자료센터 소장자료 디지털화 사업,주식회사 성우시스템,292600000,,
R26BK01479116,2026-04-27,대구광역시교육청 경상공업고등학교,2026학년도 경상공업고등학교  특수건강검진 및 작업환경측정 용역,(사) 대한산업보건협회 대구지역본부,31894000,88.497,
R26BK01490116,2026-04-27,미생물실증지원센터,mRNA 백신실증지원기반구축 GMP 전자관리 시스템 구축 용역,주식회사 팜소프트,274000000,99.636,
R26BK01470945,2026-04-27,한국농어촌공사 강원지역본부 강릉지사,학산지구 수리시설개보수사업(용배수로) 세부설계 용역,주식회사 대성종합엔지니어링,104150000,87.894,118010000
R26BK01444949,2026-04-17,대전광역시교육청,2026년 노벨과학상 수상국 교수법 연수 위탁 용역,지엔코리아 주식회사,118790000,,
R26BK01467549,2026-04-27,서울특별시 양천구,주택건설공사 감리자(건축) 모집 공고(신월동 421-6번지 남도연립 가로주택정비사업),(주)종합건축사사무소 가전,206470000,85.403,238832270
R26BK01443102,2026-04-17,(재)서울경제진흥원,서울지식재산센터 2026년 소상공인 IP창출지원 「상표 출원지원」 수행 협력기관 선정 (A과제),정상특허법률사무소,72000000,,
R26BK01463520,2026-04-27,경기도교육청 경기도화성오산교육지원청 송산중학교,[긴급] 2026년 송산중학교 숙박형 현장체험학습 위탁용역 전자입찰 공고,(주)정풍투어,111035000,97.566,
R26BK01398187,2026-04-15,한국콘텐츠진흥원,[긴급] 2026년 현지 인프라 활용 해외진출 지원(뮤즈온 연계) 위탁용역,(주)카이트,1350000000,,
R26BK01475997,2026-04-27,목포대학교,국립목포대학교 정문개선공사(건축) 폐기물처리용역,(주)그린환경건설,27682000,88.027,
R26BK01475956,2026-04-27,국토교통부 서울지방국토관리청 수원국토관리사무소,2026년 국도39호선 3종시설물 현덕교 등 35개소 등 정기안전점검(내진)용역,주식회사 디에스이앤씨,94898000,87.852,
R26BK01478243,2026-04-27,충청남도 아산시,"아산신도시 물환경센터 외 5개소 기술진단 용역(긴급, 입찰대행)",더본테크 주식회사,149129000,88.293,
R26BK01477054,2026-04-24,지에스건설주식회사,"1처리장 내 방역(설비동,지하구조물)",경인방역,4070000,95.99,
R26BK01463077,2026-04-27,재단법인 천연물안전관리연구원,재단법인 천연물안전관리연구원 시설종합관리(시설/미화/경비) 용역,(주)관우개발,99249480,88.007,
R26BK01487840,2026-04-27,산림청 동부지방산림청 강릉국유림관리소,2026년 사방시설 외관 및 정밀점검 위탁용역,한국산림재난안전기술공단,16034240,89.0,
R26BK01439299,2026-04-14,해양경찰청,파출소 운영체계 진단 및 개선방안 연구용역,인하대학교 산학협력단,40000000,,
R26BK01426940,2026-04-10,서울특별시,2026 제2회 서울한옥 미래상 디자인 공모 기획 및 운영 용역,제대로랩,148000000,,
R26BK01437170,2026-04-15,기상청,2026년 기상기후데이터 서비스 만족도 및 활용 실태조사,알앤알컨설팅 주식회사,16500000,,
R26BK01479621,2026-04-27,전남광주통합특별시 순천시,조례 운곡지구 대동마을 간 도로개설 GIS DB 구축 용역,(주)한남기술공사,70228000,88.114,80100000
R26BK01448147,2026-04-20,한국교원대학교 종합교육연수원,(긴급) 2026년 교장 자격연수 현장방문 연수 운영 용역 계약,주식회사 더다산,252326000,,
R26BK01477201,2026-04-24,청주산림조합,2026년 조림지가꾸기(풀베기)사업 감리용역(미원지구),주식회사 정진이엔지,32139000,88.238,
R26BK01380092,2026-04-20,국민건강보험공단,지속가능경영보고서 발간 용역,한국생산성본부,72500000,,
R26BK01449184,2026-04-27,경상남도 합천군,2026 합천호러축제 전시체험시설 제작·설치 및 운영 용역,(주)에스비에스에이앤티,998800000,,
R26BK01477611,2026-04-27,경상남도 합천군,하판천 재해복구사업 폐기물 처리용역,코데코 주식회사,36594000,87.78,41750000
R26BK01441220,2026-04-14,건설근로자공제회,건설근로자공제회 자산운용 내부통제 구축 연구용역,주식회사 나도기브,58000000,,
R26BK01475165,2026-04-27,경상북도 영천시 공원관리사업소,2026년 기후대응도시숲 조성사업 실시설계용역,진솔산림기술사사무소,87686000,88.431,
R26BK01407856,2026-04-27,인천항만공사,2026년 인천항 갑문보수공사 건설사업관리용역,주식회사 문창,366943340,86.877,
R26BK01479628,2026-04-27,경기도교육청 경기도포천교육지원청,"2026년 포천교육지원청 시설공사 하자검사용역(건축, 토목, 조경, 기계)",건축사사무소 유진,48467840,88.003,55170000
R26BK01446927,2026-04-20,재단법인 게임문화재단,2026 찾아가는 게임문화교실 운영 교육 행사 위탁용역,주식회사 라이브몰로,51700000,,
R26BK01479227,2026-04-27,전남광주통합특별시 순천시,2026년 국가하천(동천) 상반기 정기안전점검 용역,주식회사 케이엘,56629900,88.235,63556000
R26BK01475053,2026-04-24,한국농어촌공사 충남지역본부 논산지사,연산면 어은백석지구 배수로 정비사업 폐기물처리용역,놀뫼환경 주식회사,34510000,88.008,
R26BK01483799,2026-04-27,산림청 국립산림과학원,(용역)농림위성 검보정사이트 센서 유지보수,주식회사 쏠단,29800000,99.635,
R26BK01437282,2026-04-14,조달청 제주지방조달청,(긴급) 2026학년도 제주대학교 아라대동제 행사 용역,주식회사 프리뷰커뮤니케이션,195000000,,
R26BK01427473,2026-04-21,조달청 서울지방조달청,제78주년 제헌절 경축식 대행 용역 계약,(주)피오디커뮤니케이션즈,188500000,,
R26BK01476271,2026-04-27,국토교통부 서울지방국토관리청 수원국토관리사무소,2026년 국도38호선 3종시설물 매상교 등 17개소 등 정기안전점검 등 용역,주식회사 에스피이엔에스,95568900,87.869,
R26BK01430430,2026-04-21,재단법인 김포문화재단,(정정공고) 2026년 김포시 생생 국가유산 활용사업 운영 용역,주식회사 피에이엘문화유산센터,43500000,,
R26BK01476801,2026-04-27,강원특별자치도 화천군,2025년 대이리 미차집구역 하수관로 정비공사 폐기물처리용역,합자회사 대현산업,47019000,89.034,
R26BK01411994,2026-04-02,한국국제보건의료재단,베트남 의료기기 관리체계 디지털전환 지원사업 형성조사,지에스아이컨설팅 주식회사,103000000,,
R26BK01472566,2026-04-27,국토교통부 부산지방국토관리청 포항국토관리사무소,국도35호선 대전교 등 15개소 정기안전점검 건설엔지니어링,주식회사 다산기술안전,92729400,87.83,
R26BK01479524,2026-04-27,서울특별시 은평구,2026년 내집주차장 조성공사 건설폐기물처리용역,남부이앤티(주),12468000,90.027,
R26BK01477480,2026-04-27,경상남도 함안군,2026년 영농폐기물 위탁처리 용역(단가계약),주식회사 에코시스템,241544,88.063,275000
R26BK01474255,2026-04-24,천안도시공사,2026년 일봉공원 공영주차장 소방시설 안전관리 위탁용역,한국소방안전 주식회사,3272000,90.121,
R26BK01477624,2026-04-27,경상북도 구미시,삼산저수지 비상대처계획(EAP)수립 용역,주식회사 다산컨설턴트,27115000,89.917,
R26BK01473561,2026-04-27,부산도시공사,매입임대주택 내진성능평가 용역(2권역),청운ENC 종합건축사 사무소,180974680,87.755,207130000
R26BK01471987,2026-04-27,충청남도 당진시,소규모항포구(안섬) 보수보강공사 해양환경영향조사 용역,디노리나 주식회사,87891000,88.054,
R26BK01477070,2026-04-27,경기도 화성시,(긴급)2026년 화성시 공공폐수처리시설 수처리 기술진단 용역,주식회사 에코베이스,350279000,87.16,405751000
R26BK01483823,2026-04-27,산림청 국립산림과학원,(용역)산촌공간 기능강화사업 민간기업 참여 요구도 조사,강원대학교산학협력단,34107000,97.997,
R26BK01488518,2026-04-27,한국보건산업진흥원,아동·청소년 디지털미디어 과의존 진단·치료기술개발사업 기획연구,주식회사 글로벌오픈파트너스,68000000,97.142,
R26BK01473686,2026-04-27,한국농어촌공사 제주지역본부,표선면 기초생활거점조성사업 세대공감센터조성 대상지 건설폐기물 처리용역,이도에코표선 주식회사,125154000,87.94,
R26BK01448660,2026-04-21,한국발명진흥회,2026년 IP기반 AI활용 교육 운영 기관 모집 공고 (1분야-경영혁신)_재공고,(사)한국경영혁신중소기업협회,255000000,,
R26BK01476964,2026-04-27,충청남도 공주시,[계약대행] 26년 침수대비 배수펌프 임차용역,상일건설(주),44510000,90.423,
R26BK01447005,2026-04-24,조달청 대전지방조달청,2026년 한국무형유산종합조사 목록수집(전통적 생활관습 분야),전남대학교 산학협력단,176000000,99.773,
R26BK01483774,2026-04-27,농촌진흥청 농촌인적자원개발센터,2026년 현장 맞춤형 순회교육 운영 용역,주식회사 에이치알앤디컨설팅,49800000,99.6,
R26BK01479722,2026-04-27,전남광주통합특별시 해남군,2026년 고천암자연생태공원 수경시설(바닥분수) 저수조 청소 용역,에코인테크,21293274,88.472,
R26BK01490335,2026-04-27,한국교통안전공단,2026년 전직원 역량강화 교육 운영,(주)현대경제연구원,310000000,100.0,
R26BK01477774,2026-04-27,충청북도 영동군,용산면 한석리(본동) 낙후지역 먹는물 수질개선사업 폐기물처리용역,주식회사 하나그린,22383700,88.248,
R26BK01478445,2026-04-27,경상북도 경산시,동부 사동(대3-6 외 1) 아스콘 절삭 및 덧씌우기 공사 건설폐기물 처리용역,남경환경(주),31995000,88.273,36560000
R26BK01447290,2026-04-21,조달청,위해정보 통합처리 플랫폼 구축 3차연도,에스큐앤티 주식회사(SQ&T Inc.),705100000,,
R26BK01412943,2026-04-14,헌법재판소,2026년도 정책연구용역(헌법소송에서의 남소 방지 제도와 그 수용성에 대한 연구),사단법인 한국헌법학회,45000000,,
R26BK01365785,2026-04-13,한국해외인프라도시개발지원공사,KIND 기준수익률 체계 개선,안진회계법인,270050000,,
R26BK01478725,2026-04-27,경상북도 울진군 맑은물사업소,울진지방상수도(연지1리) 노후관로 교체공사 폐기물처리용역,(주)우진산업,46425000,89.011,51780000
R26BK01477089,2026-04-27,해양경찰청 해양경찰교육원,해양경찰교육원 비배출시설계폐기물 처리 용역,(유)여수환경,483500,88.062,
R26BK01465326,2026-04-27,제주대학교병원,2026년 심뇌혈관질환 인식 개선 영상 콘텐츠 제작 및 유튜브 채널 운영,주식회사 리컴퍼니,36611365,84.441,43100000
R26BK01451366,2026-04-21,조달청 대전지방조달청,통계분야에 특화된 생성형 LLM 구축방안 연구 용역,아일리스프런티어 주식회사,121000000,,
R26BK01489342,2026-04-27,대전광역시교육청 대전광역시서부교육지원청,대전둔산초 등 2교(대전만년초) 급식조리실 환기설비개선 및 기타 전기공사 설계용역,(주)남양 이. 엔. 지,4204800,90.0,
R26BK01489594,2026-04-27,한국지역난방공사 대구지사,2026년 대구지사 신규발전설비동 청소용역,(주)행복한세상,20350000,94.732,
R26BK01459047,2026-04-27,제주특별자치도교육청 서귀포시교육지원청 표선중학교,2026학년도 표선중학교 2학년 도외현장체험학습(수학여행) 위탁 용역 2단계(규격·가격동시)입찰 공고,(주)가인여행사,132081590,90.095,
R26BK01474890,2026-04-27,서울대학교,"2026년도 서울대학교 관악캠퍼스 소방시설 정기점검(종합,작동) 용역",주식회사 강원기계설비,444414100,88.003,
R26BK01478446,2026-04-27,경찰청 부산광역시경찰청,"부산해운대경찰서 신축공사(전기, 통신, 소방) 건설재해예방 기술지도용역",(주)디에이치기술단,68119100,88.222,
R26BK01418523,2026-04-09,한국탄소산업진흥원,2026년 한국탄소산업진흥원 통합 홍보 용역,(주) 제이레퍼토리,114400000,88.584,
R26BK01473866,2026-04-27,전남광주통합특별시 종합건설본부,지야대교 정밀안전진단 용역,주식회사 다담엔지니어링,172480000,86.757,
R26BK01405614,2026-04-27,경기도,응급의료 전용헬기 계류장 및 격납고 건립 설계용역,주식회사 행림종합건축사사무소,122259900,86.758,
R26BK01483762,2026-04-27,산림청 국립산림과학원,(위탁)고조파 레이더(harmonic radar)를 활용한 솔수염하늘소의 행동특성 조사,가천대학교산학협력단,39000000,97.644,
R26BK01476156,2026-04-27,전남광주통합특별시 해남군,옥천 마고 농어촌마을 하수도 정비사업 폐기물처리용역,주식회사 토당,163485900,87.951,183535000
R26BK01483780,2026-04-27,산림청 국립산림과학원,(위탁)초기운영시험 기반 지형보정 알고리즘 현장 적용성 분석,부산대학교산학협력단,58697000,97.999,
R26BK01454244,2026-04-27,전라남도영광교육청 영광중학교,[긴급]2026학년도 영광중학교 글로벌 문화체험 위탁 용역 입찰 공고,유한회사 하나씨앤씨,120000000,77.777,155136630
R26BK01472602,2026-04-27,서울특별시서부교육청 중앙여자중학교,2026학년도 중앙여자중학교 3학년 수련활동 위탁 용역(긴급),(주)케이와이엠,22469000,95.643,23437000
R26BK01476558,2026-04-27,부산광역시교육청 부산광역시해운대교육지원청,죽성초등학교 다목적강당 증축공사 감리용역(긴급),(주)예가플러스건축사사무소,395430760,86.767,
R26BK01427056,2026-04-22,조달청,119빅데이터 분석 및 시각화,주식회사 데이터누리,396000000,,
R26BK01476480,2026-04-27,경기도 구리시,[긴급]용역 전자입찰 공고(인창천 생태하천 복원사업 전기공사 감리 용역),(주)하림기술단,140718000,87.755,161750000
R26BK01472089,2026-04-23,충청남도 금산군,2026년 지방하천(개성천)정비사업 건설폐기물 운반 및 처리용역,인선기업 주식회사,25700000,88.943,
R26BK01436172,2026-04-14,조달청 전북지방조달청,2026년 출판콘텐츠 온라인 불법복제 모니터링 용역,굿모니터링주식회사,177500000,,
R26BK01362019,2026-04-13,한국의료기기안전정보원,한국의료기기안전정보원 보수체계 개선 컨설팅,노무법인 디와이,40700000,,
R26BK01441353,2026-04-14,서울특별시교육청,모든 학생의 심리안정을 위한 학교 심리안정실 운영 매뉴얼 개발 위탁용역,이화여자대학교 산학협력단,44399531,99.0,
R26BK01483848,2026-04-27,산림청 국립산림과학원,(용역_농특)강원대학교 수목진단센터 운영,강원대학교산학협력단,29400000,98.0,
R26BK01430276,2026-04-13,대구광역시교육청,학교로 찾아가는 최소 성취수준 미도달 예방 프로그램 운영 용역,한국가이던스(대구),38500000,97.636,
R26BK01473408,2026-04-27,충청남도,2026년 충남병원선 정기수리 용역,주식회사 엠에스알(MSR),321664000,88.061,368750000
R26BK01451197,2026-04-27,서울특별시교육청 청담고등학교,청담고등학교 2026학년도 1학년 수련활동 위탁 용역,주식회사 미리내,77250000,93.503,
R26BK01476824,2026-04-27,한국어촌어항공단,2026년 충남 태안군(1권역) 연근해어장 생산성 개선 지원사업 수거용역,주식회사 해미래,111795440,84.321,133070000
R26BK01473668,2026-04-27,산림청 국립산림과학원,(위탁)원스톱 산불위험정보 제공 인터페이스 디자인 설계,서울대학교 산학협력단,9740000,97.948,
R26BK01485636,2026-04-24,해양수산부 국립수산과학원,AI를 활용한 자원평가 기초자료 분석 모델 적용,부산대학교산학협력단,49000000,100.0,
R26BK01443132,2026-04-17,(재)서울경제진흥원,서울지식재산센터 2026년 소상공인 IP창출지원 「상표 출원지원」 수행 협력기관 선정 (B과제),상표앤더시티,75400000,,
R26BK01443654,2026-04-23,(재)전북문화관광재단,2026 미디어를 활용한 해외 온라인 홍보마케팅 사업 운영 용역(협상에 의한 계약),파스텔미디어,47000000,,
R26BK01440722,2026-04-14,한국로봇융합연구원,동남아(베트남) 로봇 비즈니스 브릿지 프로그램 운영 용역,주식회사 한텍파트너스,36000000,,
R26BK01438774,2026-04-16,(재)경기테크노파크,2026년 IP디딤돌 프로그램 아이디어 권리화(전기통신분야) 수행,이수국제특허법률사무소,35167678,,
R26BK01438900,2026-04-16,(재)경기테크노파크,2026년 IP디딤돌 프로그램 아이디어 권리화(기계화학분야) 수행,이버드 특허법인,38879000,,
R26BK01444331,2026-04-17,경북대학교 산학협력단,KNU 미래산업 신규사업 발굴 및 운영 지원 용역,사단법인 한국산업지능화협회,78000000,,
R26BK01485867,2026-04-27,한국농어촌공사 경남지역본부 거창.함양지사,석강1양수장 외 3개소 전기안전관리대행 용역,경남 전기안전관리단 거창지사,2700000,89.298,
R26BK01483918,2026-04-27,조달청 서울지방조달청,2026년 슈퍼컴퓨터 GPU 임차,한국과학기술정보연구원,375000000,99.909,
R26BK01474086,2026-04-27,경상북도 성주군,성주군 선남중블록 등 3개소 노후상수관망 정비사업 기본 및 실시설계 용역(PQ 후 가격입찰),주식회사 이산,1212210000,81.617,
R26BK01485836,2026-04-27,조달청 경남지방조달청,거점시설 운영기반 구축 및 지역역량강화 용역,주식회사 표영,240000000,99.767,
R26BK01487119,2026-04-24,경기도 안산시,시승격 40주년 기념 홍보관 운영을 위한 대행 용역,비쥬얼기획,23750000,94.039,
R26BK01483727,2026-04-27,산림청 국립산림과학원,(용역)산불피해목의 소나무재선충 매개충 유인물질 분석,서울대학교 산학협력단,29260000,97.974,
R26BK01427931,2026-04-21,조달청,2026년 온누리상품권 가맹 및 골목형상점가 확대 전담기관 운영 용역(3권역),주식회사 플라이코,393200000,,
R26BK01479231,2026-04-27,국토교통부 대전지방국토관리청 논산국토관리사무소,2026년 논산국토 관내 공주 계룡 기산1 등 44개소 정기안전점검,다원기술 주식회사,184260000,85.557,
R26BK01483203,2026-04-23,대검찰청,대용량 데이터의 의미적 분류와 구조적 시각화 연구,메타아이즈 주식회사,45000000,100.0,
R26BK01443038,2026-04-17,기상청,AI·디지털 전환 시대를 주도하는 기상청 데이터 관리 정책 연구,주식회사 나도기브,49000000,,
R26BK01449889,2026-04-21,경북대학교 첨단정보통신융합산업기술원,기업협력프로젝트 운영 용역,(주)라인교육개발,84953000,,
R26BK01476111,2026-04-27,국토교통부 서울지방국토관리청 수원국토관리사무소,2026년 국도38호선 3종시설물 내기보도육교 등 28개소 등 정기안전점검(내진)용역,길구조안전진단(주),88284000,87.837,
R26BK01438754,2026-04-27,서울특별시교육청 인덕과학기술고등학교,2026학년도 1학년 수련활동 위탁용역 입찰 공고,신안종합리조트(주),57240000,91.792,61110000
R26BK01474580,2026-04-27,파주도시공사,2026년 공영주차장 8개소(14회) 물청소 용역,365마인시스템,72088570,88.02,
R26BK01435459,2026-04-27,경상남도교육청 동원고등학교,2026학년도 동원고등학교 2학년 국외 현장체험학습(수학여행) 위탁용역,주식회사 시원트래비즈,390000000,89.921,
R26BK01423478,2026-04-07,기후에너지환경부 대구지방환경청,2026년도 초경량비행(드론)활용 수질오염감시업무,주식회사 에프엠웍스,75000000,,
R26BK01478401,2026-04-27,경기도 안산시,본오동 일원 노후 수도관 정비공사(1구간) 폐기물처리용역,주식회사 에코산업개발,47705080,88.007,
R26BK01478433,2026-04-27,전북특별자치도교육청 전북특별자치도정읍교육지원청,2026학년도 정읍수학체험센터 체험수학교실 학생 수송차량 임차용역 수의계약 안내공고,(유)아성고속관광,34868000,88.429,39625000
R26BK01490491,2026-04-27,경기도 용인시,[수의시담]2026년 도시숲길 정비사업 실시설계용역,백간경조경기술사사무소,28759280,88.0,
R26BK01422357,2026-04-16,조달청,2026년 스마트팜 ICT기업 재직자 전문교육,사단법인 캠틱종합기술원,499000000,,
R26BK01477726,2026-04-27,전북특별자치도 순창군,수장지구 마을하수도 정비사업 폐기물처리용역,금강환경건설(유),327098800,86.795,377883000
R26BK01446688,2026-04-20,한국환경보전원,2026년 환경의 날 기념식 운영 사업,(주)케이비에스아트비전,134587400,,
R26BK01434258,2026-04-14,재단법인 대구테크노파크,「2026년 Manufacturing World Tokyo」기업 공동관 구축 및 운영 용역,유한회사 대현아이앤이,29100000,,
R26BK01451264,2026-04-27,부산광역시교육청,2026년 부산광역시교육청 서부영어교육거점센터 서부산어린이영어기자단 운영 용역,주식회사 비앤케이에듀케이션,33800000,84.473,39770000
R26BK01480584,2026-04-27,전남광주통합특별시 고흥군,봉래면 축정2구 하수도 정비사업 폐기물 위탁처리 용역,(주)금빛환경,50140273,88.005,
R26BK01478072,2026-04-27,행정안전부 정부청사관리본부 과천청사관리소,2026년 상반기 정부과천청사 소방시설 작동점검 용역,시원소방 주식회사,34122000,88.034,
R26BK01431293,2026-04-21,서울특별시,2026년 중랑물재생센터 공공하수도 기술진단 용역,주식회사 화인테크,501557600,,
R26BK01438959,2026-04-14,해양수산부 국립수산과학원,유전자편집 어류 위해성 평가 항목 설정 기준 개발,주식회사 인사이트엣지,52000000,97.351,
R26BK01423166,2026-04-21,조달청,(용역)2026년 벼 재배면적 평가용 드론 영상촬영 및 정보 구축,주식회사 에프엠웍스,445000000,,
R26BK01425929,2026-04-21,조달청,2026년 온누리상품권 가맹 및 골목형상점가 확대 전담기관 운영 용역(4권역),사단법인 부산플랜,400000000,,
R26BK01443256,2026-04-17,국가유산청,2026년도 백제왕도 핵심유적 학술대회 및 정책연구포럼 개최 대행,더마이스주식회사,78800000,,
R26BK01444634,2026-04-27,경기도교육청 수원하이텍고등학교,2026학년도 1학년 국외영어 체험학습 용역 업체 선정공고(긴급),(주)이앤티,179919000,96.765,
R26BK01474290,2026-04-27,국토교통부 부산지방국토관리청 대구국토관리사무소,"국도26호선 고령 사부지구 등 23개소 절토사면, 옹벽 정밀안전점검 및 성능평가 기술용역",테라이엔씨 주식회사,212271000,85.543,
R26BK01469952,2026-04-27,한국원자력안전기술원,2026년 원외 장비 동산종합 보험 가입,(주)케이비손해보험,22729300,51.835,
R26BK01445421,2026-04-17,한국농어촌공사 경북지역본부,상주시 스마트농업 육성지구 조성사업 기본계획 및 세부설계 용역,(주)건축사사무소우정씨앤씨,629622700,,
R26BK01415393,2026-04-03,국방기술품질원,국방 인공지능 안전연구조직 신설 기획 연구,프런티어랩 주식회사,66500000,,
R26BK01487595,2026-04-24,한국공항공사 제주공항,제주공항 항공기 자동소음측정망 유지관리 용역,이엠테크 주식회사,27430000,94.995,
R26BK01487754,2026-04-27,한국농어촌공사 충북지역본부,영동군 2026년 용화 등 4지구 지하수 사후관리 용역,청호이엔지,19250000,88.02,
R26BK01357761,2026-04-08,조달청 인천지방조달청,2026 기존화학물질 등록 전과정 컨설팅 지원(4단계),남앤드남인터내셔널(주),480000000,,
R26BK01455250,2026-04-20,울산대학교 산학협력단,2026 UOU 로봇OS특강+피지컬 AI 챌린지 대회,주식회사 큐엔티,49000000,,
R26BK01433713,2026-04-20,기후에너지환경부 한강홍수통제소,현장 작동형 도시침수예보체계 시범 구축 감리 용역,정보기술품질연구원 주식회사,64920000,,
R26BK01443231,2026-04-17,산림청 서부지방산림청,2026년 산사태 발생 우려지역 실태조사 용역(전북권역),한국산지보전협회,118938000,,
R26BK01430963,2026-04-21,조달청,2026년 온누리상품권 가맹 및 골목형상점가 확대 전담기관 운영 용역(1권역),주식회사 셀러고,396000000,,
R26BK01452738,2026-04-16,소상공인연합회,2026년 우리동네 선한가게 경영환경개선 지원사업,주식회사 대림플랜,360000000,100.0,
R26BK01474791,2026-04-27,충청북도 단양군,북하지구 공공하수처리시설 설치사업 기본 및 실시설계용역,주식회사 경동엔지니어링,1143630000,81.621,
R26BK01473630,2026-04-27,경상남도교육청 경상남도사천교육지원청,사남초 외 7교 ·2기관 제3종시설물 실태조사용역 수의계약 안내 공고,주식회사 하우구조이엔지,28228270,88.099,
R26BK01457626,2026-04-27,한국산업안전보건공단,민간재해예방기관 평가 점수 반영을 위한 고객만족도 조사 용역,글로벌알앤씨 주식회사,66000000,75.265,
R26BK01448255,2026-04-20,한국산림복지진흥원,2026년 한국산림복지진흥원 교육훈련 기획·운영 위탁,주식회사 엑스퍼트컨설팅,226380000,,
R26BK01480479,2026-04-27,경기도 안성시,죽산제1교 재해복구사업 외 1개소 통합건설관리용역,주식회사 다산컨설턴트,956299000,80.493,
R26BK01441853,2026-04-14,국립인천해양박물관,2026년 국립인천해양박물관 국제교류전《그리스 해양문명(가제)》국내·외 운송 용역,(주)코리아트서비스,753000000,,
R26BK01472878,2026-04-24,안산대학 산학협력단,[국고] 안산대학교 유무선 네트워크 통합유지보수 용역업체 선정,주식회사 진메타,35640000,99.187,
R26BK01476795,2026-04-24,전남광주통합특별시 북구,건설공사 안전점검 수행기관 지정(북구 연제동 481-2번지),주식회사 한국안전원,16679000,87.776,
R26BK01479689,2026-04-27,전남광주통합특별시 해남군,해남읍 도시계획도로 덧씌우기공사 건설폐기물 처리용역,자연환경(주),29619788,88.024,
R26BK01473411,2026-04-17,한국농어촌공사 경북지역본부 영천지사,물관리자동화시스템(TM/TC) 점검·정비 용역,주식회사 제나드이엔씨,5100000,89.886,
R26BK01468241,2026-04-27,재단법인강원인재원,강원RISE사업 회계모니터링 및 정산검증 용역,가보세무회계사무소,75922000,88.594,85000000
R26BK01473413,2026-04-27,한국과학기술정보연구원,사출성형 SW를 활용한 공학해석 용역,(주)브이엠테크,20900000,98.584,
R26BK01480344,2026-04-27,경상북도 경주시,경주 황룡사지 남쪽광장 관람환경개선 실시설계 용역,대경건축사사무소,64096000,88.283,72316000
R26BK01478003,2026-04-27,충청북도 보은군,마로 농어촌마을하수도정비사업 외1건 기본 및 실시설계 용역(PQ후 가격입찰),주식회사 케이지엔지니어링종합건축사사무소,850070000,86.106,
R26BK01472834,2026-04-27,전남광주통합특별시 종합건설본부,유촌3교(상) 정밀안전진단 용역,한국진단공사 주식회사,145248000,87.011,
R26BK01443475,2026-04-21,조달청 서울지방조달청,양평군 버스정보시스템(BIS) 기능개선 고도화 사업 용역,주식회사 아이티코어스,170000000,,
R26BK01438300,2026-04-23,조달청,2026년 초·중·고등학생 대상 경제재정캠프 운영사업,아자스쿨 주식회사,253000000,,
R26BK01480128,2026-04-27,전북특별자치도 순창군,강천산군립공원 웰컴브리지 조성사업 실시설계용역,유한회사 수오건설기술,169765000,87.905,190504000
R26BK01474026,2026-04-27,전남광주통합특별시 무안청사,2026년 어업지도선 전남201호 기관 정기수리 용역,주식회사 에스에스테크,138755000,84.274,
R26BK01443146,2026-04-17,(사)한국경영혁신중소기업협회,2026년 메인비즈기업 정밀실태조사 용역,(주)아테나컴퍼니,60800000,,
R26BK01408792,2026-04-22,조달청 서울지방조달청,출입국정보화센터 이전 및 클라우드 전환 사업 감리,주식회사 케이씨에이,296000000,,
R26BK01476087,2026-04-27,경상북도 구미시 상하수도사업본부,구미시 지방상수도 비상공급망 구축사업 폐기물처리용역,(주)토종환경,76510200,88.186,
R26BK01478213,2026-04-27,충남대학교,공학2호관 등 7개동 바탕처리공사 폐기물 운반처리용역,대림공영(주),38497800,88.265,
R26BK01476664,2026-04-27,부산교통공사,호포역 테니스장 개량공사 건설폐기물 처리용역,주식회사 성화그린,21023900,88.569,24110000
R26BK01416286,2026-04-10,조달청 서울지방조달청,2026년 지방자치단체 공공언어 진단,중앙대학교 산학협력단,237650000,,
R26BK01489937,2026-04-27,서울물재생시설공단,26년 태양광 발전설비 패널 세척 용역,그린쏠라 & 더편한탁송,6255000,90.0,
R26BK01480304,2026-04-27,국가유산청 국립해양유산연구소,『거북선 학술복원 보고서』 발간 용역,사단법인 에스디워크 동행,26000000,98.896,
R26BK01429361,2026-04-21,대구광역시,하중도 친수공간 조성 및 명소화 사업 기본 및 실시설계 용역(P.Q 후 협상에 의한 계약),주식회사 도화엔지니어링,738000000,,
R26BK01364463,2026-04-13,대한장애인체육회,2026 상임심판 활동점검 및 심판아카데미운영,인천대학교 산학협력단,87391700,,
R26BK01469360,2026-04-27,서울특별시서부교육청 아현중학교,아현중학교 2026학년도 2학년 수련활동 위탁용역 입찰 공고(규격.가격분리 동시)(긴급공고),주식회사 미리내,29420000,91.239,32119000
R26BK01489758,2026-04-27,한국농어촌공사 충북지역본부 괴산.증평지사,도안면 기초생활거점조성사업 소방공사 감리용역,연휘소방엔지니어링,11200000,88.769,
R26BK01427290,2026-04-21,(재)경기도경제과학진흥원,2026년 중대재해처벌법 이행·점검 진단 용역(정정공고),법무법인(유한) 화우,39600000,99.0,
R26BK01437740,2026-04-23,조달청,2026년 소상공인 전통시장 지원사업 종합홍보 용역,(주)디지털에볼루션,2885701726,,
R26BK01480671,2026-04-24,조달청,디지털서비스_ 싸이웰시스템_중개서비스 for 엔에이치엔클라우드(IaaS),주식회사 싸이웰시스템,1500000000,100.0,
R26BK01455535,2026-04-24,서울특별시강동교육청 풍성중학교,2026학년도 풍성중학교 3학년 소규모테마여행 위탁용역,(주)여신기획,67408400,97.833,
R26BK01473549,2026-04-27,전남광주통합특별시 종합건설본부,어등대교 정밀안전진단 용역,(주)한국구조물안전연구원,174358000,86.92,
R26BK01447524,2026-04-21,한국지능정보사회진흥원,2026 지능정보화에 관한 연차보고서 발간,임마누엘인쇄출판사,58500000,,
R26BK01453725,2026-04-27,서울특별시교육청 청담고등학교,청담고등학교 2026학년도 2학년 소규모테마형교육여행 위탁용역,주식회사 어깨동무야,104626700,98.012,
R26BK01452704,2026-04-27,재단법인충북인재평생교육진흥원,2026년 충북 청소년 STEAM 캠프 운영 용역(재공고),주식회사 채움플러스,93000000,,
R26BK01478522,2026-04-27,부산환경공단 영도사업소,영도환경공원 축구장 인조잔디 분리회수 및 재활용처리 용역,가산조경개발,65528090,88.026,
R26BK01455927,2026-04-27,서울특별시교육청 영신고등학교,2026학년도 1학년 소규모테마형교육여행 위탁용역,(주)모노믹스,124198200,97.63,128143390
R26BK01484322,2026-04-27,서울특별시 물재생센터 중랑물재생센터,중랑물재생센터 하수슬러지 처리 용역(3차),주식회사 흥주농업회사법인,51205000,95.0,
R26BK01371168,2026-04-21,조달청,2026년도 공공기관 종합청렴도 평가사업 용역,(주)한국리서치,2310000000,,
R26BK01478344,2026-04-27,경상북도 영덕군 물관리사업소,영덕군 배수펌프장 전기안전관리자 선임 및 관리 용역,삼원주식회사,370994180,86.76,429650000
R26BK01394612,2026-04-20,한국농어촌공사 경기지역본부,안산시 행낭곡·흥성항 어촌뉴딜3.0사업 기본계획 수립 용역,(주)지드앤파트너스,205000000,,
R26BK01477785,2026-04-27,주식회사 타이거 인공지능,AI 솔루션 실증을 위한 실증 현장 설계 및 설치운영지원 용역,주식회사 잼머스,47905000,,
R26BK01480675,2026-04-27,충청남도 서천군 농업기술센터,(긴급)화성지구 농촌공간정비사업 폐기물처리 용역,주식회사현일산업개발,269449000,86.817,
R26BK01476768,2026-04-27,경기도 평택시 상하수도사업소,통복동 행정복지센터 일원 노후관 교체공사 GIS구축용역,한국항공촬영 주식회사,143702000,87.75,
R26BK01478746,2026-04-27,전북특별자치도 완주군,2026년 상반기 보은매립장 침출수 수집․운반용역(단가계약),유한회사 완주삼봉환경,11395,88.247,
R26BK01450080,2026-04-20,한국콘텐츠진흥원,2026년 한국콘텐츠진흥원 성과관리 지원 위탁용역,(주)퍼포먼스웨이컨설팅,50400000,,
R26BK01489286,2026-04-27,한국농어촌공사 제주지역본부,신도3리 마을만들기(종합개발)사업 건축공사 세부설계 용역,건축사사무소나로,37431000,90.0,
R26BK01448185,2026-04-21,조달청,직업계고 취업통계조사 시스템 개선(2차) 및 운영관리 사업,주식회사 비엔아이,396000000,,
R26BK01483701,2026-04-27,산림청 국립산림과학원,(위탁)광학센서 기반 비접촉식 연료습도 측정장치 개발,강원대학교산학협력단,48833000,97.999,
R26BK01477717,2026-04-27,경상남도 사천시,2026년 취약해안 폐기물 대응사업,주식회사 한산,121765610,87.79,
R26BK01473292,2026-04-27,전남광주통합특별시 종합건설본부,무진교(터미널) 정밀안전진단 용역,에스큐엔지니어링(주),122214000,86.975,
R26BK01478093,2026-04-27,대구광역시 군위군,군위군 농어촌도로 기본 및 정비계획 전략환경영향평가 및 기후변화영향평가 용역,주식회사 세명종합기술,61085000,88.251,
R26BK01472593,2026-04-24,충청남도 천안시,두정동 공영주차장 조성사업 등 6개소 실시설계용역,주식회사 반디컨설턴트,37681000,88.094,
R26BK01456394,2026-04-21,조달청,전통정원 활용모듈 3D애셋 제작,위프코 주식회사,270000000,,
R26BK01427561,2026-04-09,경상북도,2026년 시외버스 경영수지분석 및 운송원가 검증 용역,대현회계법인,80976960,,
R26BK01437642,2026-04-13,경북문화재단 콘텐츠진흥원,2026 경북콘텐츠코리아랩 콘텐츠 UP 지원사업 운영,주식회사 에이치에스컴,77300000,,
R26BK01448904,2026-04-20,충청남도,충청남도 제6차 여성농업인 육성 기본계획 수립 연구 용역,충남사회서비스원,48978900,,
R26BK01472447,2026-04-27,국토교통부 부산지방국토관리청 포항국토관리사무소,국도7호선 강동대교 등 13개소 정기안전점검 건설엔지니어링,(주)한국건설안전진단,92707000,87.745,
R26BK01482466,2026-04-23,조달청 부산지방조달청,부산오페라하우스 통합운영시스템 확대 구축 용역,(주)컬처닷컴,167000000,100.0,
R26BK01477325,2026-04-27,목포대학교,국립목포대학교 정문개선공사(토목) 폐기물처리용역,(유)장성이엔티,71087000,88.013,
R26BK01475548,2026-04-27,경상남도 함양군,2026년 함양 백천리 고분군 19호분  정밀발굴조사 용역,재단법인 한화문물연구원,191373500,86.767,
R26BK01467676,2026-04-17,한국건설기술연구원,2026년 교량 및 터널 관리시스템 유지관리 및 기능개선,주식회사지쓰리웨이,418000000,99.88,
R26BK01483856,2026-04-27,산림청 국립산림과학원,(용역_농특)서울대학교 수목진단센터 운영,서울대학교 산학협력단,29400000,98.0,
R26BK01463140,2026-04-27,충청남도교육청 서령고등학교,2026학년도 서령고등학교 2학년 수학여행 위탁 용역,충남해외관광,168115600,92.629,
R26BK01461604,2026-04-27,서울특별시교육청 성신여자고등학교,(긴급)2026학년도 성신여자고등학교 2학년 소규모테마형교육여행 위탁 용역,주식회사한국학생여행(KS TOUR),116836900,92.607,125579100
R26BK01476563,2026-04-27,목포대학교,2026년 국립목포대학교 외부캠퍼스 전기안전관리 용역,(유)한국시스템,39883330,88.379,45426000
R26BK01457435,2026-04-27,한국산업안전보건공단,(재공고) 건설업 기초안전보건교육 제도개선 방안 연구용역,서울과학기술대학교 산학협력단,48299000,97.998,
R26BK01439086,2026-04-23,서울특별시교육청 서울컨벤션고등학교,2026학년도 2학년 소규모테마형교육여행 위탁용역,주식회사 투어나라,124187000,98.012,
R26BK01489035,2026-04-27,제주특별자치도,제주미래 수산업 발전 5개년 계획 수립 연구용역(수의시담),재단법인 제주연구원,77600000,97.0,
R26BK01448668,2026-04-20,인천테크노파크,2026년 인천스타트업파크 네트워크 행사 용역,컬쳐랩,350000000,,
R26BK01430273,2026-04-20,전북특별자치도 정읍시,2026년 정읍시 공무원 직무역량강화 맞춤형 위탁교육 용역 (협상에의한계약),한국생산성본부,209000000,,
R26BK01450838,2026-04-20,한국콘텐츠진흥원,[재공고] 2026 애니˙방송 해외마켓 한국공동관 운영 위탁용역,주식회사 라임커뮤니케이션즈,986600000,,
R26BK01421465,2026-04-10,조달청 서울지방조달청,2026 KOICA SNS 및 서포터스 운영 용역,(주)대학내일,550000000,,
R26BK01478247,2026-04-27,강원특별자치도 평창군,미탄면 회동천(회동지구) 정비사업 폐기물처리용역,주식회사윤원환경,42531300,88.066,
R26BK01474065,2026-04-27,전남광주통합특별시 광양시,2026년 산사태 발생 우려지역 실태조사 용역,한국산림재난안전기술공단,61614000,89.229,
R26BK01451555,2026-04-21,서울특별시 서초구,[긴급] 2026년 직원 하계휴양소 운영 용역,샬레코리아 주식회사,733335000,,
R26BK01471863,2026-04-27,한국원자력환경공단,3단계 매립형처분시설 건설사업 재해영향평가용역,주식회사 새론이앤씨,150797000,87.753,
R26BK01490251,2026-04-27,한국농어촌공사 경기지역본부 화성.수원지사,우정양수장 우정간선 2호기 입축사류펌프 수리용 부품 제작 및 부품 수리,태원산업,18710000,94.974,
R26BK01478767,2026-04-27,경상남도김해교육청 영운중학교,2026학년도 영운중학교 2학년 수학여행 위탁용역 수의계약 안내 재공고,주식회사 삼강고속관광,35708000,96.625,37271140
R26BK01478229,2026-04-27,한국어촌어항공단,2026년 국가어항(외포항 등 8개항) 유지보수공사 폐기물처리용역,주식회사 중앙환경,47466500,88.001,54219000
R26BK01395488,2026-04-08,조달청 대구지방조달청,2026년 국립경주박물관 어린이박물관 디지털 콘텐츠 제작,주식회사 리드웍스,335500000,,
R26BK01452330,2026-04-27,한국산업안전보건공단,(재공고)현장 작동성 중심의 공공기관 평가제도 개선 방안 연구용역,서울과학기술대학교 산학협력단,76699000,97.95,
R26BK01420405,2026-04-15,조달청,2026년 군부대 매장유산 조사,재단법인 중앙문화유산연구원,292600000,,
R26BK01479836,2026-04-27,서울특별시 서대문구,(긴급)2026년 관내 도로 지하 공동탐사 용역,주식회사 서경기술공사,231729000,86.918,
R26BK01473656,2026-04-27,전남광주통합특별시 종합건설본부,우석교 정밀안전진단 용역,(재)한국건설품질연구원,143050000,86.792,
R26BK01466842,2026-04-27,목포가톨릭대학교,(긴급)목포가톨릭대학교 대학혁신지업사업 예비사회복지사 전공역량 증진 프로그램 운영 업체 선정,주식회사무등파크여행사,30492000,,
R26BK01488588,2026-04-27,강원특별자치도 강릉시,하천구역 점유현황 실태조사 용역,주식회사 해인공간정보,42300000,89.858,
R26BK01479200,2026-04-27,경기도 구리시,[긴급]용역 전자입찰 공고(안말지구 도시계획도로(소로3-1호선) 개설공사 건설폐기물 처리 용역,(주)건용환경개발,103605500,87.76,118304000
R26BK01479150,2026-04-27,전남광주통합특별시 순천시,연동삼거리 일원 도로 재포장공사 외 5건 실시설계 용역,(주)한남기술공사,37923000,88.33,43300000
R26BK01480484,2026-04-27,충청남도 예산군,2025년 호우피해 소하천(시량천) 재해복구사업 지반조사용역 수의(2인 이상) 견적제출 안내공고,주식회사 수성이앤씨건축사사무소,49144000,88.125,56210000
R26BK01445104,2026-04-17,국립항공박물관,2026년 국립항공박물관 소장자료 등록 용역,고려대학교 세종산학협력단,84984078,,
R26BK01479354,2026-04-27,인천광역시,인천 도시계획시설(도로) 정비용역,주식회사 성우엔지니어링종합건축사사무소,70563000,88.002,
R26BK01486625,2026-04-27,한국에너지기술연구원,MBB 전력모듈 제어기 및 토폴로지 고도화 연구,광주과학기술원,52500000,96.758,
R26BK01473476,2026-04-27,전남광주통합특별시 종합건설본부,버들교 정밀안전진단 용역,주식회사 건우이앤씨건축사사무소,113993000,86.858,
R26BK01465676,2026-04-27,충청남도교육청 연무마이스터고등학교,2026학년도 연무마이스터고등학교 미래인재 해외현장체험학습(수학여행) 위탁용역,아주항공여행사(주),106577000,82.556,127748000
R26BK01471316,2026-04-27,부산도시공사,매입임대주택 내진성능평가 용역(1권역),(주)대농구조안전연구소,153470000,87.811,176330000
R26BK01474006,2026-04-21,한국무역협회,(변경공고_재공고) 2026년 멕시코 과달라하라 식품 및 유통체인망 전시회(Expo ANTAD) 한국관 전시디자인설치 용역,주식회사 래빗,32700000,97.897,
R26BK01478482,2026-04-27,경기도 안산시,본오동 일원 노후 수도관 정비공사(2구간) 폐기물처리용역,주식회사 조은산업개발,68115100,88.284,
R26BK01455531,2026-04-27,전남광주통합특별시 광주청사,2026년 외식업 경영혁신 컨설팅 용역(협상),주식회사 식품외식연구소,48000000,,
R26BK01476139,2026-04-27,한국어촌어항공단,당동만 청정어장 재생사업 어장환경개선 용역(2구역),주식회사 아라미르,1241768710,80.514,1553384000
R26BK01461060,2026-04-27,서울특별시서부교육청 한성중학교,한성중학교 2학년 수련활동 용역 입찰에 관한 건,신안종합리조트(주),25752000,90.232,
R26BK01442341,2026-04-20,한국전시산업진흥회,2026년 전시산업 통계조사 용역,주식회사 메트릭스,216000000,,
R26BK01488202,2026-04-27,한국로봇산업진흥원,AI 로봇 가상 시뮬레이션 플랫폼을 활용한 환경구축 용역,이니시온,28050000,98.51,
R26BK01478281,2026-04-27,재단법인 부산경제진흥원,2026년 부산지식산업센터(우암) 통근버스 운행,경남고속뉴부산관광주식회사,32400000,89.979,36000000
R26BK01480789,2026-04-27,경상남도 함양군,2026년 목재수확 점검관리 용역,주식회사 영진엔지니어링,59870000,88.475,68150000
R26BK01489944,2026-04-27,(재)서울특별시평생교육진흥원(서울시민대학 동남권캠퍼스),2026년 서울시민대학 동남권캠퍼스 해충 방제서비스 용역,(주)세스코,5921100,100.0,
R26BK01488472,2026-04-27,한국농어촌공사 전남지역본부 장성지사,진원면 생활공유센터 증축사업 세부설계 용역,건축사사무소 뜰,27720000,90.739,
R26BK01480608,2026-04-27,한국공항공사,2025년 한국공항공사 자회사 경영실적평가 시행 용역,신진ENG,44961410,88.006,
R26BK01473795,2026-04-27,경상남도 진주시,상평산단 휴폐업공장 청년창업공간 리모델링 1단계사업 전기공사 감리 용역,주식회사 선한이엔지,118520080,87.754,
R26BK01479660,2026-04-27,전남광주통합특별시 장흥군,장흥영상스튜디오 조성사업 건축공사 감리용역,뿌리건축사사무소,22484900,88.0,
R26BK01477387,2026-04-27,전남광주통합특별시 담양군,담양군 도로건설관리계획 수립 기후변화영향평가 용역 견적제출공고,주식회사 하우원(HOWONE Co.),72004000,90.498,80234000
R26BK01480299,2026-04-27,전남광주통합특별시 진도군,제6기 진도군 지역사회보장계획 수립을 위한 연구용역,주식회사 전남미래비전전략연구소,22390720,88.958,
R26BK01429278,2026-04-15,행정안전부 국가기록원,과거사 관련 소장 기록물 조사·분석 사업,성균관대학교 산학협력단,99509994,,
R26BK01441747,2026-04-21,서울올림픽기념국민체육진흥공단,2026년 체육인재양성 교육운영 용역,(주)휴넷,220200000,,
R26BK01471784,2026-04-27,한국원자력환경공단,2026년 환경친화단지 조경관리 용역,주식회사 늘봄조경,273349950,87.997,
R26BK01489985,2026-04-27,서울물재생시설공단,서남센터 대기배출시설 공정안전관리(PSM) 신규·변경허가 대행용역,주식회사 라온안전,44777700,90.0,
R26BK01417818,2026-04-07,기후에너지환경부 국립환경과학원,등록화학물질의 유해성 자료 조사(2026),광운대학교산학협력단,80000000,,
R26BK01473224,2026-04-27,전남광주통합특별시 종합건설본부,무진교(본선) 정밀안전진단 용역,반석안전 주식회사,167503000,86.747,
R26BK01480058,2026-04-27,울산광역시 소방본부,2026년 모범 의용소방대원 국외연수,(주)신나라세계여행사,53508560,88.748,
R26BK01477671,2026-04-27,충청북도 도로관리사업소 북부지소,지방도532호선 충주 대미삼거리 회전교차로 폐기물처리용역,수미환경산업(주),56316700,88.0,
R26BK01453900,2026-04-27,서울특별시강서교육청 방원중학교,2026학년도 방원중학교 3학년 소규모테마형 교육여행 입찰,주식회사 아델이엔티,59952600,98.485,61280000
R26BK01479683,2026-04-27,전남광주통합특별시교육청 광주예술고등학교,2026학년도 광주예술중·고등학교 교외수업 및 현장체험학습 학생운송용역 수의계약 안내 공고,(주)우성고속관광,22826000,88.096,25860000
R26BK01473937,2026-04-27,전남광주통합특별시 종합건설본부,봉선터널 정밀안전진단 용역,(재)한국재난연구원,133651000,86.787,
R26BK01475218,2026-04-27,해양수산부 서해어업관리단,"국가어업지도선 무궁화23호 정기수리(선체, 기관) 용역",주식회사 엠에스알(MSR),38214000,84.855,
R26BK01486129,2026-04-27,조달청 서울지방조달청,서울대학교 의과대학 유선전화 교환시스템 개선 및 운영,주식회사 케이티,499488000,72.213,
R26BK01483925,2026-04-27,조달청 서울지방조달청,2026년 클라우드 업무환경 유지관리,주식회사 엠티데이타,471622000,99.879,
R26BK01478646,2026-04-27,경기도 동두천시,소액수의 용역 견적제출 공고(동두천 소리이음마당 조성사업 건설폐기물처리용역),주식회사 수도환경,40012000,88.936,45870000
R26BK01478918,2026-04-27,양산시시설관리공단,양산공공폐수처리시설 폐수처리슬러지 위탁처리 용역(재공고),주식회사 덕산산업,88110,88.659,
R26BK01425600,2026-04-10,서울특별시 용산구,후암동 생활안심디자인 개발 및 제작설치 용역(긴급/협상),주식회사 이음파트너스,419058000,,
R26BK01421702,2026-04-09,한국화학융합시험연구원,2026년 산업전환 협약기업 진단 및 기업 맞춤형 훈련과정 개발 용역,시앤피컨설팅 주식회사,58800000,,
R26BK01477077,2026-04-27,사단법인 환경책임보험사업단,2026년 환경책임보험 전산망 통합 유지관리,주식회사 와플원,170992800,99.995,
R26BK01432470,2026-04-27,경기도교육청 경기도파주교육지원청 숲노을초등학교,2026학년도 숲노을초등학교 방과후학교 프로그램 운영 용역 입찰 공고,참다솜교육사회적협동조합,215000000,87.521,
R26BK01478515,2026-04-27,전남광주통합특별시 진도군,상조도(맹성) 수산업 유통도로 개선사업 해양환경영향조사 용역,(주)수중생태기술연구소,44308000,88.218,
R26BK01479597,2026-04-27,경상북도 구미시,봉곡서로5길 인근 도로정비공사 폐기물처리용역,경북환경 주식회사,29817000,88.105,
R26BK01479252,2026-04-27,국토교통부 대전지방국토관리청 보은국토관리사무소,국도25호선 양촌IC육교 등 4개소 건설엔지니어링 사업(내진성능평가),주식회사 대경엔지니어링,112194000,87.815,
R26BK01479899,2026-04-27,충청북도,대율~증평IC 지방도 확포장공사 임목폐기물 처리용역,(유)신한산림,72646410,97.909,
R26BK01437592,2026-04-14,전국운수서비스산업노동조합대구지역본부,2026년도 택시근로자서비스향상 프로그램 운영 대행용역,(주)아주항공여행사,105687636,,
R26BK01487692,2026-04-24,한국어촌어항공단,2023년 거제시 장목항 어촌신활력증진사업(유형1) 지반조사용역,(주)경성이엔지,20615000,95.0,
R26BK01475207,2026-04-27,전남광주통합특별시 함평군,2026년 함평엑스포공원 황금박쥐 전시관 조형물 박물관종합보험 가입 용역,현대해상화재보험(주),30956804,95.64,32342920
R26BK01479659,2026-04-27,경상북도 구미시,도량동 구미고네거리 일원 도로정비공사 폐기물처리용역,(주)토종환경,28517800,88.398,
R26BK01475569,2026-04-27,서울특별시서부교육청 한성중학교,(긴급) 한성중학교 3학년 소규모테마형교육여행 입찰에 관한 건,(주)모노믹스,46453800,83.962,
R26BK01461079,2026-04-27,제주특별자치도교육청 제주중앙고등학교,2026학년도 제주중앙고등학교 1학년 수학여행 위탁용역 공고(긴급),주식회사 여행원,175605710,94.282,
R26BK01443245,2026-04-17,한국산업인력공단,중소기업 근로자주도 훈련 성과평가 및 향후 발전방안 용역,이화여자대학교 산학협력단,65000000,,
R26BK01477790,2026-04-27,주식회사 타이거 인공지능,AI 솔루션 실증을 위한 데이터 수집 인프라 구축 및 데이터셋 구축 용역,주식회사 잼머스,110000000,,
R26BK01475725,2026-04-27,한국자동차환경협회,2026년 기후부 전기차 충전시설 책임·종합 보험가입,메리츠화재해상보험주식회사,190642000,48.121,395976000
R26BK01476183,2026-04-27,국토교통부 서울지방국토관리청 수원국토관리사무소,2026년 국도45호선 3종시설물 양성1교 등 23개소 등 정기안전점검(내진)용역,(주)다한이엔지,70806000,87.756,
R26BK01469420,2026-04-27,경상북도 구미시 상하수도사업본부,(PQ후 가격입찰)노후 송수관로 정비사업 실시설계용역,주식회사 동해종합기술공사,596400000,86.19,
R26BK01476562,2026-04-27,전북특별자치도 남원시 농업기술센터,친환경에너지타운 미꾸리 양식단지 바이오가스 에너지화 시설 공사 실시설계용역,(주)건일디앤씨,28291000,88.055,
R26BK01424045,2026-04-21,조달청,KTV 공공아카이브 포털(나누리) 고도화(재구축) 용역,주식회사 데브옵스,457600000,,
R26BK01478844,2026-04-27,(재)충청남도역사문화연구원,월남 이상재 선생의 독립운동사적 위상 재조명 및 서훈 상향 연구사업 미디어콘텐츠 제작 용역,주식회사 푸른솔파트너스,8954790,90.158,
R26BK01460357,2026-04-27,부산광역시교육청 부경고등학교,2026학년도 부경고등학교 2학년 수학여행 위탁용역 입찰 공고(수정),(주)에덴항공여행사,86761000,95.238,
R26BK01488969,2026-04-27,국립공원공단 북한산국립공원사무소,북한산성 이주단지 관리 이관 시설물 조사 용역,주식회사 공간정보,15675000,95.0,
R26BK01466978,2026-04-24,(재)우체국시설관리단,임대형청사 12국 저수조 청소 및 수질검사 용역,주식회사 대경관리,13406056,88.005,
R26BK01487353,2026-04-27,한국농어촌공사 경남지역본부 합천지사,합천읍 농촌중심지활성화사업 아이좋아플랫폼 본인증(BF 및 에너지)용역,느낌과끌림 주식회사,18000000,90.909,
R26BK01475240,2026-04-27,국토교통부 서울지방국토관리청 수원국토관리사무소,2026년 국도3호선 3종시설물 진암3교 등 23개소 등 정기안전점검(내진) 용역,주식회사 에스티오이엔지,91298000,87.756,
R26BK01477696,2026-04-27,경상남도 사천시,2026년 해양쓰레기(침적) 정화사업,주식회사 뉴클린오션,159154986,88.47,
R26BK01434361,2026-04-27,경상남도교육청,2026. 청소년 흡연예방 노담교실 운영 용역,인제대학교 산학협력단,173910000,96.725,
R26BK01486642,2026-04-27,해양수산부 국립수산과학원 중앙내수면연구소,희소 관상생물 품종 연구,사단법인 한국관상어협회,96999903,97.782,
R26BK01485172,2026-04-27,해양경찰청 중부지방해양경찰청,2026년도 고정익항공기 CN-235 정비용역 수의시담,주식회사 샤프테크닉스케이,448944840,99.55,
R26BK01487473,2026-04-27,조달청 서울지방조달청,(위탁)산불 연료 시설물 정보 연계 기반 및 위험성 평가를 위한 수요 적용환경 조사_지능형,고려대학교산학협력단,117800000,100.0,
R26BK01477634,2026-04-27,충청북도 도로관리사업소 북부지소,단양 임현2지구 급경사지 붕괴위험지역 정비사업 실시설계용역,주식회사 좋은이엔지,38248400,88.072,
R26BK01479787,2026-04-27,국토교통부 대전지방국토관리청 논산국토관리사무소,2026년 논산국토 관내 세종 금남 감성1 등 38개소 정기안전점검,다원기술 주식회사,163646000,85.544,
R26BK01443402,2026-04-16,한국과학기술원,Global AI Frontiers Symposium 2026,주식회사 엠플레넷,346824720,,
R26BK01489345,2026-04-27,경기연구원,[수의시담] 전산장비 임차(광역 도시생태현황지도 상시 갱신 관리),(주)현대렌탈서비스,20900000,97.942,
R26BK01473714,2026-04-27,서울특별시 서울아리수본부 뚝도아리수정수센터,2026년 뚝도아리수정수센터 정기 위험성평가 용역,주식회사 안전을지키는사람들,8118000,97.998,
R26BK01478324,2026-04-27,한국수산자원공단 서해본부,2026년 태안군 꽃게 외포란 생산 위탁 관리(재공고),동진수산,98000000,98.333,
R26BK01480523,2026-04-27,인천광역시 남동구,만수시장 아케이드 설치공사 기본 및 실시설계용역,(주)삼정에이앤씨건축사사무소,74763480,88.021,84810000
R26BK01479806,2026-04-27,동명대학교,2026년 원격수업 플랫폼 전산장비 유지보수 용역,주식회사 디에이치솔루션,48630790,97.769,
R26BK01472792,2026-04-27,전남광주통합특별시 여수시 상하수도사업단,화정면 대여자도 도서식수원 개발사업 기본 및 실시설계 용역,서진기술개발 주식회사,174639000,87.858,
R26BK01490154,2026-04-27,지식재산처,(정책연구) 지식재산 클러스터 구축 방안 연구,사단법인 한국조직학회,20000000,100.0,
R26BK01490348,2026-04-27,경상북도교육청 포항이동고등학교,[긴급]2026학년도 포항이동고등학교 2학년 수학여행 위탁용역 공고,(주)영신관광,119370000,94.933,
R26BK01480619,2026-04-27,전북특별자치도 군산시,2026년 어업지도선(전북209호) 정기수리 용역,협동조선소,77799000,88.014,88484000
R26BK01479078,2026-04-27,전남광주통합특별시 화순군,[계약대행]2026년 화순적벽 버스투어 운영차량 임차 용역(단가계약),유한회사 김부장투어,539000,88.411,610000
R26BK01488577,2026-04-27,한국교육개발원,2026년 교육통계서비스 시스템 유지관리 사업,(주)누리인포스,79950000,99.937,
R26BK01485659,2026-04-27,충청북도,2026년 도민안전보험 어린이 안전보험 특약,현대해상화재보험(주),299133000,99.711,
R26BK01475911,2026-04-27,경상남도교육청 경상남도산청교육지원청,단성초등학교 옹벽비탈면 정밀안전진단 용역 수의견적 제출 안내 공고,성우구조안전연구소 주식회사,66480000,88.02,
R26BK01485662,2026-04-27,해양수산부 국립수산과학원,바지락 종자 우량 형질 발굴 및 다중 지표 기반 생존 기작 특성 비교 연구,인천대학교 산학협력단,88200000,100.0,
R26BK01437517,2026-04-14,기후에너지환경부 화학물질안전원,화학물질안전원 성장·소통 프로그램 운영,주식회사 에이투제트컨설팅,104000000,,
R26BK01469093,2026-04-27,한국장기조직기증원,2026년 업무용 차량 임차(렌트) 공고,(주)신원렌터카,39990000,88.866,
R26BK01462363,2026-04-20,한국국제협력단,KOICA 캐릭터 피코프렌즈 온오프라인 홍보물 기획 및 디자인,주식회사 비아이엠플랜스,44000000,100.0,
R26BK01489229,2026-04-27,한국농어촌공사 경남지역본부,농어촌지하수관측정 조사 및 분석 용역,주식회사 디엠 엔지니어링,41960000,89.503,
R26BK01485449,2026-04-27,서울특별시 도시기반시설본부,양곡도매시장 건립 기계·소방공사 TAB 용역,주식회사 기장엔지니어링,19393000,95.004,
R26BK01417061,2026-04-14,조달청,26년 Physical AI 산업 사이버보안 검증 및 경제적 파급효과 분석,주식회사 이글루코퍼레이션,290000000,,
R26BK01447760,2026-04-20,교육부,AI 시대 미래형 교과서 체제 도입 방안 연구,서울대학교 산학협력단,68000000,,
R26BK01449159,2026-04-20,서울특별시강동교육청 풍성중학교,2026학년도 풍성중학교 2학년 수련활동 위탁용역 입찰공고,엄마청소년수련원(너리굴문화마을),24646000,92.221,
R26BK01422105,2026-04-06,한국노인인력개발원,2026~2028 회계연도 외부 회계감사 및 세무조정,하늘회계법인,83523000,,
R26BK01479707,2026-04-27,국토교통부 대전지방국토관리청 논산국토관리사무소,2026년 논산국토 관내 대박절토사면1 등 24개소 정기안전점검,(주)한세지반엔지니어링,90054000,87.825,
R26BK01431304,2026-04-21,재단법인경기도일자리재단,2026년 경기도 5070 일자리박람회 운영 용역,주식회사 상상우리,900845000,,
R26BK01457315,2026-04-21,(사)한국수산회,K·GIM 브랜드 관리 및 콘텐츠 제작,옥수수콘 주식회사,200100000,,
R26BK01443458,2026-04-17,교육부,교과용도서 전자책등 운영 및 활성화 방안 연구,(재)한국과학창의재단,29700000,,
R26BK01489318,2026-04-27,서울특별시 북부공원여가센터,북서울꿈의숲 동문주차장 정밀안전점검 용역,주식회사 한구조엔지니어링,8536000,97.0,
R26BK01489448,2026-04-27,한국농어촌공사 충남지역본부 청양지사,운곡면 기초생활거점조성사업 제로에너지건축물 본인증 용역,에코빌드랩,9680000,88.0,
R26BK01489390,2026-04-27,재단법인 양산문화재단,핑크퐁 클래식나라 공연 시행,주식회사 크레디아뮤직앤아티스트,52000000,94.545,
R26BK01483817,2026-04-27,산림청 국립산림과학원,"(용역)산림자원, 임산물수급, 산림서비스의 통합적 전망 시스템 코딩",주식회사 에이아이블루,44000000,98.063,
R26BK01456805,2026-04-21,(재)서울경제진흥원,2026 혁신기업 글로벌 진출(유럽) 및 커뮤니티 활성화 용역,주식회사 에이스마케팅,228886000,,
R26BK01480496,2026-04-27,경상북도 청도군,원리(리도208호선)도로확포장사업(1차)건축물철거공사폐기물처리용역,주식회사 대국환경,26150520,89.409,
R26BK01488527,2026-04-27,한국보건산업진흥원,2기 환자중심 의료기술 최적화 연구사업 상세 기획연구,주식회사 제이씨디에이파트너즈,59000000,98.333,
R26BK01446685,2026-04-21,재단법인이민정책연구원(MRTC),국내 체류 외국인 전문인력 실태조사,주식회사 케이스탯리서치,100000000,,
R26BK01489268,2026-04-27,전남광주통합특별시교육청 광주청사,[전자시담] 2026년 광탈페(광주학생탈렌트페스티벌) 위탁용역,주식회사 상상오,53350000,100.0,
R26BK01454390,2026-04-27,경기관광공사,2026년 로컬여행 크리에이터 실태조사 연구용역,주식회사 서던포스트알앤씨,76650000,,
R26BK01425827,2026-04-17,조달청,2026년 온누리상품권 가맹 및 골목형상점가 확대 전담기관 운영 용역(2권역),주식회사 이에스지경영지원센터,396000000,,
R26BK01434363,2026-04-21,조달청 서울지방조달청,2026 에듀테크 코리아 페어 정부행사 대행 용역,(주)엑스포럼,323000000,,
R26BK01489599,2026-04-27,한국농어촌공사 경북지역본부 영덕.울진지사,금진항 어촌신활력증진사업 토목공사 재해예방기술지도 용역,태원산업안전지도사사무소,5720000,90.277,
R26BK01487191,2026-04-27,한국특허정보원,특허지표 통합 정비 및 신규 융합지표 개발 사업,한국지식재산연구원,231000000,100.0,
R26BK01478404,2026-04-27,경상북도 경산시,진량읍 상림리 도시계획도로(대2-진1) 정비공사 건설폐기물 처리용역,주식회사해림환경개발,46021900,88.615,
R26BK01462937,2026-04-14,서울특별시 동부공원여가센터,2026년 천호공원 바닥분수 청소 용역,(주)거문환경,11300000,95.117,
R26BK01446933,2026-04-27,서울특별시북부교육청 상명초등학교,2026학년도 상명초등학교 해외문화체험학습 위탁용역,(주)정풍관광,471280000,96.654,
R26BK01422186,2026-04-10,조달청 대구지방조달청,(일반용역비) 2026년 포유류 유래 병원체 수집 및 관리 용역(개발),건국대학교 산학협력단,190000000,,
R26BK01472200,2026-04-27,국토교통부 부산지방국토관리청 포항국토관리사무소,국도4호선 감나무교 등 15개소 정기안전점검 건설엔지니어링,(주)한국건설안전기술단,92930000,87.804,
R26BK01478938,2026-04-27,경기도 여주시,"능서도시계획도로(소로2류13호, 능서농협~농협창고) 폐기물 처리용역",(주) 강북공영,136116000,88.051,
R26BK01439963,2026-04-13,한국과학기술원,2026 Nature Conference: Autonomous Robotics  행사 대행,"주식회사 이고플랜컴(Ego Plan Com Co., Ltd)",123500000,,
R26BK01471781,2026-04-27,국가유산청 국립문화유산연구원 국립경주문화유산연구소,경주 쪽샘 44호분 출토 금속유물 3D 스캔(2차),(재)영남문화유산연구원,32360000,94.897,
R26BK01444703,2026-04-20,강원특별자치도 태백시,2026년 태백시 진로·진학 상담실 운영 용역,데오럭스 주식회사,220700000,,
R26BK01445662,2026-04-17,산림청 국립수목원,산림복원용 자생식물의 유전다양성 분석을 위한 국외 재료 수집,(사)한국식물원수목원협회,35000000,,
R26BK01489642,2026-04-27,한국농어촌공사 경기지역본부 여주.이천지사,2026년 내양배수장 외 3개소 전기안전관리대행용역,주식회사 중부전력이앤씨,7690000,93.963,
R26BK01449548,2026-04-20,산림청 서부지방산림청,"2026년 산사태 발생 우려지역 실태조사 용역(전남, 경남권역)",산림조합중앙회,132882120,,
R26BK01489655,2026-04-27,한국국토정보공사 전북지역본부장,고창 덕산지구 도시개발사업 지적확정측량 업무수행자 선정,주식회사 고원공간정보,171345900,100.0,
R26BK01447056,2026-04-21,국가유산청 궁능유적본부,창덕궁 권역 내 석조물 기초 조사 연구,주식회사 문도건축유산보존연구소,44240000,,
R26BK01478451,2026-04-27,국토교통부 서울지방국토관리청 의정부국토관리사무소,국도6호선 양서 복포 병목지점 개선공사 폐기물처리용역,백상기업주식회사,36421100,88.034,
R26BK01478357,2026-04-27,전라남도교육청 진성여자고등학교,2026학년도 진성여자고등학교 2학년 수학여행 위탁 용역,해성여행그룹협동조합,37916000,89.03,
R26BK01474168,2026-04-27,강원특별자치도교육청 강원특별자치도원주교육지원청,[긴급]흥업초 교사동 강원형 학교시설 증개축공사 상주감리용역,주식회사 성진엔지니어링건축사사무소,422292000,86.748,489351000
R26BK01478260,2026-04-27,경기도 양평군,2026년 재난 예·경보시스템 유지보수 용역(긴급),주식회사 서광기전,112633290,87.809,
R26BK01475128,2026-04-27,경북 문경시산림조합,"2026년 조림지 가꾸기사업(2,3년차) 실시설계용역",주식회사 현림,54375000,88.347,
R26BK01483795,2026-04-27,산림청 국립산림과학원,(용역)도서 및 해안 지역 저밀도 산림 GCP Chip 구축,지오캡쳐,88083000,97.999,
R26BK01448132,2026-04-27,재단법인 백제문화재단,「제24회 부여 서동연꽃축제」서동 나이트 퍼레이드 운영 용역(긴급),주식회사 주경,184000000,,
R26BK01479489,2026-04-27,전북특별자치도,화산~경천간(2공구) 지방도 확포장공사 임목폐기물 처리용역,유한회사 럭키우드,18891904,90.075,
R26BK01460961,2026-04-27,대구가톨릭대학교,2027학년도 대구가톨릭대학교 학부 신·편입생 입학전형 인터넷 원서접수 및 전형료 수납 대행 사업자 선정,(주)진학어플라이,85800000,,
R26BK01487486,2026-04-27,조달청 서울지방조달청,가나 볼타주 및 오티주 응급의료중심 지역보건의료체계 강화사업 형성조사,연세대학교 미래의료산학협력단,141300000,100.0,
R26BK01450506,2026-04-27,부산대학교병원,데이터 포털 품질관리 용역,주식회사 메가브릿지,140000000,,
R26BK01477619,2026-04-27,충청북도 도로관리사업소 북부지소,제천 사오지구 급경사지 붕괴위험지역 정비사업 실시설계용역,(주) 호연기술공사,84435100,88.028,
R26BK01438170,2026-04-15,국방과학연구소,(재공고) L-SAM-II 유도조종장치 SW신뢰성시험 용역,슈어소프트테크(주),207130000,79.463,
R26BK01479194,2026-04-27,국토교통부 대전지방국토관리청 보은국토관리사무소,국도25호선 가장교 등 5개소 건설엔지니어링 사업(내진성능평가),주식회사 도명,124081900,87.833,
R26BK01487781,2026-04-27,충청남도 소방본부,충남소방본부 소방작전용 산악중계소 노후 배터리 교체 용역,팔일오정보통신,11000000,94.778,
R26BK01487848,2026-04-27,재단법인 전북테크노파크,"피지컬 AI 기반 재난로봇(침수, 홍수, 화재 등) 실증연구센터 구축 연구용역",주식회사 하이브알엔에스,20500000,93.181,
R26BK01472406,2026-04-27,국토교통부 부산지방국토관리청 포항국토관리사무소,국도4호선 중기교 등 15개소 정기안전점검 건설엔지니어링,주식회사 다인기술단,96125100,87.752,
R26BK01458654,2026-04-27,해양수산부 동해지방해양수산청,(변경공고)장호항 정비사업(4차) 건설폐기물 처리용역(긴급),행운환경(합),11130500,87.776,
R26BK01487447,2026-04-27,조달청 서울지방조달청,(용역) 산림과학연구시험림 장기계획 수립을 위한 기초 현황조사,주식회사 씨엔,117600000,99.661,
R26BK01487588,2026-04-24,한국농어촌공사 경북지역본부 경산청도지사,중리지구 과실전문생산단지 기반조성사업 산지전용허가 및 복구설계 용역,주식회사 대경임산,4500000,90.909,
R26BK01483664,2026-04-27,산림청 국립산림과학원,(유지보수)2026년 산림 미세먼지 측정넷 유지보수 용역,주식회사 파코코리아인더스,296000000,98.666,
R26BK01476707,2026-04-27,경상북도 문경시,문경시 흥덕동 경서로 아스콘포장공사 건설폐기물처리 용역,푸른환경,35017000,88.016,
R26BK01476649,2026-04-24,울산광역시 울주군,빈집정비 지원사업 철거공사 건설폐기물(중간처리) 처리용역 소액용역 수의계약 견적제출 공고,주식회사동운,33621000,88.184,
R26BK01445108,2026-04-21,한국보건의료연구원,2026년 의료기술재평가 정보시스템 유지관리 사업,주식회사 타이드플로,45000000,,
R26BK01480082,2026-04-27,충청남도 서산시,2026년 지방하천 시설물 2분기 정밀안전점검 및 정기안전점검 용역,(주)창조종합건축사사무소,51316000,88.263,
R26BK01473388,2026-04-27,전남광주통합특별시 종합건설본부,무진교(평동) 정밀안전진단 용역,반석안전 주식회사,118413000,86.848,
R26BK01488127,2026-04-27,국토교통부 국토지리정보원,경남권(1) 지명의 속성정보 확충,새한항업(주),134320000,99.992,
R26BK01416266,2026-04-06,(재)인천인재평생교육진흥원,2026년도 인천인재평생교육진흥원 대학생 해외봉사 운영 용역,사단법인 한국메타교육협회,90000000,,
R26BK01466018,2026-04-24,전북특별자치도 정읍시,안전점검 수행기관 지정 공고(정읍종합운동장 제2종공인 육상경기장 부속시설 조성공사),마루건설이앤씨 주식회사,2897380,88.305,
R26BK01479061,2026-04-27,서울대학교,서울대학교 2026년 개별 냉·난방(E·GHP)설비 전문관리 용역,(주)이맥스파워,205078990,89.524,
R26BK01374978,2026-04-27,경상북도 울진군,울진 해안 스카이로드 조성사업 기본 및 실시설계용역(PQ 후 가격입찰),주식회사 한국종합기술,391539000,87.566,
R26BK01479785,2026-04-27,경상북도 경주시,경주시립미술관 건립 기본계획 수립 용역,경북미래연구컨소시엄(주),42649000,88.292,48856000
R26BK01422481,2026-04-09,한국연구재단 정보통신기획평가원,AI ICT 국방기술 전략화 방안 수립 연구,인터젠컨설팅 주식회사,95000000,,
R26BK01478919,2026-04-27,경상북도 울진군 맑은물사업소,울진지방상수도(읍남3리) 노후관로 교체공사 폐기물처리용역,(주)우진산업,47478000,89.822,53090000
R26BK01488051,2026-04-24,해양수산부,제6차 내수면어업 진흥 기본계획 수립 및 실태조사 연구,사단법인 한국행정학회,196000000,98.989,
R26BK01487956,2026-04-27,문화체육관광부 국립국어원,2026년 한국수어 교육자료 개발,강남대학교 산학협력단,99000000,100.0,
R26BK01483763,2026-04-27,산림청 국립산림과학원,(위탁)회양목명나방의 친환경 방제를 위한 발생 시기 조사,강원대학교산학협력단,26346000,97.998,
R26BK01453022,2026-04-27,서울특별시성동교육청 구의중학교,구의중 2026학년도 소규모테마여행 위탁 계약,(주)좋은시간여행사,61068400,90.319,68268480
R26BK01478773,2026-04-27,인천광역시 소방본부,만석119안전센터 재건축 공사 감리용역(전기·정보통신),주식회사 지유엔지니어링,86908096,88.024,
R26BK01479810,2026-04-27,경기도 성남시 분당구,2026년 분당구 교차로소성변형 정비공사 폐기물처리용역,(주)오성개발,94487990,88.434,
R26BK01478660,2026-04-27,경상북도,토일천 재해복구사업 건설폐기물처리용역(3차),주식회사 도암,75959600,88.032,
R26BK01447551,2026-04-20,해양수산부 국립수산과학원 동해수산연구소,AI수중영상 분석 모델 개발 용역 재공고,부산대학교산학협력단,30000000,,
R26BK01476177,2026-04-27,충청북도 보은군 상하수도사업소,상수도 유수율 제고사업 누수탐사 용역,주식회사 영진엔지니어링,84576800,89.01,96470000
R26BK01485754,2026-04-27,부산교통공사,국제표준(ISO) 개인정보보호·정보보안 관리체계 사후관리 인증심사 컨설팅 용역,주식회사 커버드,40000000,95.238,
R26BK01486073,2026-04-27,경기도 수원시,수원 군 공항 이전 관련 기본구상(안) 연구 용역,(재)수원시정연구원,44990000,90.016,
R26BK01488179,2026-04-24,한국농어촌공사 경남지역본부,"반포,용산,광암지구 양수장 시설개선사업 세부설계 용역",주식회사 선진엔지니어링종합건축사사무소,355228000,89.8,
R26BK01450009,2026-04-22,한국과학기술정보연구원,인공지능 기반 글로벌 기술사업화 분석 플랫폼 운영·관리,(주)오픈메이트,47500000,95.959,
R26BK01477639,2026-04-27,충청북도 도로관리사업소 북부지소,충주 조동1지구 급경사지 붕괴위험지역 정비사업 실시설계용역,주식회사 서광기술단,24171000,88.044,
R26BK01477709,2026-04-27,경상남도 사천시,2026년 해양쓰레기(부유) 정화사업,주식회사 한산,146641560,87.795,
R26BK01477973,2026-04-27,주식회사킨텍스,"2026년 제1, 2전시장 야외조경 유지관리 용역",(주) 에코존,65538000,88.032,
R26BK01489537,2026-04-27,조달청 대전지방조달청,2026년 기후변화 시나리오 승인 체계 구축 용역,(주)동녘,197000000,100.0,
R26BK01478303,2026-04-27,강원특별자치도 삼척시,정하나릿골지구 급경사지 붕괴위험지역 정비사업 실시설계용역,주식회사 화신엔지니어링,199538000,86.82,227066000
R26BK01472033,2026-04-27,충청남도 당진시,모평교 재가설 재해복구사업 지반조사용역,알천엔지니어링 주식회사,61075000,88.197,
R26BK01473651,2026-04-27,경상남도 창원시,2026년 환경정화선(창원누비호) 상가 수리 정비 용역,칸조선 주식회사,43500000,88.191,
R26BK01488313,2026-04-24,한국농어촌공사 경기지역본부 화성.수원지사,2026년 왕송습지 산책로 제초작업 용역,(주)고운조경,51150000,93.655,
R26BK01488544,2026-04-27,한국보건산업진흥원,mRNA 백신 실증 및 제품화 지원 사업계획 수립,주식회사 더더블유랩,99600000,99.6,
R26BK01489974,2026-04-27,서울특별시 서울시립대학교 산학협력단,차세대통신 및 국방 융합 기술교류 워크숍 용역,(주)루미너스,21560000,98.0,
R26BK01465591,2026-04-27,제7군단,[A26033] 폐수처리시설 설치 등 6건 설계용역,주식회사 디에스건축사사무소,178039000,86.82,
R26BK01478193,2026-04-27,전북특별자치도,건설공사(하천분야) 안전점검 수행기관 지정(용문천 지방하천 정비사업),주식회사 호건,42975000,87.798,
R26BK01486729,2026-04-27,국가유산청 국립해양유산연구소,2026년 어린이날 행사 대행(시설물 설치 및 운영) 용역,주식회사 드림커뮤니케이션,20200000,98.661,
R26BK01454513,2026-04-27,서울특별시강서교육청 백석중학교,2026학년도 백석중학교 2학년 수련활동 위탁용역 규격가격 동시입찰 공고,농업회사법인 주식회사 자연나라,45660000,91.916,
R26BK01343259,2026-04-06,대구광역시 남구,대명2동 행정복지센터 신축공사 건축설계공모 공고,건축사사무소 도약,0,,
R26BK01380778,2026-04-03,독립기념관,2026년 현충시설 스탬프투어 개발·운영,주식회사 앤다,189000000,,
R26BK01428434,2026-04-13,경기도 안산시 농업기술센터,2026년 대부포도축제 행사대행 용역(민간입찰대행),주식회사 펨코이엔티크리에이터,110770000,,
R26BK01418700,2026-04-15,조달청 대전지방조달청,한-UNDP 국제 반부패 포럼 행사 운영 위탁,(주)글로벌에프앤씨,205048707,,
R26BK01435363,2026-04-15,조달청 광주지방조달청,실증테스트베드 운영 및 관리 용역,유한회사더블에스,383000000,,
R26BK01434738,2026-04-17,경상남도 거제시,제18회 전국해양스포츠제전 공식행사 연출 대행 용역,주식회사 문화엔터프라이즈,549990375,,
R26BK01428979,2026-04-20,익산시 상권활성화 사업단,익산다e로움 상권르네상스 다다영등 얼맥 페스티벌 용역,(주)전주방송,240000000,,
R26BK01424415,2026-04-09,조달청 대전지방조달청,국가과학기술연구회 추진과제 사업비 위탁정산,현대회계법인,136000000,,
R26BK01419880,2026-04-06,경상북도문화관광공사,경북 웰니스관광 인플루언서 팸투어 운영 용역,피앤알커뮤니케이션(주),80000000,,
R26BK01419642,2026-04-09,해병 제9691부대,26-덕-안전교육용 영상제작 용역,리오프로덕션,14000000,70.295,
R26BK01424108,2026-04-13,국민건강보험공단 일산병원,2026년도 리더십역량 교육 위탁운영 용역,주식회사 에이디링크연구소,88165000,,
R26BK01414685,2026-04-28,조달청,아산시 공설장사시설 확충사업 감독권한대행 등 통합 건설사업관리용역,(주)한국환경종합건축사사무소,2536116000,80.028,
R26BK01429423,2026-04-17,익산시 상권활성화 사업단,익산다e로움 상권르네상스 점포환경개선(상권 환경 정비) 용역,홍익,100000000,,
R26BK01458776,2026-04-28,전남광주통합특별시교육청 고려고등학교,(긴급)2026학년도 고려고등학교 수학여행 위탁용역 2단계(규격·가격동시) 입찰 공고,(주)광주현대관광,110840000,94.58,
R26BK01470447,2026-04-28,대구광역시교육청 강북고등학교,강북고등학교 급식소 증축 및 교육환경개선 건설폐기물 처리용역(변경공고),주식회사 월드환경개발,49570000,88.086,56723000
R26BK01435462,2026-04-23,조달청 서울지방조달청,2026년 미술시장 정보시스템 및 작가 디지털 아카이브 통합 유지보수,랜드소프트 주식회사,235000000,,
R26BK01473420,2026-04-28,조달청 서울지방조달청,국도47호선 포천 사직2교A2~수입교A1 등 6개소 포장도 보수공사 건설폐기물처리용역,(합)강원환경,160280000,86.762,
R26BK01484833,2026-04-28,조달청 인천지방조달청,2026년 국가 수은통합측정망 운영사업,이에이치알앤씨 주식회사,329305000,100.0,
R26BK01465716,2026-04-27,사단법인 한국사과연합회,사과의무자조금 카카오채널 활성화 및 운영,농업회사법인 리더스팜 주식회사,15000000,100.0,
R26BK01456384,2026-04-28,인천광역시교육청 인천영흥고등학교,2026학년도 인천영흥고등학교 현장체험학습(고1 해외문화현장체험학습) 위탁용역,주식회사 갤럭시관광,75291240,97.193,
R26BK01458450,2026-04-22,한국에너지정보문화재단,2026년 지역사회역량강화 프로그램 운영 용역,파란컴퍼니 주식회사,88157000,96.04,
R26BK01490161,2026-04-27,한국어촌어항공단,2026년 국가어항(연도항 등 4개항) 부잔교 유지보수공사 재해예방기술지도 용역,하나안전기술원 주식회사,1760000,100.0,
R26BK01490190,2026-04-28,한국지역난방공사 화성지사,2026년 화성지사 비점오염저감시설 유지관리 용역,동양환경엔지니어링(주),4642000,93.411,
R26BK01430923,2026-04-14,조달청 인천지방조달청,국내체류동포 청소년‧대학생 역사문화캠프 위탁 운영 용역,주식회사 이브릿지글로벌,140000000,,
R26BK01398841,2026-04-28,울산광역시 남구,울산 남구 B-14구역 재개발정비사업 주택건설공사 감리자(건축) 모집 공고,주식회사 이가에이씨엠건축사사무소,5575176000,72.964,
R26BK01483110,2026-04-28,전남광주통합특별시 화순군,2025년 화순군 오염총량관리 시행계획 이행평가 용역(재),주식회사 우진기술개발,64839000,88.276,
R26BK01457272,2026-04-22,조달청 대전지방조달청,2026년 전통시장 화재알림시설 작동점검 위탁용역,(사) 한국화재보험협회,250000000,,
R26BK01447895,2026-04-21,정보통신산업진흥원,2026년 AX실증지원사업 성과관리 용역,(주)씽크포비엘,96030000,,
R26BK01441150,2026-04-28,조달청,운중터널 등 10개소 정밀안전점검용역,주식회사 홍익기술단,204805000,86.904,
R26BK01490181,2026-04-28,근로복지공단 근로복지연구원,2026년 퇴직연금사업자 성과 및 역량 평가(전자시담),동아대학교 산학협력단,120000000,100.0,
R26BK01475228,2026-04-28,강원특별자치도 춘천시,2026년 춘천 투어패스 운영 용역,주식회사 경남물산,62206000,89.938,
R26BK01465023,2026-04-28,중앙선거관리위원회,2026년 정밀안전점검 및 내진성능평가 용역,주식회사 한국구조안전기술,72467360,87.752,
R26BK01480988,2026-04-28,전북특별자치도 전주시 덕진구,쪽구름로 일원 도로 재포장 공사 폐기물처리용역 견적제출 안내공고,유한회사 대성환경,67667297,88.055,
R26BK01478453,2026-04-28,전남광주통합특별시교육청 전남청사,2026년 전라남도교육청 고위공직자 등 부패위험성 진단 용역,주식회사 플랜마스터21,23812000,88.101,
R26BK01443024,2026-04-21,조달청 충북지방조달청,2026 VICTORY 프로그램(벤처캐피탈리스트 ICT 전문성 강화 교육) 운영 용역,주식회사 더 웰컴,108787309,,
R26BK01451213,2026-04-28,서울특별시북부교육청 한천중학교,2026학년도 한천중학교 3학년 수련활동 용역 입찰공고,재단법인 효정국제문화재단,44304000,91.047,48533280
R26BK01448291,2026-04-28,한국농어촌공사 충남지역본부,신달지구 배수개선사업 세부설계용역(PQ),주식회사 경동엔지니어링,248275000,86.945,
R26BK01472784,2026-04-28,서울특별시,서울특별시청 본관 기계설비 성능점검 용역,(주)거영그린테크,53472310,87.78,
R26BK01493437,2026-04-28,한국농어촌공사 충남지역본부 서산.태안지사,성암교량 재해복구공사 재측량설계 용역,주식회사 예당엔지니어링,19800000,90.41,
R26BK01493345,2026-04-28,한국철도기술연구원,(승강장안전문) 발주사양서 개발 및 적용성 분석 기술용역,(주)태성로직스,53150000,99.998,
R26BK01432963,2026-04-15,한국원자력안전기술원,법정필수과정 및 AI 교육과정 이러닝 운영 위탁 용역,(주)휴넷,41400000,,
R26BK01483375,2026-04-28,전북특별자치도 정읍시,현대3차 뒤 공영주차장 조성사업 철거공사 건설폐기물처리용역,유한회사 숲으로,48215000,88.133,
R26BK01452690,2026-04-21,한국환경산업기술원,환경분야 특성화대학원 육성사업 고도화 방안 마련,주식회사 이노엑트,88000000,,
R26BK01477195,2026-04-28,강원특별자치도 정선군,화암면 호촌 농어촌생활용수 개발사업 건설폐기물처리용역,건백산업주식회사,231081700,86.841,
R26BK01490799,2026-04-27,한국농어촌공사 충남지역본부,서지지구 농업용 공공관정 정밀진단용역,주식회사 세종엔지니어링,48000000,87.987,
R26BK01481333,2026-04-28,전남광주통합특별시교육청 전남광주통합특별시광주서부교육지원청,2026년 서부 학교지원센터 학교 모래놀이장 소독(스팀) 사업 용역 수의계약 안내공고,(주)하람,26349270,88.051,
R26BK01479600,2026-04-28,경상북도 성주군,작은지구 급경사지붕괴위험지역 정비사업 폐기물처리용역,주식회사 태산파우텍,30142289,88.274,
R26BK01459713,2026-04-28,전남광주통합특별시교육청 전남광주통합특별시해남교육지원청,[긴급] 2026. 작은학교 중학생 독서인문 글로컬 탐방 위탁 용역,현대관광 유한회사,202660000,,
R26BK01491423,2026-04-28,대한체육회 진천선수촌,2026년 국가대표 능력개발 교육 운영 용역,(주)파고다에스씨에스,390000000,97.943,
R26BK01483326,2026-04-28,전남광주통합특별시 목포시 맑은물사업단,남해하수처리장 하수처리오니 위탁처리 용역(1차),유한회사 상지,43585101,88.319,
R26BK01475357,2026-04-28,서울특별시 서울아리수본부 강동수도사업소,2026년 자동제어설비 유지관리용역(장기계속계약),주식회사 이리야시스템,48760800,89.52,
R26BK01491605,2026-04-28,서울특별시 관악소방서,2026년 관악소방서 보이는 소화기 하부 교체·정비 용역,에스파이어(S-Fire),11680000,94.974,
R26BK01490983,2026-04-28,한국농어촌공사 영산강사업단,영산강하구둑 네트워크 계통도 조사 용역,(유)금화이엔에스,19100000,88.274,
R26BK01491109,2026-04-28,산림청 국립산림과학원,(용역)2026년 목재·제지산업분야 한국산업표준(KS) 정비,사단법인 한국목재공학회,97510000,98.0,
R26BK01492270,2026-04-28,한국지역난방공사 화성지사,2026년 화성지사 가스누설감지경보기 검교정 용역,성화전자 주식회사,4767400,88.255,
R26BK01492298,2026-04-28,한국지역난방공사 파주지사,파주지사 위험물 취급소 인허가 용역,주식회사 비티엑스엔펌,13200000,90.664,
R26BK01489673,2026-04-28,조달청 서울지방조달청,2026년 문화 디지털 아카데미 운영,주식회사 케이브레인컴퍼니,136360000,100.0,
R26BK01475536,2026-04-28,경기도교육청 경기도의정부교육지원청,경기북과학고 공동사택증축공사 건설폐기물 처리 용역,그린스톤산업 주식회사,29469000,88.063,
R26BK01465993,2026-04-27,학교법인한국폴리텍 한국폴리텍대학직업교육연구원,(긴급)성과평가 체계 개선 연구용역,(유)미래비즈니스아카데미,40000000,,
R26BK01475303,2026-04-28,울산광역시,삼일교 등 2개소 정밀안전점검 용역,산업안전관리(주),84899980,88.031,
R26BK01481737,2026-04-28,울산광역시 남구,2026년 배수펌프장 안전점검(정밀 및 정기) 용역,주식회사 정민건설,33964000,88.393,
R26BK01479805,2026-04-28,인천광역시 강화군 보건소,용역(소액수의) 견적 제출안내 공고[민간위탁 방역사업 용역(제18권역)],누리크린,10168270,90.038,
R26BK01479691,2026-04-28,인천광역시 강화군 보건소,용역(소액수의) 견적 제출안내 공고[민간위탁 방역사업 용역(제14권역)],에코그린,19087275,88.518,
R26BK01493046,2026-04-28,한국생명공학연구원,2026년도 바이오소재 네트워크 강화 및 활성화를 위한 온·오프라인 홍보 용역(수의시담),주식회사 엠펀치,93700000,96.888,
R26BK01461378,2026-04-28,서울특별시북부교육청 태랑중학교,2026학년도 태랑중학교 3학년 수련활동 용역,재단법인 효정국제문화재단,48900000,91.999,
R26BK01477406,2026-04-28,전남광주통합특별시 무안청사,2026년 지방도 건설사업관리용역,주식회사 다산컨설턴트,2469880000,80.949,
R26BK01483419,2026-04-28,경기도 시흥시,2026년 도로포장보수 단가공사(중부권 2차) 폐기물처리용역,주식회사 대성인더스트리,52933300,88.508,
R26BK01486660,2026-04-27,농림수산식품교육문화정보원,2026년 동물복지 재원마련 국내외 현황조사,주식회사 케이엠플러스컨설팅,46500000,97.894,
R26BK01477292,2026-04-28,경기도교육청 경기도화성오산교육지원청,2026년 경기도화성오산교육지원청 시설공사 하자검사 용역,주식회사아키포인트건축사사무소,118213230,87.747,
R26BK01489739,2026-04-27,서울특별시 물재생센터 난지물재생센터,슬러지1처리장 가스교반기 L호기 추가 수리 용역,정인테크,13658000,94.998,
R26BK01476881,2026-04-28,경상북도 김천시,남면 갈항 하수관로 정비사업 실시설계용역,(주)이상엔지니어링,169938000,87.756,194200000
R26BK01482212,2026-04-28,울산광역시교육청,다운고 급식소 현대화 전기.통신.소방공사 설계용역,주식회사 한국인엔지니어링,8204560,91.495,
R26BK01435441,2026-04-14,재단법인한국교육환경보호원,유아 식문화 교육 뮤지컬 개발,주식회사 브로슨컴퍼니,37500000,,
R26BK01476027,2026-04-28,국토교통부 원주지방국토관리청 홍천국토관리사무소,"2026년 홍천국토 관내 북부권역 시설물 정기안전점검용역(상,하반기)",주식회사 경원엔지니어링건축사사무소,195049000,85.496,
R26BK01478475,2026-04-28,인천광역시 강화군 보건소,용역(소액수의) 견적 제출안내 공고[민간위탁 방역사업 용역(제3권역)],주식회사 더굿셀컴퍼니,18750250,88.142,
R26BK01475332,2026-04-28,울산광역시,신답교 등 3개소 정밀안전점검 용역,유한회사 화영종합건설,83826634,88.353,
R26BK01472725,2026-04-28,조달청 서울지방조달청,국도47호선 포천 장암2교A2~장암1교A1 등 4개소 포장도 보수공사 건설폐기물처리용역,산양환경산업 주식회사,84094000,87.755,
R26BK01482554,2026-04-28,전남광주통합특별시 서구,화정근린공원 자연놀이공간 조성사업 공원조성계획 변경 및 실시설계 용역,주식회사 신영,67043100,88.287,76710000
R26BK01370300,2026-04-15,조달청 대전지방조달청,2026년 ODA 국민·전문가 인식 조사,(주) 메가리서치,109000000,,
R26BK01460625,2026-04-23,리벤텍 주식회사,한국보건산업진흥원-백신원부자재 성능 시험 (독성 평가),코아스템켐온(주) 양지지점,110000000,100.0,
R26BK01477356,2026-04-28,경상남도 서부도로관리사업소,용역 소액수의 견적 제출안내 공고[영전교 외 1개교(황매1교) 정밀안전점검용역],주식회사 두비,44508240,88.028,
R26BK01385960,2026-04-03,조달청 부산지방조달청,태평양 도서국 맞춤형 기후예측시스템(PICASO)의 5개 국가 특화 개선,제니토스,300000000,,
R26BK01480512,2026-04-28,경상북도 문경시,제6기 지역사회보장계획 수립 용역,문경대학 산학협력단,43640444,96.919,
R26BK01480914,2026-04-28,충청남도 아산시,고용산 숲속야영장 조성사업 임목폐기물 처리용역,(주)디케이,29238500,88.27,
R26BK01489304,2026-04-28,건강보험심사평가원,(수의시담) 신약 등 건강보험 등재를 위한 합리적 비용효과성 평가 기준 마련 연구용역,경상국립대학교 산학협력단,60000000,100.0,
R26BK01491139,2026-04-28,농림축산식품부 국립종자원,"2026년 해외현지 품종전시포(공동전시포, 중국 허베이·윈난) 조성·운영 용역",농업회사법인 대일국제종묘 주식회사,91500000,99.456,
R26BK01477465,2026-04-28,대전광역시,평송네거리 일원 노후관 개량공사 실시설계용역,(주)중부기술단,52500000,88.228,
R26BK01476587,2026-04-28,동해시시설관리공단,2026년 동해시시설관리공단 업무용차량 임차 용역,기아 주식회사,54600000,93.583,58200000
R26BK01481798,2026-04-28,경상남도 창녕군,2026년 야생따오기 번식 특성 연구 및 분석 용역,재단법인금성재단,29978000,88.005,
R26BK01418612,2026-04-14,조달청 서울지방조달청,2026년 군인가족의 날 기념 초청행사,주식회사 온앤미,126420000,,
R26BK01438808,2026-04-17,한국발명진흥회,2026 지식재산 거래 네트워크(IP-LINK) 행사 운영 용역,주식회사 인벤투,29900000,,
R26BK01401536,2026-04-10,대한체육회,스포츠클럽 제도개선 및 컨설팅,주식회사 임팩트퍼스트,135000000,,
R26BK01480130,2026-04-28,국토교통부 대전지방국토관리청 논산국토관리사무소,국도77호선 보령해저터널 결로대책 제습기 설치용역,케이에스유통,229416980,80.539,
R26BK01485102,2026-04-28,코레일유통(주),코레일유통 본사 사옥 2026년 법정 소방시설 점검(작동/종합) 용역,주식회사 에이원방재산업,14300000,94.607,
R26BK01461327,2026-04-28,경기도 의왕시,주택건설공사 감리자(소방) 모집 공고(의왕백운밸리 A1블럭),주식회사 하늘천,121771780,83.028,
R26BK01475406,2026-04-28,국토교통부 서울지방국토관리청,국지도98호선 광주 곤지암 만선-건업 도로건설공사 국가유산영향진단용역,재단법인 동서문물연구원,4309000,87.86,
R26BK01491326,2026-04-28,국토교통부,2026년 공간정보 산업조사,공간정보산업진흥원,283680000,100.0,
R26BK01474885,2026-04-28,제주특별자치도개발공사,남원태흥·동홍동 공공주택 전기공사 통합감리용역,주식회사 송하기술감리,593981219,85.5,
R26BK01479339,2026-04-28,인천광역시 강화군 보건소,용역(소액수의) 견적 제출안내 공고[민간위탁 방역사업 용역(제6권역)],언제나클린,18696570,88.029,
R26BK01377731,2026-04-20,한국콘텐츠진흥원,2026 해외 콘텐츠시장 분석 위탁용역,주식회사스트라베이스,363660000,,
R26BK01421685,2026-04-21,조달청 서울지방조달청,2026년도 해양수산과학기술진흥원 홍보 용역,주식회사 보다컴퍼니,126000000,,
R26BK01443473,2026-04-20,한국스포츠과학원,"2026 스포츠산업 동향 뉴스레터 제작, 홍보 및 발송",한숲,30000000,,
R26BK01476622,2026-04-28,경상남도 통영시,욕지면 도동항 어촌신활력증진사업(토목) 실시설계용역,주식회사 창미이엔지,110418000,88.07,
R26BK01481738,2026-04-28,전남광주통합특별시 여수시,남면 안도항 방파제 연장공사 등 4건 간이해양이용협의 용역,바다생태연구소(주),26148200,88.717,
R26BK01491166,2026-04-28,연세대학교 미래캠퍼스,ISO 45001 및 ISO 14001 통합 인증(사후심사) 용역,한국생산성본부인증원 주식회사,5891938,93.999,
R26BK01491335,2026-04-27,한국농어촌공사 전남지역본부 진도지사,2026년 물관리자동화설비 점검정비용역,(유)금화이엔에스,4500000,91.761,
R26BK01457724,2026-04-27,서울특별시교육청 예일디자인고등학교,예일디자인고등학교 1학년 수련활동 위탁 용역,사)국제미래재단,33466500,98.69,34157250
R26BK01492415,2026-04-28,한국농어촌공사 제주지역본부,2026년 재해예방계측시스템 장기계측용역,코탐 주식회사,5400000,,
R26BK01465007,2026-04-28,제주특별자치도교육청 제주외국어고등학교,2026학년도 1학년 현장체험학습(수학여행)위탁 용역,주식회사 서진해외여행,67826180,95.468,
R26BK01456946,2026-04-28,서울특별시교육청 세종과학고등학교,2026학년도 세종과학고 2학년 제주도 자연탐사 위탁 용역(긴급),(주)정풍관광,125613000,97.066,
R26BK01481706,2026-04-28,충청북도 괴산군,학골자연재해위험개선지구정비사업기본및실시설계용역,주식회사 화신엔지니어링,2028867000,81.845,
R26BK01481613,2026-04-28,울산광역시 중구,"2026년 태화강제방 안전점검(정기, 정밀) 및 홍수기 전중후 안전점검 용역",한울기술 주식회사,48826280,88.029,
R26BK01474886,2026-04-28,경기도 여주시,금은모래강변공원 매장유산 시굴조사 용역,재단법인 한백문화유산연구원,129817400,86.761,
R26BK01479106,2026-04-28,강원특별자치도 춘천시,2026년 탄부저수지 정밀안전진단 용역,주식회사 동서엔지니어링,62229000,88.314,
R26BK01480831,2026-04-28,충청남도 부여군,개사육농장주 등 전·폐업지원 지장물 일반 철거공사 폐기물처리용역(내산면 묘원리),백제환경,30212000,88.012,
R26BK01483407,2026-04-28,서울물재생시설공단,2026년 임직원 단체보험 가입 용역,메리츠화재해상보험주식회사,124575660,86.606,
R26BK01483036,2026-04-28,충청남도 금산군 보건소,금산군 제9기 지역보건의료계획(2027~2030) 수립 연구 용역,주식회사 디앤알,44760000,89.833,
R26BK01464413,2026-04-28,전남광주통합특별시 여수시,주택건설공사 안전점검 수행기관 지정 공고(여수 소제지구 A3블록),(주)대한구조안전기술단,208480000,87.136,
R26BK01429491,2026-04-14,서울특별시,2026년 서울시·수도권 주택시장 모니터링단 운영 용역,주식회사 서던포스트알앤씨,79200000,,
R26BK01493624,2026-04-28,한국어촌어항공단,2026년 보건관리전문기관 위탁 업무 용역,재단법인 정해산업보건연구소 중앙의원,11400000,95.0,
R26BK01435586,2026-04-17,한국농어촌공사 충남지역본부,부여군 임천면 기초생활거점조성사업 기본계획수립 용역,(사)지역정보연구원,164000000,,
R26BK01424900,2026-04-17,조달청,2026년 디지털윤리 전문강사 파견교육 운영,(주)티엠디교육그룹,1700000000,,
R26BK01459731,2026-04-28,서울특별시성북교육청 북악중학교,2026 북악중학교 2학년 수련활동 용역 입찰 공고,국제광림비전랜드,22681000,86.258,26392000
R26BK01477106,2026-04-27,충청남도 공주시,공주시 도시생태현황지도(3차) 연구 용역,재단법인 충남연구원,89275000,88.308,
R26BK01474639,2026-04-28,인천광역시 종합건설본부,인천대로 일반화 도로개량공사(1-2단계) 건설폐기물(2차) 처리용역,주식회사 보령환경산업,1343394000,85.565,
R26BK01482650,2026-04-28,강원특별자치도,"평창 고길천 상리지구 지방하천 정비사업 폐기물처리용역(폐아스콘, 1차)",건백산업주식회사,25689760,88.176,29300000
R26BK01483852,2026-04-28,경상남도 합천군,2026년 합천읍 주민공동체 활성화 지원사업 용역,다온이엔씨,87745000,88.001,100000000
R26BK01473387,2026-04-28,조달청 서울지방조달청,국도47호선 포천 도평1교A2~장암3교A1 등 4개소 포장도 보수공사 건설폐기물처리용역,(주)오성개발,85231900,87.884,
R26BK01467077,2026-04-28,경기도 양주시,2026년 양주권 자원회수시설 정기보수기간 등 미처리 폐기물 위탁처리용역(2권역)(단가),주식회사 신승에너지,162500,86.887,
R26BK01491283,2026-04-28,서울특별시 서울아리수본부 뚝도아리수정수센터,뚝도아리수정수센터 태양광설비 설치공사 설계용역,(주)조은기술단,14872000,97.888,
R26BK01474628,2026-04-28,경상북도 포항시,포항시 추모공원 진입도로(국도접속구간) 개설공사 건설사업관리(설계단계) 및 설계VE 용역,주식회사 보우엔지니어링,183817000,88.03,211000000
R26BK01450005,2026-04-22,조달청 인천지방조달청,항공기상 관측자료 통합활용시스템 구축(II),주식회사 어픽,147000000,,
R26BK01490694,2026-04-27,서울특별시 인재개발원,제1기 6급 미래인재양성과정 공직가치 체험 전세버스 임차 용역,(주)비에스관광개발,8800000,94.827,
R26BK01428950,2026-04-28,조달청,2026년 폐석탄광산 토양수질환경 오염·표토침식 조사 및 평가,재단법인 국제환경시험연구원,1023220000,86.054,
R26BK01483707,2026-04-28,경기도 평택시,평택여중사거리 일원 도로정비공사 폐기물(폐아스콘)처리용역,(주)진흥중공업,57807000,88.555,
R26BK01478629,2026-04-28,전남광주통합특별시 곡성군,2026년 곡성군 공용차량 통합 보험 가입 용역,(주)케이비손해보험,24960560,67.203,
R26BK01483262,2026-04-28,경상남도 동부도로관리사업소,국도79호선 창녕부곡거문 수해복구공사 폐기물처리용역,유신환경 유한회사,23464700,88.006,
R26BK01445008,2026-04-21,인사혁신처,2026년도 지방직 채용시험 관련 보안업무 위탁용역,주식회사 에스티에이,69913800,,
R26BK01474291,2026-04-28,국토교통부 부산지방국토관리청 대구국토관리사무소,"국도25호선 청도 다로지구 등 43개소 절토사면·옹벽 정밀안전점검, 성능평가 및 정기안전점검 기술용역",플러스테라 주식회사,318251000,85.646,
R26BK01482529,2026-04-28,서울특별시 강동구,2026년 청소차량 및 건설기계 자동차보험 가입(긴급),(주)케이비손해보험,71220950,62.897,
R26BK01430314,2026-04-28,서울교통공사,5~8호선 연락송전선로 개량공사(9차) 감리용역,에스에이치기술공사,299180000,87.245,
R26BK01482298,2026-04-28,전북특별자치도교육청 배영고등학교,배영고등학교 수변전시설 개선 설계용역,유한회사 대화,10238675,88.491,11766000
R26BK01463788,2026-04-28,경상북도교육청,(가칭)경상북도교육청 융합진로체험교육관 건립 리모델링공사 가연성폐기물처리용역,주식회사 새한산업개발,81735175,88.025,
R26BK01479356,2026-04-28,경상남도 산청군,"2026년 산청군 하수관로(신안단성, 시천 처리구역) 기술진단 용역(가격입찰 후 P.Q)",주식회사 제일엔지니어링종합건축사사무소,303900000,86.788,
R26BK01436314,2026-04-15,한국보건산업진흥원,AI-Robot 병원모델 구축사업 기획 연구,주식회사 미래비전그룹,70000000,,
R26BK01481648,2026-04-28,산림청 북부지방산림청 수원국유림관리소,2026년 다목적사방댐 조성사업(계정) 시공감리용역,제일산림기술사사무소 주식회사,23125600,88.844,26354000
R26BK01481209,2026-04-28,전북특별자치도 익산시,2026년 익산시 어린이보호구역 실태 조사 용역,유한회사 이룸엔지니어링,34914916,88.765,
R26BK01438218,2026-04-28,제주특별자치도 서귀포시,의귀1 자연재해위험개선지구 정비사업 기본 및 실시설계용역,주식회사 유신,400701000,87.054,
R26BK01480870,2026-04-28,전남광주통합특별시 함평군,구계 자연재해위험개선지구 정비사업 분석·평가 용역,케이에스엠기술 주식회사,137875000,87.77,157700000
R26BK01487962,2026-04-28,강원특별자치도 여성가족연구원,강원지역 1인가구 사회적 고립도 실태조사,리서치더원대전,25000000,95.456,
R26BK01489896,2026-04-28,한국농어촌공사 충남지역본부 논산지사,2026년 논산지사 건물 및 업무용차량 손해보험,삼성화재해상보험 주식회사,19678990,100.0,
R26BK01441411,2026-04-15,농촌진흥청,농촌지도사업 미래전략 로드맵 수립 연구 용역,큐릭스 주식회사,34480000,,
R26BK01445815,2026-04-28,전북특별자치도교육청 전북특별자치도순창교육지원청,[긴급] 순창 창의예술미래공간 복합시설 신축 전기공사 감리용역(계속비),남양기술감리단,222756952,86.973,
R26BK01482776,2026-04-28,전북특별자치도 무주군,군도교량 실측도면 작성 용역,(유)신우엔지니어링,36925000,88.622,
R26BK01456745,2026-04-28,서울특별시성북교육청 매원초등학교,"[긴급]매원초등학교 싱가포르 교육여행 위탁용역 입찰 공고 [2단계 입찰-규격,가격 동시 입찰]",(주)오케이에듀투어,194930000,97.663,
R26BK01423704,2026-04-16,조달청,XLRS 비임상동물 효능 모델 시험,(주)디티앤씨알오,385000000,,
R26BK01492445,2026-04-28,한국지역난방공사 삼송지사,2026년 삼송지사 승강기설비 유지보수 용역,이엘디에이승강기 주식회사,7712100,89.806,
R26BK01470022,2026-04-23,중부대학교산학협력단,미래첨단차 및 EV자동차 이론·실기 AI기반 전자저작물 제작용역,주식회사 마일레오토모빌,191384760,,
R26BK01480565,2026-04-28,경상남도 합천군,가야 서부지구 농어촌생활용수 개발사업 외 1건 기본 및 실시설계용역,주식회사 동아기술공사,629300000,87.645,
R26BK01476671,2026-04-28,서울특별시,2026년 노원구 관내 상수도 공사 및 단위공사 건설폐기물 처리용역(장기계속),(주)진흥중공업,103131000,88.303,
R26BK01423955,2026-04-16,조달청,고령친화산업 복합단지 조성 기초 연구,주식회사 전략울림,292000000,,
R26BK01437202,2026-04-28,국방과학연구소,국방미래기술연구센터 건설 기본계획용역,주식회사 종합건축사사무소가람건축,691389000,85.775,
R26BK01490155,2026-04-28,국토교통부,수요응답형교통(DRT) 공공플랫폼 구축을 위한 기획 연구,한국교통연구원,68600000,100.0,
R26BK01488133,2026-04-27,대전광역시 대덕구,2026년 대전광역시 대덕구 공무용차량 보험가입,삼성화재해상보험 주식회사,55846930,99.984,
R26BK01460670,2026-04-27,경상북도교육청 경상북도구미교육지원청,2026년 우리땅 자긍심 함양 울릉도‧독도 탐방 용역,중앙관광여행사(주),64468500,88.378,
R26BK01482039,2026-04-28,충청북도 청주시,「2027~2028년 청주시 생활폐기물(음식물류 폐기물 포함) 수집·운반 대행구역 조정 및 원가산정 연구용역」 수의견적 제출안내,청주대학교산학협력단,66170000,88.89,
R26BK01469613,2026-04-28,경기도 성남시,2026년 송배수관로 대형제수밸브 점검정비 용역,수자원기술 주식회사,201483940,87.995,
R26BK01457123,2026-04-28,조달청,가평통합정수장 증설(2단계) 실시설계 및 수도정비기본계획 부분변경 용역,주식회사 도화엔지니어링,665100000,86.125,
R26BK01492277,2026-04-28,한국농어촌공사 제주지역본부,대흘1리 마을만들기(자율개발)사업 복합커뮤니티공간 세부설계 용역,건축사사무소 소록,19507500,90.0,
R26BK01478120,2026-04-28,전남광주통합특별시 종합건설본부,우치로 표층 재포장 폐기물처리 용역,(주)태산환경,51070000,88.184,
R26BK01476131,2026-04-28,인천광역시교육청 인천광역시교육청학교지원단,백령초 등 62교(도서지역 포함) 학교수목 현황조사 및 수목전정 설계용역 수의계약 견적제출 안내공고,주식회사 알에이이엔씨,49796260,88.021,
R26BK01479545,2026-04-28,인천광역시 강화군 보건소,용역(소액수의) 견적 제출안내 공고[민간위탁 방역사업 용역(제11권역)],에코그린,18876075,88.112,
R26BK01491622,2026-04-28,기후에너지환경부 국립환경과학원,대기 배출영향분석 모델 고도화 로드맵 연구,한국환경연구원,90000000,99.361,
R26BK01482929,2026-04-28,경상남도 밀양시,밀양남기일반물류단지 개발사업 재해영향평가 용역 입찰 공고,주식회사 우리이엔지건축사사무소,128388480,87.839,147400000
R26BK01481130,2026-04-28,경기도 화성시 동탄구,2026년 동탄2-2권역 어린이보호구역 개선사업 폐기물처리용역(재배정),삼흥산업개발(주),22620000,88.449,25580000
R26BK01482518,2026-04-28,국토교통부 원주지방국토관리청 강릉국토관리사무소,2026년 강릉국토 관내 정기하자검사 및 정기안전점검용역,(주)신우기술,173230000,86.108,
R26BK01481883,2026-04-28,강원특별자치도 영월군,"영월군 관광지 환경, 교통관리 위탁용역(5~6월) 수의견적 제출안내 공고",주식회사 세원,94676240,88.463,107170000
R26BK01486459,2026-04-28,행정안전부 국립재난안전연구원,[수의시담] 재난 예경보 시스템 표준체계 구축을 위한 기술 및 운영에 대한 모델 연구,주식회사 코마,69300000,99.76,
R26BK01439065,2026-04-16,한국보건산업진흥원,해외 인허가 교육 프로그램 로드맵 개발 연구,한국의료기기협동조합,60000000,,
R26BK01472839,2026-04-28,경기도 화성시 만세구,행정리2교 등 14개 시설물 내진성능평가용역,반석안전 주식회사,232195000,86.769,
R26BK01479604,2026-04-28,인천광역시 강화군 보건소,용역(소액수의) 견적 제출안내 공고[민간위탁 방역사업 용역(제13권역)],농업회사법인 주식회사 강화드론방재단,18950000,88.695,
R26BK01491644,2026-04-28,기후에너지환경부 국립환경과학원,국제 관심물질의 환경분포 특성 연구,부산대학교산학협력단,98600000,99.985,
R26BK01491014,2026-04-28,대구광역시 달성군,2026년 최정산 힐링숲 숲해설 운영사업,더 숲,60000000,99.681,
R26BK01483051,2026-04-28,전남광주통합특별시교육청 광주청사,2026년 상반기 진월초 등 11교(기관) 옹벽 정기안전점검용역 수의계약 안내 공고,주식회사 와이기술개발,24377500,88.14,27951000
R26BK01448753,2026-04-21,조달청 인천지방조달청,어린이 환경건강 통합 데이터 융합 및 검증 연구,주식회사 스탯플로우,210000000,,
R26BK01483456,2026-04-28,경기도 시흥시,2026년 도로포장보수 단가공사(북부권 1차) 폐기물처리용역,주식회사 대성인더스트리,52933300,88.223,
R26BK01481229,2026-04-28,경기도 의왕시,원터아랫길 도로개설공사 폐기물처리 용역,주식회사다온산업,72150000,88.167,82400000
R26BK01481953,2026-04-28,충청북도 청주시,SK하이닉스 추가공장 공업용수 공급사업(4단계 3공구 및 LS산전삼거리구간) 강관압입 추진 지하안전영향평가 지반조사용역,주식회사두원엔지니어링,43494800,88.008,
R26BK01473277,2026-04-28,(주)엑스코,제17회 대구꽃박람회 전시부스 설치용역,(주)엑스코피아,62167050,88.847,
R26BK01407537,2026-04-14,조달청,2026. 농어촌 우리동네 예술학교 사업 전문기관 위탁 용역,주식회사 더한교육,390000000,,
R26BK01483822,2026-04-28,대전광역시 중구,중구 공공임대형 지식산업센터 및 공영주차장 설계의경제성 검토(VE) 용역,타임건축사사무소,56378610,88.533,
R26BK01477294,2026-04-28,성평등가족부,2026년 아동·청소년 대상 성범죄 발생추세 및 동향 분석,한국형사법무정책연구원,69050000,99.942,
R26BK01490620,2026-04-28,경상북도 영천시 상수도사업소,2026년 상반기 정수시설물 정기 안전점검,창명건설 주식회사,22200000,87.298,
R26BK01490980,2026-04-28,대구광역시 달성군,2026년 최정산 힐링숲 산림치유 운영사업,더 숲,85900000,100.0,
R26BK01475213,2026-04-28,국토교통부 서울지방국토관리청,국지도98호선 광주 곤지암 만선-건업 도로건설공사 재해영향평가용역,주식회사 다산컨설턴트,176333000,87.765,
R26BK01469572,2026-04-28,전남광주통합특별시 무안청사,보성강 하천재해예방사업 건설폐기물(폐콘크리트) 처리용역(2026년),동진환경건설 주식회사,277202884,87.012,
R26BK01489403,2026-04-28,한국해양수산연수원,2026년도 제2차 확장기초승선실습과정(인천 및 충남해양과학고등학교) 교육생 차량(버스) 임차 위탁용역,주식회사 뉴대양고속투어,16437000,91.316,
R26BK01482951,2026-04-28,전남광주통합특별시교육청 광주청사,한울초 옹벽 정밀안전점검용역 수의계약 안내 공고,바오건설기술단 주식회사,14567270,90.002,16304000
R26BK01438742,2026-04-14,한국농업기술진흥원,2026년 온실가스 감축 지원사업 성과평가 및 감축연구회 운영,한국표준협회,93000000,,
R26BK01476670,2026-04-28,한국농어촌공사 충북지역본부 보은지사,평각1지구 취약지역 생활여건개조사업 건설폐기물처리용역,정도개발 주식회사,130175000,87.752,
R26BK01475636,2026-04-28,전북특별자치도 임실군,도인천 생태하천 복원사업(2단계) 기본 및 실시설계용역 입찰공고(가격입찰후PQ),주식회사 이산,343640000,87.082,
R26BK01477544,2026-04-28,전남광주통합특별시 무안청사,2026년 위임국도 건설사업관리용역,주식회사 동해종합기술공사,2588000000,80.625,
R26BK01432987,2026-04-28,국방부 국군재정관리단,26-N-함정 탑재장비 윤활유 검사 기준 정립에 관한 연구,영남대학교산학협력단,39990000,82.461,
R26BK01475387,2026-04-28,경기도 파주시,"2026년 파주시 하수관로 기술진단 용역(문산,적성)［가격입찰 후 사업수행능력평가 ］",주식회사 이산,306240000,86.779,
R26BK01490301,2026-04-28,서울교통공사,9호선 2·3단계 전기실 전력품질 측정 용역,동산엔지니어링(주),13600000,98.479,
R26BK01482525,2026-04-28,경상북도 포항시,구평리항 어촌신활력증진사업(유형2) 건설폐기물 운반 및 처리 용역,대송환경 주식회사,21018821,88.425,23688000
R26BK01445080,2026-04-28,전북특별자치도교육청 전북특별자치도무주교육지원청,[긴급]2026년 진로 진학 박람회 위탁 용역(2단계 경쟁입찰),두인,179983760,93.39,
R26BK01480663,2026-04-28,대전광역시,2026년 천변도시고속화도로 청소용역(8.5톤 이상 진공노면청소차 소유 또는 임차 가능자에 한함),디케이클린컴퍼니,43178070,88.038,
R26BK01482346,2026-04-28,한국농어촌공사 전남지역본부,해원지구 수원공 수리시설개보수사업 기본 및 세부설계 용역,주식회사 에이스디이씨,379628000,86.94,
R26BK01482912,2026-04-28,충청북도 청주시,SK하이닉스 추가공장 공업용수 공급사업(4단계 2공구) 폐기물처리용역(긴급),주식회사 청주아스콘,174400000,87.761,
R26BK01475286,2026-04-28,한국수산자원공단제주본부,2026년 제주도 어초어장관리사업 인공어초 효과조사,주식회사 한바다,145251000,87.785,
R26BK01488290,2026-04-27,서울특별시 서울아리수본부 서부수도사업소,2026년 스마트검침 단말기 신설 및 유지관리 용역,주식회사 투비콤,38000000,95.0,
R26BK01474533,2026-04-28,시흥도시공사,「월곶지구 공유수면 매립공사」 해양환경영향조사용역,(주)국토해양환경기술단,208989810,86.763,
R26BK01460321,2026-04-28,충청남도태안교육청 원이중학교,[긴급공고]2026학년도 원이중학교 국외현장체험학습(프랑스) 위탁 용역,주식회사 엔에스인터내셔날,298120000,85.223,
R26BK01490766,2026-04-28,한국원자력환경공단,[수의시담]처분시설 종합개발계획 시나리오 구축 및 경제적 변동성 분석 용역,주식회사미래와도전,217173000,98.999,
R26BK01475272,2026-04-28,부산광역시 금정구,2026년 서금사 펌프장 전기안전관리 용역,주식회사 제이티엠,36960660,88.104,
R26BK01490119,2026-04-28,한국농어촌공사 경남지역본부 하동남해지사,진교면 농촌중심지활성화사업(2단계) 민다리복합센터 준공청소 용역,다모아,5100000,90.909,
R26BK01471904,2026-04-28,부산광역시교육청 부산마케팅고등학교,(긴급)2026학년도 부산마케팅고등학교 2학년 수학여행 위탁 용역,(주)에덴항공여행사,100781000,81.306,
R26BK01490881,2026-04-28,서울특별시 송파소방서,2026년 송파소방서 냉난방기 세척 용역,새빛크린환경,5900000,,
R26BK01476020,2026-04-28,경기도교육청 경기도고양교육지원청,[긴급]2026년 학교석면 위해성평가 및 유지보수 용역,대우환경건설(주),134415950,87.748,
R26BK01482805,2026-04-28,(주)넥스트워터,진건 공공하수처리시설(가축분뇨 포함) 준설 용역,동부환경이엔지 주식회사,190299,89.54,
R26BK01438327,2026-04-23,조달청 서울지방조달청,2026년 사회보장정보시스템 기능개선(통합 감리 및 개인정보 영향평가),(주)한국정보기술단,820900000,,
R26BK01477398,2026-04-28,충청북도 옥천군 상하수도사업소,2026년 청성면 양저리 낙후지역 먹는물 수질개선사업 폐기물처리용역,주식회사 하나그린,46940690,88.177,
R26BK01456414,2026-04-21,전국재해구호협회,재난피해지역 맞춤형 재난안전 체험교육 운영 대행,유시스커뮤니케이션,285000000,,
R26BK01492958,2026-04-28,강원특별자치도 원주시,고유가 피해지원금 지급 업무용 사무기기 임차 용역,원주디지털사무기,39123000,88.001,
R26BK01425965,2026-04-21,경상남도,2026년 AI디지털배움터 교육 운영 사업,국립창원대학교산학협력단,2927629000,,
R26BK01440553,2026-04-17,선문대학교,선문대학교 2026학년도 상시 진로·취업 상담 및 컨설팅 용역,주식회사 더봄컨설팅,214900000,,
R26BK01483731,2026-04-28,산림청 국립산림과학원,(위탁)고로쇠 해충 알락하늘소 유인제의 야외 유인효과 조사,주식회사 에이디,36500000,99.109,
R26BK01459749,2026-04-20,고려대학교 산학협력단,2026년 Play! KU-round 프로그램 운영 용역 연구용역,주식회사 사람공간이엔씨,73500000,,
R26BK01440855,2026-04-14,한국생명공학연구원,2026년도 주요정보통신기반시설 취약점 분석 평가 컨설팅 용역,(주)한국정보기술단,64603000,,
R26BK01457153,2026-04-21,국가데이터처,가구특성을 활용한 장래가구추계 시나리오 개발 사업,사단법인 한국인구학회,36000000,,
R26BK01444404,2026-04-20,재단법인 경북바이오산업연구원,2026 경북 바이오산업 엑스포 행사대행용역,마이스산업연구원(주),450538902,,
R26BK01487506,2026-04-28,서울특별시교육청 서울특별시중부교육지원청,서울재동초 동관동 및 급식실 내진보강 구조재설계 용역,주식회사상원구조기술사사무소,12240000,90.0,
R26BK01487514,2026-04-28,서울특별시교육청 서울특별시중부교육지원청,서울용산초 본관동 내진보강 구조설계 제3자검토 용역,모원구조기술사사무소 주식회사,7614000,90.0,
R26BK01456193,2026-04-21,식품의약품안전처,식의약 인재양성교육 플랫폼 유지·보수 및 기능 고도화 방안,(주)에스지아이시스템,89000000,,
R26BK01441534,2026-04-28,서울특별시교육청 서울특별시강남교육청 압구정중학교,2026학년도 압구정중학교 2학년 수련활동 위탁용역,주식회사 미리내,46580000,93.449,
R26BK01423334,2026-04-07,한국식품산업클러스터진흥원,2026 국가식품클러스터 공동관 부스설치용역,주식회사 디자인그램,82800000,,
R26BK01483073,2026-04-28,국가유산청 국립해양유산연구소,AI 활용 수중유물 연구방법 개발 연구,빛가람정보주식회사,48500000,97.979,
R26BK01480826,2026-04-28,충청남도 부여군,개사육농장주 등 전·폐업지원 지장물 일반 철거공사 폐기물처리용역(초촌면 세탑리),늘푸른환경,20966000,88.191,
R26BK01481891,2026-04-28,충청북도 청주시,SK하이닉스 추가공장 공업용수 공급사업(4단계 3공구 및 LS산전삼거리구간) 강관압입 추진공사 지하안전평가용역(긴급),주식회사 홍익기술단,98670000,87.806,
R26BK01444916,2026-04-17,경상북도문화관광공사,경북관광통합플랫폼 운영관리 및 유지보수 용역(긴급),알트앤엠 주식회사,166000000,,
R26BK01449458,2026-04-20,한국여성인권진흥원,디지털성범죄 행위자에 대한 구상권 행사 운영 지침 및 법 개정 방안 연구,한국형사법무정책연구원,55000000,,
R26BK01449827,2026-04-20,한국농어촌공사 농어촌연구원,농업활동 이행점검을 위한 사진 판독 기술 적용 연구,한양대학교 에리카산학협력단,70000000,,
R26BK01482003,2026-04-28,부산광역시,2026년 부산광역시 협동조합 실태조사 용역,부협협동조합연합회,26513142,88.028,30000000
R26BK01479488,2026-04-28,한국해양과학기술원 부설 선박해양플랜트연구소,부유식 수직축 풍력터빈의 공력 특성 DB구축 및 실시간 추력 추정에 관한 연구 용역,홍익대학교 산학협력단,38100000,99.738,
R26BK01489740,2026-04-28,국토교통부,2026년도 공간정보 국가표준화 연구,주식회사 에스프렉텀,98000000,100.0,
R26BK01481695,2026-04-28,서울특별시 노원구,2026년 노원구 1권역(중계) 공동조사용역(특별점검),(주)대명엔지니어링,88482000,87.772,
R26BK01484911,2026-04-27,한국과학기술정보연구원,AI 기반 과학기술산업화 플랫폼 실증 활용 모델 구축,(사)한국연구소기술이전협회,19800000,100.0,
R26BK01491685,2026-04-28,기후에너지환경부 국립환경과학원,온실가스공정시험기준 고도화를 위한 전자산업의 온실가스 공정배출 측정 기술 개발 연구(Ⅰ),(재)한국화학융합시험연구원,98400000,99.926,
R26BK01481650,2026-04-28,강원특별자치도 철원군,한탄강 주상절리길 기초환경시설 확충사업 폐기물처리용역,(주)대한환경산업,111596900,87.766,
R26BK01484478,2026-04-28,개인정보보호위원회,개인정보보호위원회 조사관 역량 강화 교육,사단법인개인정보보호협회,99000000,99.748,
R26BK01438466,2026-04-20,한국농어촌공사,2026년 노사 선진농업 현장견학 위탁 용역,주식회사 바네스투어,219560000,,
R26BK01491108,2026-04-28,국가보안기술연구소,건축자재 전자파 특성 측정 환경 구축 및 시료 제작,주식회사 램파트,95150000,98.16,
R26BK01491295,2026-04-28,국토교통부,2026년 공간정보 전문인력 양성사업,공간정보산업진흥원,1565000000,99.735,
R26BK01449989,2026-04-28,동원과학기술대학교 산학협력단,2026학년도 동원과학기술대학교 RISE 글로벌 직무연수 용역,주식회사 어빌리티랩,889700000,98.855,
R26BK01490828,2026-04-27,한국농어촌공사 충남지역본부,서지지구 농업용 공공관정 양수시험 용역,주식회사 세종방재연구소,46300000,87.974,
R26BK01491162,2026-04-28,농림축산식품부 국립종자원,"2026년 해외현지 품종전시포(극한환경 적응성시험포, 중국 신장·닝샤) 조성·운영 용역",농업회사법인 대일국제종묘 주식회사,66500000,99.253,
R26BK01480802,2026-04-27,한국농어촌공사 전남지역본부 나주지사,2026년 자가용 전기설비(학산양수장 등 9개소) 전기안전관리 대행선임(계절부하)용역,주식회사 백제전기안전관리,9228065,100.0,
R26BK01434845,2026-04-15,한국문화예술교육진흥원,2026 인문정신문화 실태조사 연구,한국문화관광연구원,70000000,,
R26BK01338691,2026-04-28,전남광주통합특별시 강진군,강진군 노후정수장 정비사업 기본 및 실시설계용역(PQ가격입찰),주식회사 도화엔지니어링,2176800000,81.519,
R26BK01482883,2026-04-28,충청북도 청주시,SK하이닉스 추가공장 공업용수 공급사업(4단계 1공구) 폐기물처리용역(긴급),두제산업개발(주),114707000,87.794,
R26BK01489272,2026-04-28,조달청 경남지방조달청,26년도 청년창업사관학교 정보시스템 운영 및 유지관리 용역,주식회사 에스온시스템,340000000,100.0,
R26BK01491952,2026-04-28,경상남도 합천군,청년 365 핫플레이스 조성사업 타임슬립 스탬프 투어 개발 용역,주식회사 요요인터렉티브,32091000,88.0,
R26BK01448296,2026-04-22,사단법인 한국인삼협회,2026 인삼 수출활성화 방안 조사 연구용역,주식회사 트레이드파트너스,33000000,,
R26BK01479316,2026-04-24,지에스건설주식회사,"처리장 내 바닥 배수펌프 토출 배관 용접부 보수, 보강",에이피엔지니어링,17890000,95.976,
R26BK01474802,2026-04-28,한림대학교,한림대학교 입시 업무용 차량 장기렌트 업체 선정,주식회사 뉴오렌지렌트카,70679300,,
R26BK01481189,2026-04-28,조달청 부산지방조달청,만호해역 김 양식장 어장수용력 산정,광주과학기술원,206000000,100.0,
R26BK01481425,2026-04-28,전남광주통합특별시교육청 전남광주통합특별시해남교육지원청,2026. 학교시설관리 통합 운영(삼산초 등 7교) 예초 용역,엠제이건설(주),49193187,88.236,
R26BK01454885,2026-04-20,충청남도,삽시도항(지방어항) 선박운항안전성 검토용역,(주)세이프텍리서치,115790840,,
R26BK01475764,2026-04-28,강원특별자치도 강릉시 상하수도사업소,2026년 소규모 주민숙원사업 GIS DB구축 용역,주식회사 해인공간정보,44445000,88.887,
R26BK01482198,2026-04-28,조달청 충북지방조달청,비점오염물질측정망 운영결과 평가(2026년),강원대학교산학협력단,196000000,100.0,
R26BK01481791,2026-04-28,경기도교육청 경기도양평교육지원청,"양평초 급식실 증축 전기, 통신, 소방공사 설계용역",(주)동명기술단,50761100,88.012,
R26BK01436047,2026-04-16,조달청 부산지방조달청,2026 기후산업국제박람회(WCE) 총괄 대행,주식회사인터컴,1657500000,,
R26BK01475188,2026-04-28,과학기술정보통신부 우정사업본부 우정인재개발원,2026년도 정수기 임차 및 유지관리 (단가),백제기업,22558800,88.348,
R26BK01481539,2026-04-22,한국철도기술연구원,시뮬레이션-물리 데이터 정합성 향상을 위한 AI 기술 연구,한양대학교 산학협력단,48000000,98.205,
R26BK01481142,2026-04-28,전남광주통합특별시 여수시,도시공원 바닥분수 및 물놀이장 수조청소 용역,주식회사 네오기업,91981550,88.129,
R26BK01438963,2026-04-20,한국언론진흥재단,2026년도 뉴스저작권 인식 제고 캠페인,문화기획 상상 주식회사,163200000,96.46,
R26BK01436809,2026-04-28,서울특별시 강서구,공항동 문화체육센터 생활SOC복합화사업 중 건설폐기물처리용역/건축10026,주식회사 삼보환경,52305820,88.023,59939000
R26BK01460819,2026-04-28,경상북도 남부건설사업소,국도59호선 영천(신녕)지구 외 1개소 포장도보수공사 폐기물처리용역,예스환경주식회사,24478400,88.029,
R26BK01476343,2026-04-28,전북특별자치도교육청 전북특별자치도전주교육지원청 전주화정중학교,"2026학년도 전주화정중학교 1, 3학년 2학기 현장체험학습 차량임차 용역 수의계약 견적제출 안내공고",(유)현대고속관광,17600000,97.712,
R26BK01443883,2026-04-28,재단법인경남문화예술진흥원,2026 차세대 새싹 인디게임 발굴사업 운영 용역,주식회사 비에이블랩,64660000,,
R26BK01493122,2026-04-28,국립공원공단 설악산국립공원사무소,2026년 설악산국립공원 재난예·경보시설 유지관리 용역,주식회사 한성전자산업,17248000,98.0,
R26BK01475418,2026-04-28,울산광역시,화봉3교 등 3개소 정밀안전점검 용역,주식회사 청목,86231000,88.165,
R26BK01493031,2026-04-28,산림청 동부지방산림청 정선국유림관리소,2026년 산림유역관리사업 감리용역,푸른산림기술사,13763000,88.896,
R26BK01479581,2026-04-28,인천광역시 강화군 보건소,용역(소액수의) 견적 제출안내 공고[민간위탁 방역사업 용역(제12권역)],대산방역,18404000,88.026,
R26BK01479756,2026-04-28,인천광역시 강화군 보건소,용역(소액수의) 견적 제출안내 공고[민간위탁 방역사업 용역(제16권역)],유정환경,19206970,88.019,
R26BK01446122,2026-04-22,한국국토정보공사,도심항공교통공간정보 시범구축,주식회사 지오스토리,160000000,,
R26BK01481715,2026-04-28,경상북도 포항시 북구,우현사거리~소티재간 도로재포장 공사 폐기물 처리 및 운반 용역,우정환경(주),37548000,88.032,
R26BK01474300,2026-04-28,경상북도교육청 경상북도구미교육지원청,금오공업고등학교 진입로포장 및 기타공사 폐기물처리용역 입찰 공고,(주)청경,139979000,87.767,
R26BK01479021,2026-04-28,경상남도 거제시,장승포다어울림행복문화센터 주차장 부지 건축물 해체공사 폐기물 처리 용역,태성개발 주식회사,60917210,88.368,68833000
R26BK01429500,2026-04-10,한국산림복지진흥원,2026년 한국산림복지진흥원 뉴미디어 홍보,바닐라씨 주식회사,68950000,,
R26BK01482499,2026-04-28,경상북도 영양군,칠성 별천지 캠핑장 조성사업 건설폐기물 처리용역,대진환경(주),91730000,91.613,
R26BK01460880,2026-04-28,경상북도 남부건설사업소,국도59호선 김천(조마)지구 포장도보수공사 폐기물처리용역,주식회사우리환경산업,25277180,88.16,
R26BK01481759,2026-04-28,충청북도 청주시,SK하이닉스 추가공장 공업용수 공급사업(4단계 1공구) 강관압입 추진 지하안전영향평가 지반조사용역,(주)나노지오이엔씨,33415000,88.065,37652000
R26BK01452581,2026-04-21,조달청 서울지방조달청,의학원 종합정보시스템 고도화 ISP,주식회사 어바웃그룹(ABOUT GROUP),237600000,,
R26BK01493552,2026-04-28,지식재산처,(정책연구) 혁신기업 가치 제고를 위한 지식재산 공시 가이드라인 개발,한국지식재산연구원,20000000,100.0,
R26BK01426737,2026-04-23,조달청 광주지방조달청,2026년 전라남도 빅데이터 분석 용역,(주)와이즈넛,149700000,,
R26BK01443537,2026-04-28,조달청,부강역~북대전IC 도로건설공사 재해영향평가용역,주식회사 서영엔지니어링,217950000,86.759,
R26BK01468603,2026-04-23,서울물재생시설공단,탄천수계 탄천우안 차집관로 준설공사 준설토 처리용역,인선이엔티 주식회사,103936000,87.783,
R26BK01481086,2026-04-28,대전광역시 유성구,2026년 도시공원 모래놀이터 소독용역,이엠코리아,52686000,88.017,
R26BK01448890,2026-04-28,서울특별시,2026년 금천구 관내 상수도 맨홀 정밀점검 용역,주식회사 도원엔지니어링,176903000,86.839,
R26BK01480455,2026-04-28,울산광역시 북구,송정지구 배수장 주변 우수관로 조사 용역,주식회사 원광건설,26235550,88.035,30000000
R26BK01462683,2026-04-27,주식회사 성남시민프로축구단,성남FC 입장게이트 팬 참여형 LED 디스플레이 인프라 구축,(주)아이딘컴,71500000,,
R26BK01492572,2026-04-28,한국농어촌공사 경북지역본부 영덕.울진지사,농업 용수관리 자동화시스템(TM.TC) 점검정비 용역,사단법인 행복일자리운동본부,11704000,90.023,
R26BK01463929,2026-04-28,충청북도교육청 충주예성여자고등학교,2026. 충주예성여자고등학교 글로벌 인재육성 해외연수 위탁용역 전자입찰 공고,합자회사 즐거운여행사,540384000,97.436,
R26BK01479855,2026-04-28,광주광역시 관광공사,2026 광주식품대전 전시장 조성,주식회사 가우디자인컴퍼니,61456340,88.218,
R26BK01480176,2026-04-28,강원특별자치도 정선군,정선군 행정지원센터 건립공사 폐기물처리용역,주식회사미래환경,24587000,89.12,
R26BK01473816,2026-04-28,경기도,"2026년 안성, 평택 지방도 교량 환경정비 용역",풍성환경,110164000,87.746,126665000
R26BK01478312,2026-04-28,인천광역시 강화군 보건소,용역(소액수의) 견적 제출안내 공고[민간위탁 방역사업 용역(제2권역)],디에스(ds)방역,18751860,88.168,
R26BK01483057,2026-04-28,전라남도순천교육청 순천매산중학교,"2026학년도 순천매산중학교 1, 3학년 수련활동 차량 임차용역 2인 이상 견적서 제출 안내공고",주식회사 삼산고속관광,19599000,91.114,21818180
R26BK01477556,2026-04-28,전남광주통합특별시 무안청사,2026년 동부권 도로 건설사업관리용역,주식회사 제일엔지니어링종합건축사사무소,2503600000,80.537,
R26BK01481982,2026-04-28,경상북도 칠곡군,2026년 칠곡군 소나무재선충병 방제 기본설계 용역,진솔산림기술사사무소,79000000,97.208,80910000
R26BK01436692,2026-04-14,경기도청 북부청사,제2차 경기도 인구감소지역 대응 기본계획 수립 연구용역,재단법인 한국산업관계연구원,48928000,,
R26BK01388286,2026-04-22,대한무역투자진흥공사,2026년 통상연계형 경제협력사업1(인도네시아 식품가공산업 정책제언),한국기업지식연구원(주),244000000,,
R26BK01486665,2026-04-27,조달청 대전지방조달청,2026년 국민체력측정통계,가톨릭대학교 산학협력단,122500000,100.0,
R26BK01480022,2026-04-28,충청남도 천안시,삼룡천 자연재해위험개선지구 비상대처계획(EAP) 수립용역,주식회사 한맥기술,81190400,88.294,
R26BK01428619,2026-04-10,한국환경산업기술원,토양 기반 탄소흡수원 확충 및 온실가스 저감 통합실증사업(가칭) 기획연구,주식회사 엔디렉션,50000000,,
R26BK01390417,2026-04-08,조달청 서울지방조달청,몽골 동부 및 울란바토르 비감염성질환 의료서비스 개선사업 형성조사,(의)삼성의료재단,116612000,,
R26BK01478840,2026-04-28,충청남도 천안시,천안시 소규모수도시설 기술진단 용역,주식회사 도화엔지니어링,259490000,86.95,300000000
R26BK01480989,2026-04-28,부산광역시 사하구,신평장림 저탄소 그린산단 조성공사(2단계) 사업장폐기물처리용역,(주)한솔그린,40400000,88.035,
R26BK01474469,2026-04-28,세종특별자치시교육청,합강중학교 신축공사 건설폐기물(불연성) 처리용역,주식회사 에너지세종,73908800,89.813,
R26BK01476746,2026-04-28,한국농어촌공사 충남지역본부,충남 삽교천방조제 배수갑문확장사업 건설공사 사후평가 용역,주식회사 티에스케이,68680900,88.312,
R26BK01482460,2026-04-28,충청남도 금산군,PQ 후 가격입찰[금산군 공공하수처리시설 및 하수관로 기술진단용역],주식회사 경동엔지니어링,968669000,80.21,
R26BK01447752,2026-04-21,조달청 부산지방조달청,2026년 기업직업훈련 실태조사 용역,(주)한국갤럽조사연구소,234000000,,
R26BK01460158,2026-04-27,서울특별시교육청 예일디자인고등학교,예일디자인고등학교 2학년 소규모테마형교육여행 위탁 용역,주식회사 아델이엔티,74119100,97.56,75618000
R26BK01493212,2026-04-28,산림청 국립산림과학원,(용역) 제1회 산림과학 AI 활용 경진대회,수디자인,11804100,98.0,
R26BK01475434,2026-04-28,한국자산관리공사국유재산관리,2026년 한국자산관리공사 국유재산관리 전문직업 및 영업(시설)배상책임보험 보험사 선정,한화손해보험 주식회사,98000000,95.581,102000000
R26BK01481934,2026-04-28,경상북도 칠곡군,2026년 조림지 풀베기사업 실시설계 용역,새롬ENG,40357000,88.418,45746000
R26BK01424166,2026-04-28,서울특별시교육청 서울특별시강남교육청 압구정중학교,2026학년도 압구정중학교 소규모테마형교육여행 위탁용역,주식회사 어깨동무야,118362200,97.764,
R26BK01488059,2026-04-28,경북대학교 산학협력단,실험동물실 환경유지관리 용역,황금두꺼비 대구점,38940000,100.0,
R26BK01411088,2026-04-02,한국보건산업진흥원,치의학 혁신 기술개발 기획연구,주식회사 더플래너,70000000,,
R26BK01482312,2026-04-28,인천광역시 옹진군,어업지도선(옹진갈매기호) 선체·기관 수리용역,주식회사 엠에스알(MSR),538777000,86.293,631591470
R26BK01482297,2026-04-28,국토교통부 원주지방국토관리청 강릉국토관리사무소,2025년 강릉국토 관내 영서권역 결빙취약구간 도로정비공사 폐기물처리용역,(합)우창환경산업,12070000,87.875,
R26BK01479457,2026-04-28,서울특별시 서울아리수본부 서울물연구원,2026년 서울물연구원 조경관리 용역,우희조경주식회사,39197300,88.015,
R26BK01475635,2026-04-28,전남광주통합특별시 여수시,연안정비사업 시설물 정밀안전점검 용역 [PQ 후 가격입찰],(재)한국건설품질연구원,195385000,87.324,
R26BK01480415,2026-04-27,행정안전부,대변인실 공용차량 임차,더플러스렌터카 주식회사,54917280,88.044,
R26BK01482666,2026-04-28,경상북도 안동시,예안면 신남리(굼곡) 급수구역 확장사업 폐기물처리용역,웅부환경 주식회사,66927990,88.395,
R26BK01439804,2026-04-15,질병관리청,"[정보,117] 2026년 공공데이터 제공 및 데이터기반행정 활성화 컨설팅 사업",주식회사 에이오디컨설팅,86350000,,
R26BK01492342,2026-04-28,주식회사 에스알,언론보도 모니터링 및 스크랩 대행 용역,주식회사 비큐에이아이 (BECU AI Inc.),34696000,98.167,
R26BK01448038,2026-04-21,기후에너지환경부 국립환경과학원,국립환경과학원 연구개발사업 전략계획서 수립 및 성과조사·분석,주식회사 넥스와이즈,83000000,,
R26BK01459240,2026-04-28,제주특별자치도교육청 대기고등학교,2026학년도 대기고등학교 2학년 도외진로체험(남도여행) 위탁용역 2단계(규격·가격 동시)입찰 공고(긴급),유한회사글로벌여행사,133996000,89.095,
R26BK01475522,2026-04-27,사단법인 한국서점연합회,2026년 지역서점 모바일 물류 시스템 고도화 및 유지관리 용역,주식회사 스마트코어,95000000,,
R26BK01412856,2026-04-16,조달청,2022 개정 교육과정 적용 방송중·고 디지털 학습 콘텐츠 3차년 개발 사업,주식회사 케이브레인컴퍼니,2659800000,,
R26BK01480894,2026-04-28,전라남도교육청 순천팔마고등학교,2026학년도 순천팔마고등학교 2학년 수학여행  차량임차 용역 수의계약 안내공고 (공동수급 허용),유한회사 임해관광,33000000,96.383,33960000
R26BK01478252,2026-04-28,충청남도 건설본부,충남혁신도시 복합혁신센터 건립 전기공사 설계용역,주식회사두원기술단,77398160,88.393,
R26BK01468079,2026-04-28,서울특별시남부교육청 영서중학교,2026학년도 영서중학교 2학년 수련활동 위탁용역,신안종합리조트(주),57194000,97.616,59074000
R26BK01473898,2026-04-28,경기도,"2026년 양평, 여주 지방도 교량 환경정비 용역",주식회사 바로건설,80742000,88.002,91036000
R26BK01481995,2026-04-28,충청북도교육청 충청북도청주교육지원청,이은학교 교사 증축 전기공사 설계용역 수의견적 공고,주식회사 미래이앤지,40347120,88.013,
R26BK01490112,2026-04-28,한국농어촌공사 전남지역본부 강진지사,2026년 수탁관리 군동배수장 자가용전기설비 유지관리 용역,주식회사 청수에프엔씨,21500000,89.988,
R26BK01483638,2026-04-28,경상북도 안동시,안동 노을빛공원 바닥분수 저수조 청소용역,주식회사 만표기업,22912460,88.272,
R26BK01492587,2026-04-28,국립공원공단 설악산국립공원사무소,설악산 구 희운각대피소 보수정비 사업 실시설계 용역,(주) 이음건축사사무소,13252500,95.0,
R26BK01427389,2026-04-15,서울올림픽기념국민체육진흥공단,2026년 레저스포츠시설 안전점검 및 안전교육 용역,사단법인 안전보건진흥원,256828000,,
R26BK01482711,2026-04-28,경상남도 창녕군,영산 구계리 마을안길 확포장공사 외 1개소 실시설계용역,주식회사 명진이엔씨,31781000,88.649,
R26BK01450033,2026-04-20,경찰청,소년법 내 경찰 조사권한 규정 신설 관련 연구,국립부경대학교 산학협력단,40000000,,
R26BK01480021,2026-04-27,서울특별시 미래한강본부,여의도안내센터 리모델링 실시설계용역,(주)그린코드도시건축사사무소,97835710,88.047,
R26BK01467735,2026-04-28,인천광역시교육청 인천광역시북부교육지원청 서운중학교,2026학년도 서운중학교 2학년 수련활동 위탁 용역 입찰 공고,서울도시가스(주),37260000,95.869,38570000
R26BK01492201,2026-04-28,한국농촌경제연구원,2026년 주요 채소류 하계작물(건고추) 산지 동향조사,사단법인 농업조사전문가협회,164934000,99.0,
R26BK01469158,2026-04-28,부산광역시 수영구,2026년 광안리 해수욕장 인명구조 용역,주식회사성호,250587715,88.164,
R26BK01478008,2026-04-28,한국어촌어항공단,2026년 인천 옹진군(3권역) 연근해어장 생산성 개선 지원사업 수거용역,주식회사 오대양선박,119250650,94.515,125527000
R26BK01477934,2026-04-28,한국어촌어항공단,2026년 충남 보령시(2권역) 연근해어장 생산성 개선 지원사업 수거용역,(주)상윤해상,84734410,84.301,100325000
R26BK01455861,2026-04-28,부산광역시동래교육청 동해중학교,2026학년도 동해중학교 2학년수학여행 위탁용역 입찰,주식회사 미투어,86762900,98.364,
R26BK01446594,2026-04-28,전남과학대학교 산학협력단,혁신지원사업 음악과 학생 해외 전공연수 위탁교육(이탈리아),주식회사 세영투어,120000000,,
R26BK01460911,2026-04-20,중부대학교산학협력단,미래 첨단 모빌리티 LMS 홈페이지 신규 구축 용역 (서버 워크스테이션 포함),주식회사 하이브파트너스,44800000,,
R26BK01479372,2026-04-28,인천광역시 강화군 보건소,용역(소액수의) 견적 제출안내 공고[민간위탁 방역사업 용역(제7권역)],언제나클린,18366570,88.115,
R26BK01471689,2026-04-28,조달청 강원지방조달청,갱도 체험 광차(인차) 수리 보수 용역,현대기술산업(주),305940000,80.544,
R26BK01474617,2026-04-28,사단법인 한국사과연합회,2026년 사과의무자조금 유튜브 교육영상 제작 및 송출,주식회사 한국농어민신문,20000000,,
R26BK01370662,2026-04-16,조달청 인천지방조달청,26~27년 한국환경공단 사업장폐기물처 정보시스템 통합 유지관리,주식회사 시너지온,11574200000,,
R26BK01452306,2026-04-27,충청남도교육청 충청남도홍성교육지원청,2026년도 충청남도홍성교육지원청 “농어촌 우리동네 예술학교” 사업 전문기관 위탁용역,주식회사 케이아츠에듀,141000000,,
R26BK01479719,2026-04-28,인천광역시 강화군 보건소,용역(소액수의) 견적 제출안내 공고[민간위탁 방역사업 용역(제15권역)],강화방역,18733950,89.419,
R26BK01479778,2026-04-28,인천광역시 강화군 보건소,용역(소액수의) 견적 제출안내 공고[민간위탁 방역사업 용역(제17권역)],주식회사 에어솔환경,10035405,90.059,
R26BK01482552,2026-04-28,경상북도 포항시,흥해 옥성체육공원 시설정비공사(토목)에 따른 폐합성수지 운반 및 처리 용역,주식회사 에스에스알,42209000,88.432,47850000
R26BK01437685,2026-04-23,조달청 대전지방조달청,과기정통부 AI-NEXT 고도화 ISP 수립,주식회사 한국아이티컨설팅,230000000,,
R26BK01469986,2026-04-28,서울특별시강남교육청 도곡중학교,2026학년도 도곡중학교 3학년 소규모테마여행 위탁용역 공고,(주)여신기획,164142200,96.602,
R26BK01484771,2026-04-28,미시령동서관통도로(주),2026년 미시령터널 완성토목공사물보험 중개자문 용역,와이즈보험중개 주식회사,82734200,99.996,
R26BK01434642,2026-04-13,한국콘텐츠진흥원,디자이너 패션산업 현황 분석 및 글로벌 확장전략 개선연구 위탁용역,주식회사 트렌드랩506,94050000,,
R26BK01455262,2026-04-20,전남광주통합특별시 무안청사,인구감소지역 대응 기본계획 및 지방소멸대응기금 투자계획 수립 연구용역,사단법인 지방행정발전연구원,40978000,,
R26BK01443858,2026-04-27,재단법인 부산광역시 글로벌 도시재단,「2026 부산글로벌도시포럼」 대행 용역,(주)마이스플랜즈,95000000,,
R26BK01424976,2026-04-28,한국지역난방공사,26년 전기분야 고압 전동기 및 케이블 절연진단 용역,한국전기안전써비스(주),419953000,86.889,
R26BK01490200,2026-04-28,경찰청 경찰대학,경찰대학 인재선발계 2027학년도 필기시험 문제지 인쇄 용역,주식회사 대인프린테크,45540000,99.0,
R26BK01488597,2026-04-28,조달청 전북지방조달청,새만금 첨단 교통서비스 도입·운영방안 검토 연구용역,사단법인 21세기산업연구소,142500000,99.65,
R26BK01405746,2026-04-28,서울특별시,"암사아리수정수센터 소규모 공사(토목, 건축 등) 감독권한대행 등 건설사업관리 용역",주식회사 건화,1763590000,80.748,
R26BK01481616,2026-04-28,전남광주통합특별시 여수시 상하수도사업단,2026년 여수시 소규모수도시설 수질검사 용역,(주)바른환경연구소,30435290,88.151,
R26BK01481460,2026-04-28,강원특별자치도,"지방도463호선 태봉~자등간 도로확포장공사 폐기물처리용역(2026년, 폐콘크리트)",주식회사 에스티,22156100,88.255,25520000
R26BK01418986,2026-04-07,한국보건산업진흥원,바이오 원부자재 품질 평가를 위한 국내·외 가이드라인 조사,슈어랩,69700000,,
R26BK01452979,2026-04-28,서울특별시성동교육청 옥정중학교,2026학년도 옥정중학교 2학년 수련회 용역 입찰 공고(긴급),주식회사 신화교육문화,53668000,96.6,
R26BK01480210,2026-04-28,충청남도 천안시,(긴급)소액수의(용역) 견적서 제출 안내공고(천안시 하천 불법점용 실태조사 용역),주식회사 한울지오매틱스,76637000,88.428,87190000
R26BK01492901,2026-04-28,충청북도 괴산군,괴산군자율상권구역지정및상권활성화계획수립연구용역,엣시브주식회사,47500000,88.126,
R26BK01425855,2026-04-17,조달청,2026년도 도로기상정보시스템 유지관리 및 기능개선 사업,주식회사 에코브레인,270000000,,
R26BK01429587,2026-04-10,기후에너지환경부 국립환경과학원,첨단기술을 활용한 위해성평가 가속화 기술 개발(I),켐아이넷(주),95000000,,
R26BK01447295,2026-04-20,재단법인 한국장애인문화예술원,2026년 장애예술 활성화 지원사업 평가 및 모니터링 용역,기분좋은큐엑스(주),300000000,,
R26BK01468439,2026-04-28,부산광역시 기장군,2026년 폭염 대응을 위한 도로 살수차 임차 운영,부산환경관리건설장비협동조합,530860,88.097,
R26BK01426418,2026-04-28,한국농어촌공사 전북지역본부 군산지사,옥산면 농촌중심지활성화사업 지역역량강화용역,(유)지역창안연구소,833440000,,
R26BK01469868,2026-04-27,충청북도 보은군 속리산휴양사업소,말티 지방정원 조성사업 소규모환경영향평가 용역,주식회사 하눌,74019000,88.029,84645000
R26BK01477211,2026-04-28,충청남도 계룡시,2026년 두마지역 시설녹지 등 제초관리 용역,주식회사 대청조경건설,96231950,88.025,
R26BK01493004,2026-04-28,산림청 동부지방산림청 정선국유림관리소,2026년 임도구조개량 시설사업(도전) 재해예방 기술지도,(주)한국안전보건기술원,2040000,100.0,
R26BK01473017,2026-04-23,경기주택도시공사,안성 제5 일반산업단지 부지조성공사 안전점검 수행기관 선정,주식회사 건설안전컨설팅,13942051,87.608,15840000
R26BK01481284,2026-04-28,신성대학,2026학년도 신성대학교 심폐소생술 전공직무 특강 용역업체 선정,주식회사 한국안전센터,24551500,93.055,26240000
R26BK01475038,2026-04-28,부산광역시 푸른도시가꾸기사업소,에덴유원지 정원화사업 폐기물처리 용역,서봉리사이클링(주),28384000,89.349,
R26BK01470526,2026-04-28,법무부 대구지방교정청 김천소년교도소,김천소년교도소 내진성능평가 제3자검증용역,주식회사 가람이엔씨,78190770,88.275,
R26BK01489720,2026-04-27,한국농어촌공사 전남지역본부 해남.완도지사,계곡·북일·현산면 기초생활거점조성사업 현황측량 용역,주식회사 남산엔지니어링,11000000,90.163,
R26BK01477289,2026-04-28,강원특별자치도 정선군,화암면 호촌 농어촌생활용수 개발사업 GIS DB 구축용역,주식회사 청솔엔지니어링,120001000,87.788,
R26BK01479163,2026-04-28,대구광역시 도시건설본부,조야~동명 광역도로 건설공사(2공구) 건설폐기물 운반 및 처리용역,주식회사해림환경개발,727962480,85.497,
R26BK01480364,2026-04-28,전남광주통합특별시 나주시,남평 제2강변도시 도시개발사업 매장 유산 지표조사 용역,재단법인 세계문화유산연구재단,24919400,88.004,
R26BK01475178,2026-04-28,국토교통부 서울지방국토관리청,국지도98호선 광주 도척 유정-진우 도로건설공사 재해영향평가용역,주식회사 현산엔지니어링,156680000,87.883,
R26BK01482375,2026-04-28,제주특별자치도,구국도(일주동로) 1132호선(온평리 2267-5)교차로 개선공사 건설폐기물처리용역,서광산업주식회사,8320800,90.093,
R26BK01479351,2026-04-28,대구광역시 도시건설본부,조야~동명 광역도로 건설공사(3공구) 건설폐기물 운반 및 처리용역,남경환경(주),287948300,86.748,
R26BK01492890,2026-04-28,한국수산자원공단동해본부,연어 모니터링 및 종자생산 기술 고도화,블루텍,312400000,99.997,
R26BK01473909,2026-04-28,경기도,"2026년 용인, 화성 지방도 교량 환경정비 용역",주식회사 책읽어주는남자,88418600,88.006,101497000
R26BK01460125,2026-04-28,제주특별자치도교육청 한림고등학교,[긴급]2026학년도 한림고등학교 1학년 도외 현장체험학습(수학여행) 위탁용역 2단계 입찰 공고,(주)가인여행사,113529920,92.717,
R26BK01466776,2026-04-28,충청북도옥천교육청 옥천중학교,2026학년도 옥천중학교 1학년 야영수련활동 위탁용역 입찰공고(규격가격동시),(주)속리산알프스수련원,29092800,93.92,30828000
R26BK01482625,2026-04-28,인천광역시 소방본부,만석119안전센터 재건축 공사 건설폐기물 처리 용역,주식회사 장형기업,57388200,88.305,
R26BK01478079,2026-04-28,전남광주통합특별시 종합건설본부,"서암대로, 천지인로 표층 재포장 폐기물처리 용역",(주)케이환경,60000000,88.032,
R26BK01462942,2026-04-28,서울주택도시개발공사,2026년 임대아파트 도로 및 보도교체공사 건설폐기물처리용역,(주)지솔알이에이치,138473000,87.761,
R26BK01483631,2026-04-28,경상북도 안동시,안동 안동권씨 능동재사 추원루 보수공사 감리용역,건축사사무소 안도,32626800,89.398,
R26BK01458935,2026-04-28,광주광역시서부교육청 광주서석중학교,2026학년도 광주서석중학교 2학년 수학여행 위탁용역 2단계(규격‧가격동시) 입찰,(주)광성관광여행사,71711500,92.832,76310200
R26BK01483117,2026-04-28,경상북도교육청,문경공업고등학교 생활관 증축 및 기타공사 설계용역,건축사사무소 목주,32299930,88.013,36575000
R26BK01456530,2026-04-28,서울특별시북부교육청 창동중학교,[긴급]2026학년도 창동중학교 3학년 체험형 수련활동 위탁용역,청소년수련마을 보람원,49792000,93.89,
R26BK01423886,2026-04-28,해양수산부 군산지방해양수산청,군산항 및 장항항 유지준설공사 통합건설사업관리용역,주식회사 항도엔지니어링,3164500000,81.363,
R26BK01459093,2026-04-24,서울대학교 대학 첨단융합학부,서울대학교 첨단융합학부 제1기 첨단융합 최고위 과정 해외연수 위탁 운영,주식회사 바네스투어,87560000,,
R26BK01479937,2026-04-28,경기도 포천시,안촌말천 소하천 정비사업 폐기물 처리용역,주식회사 문안환경,67745000,89.249,
R26BK01458956,2026-04-28,제주특별자치도교육청 대기고등학교,2026학년도 대기고등학교 1학년 현장체험학습(수학여행) 위탁용역 2단계(규격·가격 동시)입찰 공고(긴급),유한회사글로벌여행사,262150800,94.939,
R26BK01490885,2026-04-28,서울특별시 소방재난본부,제15회 몸짱소방관 선발대회 행사 운영 용역,주식회사 온앤미,12065000,,
R26BK01477286,2026-04-28,한국수자원조사기술원,2026년 실시간 유량측정시스템 구축 실시설계(2차) 용역(PQ 후 가격입찰),주식회사 경동엔지니어링,646522000,86.126,
R26BK01476453,2026-04-28,경기도 화성시 만세구,2026년 화성시 만세구 오수관로 유지보수 단가공사 폐기물처리용역,경기이엔티 주식회사,43714400,88.128,
R26BK01492847,2026-04-28,산림청 동부지방산림청 정선국유림관리소,2026년 임도구조개량 시설사업(용탄) 재해예방 기술지도,(주)한국안전보건기술원,2040000,100.0,
R26BK01490206,2026-04-27,한국농어촌공사 강원지역본부 홍천.춘천지사,상남지구 밭기반정비사업 폐기물처리 용역,진흥환경(주),7366000,88.961,
R26BK01492768,2026-04-28,한국생명공학연구원,해외과학자문위원회 행사 업무대행 용역(수의시담),주식회사 글리덕,48200000,99.991,
R26BK01482730,2026-04-28,충청남도개발공사,"보령시 야룡1리 취약지역 생활여건 개조사업 기본 및 시행계획수립, 실시설계용역 입찰 재공고",주식회사 덕영엔지니어링,185107000,80.562,
R26BK01480138,2026-04-28,경기도 의정부시,시민로 외 1개소 차도 보수 공사 폐기물처리용역,청명산업주식회사,49094590,88.718,
R26BK01482779,2026-04-28,국토교통부 원주지방국토관리청 강릉국토관리사무소,강릉국토 관내 시설물 정기안전점검용역,주식회사 동인이앤씨,171267000,85.6,
R26BK01490809,2026-04-27,산림청,목조건축 및 목재산업 활성화를 위한 2026년 담당자 워크숍 행사 용역,빅커뮤니케이션,45200000,96.006,
R26BK01482090,2026-04-28,경상남도 거제시,하둔지구 풍수해생활권 종합정비사업 건설사업관리용역,주식회사 청명종합엔지니어링,3942688000,80.414,
R26BK01481896,2026-04-28,경기도 파주시,[PQ후 가격입찰]육아종합지원센터 등 건립공사 전기감리용역(긴급),주식회사 나로이엔씨,440854000,86.802,
R26BK01478643,2026-04-28,경기도,2026년 경기도 옛청사 흡수식 냉온수기 세관 용역,(주)반석엔지니어링,22672360,88.008,
R26BK01448088,2026-04-28,서울특별시,2026년 동작구 관내 상수도 맨홀 정밀점검 용역,인프라안전(주),196543000,86.815,
R26BK01475464,2026-04-28,국토교통부 서울지방국토관리청,국지도98호선 광주 도척 유정-진우 도로건설공사 설계 경제성검토(설계VE)용역,주식회사 신명건설기술공사,38948000,87.943,
R26BK01475493,2026-04-28,국토교통부 서울지방국토관리청,국지도98호선 광주 곤지암 만선-건업 도로건설공사 설계 경제성검토(설계VE)용역,주식회사 세명종합기술,21079700,87.984,
R26BK01478995,2026-04-28,경기도 이천시 대월면,용역 소액수의 견적제출 안내공고(구시지구 수리시설 개선공사 폐기물처리용역),금강환경산업(주),30808000,88.588,
R26BK01473137,2026-04-28,서울특별시,영동대로 지하공간 복합개발 2공구 건설공사(건축·시스템) 건설폐기물 처리용역,두제산업개발(주),345993000,86.747,
R26BK01483467,2026-04-28,경상북도 영주시,도지정문화유산 주변 역사문화환경 보존지역 현상변경 허용기준 수립 용역,사단법인 건축문화유산연구원 나무,44077000,88.174,
R26BK01472025,2026-04-27,한국지역난방공사 고양사업소,2026년 고양사업소 열수송관공사 공공측량 용역,주식회사 드림지리정보,182182000,87.748,
R26BK01477458,2026-04-28,한국농어촌공사 경남지역본부 합천지사,갑산지구 배수개선사업 건설폐기물처리 변경용역,(주)대일환경산업,276358000,86.761,321647000
R26BK01448848,2026-04-28,서울특별시,2026년 관악구 관내 상수도 맨홀 정밀점검 용역,주식회사 삼림엔지니어링,334233000,86.825,
R26BK01479400,2026-04-28,(재)광주테크노파크,"1단지, 과학기술동 소방시설 종합점검 및 작동점검",대한방재주식회사,17438436,90.131,
R26BK01473879,2026-04-28,경기도,"2026년 광주, 이천, 김포 지방도 교량 환경정비 용역",주식회사청담,56991630,88.003,65230000
R26BK01491037,2026-04-27,한국농어촌공사 강원지역본부 철원.화천지사,느르지지구 대구획경지정리사업 재해예방 기술지도 용역,주식회사 세종세이프티,18700000,89.285,
R26BK01478287,2026-04-27,경기도 고양시,가좌동 259-8번지 일원 노후 상수관로 정비공사 폐기물 처리용역,(주)한진산업,30482500,88.231,
R26BK01475751,2026-04-28,국토교통부 원주지방국토관리청 홍천국토관리사무소,"2026년 홍천국토 관내 남부권역 시설물 정기안전점검용역(상,하반기)",주식회사 케이에스디,183526000,85.577,
R26BK01489358,2026-04-28,조달청 인천지방조달청,자동차 배출가스 결함확인검사용 시험자동차 선정(2026) - 대형차,한국자동차환경협회,147000000,99.694,
R26BK01490850,2026-04-27,한국농어촌공사 충남지역본부,화양면 공동생활홈조성사업 기본 및 시행계획수립 용역,주식회사 아토,19000000,88.265,
R26BK01491053,2026-04-28,한국농어촌공사 영산강사업단,영산강하구둑 제2호 배수갑문 기전정비작업 용역,유한회사 태성이엔지,26000000,88.378,
R26BK01482932,2026-04-28,충청북도 청주시,SK하이닉스 추가공장 공업용수 공급사업(4단계 3공구) 폐기물처리용역(긴급),정화환경산업 주식회사,302866000,86.889,
R26BK01479516,2026-04-28,경상북도 김천시,농소면 신촌리 일원 노후관로 개량공사 건설폐기물 처리 용역,상록환경 주식회사,68388000,89.183,78040000
R26BK01468828,2026-04-28,대구광역시교육청 정동고등학교,2026학년도 정동고등학교 2학년 현장체험학습(수학여행) 위탁용역 소액수의 견적 제출 안내 공고,(주)대진고속관광,81638800,88.004,
R26BK01481175,2026-04-28,경기도 남양주시,2026년 퇴계원·도농제3배수펌프장 운영 용역,수우엔지니어링(주),79323980,88.226,
R26BK01479490,2026-04-28,경기도 이천시 대월면,용역 소액수의 견적제출 안내공고(도리리 리도202호선 재포장공사 폐기물처리용역),금강환경산업(주),21729000,88.387,
R26BK01483139,2026-04-28,제주특별자치도 서귀포시,효돈 도시계획도로(소로1-5호선) 개설공사(2차분) 건설폐기물처리 용역,정우산업개발(주),21596500,88.022,
R26BK01455939,2026-04-28,서울특별시북부교육청 창동중학교,[긴급]2026학년도 창동중학교 2학년 수련활동 위탁용역,피노키오(주),64146000,93.063,
R26BK01483186,2026-04-28,경상북도 영양군,2026년 영양군 직원역량강화 워크숍 위탁용역,주식회사 블루스카이,105770000,87.752,
R26BK01430504,2026-04-10,한국해양과학기술원,고해상도 계절예측시스템 운용을 위한 계산노드 임차용역,주식회사 한클러스터,38170000,,
R26BK01482161,2026-04-28,충청남도 아산시,"아산 곡교천 국가생태탐방로 조성사업 기본 및 실시설계용역(사후PQ, 긴급)",주식회사 삼안,338239000,86.844,
R26BK01482386,2026-04-28,조달청 서울지방조달청,국도45호선 남양주 금남IC R-A교A2~금남IC2교A1 등 4개소 포장도 보수공사 건설폐기물처리용역,금강도시환경(주),143945000,86.862,
R26BK01447183,2026-04-28,경상북도교육청 경상북도봉화교육지원청,2026년  다중언어 이해교육  위탁 용역,주식회사 오울소프트,85000000,,
R26BK01478937,2026-04-27,한국수산자원공단,2026년 어선청년임대사업 권역별 대표어선 감정평가 및 적정임차료 산정 조사,일호감정평가사사무소,46340210,88.106,
R26BK01479299,2026-04-28,인천광역시 강화군 보건소,용역(소액수의) 견적 제출안내 공고[민간위탁 방역사업 용역(제5권역)],주식회사 씨제이환경,18644700,88.034,
R26BK01486644,2026-04-28,조달청 서울지방조달청,2026년 사회적가치지표(SVI) 측정 심화코칭 및 서류검토 지원 용역(수도권),협동조합 소셜랩,145888000,99.582,
R26BK01476650,2026-04-28,한국농어촌공사 전남지역본부,해남지구 국가관리 방조제개보수사업 세부설계 용역,주식회사 신화엔지니어링,277972000,87.464,
R26BK01474294,2026-04-28,국토교통부 부산지방국토관리청 대구국토관리사무소,"국도3호선 김천 초곡지구 등 54개소 절토사면·옹벽 정밀안전점검, 성능평가및 정기안전점검 기술용역",플러스테라 주식회사,338447000,85.525,
R26BK01480096,2026-04-28,강원특별자치도교육청 강원특별자치도원주교육지원청 원주삼육초등학교,"한빛관 보수공사(체육관,급식실,다목적교실) 폐기물처리 용역",합자회사 금강개발,31042000,89.061,
R26BK01479261,2026-04-28,인천광역시 강화군 보건소,용역(소액수의) 견적 제출안내 공고[민간위탁 방역사업 용역(제4권역)],워킹투게더 주식회사,18653359,88.167,
R26BK01465946,2026-04-28,서울특별시남부교육청 영서중학교,2026학년도 영서중학교 3학년 소규모테마형교육여행 용역업체,주식회사 투어나라,86829800,97.933,88608000
R26BK01476841,2026-04-28,경기도 김포시,무인민원발급기 장애인 정당한 편의기능 업그레이드 용역,주식회사 루트웰,26089500,88.548,
R26BK01482016,2026-04-28,충청북도 진천군,2026년 상반기 진천배수지외 7개소 정기안전점검 용역에 따른 소액수의 견적제출 안내 공고[입찰대행],주식회사 아토기술단,33825800,88.436,38500000
R26BK01463621,2026-04-24,서울특별시교육청 한국삼육고등학교,[긴급]2026학년도 한국삼육고등학교 2학년 소규모테마형  교육여행 위탁용역 입찰 공고,주식회사 미래교육여행,88514000,88.329,100260000
R26BK01480242,2026-04-28,서울특별시 북부공원여가센터,북서울꿈의숲 올망졸망놀이터 노후산책로 정비공사 폐기물처리용역,(주)다우환경,10271900,90.04,
R26BK01472805,2026-04-28,경기도교육청 경기도화성오산교육지원청 송산중학교,[긴급] 2026년 송산중학교 미국동부 어학연수 및 문화체험 해외연수 위탁용역,(주)정풍투어,173326000,93.22,
R26BK01480973,2026-04-28,전남광주통합특별시 함평군,2026년 함평군 재활용불가 영농폐기물 위탁처리 용역,씨이케이여수 주식회사,45690000,88.055,51975000
R26BK01461880,2026-04-28,경상북도 포항시,주택건설공사 감리자(전기) 모집공고[포항 항구동 주상복합 신축공사],경기엔지니어링(주),699341821,82.977,
R26BK01474293,2026-04-28,국토교통부 부산지방국토관리청 대구국토관리사무소,"국도33호선 성주 신파지구 등 45개소 절토사면·옹벽 정밀안전점검, 성능평가및 정기안전점검 기술용역",(재)한국건설안전기술원,317735000,85.536,
R26BK01467021,2026-04-28,경기도 양주시,2026년 양주권 자원회수시설 정기보수기간 등 미처리 폐기물 위탁처리용역(1권역)(단가),주식회사 신승에너지,162106,87.033,
R26BK01491319,2026-04-28,전북특별자치도교육청,2026년 전북특별자치도교육청 학생건강증진교육센터 운영 위탁용역,전북대학교산학협력단,168000000,88.274,
R26BK01448044,2026-04-28,서울특별시,2026년 영등포구 관내 상수도 맨홀 정밀점검 용역,주식회사한국국토안전연구원,301470000,86.797,
R26BK01483356,2026-04-28,전남광주통합특별시 목포시 맑은물사업단,남해하수처리장 하수협잡물 폐기물처리 용역(1차),씨이케이여수 주식회사,43205030,88.694,
R26BK01482479,2026-04-28,조달청 서울지방조달청,국도37호선 포천 선촌교차로+0.718~일동교차로 등2개소 포장도 보수공사 건설폐기물처리용역,동우이엔이 주식회사,105253888,87.751,
R26BK01482221,2026-04-28,강원특별자치도 정선군,도전지구 도민제안 재해 취약지 개선사업 폐기물처리용역,주식회사 대경환경산업,30425000,89.174,
R26BK01479453,2026-04-28,인천광역시 강화군 보건소,용역(소액수의) 견적 제출안내 공고[민간위탁 방역사업 용역(제9권역)],대산방역,18415000,88.499,
R26BK01479473,2026-04-28,인천광역시 강화군 보건소,용역(소액수의) 견적 제출안내 공고[민간위탁 방역사업 용역(제10권역)],디에스(ds)방역,18716900,88.263,
R26BK01487941,2026-04-28,한국화학연구원,재생 스티렌 원액 기반 고분자량 폴리스티렌 및 스티렌계 공중합체 합성 기술 개발 용역,인하대학교 산학협력단,49000000,98.0,
R26BK01475345,2026-04-28,국토교통부 서울지방국토관리청,국지도98호선 광주 도척 유정-진우 도로건설공사 국가유산영향진단용역,재단법인 충청문화유산연구원,6168500,87.776,
R26BK01482339,2026-04-28,전라남도순천교육청 순천매산중학교,2026학년도 순천매산중학교 2학년 수학여행 위탁용역 2인 이상 견적서 제출 안내,(유)보라여행사,69543000,88.192,79026000
R26BK01482335,2026-04-28,경기도 파주시,2040 파주 도시관리계획 재정비 재해영향성 검토 용역,(주)에스에스디이엔씨,51140000,88.077,
R26BK01456598,2026-04-28,인천광역시교육청 인천영흥고등학교,2026학년도 인천영흥고등학교 2학년 현장체험학습(수학여행) 위탁용역 입찰 공고,주식회사 갤럭시관광,30275800,98.481,
R26BK01493021,2026-04-28,산림청 동부지방산림청 정선국유림관리소,2026년 산림유역관리사업 재해예방기술지도,(주)한국안전보건기술원,2040000,100.0,
R26BK01479422,2026-04-28,인천광역시 강화군 보건소,용역(소액수의) 견적 제출안내 공고[민간위탁 방역사업 용역(제8권역)],강화방역,18509310,88.357,
R26BK01482914,2026-04-28,경상남도 거제시,2026년 제4회 거제시 전국요리경연대회 대행용역,프로세계,53375000,88.121,60000000
R26BK01493528,2026-04-28,한국농어촌공사 충남지역본부 세종대전금산지사,장대2지구 마을하수도정비사업 재해예방기술지도용역,수건설안전원,16310000,,
R26BK01415954,2026-04-08,서울특별시,2026 글로벌 뷰티 포럼 용역,주식회사 컵아이앤엠,146500000,,
R26BK01483730,2026-04-28,광주시 청소년수련관,2026년 경기도 청소년 진로․문화 축제  행사버스 임차 용역 입찰공고,주식회사 길벗스페이스,44200000,88.993,49780000
R26BK01393141,2026-04-23,국민건강보험공단 본부 국민건강보험공단인재개발원,2026년 국민건강보험공단 전화외국어 위탁교육 용역,주식회사 캐럿솔루션즈,245190000,,
R26BK01478964,2026-04-28,제주특별자치도 서귀포시,"신례 도시계획도로(소로1-1,1-2,1-3호선) 확포장공사(2차분) 건설폐기물처리용역",서광산업주식회사,26372010,88.219,
R26BK01432374,2026-04-13,한국콘텐츠진흥원,콘텐츠산업 프로젝트 기반 고용구조와 프리랜서의 노동환경 조사연구,호서대학교 산학협력단,81979260,,
R26BK01488985,2026-04-27,충청남도 소방본부,충남소방본부 소방 관리자 마음건강 리더십 교육 위탁 용역,다온교육,21140000,96.888,
R26BK01473735,2026-04-28,서울특별시 용산구,용산구샘터 운영,비스피크 주식회사,339455480,87.749,387094000
R26BK01478205,2026-04-28,경상북도 칠곡군 농업기술센터,유휴 공간활용 수직농장 테스트베드 조성 설계 용역,다담건축사사무소,94964210,88.001,
R26BK01412743,2026-04-03,한국환경산업기술원,2026년 해외진출 지원사업 사업비 관리 교육 및 멘토링,한길회계법인,88000000,,
R26BK01443598,2026-04-17,한국지능정보사회진흥원,공공AI 영향평가 연계 위험관리 방안 수립 연구,주식회사 루트랩(ROOT LAB),56876250,,
R26BK01492593,2026-04-28,한국농어촌공사 경북지역본부 안동지사,안교배수장 외 5개소 조명설비 원격제어 구축 및 물관리자동화시스템 보수 용역,사단법인 행복일자리운동본부,31982700,87.999,
R26BK01475269,2026-04-28,국토교통부 서울지방국토관리청,국지도98호선 광주 도척 유정-진우 도로건설공사 소규모환경영향평가용역,대현종합기술 주식회사,117385000,87.755,
R26BK01404022,2026-04-28,서울특별시 마포구,마포빗물펌프장 외 4개소 정밀안전진단 용역,주식회사 한국시설안전연구원,539000000,85.668,
R26BK01470694,2026-04-28,기후에너지환경부 낙동강유역환경청,황강 청덕지구 하천환경정비사업 문화재 표본조사용역,재단법인경강문화유산연구원,9998900,87.754,
R26BK01421857,2026-04-22,조달청 서울지방조달청,2026년 사회보장정보시스템 서비스 확대 및 기능개선,(주)한국이디에스,3810400000,,
R26BK01481747,2026-04-28,강원특별자치도 춘천시,[긴급] 2040년 춘천 도시기본계획 및 도시관리계획(재정비) 수립용역(사업수행능력 선정자 가격입찰),주식회사 유신,1511678000,80.207,
R26BK01445602,2026-04-28,서울특별시교육청 서울특별시교육연수원,[재공고]2026년 교직원 미래역량 강화를 위한 마이크로러닝 콘텐츠 임차 용역,(주)현대경제연구원,45100000,82.0,
R26BK01486812,2026-04-27,조달청 대전지방조달청,중장기 조세정책운용계획 수립 지원사업,한국조세재정연구원,137200000,100.0,
R26BK01487335,2026-04-27,한국과학기술정보연구원,국내외 초고성능컴퓨팅 생태계 현황 조사 및 국가 역량 고도화 방안 연구,주식회사 미래비전그룹,69000000,100.0,
R26BK01482238,2026-04-28,조달청 서울지방조달청,국도77호선 파주 낙하IC교A2+1.820~낙하IC교A2+2.320 등 3개소 포장도 보수공사 건설폐기물처리용역,주식회사 베르원,80901000,87.796,
R26BK01433134,2026-04-21,재단법인강원관광재단,2026 강원 방문의 해 이달의 추천 여행지 홍보 캠페인 대행용역,픽스미디어,210000000,,
R26BK01483215,2026-04-23,국토교통부,2026년 운송플랫폼 사업 지원,한국교통안전공단,97020000,100.0,
R26BK01470961,2026-04-28,국가유산청 국립문화유산연구원 국립경주문화유산연구소,고대 유적 출토 비단벌레의 생물학적 정보 구축 및 이용 양상 연구,고려대학교산학협력단,96690000,100.0,
R26BK01437086,2026-04-27,인천글로벌캠퍼스운영 재단법인,2026년도 인천글로벌캠퍼스 국제공동 R&D 기획연구 용역(협상에 의한 계약),한국산업기술기획평가원,545400000,,
R26BK01489356,2026-04-27,서울특별시 서울아리수본부 서부수도사업소,"가압장, 유량계 전송반 무정전 세척 용역",클린전기케어,20555000,94.999,
R26BK01486915,2026-04-28,조달청 서울지방조달청,2026년 인신매매등 실태조사 연구,한국형사법무정책연구원,196600000,100.0,
R26BK01488494,2026-04-28,국가보훈부,2026년 보훈데이터 활용 분석모델 개발 사업,주식회사 에이아이컴스,86900000,98.75,
R26BK01487488,2026-04-28,서울특별시교육청 서울특별시중부교육지원청,서울청구초 본관동 내진보강 구조 및 실시 재설계용역,주식회사 영화키스톤건축사사무소,18810000,90.0,
R26BK01477767,2026-04-28,인천광역시 강화군 보건소,용역(소액수의) 견적 제출안내 공고[2026년 민간위탁 방역사업 용역(제1권역)],디에스(ds)방역,18771950,88.226,
R26BK01483971,2026-04-27,식품의약품안전처 식품의약품안전평가원,[수의시담] 2026년 실험동물자원은행 보관장비(초저온냉동고) 정기예방점검·유지보수 용역,주식회사 랩가이드,94000000,94.529,
R26BK01461038,2026-04-28,서울특별시교육청 태릉고등학교,2026학년도 태릉고등학교 2학년 소규모테마형교육여행 위탁 용역,주식회사 여행원,146376930,94.545,
R26BK01480782,2026-04-28,전남광주통합특별시 영암군 수도사업소,2026년 상수관망 유지관리 시설 블록 유량계 검·교정 용역,경인계측시스템(주),29650000,88.008,
R26BK01481353,2026-04-28,김천시산림조합,2026년 풀베기사업 실시설계용역(김천1지구),주식회사 세경엔지니어링,21020000,88.008,
R26BK01445574,2026-04-07,소방청,신임교육 국가전담 운영모델 및 교육인프라 구축을 위한 산출에 관한 연구용역(수의시담),목원대학교 산학협력단,76000000,95.0,
R26BK01489803,2026-04-28,국토교통부,공사기간 산정 및 조정 관련 제도개선 방안 연구,한국건설기술연구원,78400000,100.0,
R26BK01439029,2026-04-20,한국법제연구원,2026년 지속가능 기후변화법제연구사업 행사 대행,주식회사 마이스앤드,75200000,,
R26BK01487438,2026-04-28,국가유산청 국립문화유산연구원,분자생물학적 기법을 이용한 흰개미 군체 식별 기술 개발,부산대학교산학협력단,56330000,100.0,
R26BK01481815,2026-04-23,한국지역난방공사,고밀도 열화학 열저장 기술 사업화 기반 마련을 위한 실증연구,한국에너지기술연구원,292600000,95.122,
R26BK01447374,2026-04-20,한국특허전략개발원,2026년 국제조사보고서 품질분석 사업(재공고),재단법인 한국특허기술진흥원 대전지점,194500000,,
R26BK01474468,2026-04-28,행정중심복합도시건설청,부강역~북대전IC 도로건설공사 국가유산 영향진단 용역,재단법인 동방문화유산연구원,28779300,87.8,
R26BK01473242,2026-04-27,한국농수산식품유통공사,"2026년 정부 수매비축콩 정선 선별 용역(4,000톤)(다)",삼영영농조합법인,527048841,80.592,
R26BK01479616,2026-04-28,경기도교육청 경기도평택교육지원청,2026년 학교 석면 위해성평가 및 유지보수 용역(수정),주식회사 광성,28336697,88.164,32644000
R26BK01443386,2026-04-17,경상국립대학교,USG공유대학2.0 학사정보시스템 유지관리 용역,주식회사 아이디노,71940000,,
R26BK01449718,2026-04-20,국립정원문화원,2026년 생활정원(실외) 기본 및 실시설계 용역(광주광역시),(주)디알에이디자인그룹,45000000,,
R26BK01483384,2026-04-28,강원특별자치도교육청 강원특별자치도홍천교육지원청,명덕초 공간재구조화 증개축공사 건설폐기물 처리 용역 수의계약 안내공고,(주)상지개발,47707900,88.061,54003000
R26BK01450702,2026-04-20,국민건강보험공단인천경기지역본부,2026년 청소년 건강체험학교 위탁운영(긴급),"공간,숨",39900000,94.612,
R26BK01451990,2026-04-20,경상북도 영주시,찾아가는 인성 뮤지컬 공연 용역,문화팩토리 마굿간,38000000,,
R26BK01453981,2026-04-21,국립공원공단,국립공원 환경변화 AI 모니터링 플랫폼 기술 검증 및 시범운영,주식회사 인공지능팩토리,204000000,,
R26BK01433997,2026-04-22,조달청 서울지방조달청,2026 서울안보대화(SDD) 행사용역,주식회사 마이스앤컴퍼니,1393700000,,
R26BK01454537,2026-04-20,문화체육관광부 국립중앙박물관,2026년도 디지털 보존과학 데이터 플랫폼 유지보수,주식회사 핀노드,36630000,,
R26BK01481853,2026-04-28,강원특별자치도 홍천군,도시계획구역 시설물(갈마곡교 외 11개소) 2026년 상반기 정기안전점검용역,주식회사 국일건설엔지니어링,32751500,88.28,37059000
R26BK01445776,2026-04-23,서울올림픽기념국민체육진흥공단,2026년도 학교운동부지도자 직무교육 위탁운영 용역,주식회사 엑스퍼트컨설팅,297000000,,
R26BK01470598,2026-04-28,조달청 부산지방조달청,2026년 수문조사시설 이설.확장 및 유지보수공사 실시설계용역,주식회사 한남기술단,95632800,87.756,
R26BK01420975,2026-04-15,조달청,"중장기 경영전략, ESG 등 혁신경영체계 고도화",주식회사 나도기브,260000000,,
R26BK01476940,2026-04-28,울산광역시,2026년 상반기 광역시도 지반탐사 용역,(주)지오지반,72795500,88.086,82524000
R26BK01467810,2026-04-28,경기도교육청 경기도교육청율곡연수원,경기도교육청율곡연수원 2026년 상반기 6급 미래인재 성장과정 리더십 테마체험(제주도) 위탁 운영 용역 2단계 입찰 공고,(주)이앤티코리아,42688000,93.038,
R26BK01449836,2026-04-20,국립정원문화원,2026년 생활정원(실외) 기본 및 실시설계 용역(서울특별시),주식회사 조경하다 열음,48000000,,
R26BK01452891,2026-04-21,조달청 서울지방조달청,선거관리위원회 초과근무관리시스템 재구축 사업,(주)유니온바이오메트릭스,151648200,,
R26BK01457423,2026-04-28,한국산업안전보건공단,협·단체 지원사업 회계정산 및 사업수행 모니터링 용역,세움회계법인,32000000,82.505,
R26BK01474060,2026-04-27,한국농수산식품유통공사,"2026년 정부 수매비축콩 정선 선별 용역(4,500톤)",대흥물산,593928972,80.543,
R26BK01432728,2026-04-24,조달청,"2026년 제천시 지하시설물(상·하수도)전산화 수정·갱신사업 용역(전체분, 1차분)",엘티메트릭 주식회사,222720000,,
R26BK01449823,2026-04-20,국립정원문화원,2026년 생활정원(실외) 기본 및 실시설계 용역(경상북도 영주시),주식회사 한고연,44600000,,
R26BK01481106,2026-04-28,국토교통부 서울지방국토관리청 의정부국토관리사무소,국도1호선 파주시 조리읍 봉일천리 일원 사면정비공사 외 1건 건설폐기물처리용역,(주)오성개발,43315900,88.223,
R26BK01479335,2026-04-28,대전광역시,2031년 대전권 개발제한구역 도시관리계획 전략환경영향평가 용역,주식회사 세종이엔엘,59974000,88.485,
R26BK01479248,2026-04-28,대전광역시,2026년 민간사업장 안전보건 컨설팅 용역,상생안전기술주식회사,24282500,88.836,
R26BK01474451,2026-04-28,경상남도 김해시,김해시 우수유출저감대책 수립 용역(PQ후 가격입찰)_긴급,주식회사 삼안,1023220000,80.911,
R26BK01449287,2026-04-20,경상북도,2026년도 경상북도 AI디지털배움터 교육 운영 용역,주식회사 이앤오즈,4248400000,,
R26BK01428109,2026-04-15,조달청 서울지방조달청,2026년 가습기살균제 피해자 전주기 지원시스템 개선,주식회사 오픈시스,418000000,,
R26BK01470939,2026-04-24,재단법인 스포츠안전재단,스포츠안전 매뉴얼 개발 및 개정,(주)에이치앤컨설팅,220000000,,
R26BK01481795,2026-04-28,강원특별자치도 홍천군,2026년 상반기 지방상수도 저수조 청소용역,성도클린,80667400,88.069,92300000
R26BK01373369,2026-04-16,조달청,국가무형유산 영상기록물 제작(1차),주식회사 큰물고기미디어,526000000,,
R26BK01435120,2026-04-22,제주관광공사,2026 이호 필터페스티벌 기획 및 운영,주식회사 아일랜드팩토리에이블,126000000,,
R26BK01415991,2026-04-03,전남광주통합특별시 고흥군,[협상에의한계약]고흥군 소규모 관광단지(남열리 일원) 기본계획 수립 및 타당성(B/C)분석 연구용역,지역농업네트워크 전남 협동조합,92000000,,
R26BK01432522,2026-04-29,서울특별시북부교육청 창북중학교,"2026학년도 창북중학교 1, 2, 3학년 수련활동 위탁용역",주식회사 미리내,129125000,91.441,
R26BK01428618,2026-04-22,조달청 부산지방조달청,울산광역시교육연수원 2026년 원격연수 콘텐츠 개발 임차 용역,주식회사 오피유커스,120340000,,
R26BK01436829,2026-04-21,전북특별자치도 완주군,제14회 완주와일드&로컬푸드축제 행사운영 대행 용역(협상),(주)빅컴,727500000,,
R26BK01392114,2026-04-24,한국무역보험공사,한국무역보험공사 2026년도 무역보험 빅데이터 플랫폼 운영 유지관리,(주)웨슬리퀘스트,680000000,,
R26BK01433076,2026-04-29,서울교통공사,서울교통공사 5호선 종로3가~마장역간 7개구간 토목시설물 정밀안전진단 및 성능평가용역,(재)한국건설품질연구원,1293420000,80.287,1619503270
R26BK01463285,2026-04-29,서울특별시교육청 무학여자고등학교,2026학년도 무학여자고등학교 1학년 수련활동 위탁용역 입찰 공고,모나용평 주식회사,40417000,97.603,41715000
R26BK01484678,2026-04-29,충청북도 충주시,풍동재해위험개선지구정비사업기본및실시설계용역(지명경쟁),주식회사 삼안,1834800000,80.791,
R26BK01484826,2026-04-29,조달청 서울지방조달청,개성공단 기업 역량강화 지원사업 위탁용역,사단법인 개성공단기업협회,117900000,99.915,
R26BK01450834,2026-04-29,한국농어촌공사 충남지역본부,가덕지구 배수개선사업 세부설계 용역(PQ),주식회사 에이스디이씨,229420000,87.787,
R26BK01484031,2026-04-29,부산광역시,동천 수계 계곡수(우오수)분리·활용 실시설계용역,(주)관보종합기술단,194395000,87.284,
R26BK01458817,2026-04-24,국방부 한국국방연구원,5개 병영생활관 신축사업계획 적정성 분석,그림건축사사무소주식회사,95000000,,
R26BK01440380,2026-04-14,민주화운동기념사업회,87년 이후 국민기본권운동 기초조사연구,계명대학교 산학협력단,40000000,,
R26BK01441072,2026-04-14,한국지질자원연구원,2026년 서남해 3D 물리탐사 탐사항해구역 안전관리,선마린코퍼레이션 (주),4500858296,99.466,
R26BK01486969,2026-04-29,한국환경공단,생활폐기물 처리정보 단말기 통신서비스 제공,에스케이텔레콤(주),45698400,100.0,
R26BK01493589,2026-04-28,한국농어촌공사 경남지역본부 밀양지사,구위양저수지 수초처리 용역,선명개발,4840000,88.0,
R26BK01487948,2026-04-29,조달청,SW 3자단가(CVOS v1.0 (커스터마이징) (주)알티솔루션),주식회사 알티솔루션,2033440,100.0,
R26BK01491175,2026-04-29,농림축산식품부 국립종자원,"2026년 해외현지 품종전시포(극한환경 적응성시험포, 십자화과 내서성 동남아) 조성·운영 용역",농업회사법인 조은종묘 주식회사,20000000,100.0,
R26BK01492451,2026-04-28,경북 안동시산림조합,"2025년 산불피해지 긴급벌채사업(일직지구,3차(추가)) 감리용역",태림E.N.G,12603000,100.0,
R26BK01492299,2026-04-29,조달청 경남지방조달청,2026년 운영 교육사업 화학분석장비 실습교육,주식회사 한국지엠피교육센터,167200000,99.761,
R26BK01441260,2026-04-22,선문대학교,선문대학교 선문 대동제(선문축제) 진행 용역,(주)비전코퍼레이션,159400000,,
R26BK01489936,2026-04-27,한국농어촌공사 충남지역본부 예산지사,용리2배0-1-0배수지선 재해복구사업 폐기물처리용역,예일환경 주식회사,11340000,89.644,
R26BK01491116,2026-04-29,농림축산식품부 국립종자원,"2026년 해외현지 품종전시포(공동전시포, 케냐) 조성·운영 용역",농업회사법인(주)에프디파이브,45900000,99.782,
R26BK01490890,2026-04-29,조달청 서울지방조달청,2026년도 국립중앙도서관 음반 및 관련 자료 납본수집 대행사업 계약 의뢰,사단법인 한국음반산업협회,114900000,99.947,
R26BK01491147,2026-04-28,식품의약품안전처,마약류 인식 실태조사,삼육대학교산학협력단,98000000,100.0,
R26BK01493540,2026-04-28,한국농어촌공사 경기지역본부 여주.이천지사,백사지구 배수개선사업 시설물통합정보시스템(FMS) 등록 용역,DB FLEX (디비 플렉스),7000000,90.909,
R26BK01483711,2026-04-29,충청남도 서산시,2026년 슬레이트 처리사업 지정폐기물 처리용역(북부),주식회사 디와이솔루션,22649000,88.116,
R26BK01490681,2026-04-29,문화체육관광부 국립중앙도서관,국립중앙도서관 사서교육훈련 중장기 발전계획 수립 연구(수의시담),인천대학교 산학협력단,48500000,97.0,
R26BK01486007,2026-04-29,경상북도 포항시,포항 공동체 복합시설 건립공사 건설폐기물 운반 및 처리 용역,우광산업 주식회사,44345600,88.05,50585000
R26BK01492296,2026-04-29,조달청 인천지방조달청,하이브리드 자동차 배터리의 배출영향 평가 연구(Ⅱ),한양대학교 산학협력단,147000000,99.694,
R26BK01491213,2026-04-28,한양여자대학교,[혁신] 2025학년도 한양여자대학교 대학 성과·활동 모음집 제작 업체 선정,주식회사 티랩,20750400,99.761,
R26BK01489638,2026-04-29,조달청 서울지방조달청,2026년도 근로감독관 전문자격 및 온라인과정 용역,(주)해커스,155800000,99.948,
R26BK01493408,2026-04-29,한국농어촌공사 경남지역본부 의령지사,천곡양수장 외 3개소 전기안전관리대행 용역,그린전력(주),3070000,89.624,
R26BK01485361,2026-04-29,전남광주통합특별시 구례군 상하수도사업소,시동.사동지구 소규모수도시설 개량사업 GIS DB 구축 용역,주식회사 지오컴퍼니,63900000,89.107,
R26BK01493066,2026-04-29,경기도 양평군,2026년도 양평군 새마을지도자 단체 상해보험 가입,메리츠화재해상보험주식회사,62091900,95.589,
R26BK01490810,2026-04-29,국토교통부 국토지리정보원,제29차 IUGG 총회 개최 대응 연구(2차),사단법인 국제측지학및지구물리학연맹한국위원회,123000000,100.0,
R26BK01489572,2026-04-29,조달청 서울지방조달청,이동형 분석 디바이스 기반 약물치료명령 준수여부 판별기법 개발(Ⅲ),한양대학교 에리카산학협력단,251000000,99.852,
R26BK01490905,2026-04-29,사단법인한국프랜차이즈산업협회,프랜차이즈 해외진출 이슈 보고서 제작,주식회사 하이데이터,20000000,100.0,
R26BK01491740,2026-04-29,기후에너지환경부 국립환경과학원,정지궤도 환경위성 기본산출물 개선을 위한 인공지능 모델 개발 연구(Ⅳ),서울시립대학교 산학협력단,38800000,99.61,
R26BK01482199,2026-04-29,경기도 평택시 상하수도사업소,"2026년 배수지 및 청북2라인가압장 밸브, 펌프 등 긴급점검 용역",(주)동산환경,33950000,88.514,
R26BK01492761,2026-04-29,행정안전부 대통령기록관,2026년도 역대 대통령 관련인사 구술채록사업,명지대학교 산학협력단,89450000,99.388,
R26BK01491521,2026-04-29,국토교통부,2026년 건축물관리지원센터 화재안전성능보강 운영·관리 위탁,한국토지주택공사,490000000,99.492,
R26BK01491551,2026-04-29,국토교통부,노후계획도시정비사업 금융지원 위탁,주택도시보증공사,295000000,99.83,
R26BK01490777,2026-04-29,사단법인한국프랜차이즈산업협회,프랜차이즈 종합지원시스템 기능개선 및 유지보수,(주)인터웹,20000000,100.0,
R26BK01491701,2026-04-29,기후에너지환경부 국립환경과학원,운행차 저감장치 결함확인검사 대상장치 선정(2026),한국자동차환경협회,98000000,98.708,
R26BK01487582,2026-04-29,조달청 부산지방조달청,2026년 차세대 수로정보 표준연구,한국해양과학기술원 부설 선박해양플랜트연구소,686000000,99.982,
R26BK01492507,2026-04-28,경북 안동시산림조합,"2025년 산불피해지 긴급벌채사업(길안지구,3차(추가)) 감리용역",산 엔지니어링,8517000,100.0,
R26BK01492300,2026-04-29,조달청 충북지방조달청,2026년도 행정정보시스템 유지보수,크리스피드(주),180938406,99.867,
R26BK01420223,2026-04-15,한국농수산식품유통공사,카테고리별 가공식품 현황 조사 분석 용역,주식회사 글로벌리서치,230412000,91.0,
R26BK01492648,2026-04-28,서울특별시 어린이병원,어린이병원 2026년 비탈면 정비공사 시공감리용역,주식회사 대원산림기술사사무소,10575400,95.0,
R26BK01489949,2026-04-27,한국농어촌공사 충남지역본부 예산지사,용동배수로 재해복구사업 토목공사 건설폐기물처리 용역,예일환경 주식회사,19550000,89.678,
R26BK01493773,2026-04-29,조달청,오피스텔 및 상업용건물 기준시가 산정 용역,한국부동산원,2934000000,99.987,
R26BK01477885,2026-04-29,조달청 서울지방조달청,26년 방위산업기술보호 교육과정 위탁사업,(사)한국산업기술보호협회,215000000,99.398,
R26BK01493007,2026-04-29,국립공원공단계룡산국립공원사무소,2026년 계룡산국립공원 생태계교란어종(배스) 제거 및 모니터링용역,사단법인 한국민물고기보존협회,15000000,100.0,
R26BK01484590,2026-04-29,전북특별자치도 완주군,2026년 노후 슬레이트 처리용역(3권역),주식회사 디와이솔루션,48138000,88.006,
R26BK01491680,2026-04-29,경기도 김포시,2026년 도로노면청소 사각지대 청소 용역(2차),디에스이엔씨(주),249508000,96.446,
R26BK01489786,2026-04-29,조달청,영산·섬진강권역 홍수위험지도 갱신 및 신규 작성,주식회사 삼안,281600000,99.978,
R26BK01484060,2026-04-29,경복대학산학협력단,[혁신] 2025년도 경복대학교 외부 회계감사 용역,이정회계법인,8250000,100.0,
R26BK01485228,2026-04-29,경기도 의정부시,가능동 777번지 일원 배수관 개량 공사 폐기물처리 용역,동유산업,28669000,88.209,
R26BK01485501,2026-04-29,경기도교육청,(가칭)운정3-1유 신축 전기공사 설계용역,대도엔지니어링,56757740,88.057,
R26BK01441284,2026-04-14,한국원자력통제기술원,원자력시설 근무자 대상 핵안보문화 인식도 조사,(주)엠브레인컨설팅,42900000,,
R26BK01488060,2026-04-29,한국환경산업기술원,2026년 어린이 환경보건 출생코호트 시스템 유지관리,주식회사 에스온시스템,102500000,99.902,
R26BK01485761,2026-04-28,조달청,2026년도 노인실태조사,한국보건사회연구원,1215000000,100.0,
R26BK01437812,2026-04-15,대한민국월남전참전자회,월남전 참전 기록물 보관 사업(아카이브)제작 위탁용역,미디어지음,293700000,,
R26BK01479966,2026-04-29,행정안전부 국가기록원,(기록협력과) 재난 피해 종이기록물 방사선 소독처리 실증평가 및 조사 공정 표준 개발(2026년 연구개발사업 제2과제),한국원자력연구원,100000000,100.0,
R26BK01478094,2026-04-29,서울특별시 도봉구,2026년 노면하부 공동조사(GPR탐사) 정기점검 용역,주식회사 세원씨앤이,87760080,87.757,
R26BK01473857,2026-04-28,(사)한국쌀가공식품협회,「2026 쌀가공식품산업대전 온오프라인 전시관 구성·운영」 대행용역 업체 선정을 위한 재공고 입찰,주식회사 에이블피엔디,284780000,,
R26BK01484640,2026-04-29,부산교통공사,호포차량기지 축구장 조성공사 건설폐기물 처리용역,(주)석원산업,16300000,90.003,18100000
R26BK01490357,2026-04-28,한국과학기술정보연구원,AI기반 질환 데이터 분석 개방형 플랫폼 구축 기술교류회 및 자문위원회 행사 대행,주식회사 엠박스커뮤니케이션,48500000,99.794,
R26BK01491814,2026-04-28,전남광주통합특별시교육청 광주청사,2026년 공감하는 체인지 인성교육 프로그램 학생운송차량  임차용역 전자시담 안내,보훈산업주식회사,24684000,84.587,
R26BK01474189,2026-04-29,경상남도 고성군,고성 회화하수처리구역 하수도설치사업 GIS DB 구축용역(입찰대행),주식회사천문지리정보,242164200,86.849,
R26BK01486235,2026-04-29,산림청 서부지방산림청,2026년 서부지방산림청 산불진화차량 및 공무용차량 보험 가입,삼성화재해상보험 주식회사,25800390,61.659,
R26BK01484187,2026-04-29,경상북도교육청 경상북도구미교육지원청,천생초등학교 외 4교 기계설비 성능점검용역 수의견적 제출 안내 공고,주식회사 별하이엔지,52932000,88.233,60325000
R26BK01466217,2026-04-27,(사)한국수산회,K-Seafood 글로벌 콘텐츠 제작 및 현장 운영,리드케이,458900000,,
R26BK01491070,2026-04-28,한국농어촌공사,간척지 영농형 태양광 하부 미기후 계측시스템 구축과 벼작물 생육 특성 연구 용역,국립공주대학교 산학협력단,118800000,99.297,
R26BK01472789,2026-04-29,조달청 강원지방조달청,2026년 동해로호 선박수리 실시,(주)한동조선,134368000,84.339,
R26BK01485180,2026-04-29,조달청 부산지방조달청,2026년 글로벌 커리어 리턴업 프로그램 운영 용역,주식회사 캐럿글로벌,274066000,99.841,
R26BK01438861,2026-04-14,조달청 강원지방조달청,2026년 정보시스템 기능개발 통합 사업 감리 용역,주식회사 악티보,235000000,,
R26BK01477886,2026-04-29,한국은행,FROMs용 Oracle DBMS 유지보수 용역,(주)비아이씨엔에스,62150000,88.204,
R26BK01479866,2026-04-28,인천국제공항공사,2026년 인천국제공항 L/S GPR탐사 용역,주식회사 탑지오이엔지,52700000,95.978,
R26BK01465139,2026-04-28,전주비전대학,대학 브랜드 강화를 위한 뉴미디어(SNS) 운영 및 콘텐츠 제작 사업,주식회사 루와콘텐츠그룹,67400000,,
R26BK01476993,2026-04-29,전남광주통합특별시 상수도사업본부 서남광산수도사업소,2026년 노후배수관 정비공사 통합건설사업관리용역(PQ후 가격입찰),주식회사 동성엔지니어링,923266000,81.642,
R26BK01484251,2026-04-29,전남광주통합특별시교육청 전남광주통합특별시광주동부교육지원청 지산중학교,2026학년도 지산중학교 2학년 수학여행 위탁용역 수의계약 안내 공고(수정),주식회사 루나씨앤에이,81445831,88.034,92678460
R26BK01465871,2026-04-27,대구보건대학산학협력단,[글로컬]대구보건대학교 홍보 영상 제작 용역,디컬리전,35200000,,
R26BK01493453,2026-04-29,한국농어촌공사 농어촌자원개발원,농촌 경제.사회서비스 홍보콘텐츠 기획.제작 용역,주식회사 플러스메이커스,15000000,,
R26BK01492154,2026-04-29,정보통신산업진흥원,2026 코리아 국제 스트리밍 페스티벌 운영 용역,주식회사 유니원커뮤니케이션즈,300000000,98.36,
R26BK01483656,2026-04-29,경상남도 김해시,김해시 상수관로 지하시설물 공동조사 및 복구용역(가격입찰 후 PQ),주식회사 쏘일테크엔지니어링,235245000,87.346,272000000
R26BK01492820,2026-04-29,한국건설기술연구원,탄소중립 도시계획을 위한 기상기후요소 통합관리 기술개발 용역,주식회사 슈타트,142500000,99.151,
R26BK01488099,2026-04-29,조달청 부산지방조달청,2026년 IHO 국제협력 및 홍보전략 연구,사단법인 한국수로학회,765380000,99.913,
R26BK01467097,2026-04-28,경기도 양주시,2026년 양주권 자원회수시설 정기보수기간 등 미처리 폐기물 위탁처리용역(3권역)(단가),주식회사 탑에코,163465,86.801,
R26BK01491061,2026-04-28,한양여자대학교,[혁신] 2026학년도 MS AI-900 자격증 비교과 프로그램  위탁 운영 업체 선정,스퀘어네트주식회사,15600000,98.484,
R26BK01454322,2026-04-15,경기도 과천시,과천시자원정화센터 위탁관리 용역(협상),환경에너지솔루션주식회사,23149882000,95.539,
R26BK01479114,2026-04-22,한국환경공단,2026년 엔진시험실 공조설비 유지보수 용역,(주)씨케이솔루션,20790000,94.974,
R26BK01490322,2026-04-29,조달청,2026년 은닉재산 국유화 환수소송 수행 위탁용역(법무서비스),정부법무공단,49200000,99.393,
R26BK01493882,2026-04-29,국가유산청 국립해양유산연구소,2026년 마도해역 수중발굴조사 개수제 대행 용역,하나기획,12149000,100.0,
R26BK01493916,2026-04-29,한국농어촌공사 충북지역본부 진천지사,석박마을 취약지역생활여건개조사업 생활폐기물처리용역,주식회사 여수환경,17600000,88.008,
R26BK01493712,2026-04-29,조달청,26년 KISA 주요정보통신기반시설 및 정보시스템 보안강화 컨설팅 위탁용역,주식회사 이글루코퍼레이션,932800000,99.892,
R26BK01493976,2026-04-29,한국농어촌공사 충남서부관리단,물관리자동화설비(TM/TC) 유지관리 점검용역,주식회사 에이스티앤비,7800000,90.162,
R26BK01443255,2026-04-29,광주송정역세권 상권르네상스 사업추진단,광주송정역세권 상권활성화사업『광주송정 남도맛 페스티벌』 용역,주식회사 해피니스,177460000,,
R26BK01492743,2026-04-29,한국농어촌공사 경남지역본부 울산지사,복안지구 수리시설개보수사업 세부설계 탄산화시험 용역,성우구조안전연구소 주식회사,9450000,94.974,
R26BK01490355,2026-04-29,조달청,2026년 조달청 위험성평가 컨설팅 용역,(사)대한산업안전협회 대전지역본부,21330000,100.0,
R26BK01459269,2026-04-23,서울패션허브,서울패션허브 2026 서울패션페스타 기획운영 대행 용역,(주)동아일보사,259730000,,
R26BK01487741,2026-04-29,조달청 대구지방조달청,(안전성분석과)고분해능 질량분석기를 활용한 유해물질 신속검사체계 구축 연구,강원대학교산학협력단,146700000,100.0,
R26BK01492722,2026-04-29,행정안전부 대통령기록관,제21대 폐지위원회 웹기록물 이관 등록 사업,에이큐원 주식회사,74470000,99.293,
R26BK01486188,2026-04-29,한국농어촌공사 전북지역본부 전주.완주.임실지사,소농마을 취약지역생활여건개조사업 기본계획수립 및 세부설계 용역,주식회사 에이치트리,93476600,88.004,106636000
R26BK01479559,2026-04-29,경상남도마산의료원,2026년 마산의료원 세탁물처리 위탁용역,주식회사 경서,135163353,87.8,
R26BK01473930,2026-04-28,한국수산자원공단동해본부,동해본부 사업용 신규 장기차량 임차,더플러스렌터카 주식회사,39243600,88.071,
R26BK01492245,2026-04-29,조달청 경남지방조달청,2026년 온라인 교육 콘텐츠 사용 계약,주식회사 주경야독,112800000,99.914,
R26BK01486491,2026-04-29,충청남도 논산시,제5차 논산시 교통안전기본계획 수립 용역,주식회사 더그린이엔지,42749000,88.379,
R26BK01492610,2026-04-29,질병관리청,"[정책,102] 신기술 기반 질병 예측 및 평가 플랫폼 구축 사업 기획",주식회사 날리지웍스,50000000,100.0,
R26BK01492652,2026-04-29,한국교통안전공단 자동차안전연구원,한국형 Green NCAP 시범사업 운영 및 행사 지원 용역,(주)에이치아이컨설팅,149050000,99.4,
R26BK01492985,2026-04-29,조달청,2026 국민문화예술교육조사,한국문화예술교육진흥원,351900000,100.0,
R26BK01444808,2026-04-17,전남광주통합특별시 순천시,2026 순천만국가정원 특별한 봄 별빛 세레나데 문화행사 운영 대행 용역(협상계약)(긴급),주식회사 비버스컴퍼니,182400000,,
R26BK01492776,2026-04-29,한국임업진흥원,2025년 정원산업조사,주식회사 메트릭스알앤씨,94160000,97.072,
R26BK01482662,2026-04-28,제주특별자치도 서귀포시,2027년 농업생산기반시설(밭기반) 정비사업 실시설계용역,주식회사 청풍엔지니어링,169343100,87.75,
R26BK01493356,2026-04-29,경상남도,낙동강 수변공간 관리기본계획 수립 용역(수의시담),재단법인 경남연구원,495000000,99.0,
R26BK01493529,2026-04-29,국가유산청 국립문화유산연구원 국립나주문화유산연구소,마한사 연구 활성화 학술대회(26년도) 진행 용역,한국고대사학회,19400000,,
R26BK01493018,2026-04-29,전남대학교 산학협력단,2026년도 전남대학교 연구활동종사자 보험 용역,한국교육시설안전원,59885480,99.665,
R26BK01487454,2026-04-29,과학기술정보통신부 국립전파연구원,해외직구 제품의 안전성 검사 연구,(사)한국정보통신시험기관협회,31500000,95.454,
R26BK01493816,2026-04-28,소방청,사무공간 재배치 관련 이사용역,한결퍼니처,18487000,95.0,
R26BK01457303,2026-04-20,사회복지법인 생명의전화,서울청년기지개센터 고립·은둔청년 「기지개 시즌즈」전통무예 체험 프로그램,주식회사 13컴퍼니,46091000,,
R26BK01491719,2026-04-29,기후에너지환경부 국립환경과학원,자동차 환경규제 설정 지원을 위한 모델링 방법 연구(I),한양대학교 에리카산학협력단,99000000,99.303,
R26BK01493417,2026-04-29,조달청 인천지방조달청,차기 자동차 배출허용기준 도입에 따른 시험방법 개선에 관한 연구(II),한양대학교 산학협력단,117600000,99.694,
R26BK01490401,2026-04-28,한국조폐공사,사규 시스템 기능개선 용역,위지스,39200000,100.0,
R26BK01488501,2026-04-28,경기도 평택시 안중출장소,청북 리도208호선(후사3리~옥길2리간) 개설공사 소규모 환경영향평가용역,주식회사 청담엔지니어링,30360000,88.0,
R26BK01484850,2026-04-29,전북특별자치도 익산시,2026년 임대형 소규모 개방주차장 조성사업 실시설계 용역,주식회사 태원엔지니어링,26369000,88.102,
R26BK01444315,2026-04-17,국립해양생물자원관,독도 해양생물다양성 조사·연구,주식회사 인더씨,72000000,,
R26BK01486282,2026-04-29,충청남도 서산시,화수 자연재해위험개선지구 정비사업 보상협의 및 재결업무수행 지원 용역,지산개발,90360000,88.039,
R26BK01487942,2026-04-29,조달청,SW 3자단가(CVOS v1.0 (유지관리) (주)알티솔루션),주식회사 알티솔루션,66000,100.0,
R26BK01487993,2026-04-29,한국환경산업기술원,부가가치세 관련 검토 및 신고 정정,삼화회계법인,108900000,99.0,
R26BK01489784,2026-04-29,서울시장애인의사소통권리증진센터,의사소통 애플리케이션 개발  및  유지보수 용역,주식회사 비제이소프트,11000000,100.0,
R26BK01488050,2026-04-29,조달청 서울지방조달청,스마트 수어방송 제작 및 송출 용역(지상파 3개 채널),에스케이브로드밴드 주식회사,325046700,99.585,
R26BK01442483,2026-04-14,경상북도 칠곡군,칠곡군 분뇨(침출수처리시설 포함) 및 가축분뇨공공처리시설 관리대행 용역(긴급),주식회사 넥스트워터,5466000000,,
R26BK01383845,2026-04-20,국민건강보험공단,2026~2028 회계연도 회계감사,회계법인 더올,207900000,,
R26BK01443083,2026-04-28,부경대학교,2026학년도 국립부경대학교 봄축제(대동제) 행사 용역,주식회사유림이엔티,252862500,,
R26BK01458700,2026-04-24,경기도 의정부시,PQ 후 입찰(의정부 경제자유구역 지정 및 개발계획 수립 용역),주식회사 건화,382800000,,
R26BK01486321,2026-04-29,전남광주통합특별시 무안청사,전라남도 소관 사업장 중대산업재해 안전보건 확보의무 이행점검 용역,주식회사 한국산업안전협회,48446948,89.598,
R26BK01469855,2026-04-29,광주시 호남삼육중학교,2026학년도 호남삼육중학교 2학년 수학여행 위탁용역,(주)한희자여행나라,58480930,97.122,
R26BK01428777,2026-04-24,조달청,2026년도 하도급거래 서면실태조사 시스템 재구축 사업,주식회사 심소프트,488900000,,
R26BK01484577,2026-04-29,충청북도 도로관리사업소 남부지소,옥천 평계지구 급경사지 붕괴위험지역 정비사업(2차) 폐기물처리용역,(주)예당환경,34124800,88.156,38670000
R26BK01459234,2026-04-28,한국공항공사 김해공항,김해공항 기술분야 공사 재해예방기술지도 용역,(주)한국정보통신공사협회안전기술원 동부사업소,15938880,87.906,
R26BK01484165,2026-04-29,경기도 오산시,궐리사로 도로 재포장 공사(궐동715번지 일원) 폐기물 처리 용역,삼흥산업개발(주),29321000,88.017,
R26BK01485663,2026-04-29,경상남도교육청 경상남도창원교육지원청,(가칭)보람유치원 신축 전기공사 감리용역 수의계약 안내 공고,신흥전력,41644630,88.012,
R26BK01495140,2026-04-29,전북특별자치도교육청 전북특별자치도부안교육지원청 백산중학교,2026학년도 백산중학교 국제교류수업 연계 해외 현장체험학습 위탁 용역,주식회사 에베네져 인터내셔널,58430000,99.97,
R26BK01435041,2026-04-22,한국과학창의재단,2026년 정부 공급 초등돌봄 교육 프로그램 만족도 조사용역,주식회사 엠랩컴퍼니,67200000,,
R26BK01475408,2026-04-28,전북특별자치도 고창군,고창군 공공하수도(하수관로) 기술진단(아산_흥덕부안 외 5개소)용역 입찰공고,주식회사 대아이엔지,119492977,87.806,135371000
R26BK01375819,2026-04-16,인천항만공사,IPA AI전환 중장기 전략수립 용역,(주) 한국능률협회컨설팅,242000000,,
R26BK01426534,2026-04-17,부산광역시,부산광역시 공공 공연장 기능 재정립 및 활성화 연구용역,재단법인 부산연구원,190000000,,
R26BK01495512,2026-04-29,(재)강릉과학산업진흥원,2026년 강원 가상융합산업 혁신센터 가상융합 전문교육 용역,버림플러스,46500000,95.876,
R26BK01484799,2026-04-29,경상북도 울릉군,2026년 숲해설 위탁운영(재공고),주식회사 대경,85500000,96.122,
R26BK01485835,2026-04-29,충청남도 부여군,옥산면 대덕2리 경로당 신축사업 설계용역(계약대행),최철용건축사사무소,25590830,88.339,
R26BK01488523,2026-04-29,충청북도 소방본부,2026년 충청북도 산림인접마을 비상소화장치 설치공사 실시설계 용역(청주권),주식회사 지우 이앤씨,18121000,90.312,20203000
R26BK01475521,2026-04-27,충청남도 건설본부,덕산천·대치천 지방하천 재해복구사업 기본계획 재수립 및 실시설계 전략환경영향평가용역,주식회사 레오엔지니어링,53175000,88.043,60000000
R26BK01495361,2026-04-29,한국지역난방공사 파주지사,파주지사 통합환경 허가재검토 용역,환경로엔텍 주식회사,20075000,96.377,
R26BK01462553,2026-04-29,서울특별시교육청 서울고등학교,2026학년도 서울고등학교 1학년 수련활동 위탁용역,모나용평 주식회사,122111000,96.446,125891000
R26BK01479669,2026-04-29,대한적십자사 경기도혈액원,2026년 대한적십자사 경기혈액원 의료폐기물 위탁처리 용역,리우환경,1215,84.438,
R26BK01485749,2026-04-29,경상남도교육청 경상남도창원교육지원청,(가칭)보람유치원 신축 전기공사 건설재해예방 기술지도용역 수의계약 안내 공고,대승종합안전주식회사,5828329,90.525,
R26BK01494385,2026-04-29,한국농어촌공사 전남지역본부,백수지구 국가관리 방조제개보수사업 세부설계 측량용역,주식회사 남산엔지니어링,17000000,89.257,
R26BK01494945,2026-04-29,산림청 동부지방산림청 정선국유림관리소,2026년 숲가꾸기(어린나무)사업(7차) 실시설계용역,주식회사 신우산림기술사사무소,6955000,88.497,
R26BK01467604,2026-04-29,전라남도교육청 한국창의예술고등학교,2026학년도 한국창의예술고등학교 국제교육프로그램 위탁 용역 입찰 공고(긴급)[규격.가격 동시 입찰],주식회사 세영투어,281600000,92.801,
R26BK01477927,2026-04-29,재단법인 대구디지털혁신진흥원,"대구스마트시티센터 2026년 시설관리(경비, 청소) 용역",(주)한마음종합관리,279583170,87.748,318758000
R26BK01496417,2026-04-29,한국어촌어항공단,2026년 어촌·어항재생사업 홍보 용역,주식회사 이씨이십일,16600000,,
R26BK01496245,2026-04-29,해양수산부 국립수산과학원 서해수산연구소,(수의시담) 2026년 수산과학조사선 탐구8호 선박보험 용역,롯데손해보험(주),48427000,49.415,
R26BK01467300,2026-04-29,경상남도교육청 경상남도창원교육지원청 해운중학교,2026학년도 해운중학교 2학년 수학여행 위탁 용역 입찰 공고(긴급),주식회사 태산항공,101316500,94.191,
R26BK01483865,2026-04-29,산림청 국립산림과학원,(용역_농특)충북대학교 수목진단센터 운영,충북대학교산학협력단,29400000,98.0,
R26BK01486558,2026-04-29,경상남도 하동군,횡천 중앙마을 상수도 급수구역 확장공사 외 1개소 기본 및 실시설계용역,주식회사 유진이엔씨,141598900,87.746,161157000
R26BK01434800,2026-04-22,조달청 대구지방조달청,국립경국대학교 정보시스템 통합유지관리 용역,스토리엔네트웍스(주),1060760000,,
R26BK01484392,2026-04-29,경상북도 의성군,의성군 자연재해위험개선지구 지정해제검토용역,주식회사 라움이엔씨,48037000,88.541,
R26BK01486561,2026-04-29,경상남도 하동군,「옥종농협 농산물산지유통센터(APC_ 증축공사」 안전점검 수행기관 지정 공고,주식회사 에이온구조엔지니어링,2646004,87.829,3000000
R26BK01486308,2026-04-29,충청남도 서산시,서산 인더스밸리 일반산업단지(B4-2) 산업단지계획 및 관리기본계획 변경용역,주식회사 경인엔지니어링,53819000,88.577,
R26BK01484372,2026-04-29,부산광역시교육청 부산광역시서부교육지원청,부산체육고등학교 교내포장 및 기타공사 건설폐기물처리용역,동양기연 주식회사,5631000,90.025,6210000
R26BK01494191,2026-04-29,한국해양과학기술원 부설 선박해양플랜트연구소,온톨로지 기반 AI-Human Agent 협업형 작업안전 서비스 개발 용역,해긴컨설팅 주식회사,39500000,100.0,
R26BK01484774,2026-04-29,경상남도 사천시,시도8호선(다평1지구) 위험도로 개량공사 건설폐기물 처리용역,사천환경 주식회사,28427000,88.557,
R26BK01495859,2026-04-29,산림청 국립수목원,국립수목원 종합연구동 주차장 개방사업 실시설계 용역,해밀종합건축사사무소,11800000,99.856,
R26BK01479876,2026-04-29,한국과학기술원,2026 GESS 미국 창업교육프로그램 차량 임차 용역,주식회사 경남물산,33024940,88.044,37600000
R26BK01431621,2026-04-21,한국농어촌공사 경남지역본부 고성.통영.거제지사,구조라권역 행복한삶터 조성사업 기본 및 경관계획수립용역,주식회사 엔브이,195000000,,
R26BK01432696,2026-04-14,국가데이터처,등록센서스 작성 개선 및 활용성 제고를 위한 연구용역 사업,사단법인 한국인구학회,78000000,,
R26BK01470773,2026-04-29,경기도교육청 경기도의정부교육지원청,2026 의정부효자초 온동네 돌봄·교육센터 운영 용역 2차 재공고,사단법인 오름,70180000,79.083,
R26BK01467238,2026-04-29,서울특별시강서교육청 봉영여자중학교,2026학년도 1학년 수련활동 용역 입찰 공고,(재)순복음선교회,32760000,94.128,34650000
R26BK01482544,2026-04-29,경기도 김포시 맑은물사업본부,"제2정수장 및 모담2배수지 신설사업(관로, 가압장) 소규모재해영향평가 용역",주식회사 제이에스컨설팅,87083400,88.177,
R26BK01365758,2026-04-13,공정거래위원회,구독서비스 이용 과정에서 소비자 권익 보호를 위한 법령 정비 방안에 관한 연구,한국외국어대학교 연구산학협력단,35000000,,
R26BK01440609,2026-04-24,조달청 대전지방조달청,2026년 충청남도 통합급식지원시스템 기능개선 사업,주식회사 엑소텍,170000000,,
R26BK01495853,2026-04-29,한국지역난방공사 서울중앙지사,2026년 중앙지사 전기분야 경상정비공사 재해예방 기술지도 용역,주식회사 한국전기공사협회 안전기술원,9313920,98.667,
R26BK01471268,2026-04-29,조달청 대전지방조달청,행복도시~공주(3구간)도로건설공사 폐기물처리용역(아스콘),주)그린환경,384543000,85.504,
R26BK01483968,2026-04-29,경상남도교육청 경상남도창원교육지원청,"창원명곡고등학교 급식소 현대화 전기(통신, 소방)공사 설계용역",화성감리,9484000,90.151,
R26BK01486454,2026-04-29,질병관리청 국립보건연구원,[일반용역](견적공고/재공고)국가병원체자원은행 보유 결핵균 품질확인 및 자원화,주식회사 미래아이시티기술사정보,42816956,88.56,
R26BK01480506,2026-04-29,울산광역시 북구,2026년 도시공원 풀베기 사업 용역,주식회사 삼일,193500000,87.759,222500000
R26BK01481156,2026-04-29,국립공주대학교,국립공주대학교 ʹ26년도 상반기 제3종시설물 정기안전점검 용역,주식회사 미래도시,71917170,88.01,
R26BK01485047,2026-04-29,부산광역시교육청 부산광역시서부교육지원청,사남초등학교 다목적강당 증축 및 기타 전기공사 건설재해예방 기술지도용역,주식회사 정엔지니어링,2682740,91.747,2894000
R26BK01495971,2026-04-29,산림청 동부지방산림청 평창국유림관리소,2026년 임도시설사업(구조개량_신리) 감리용역,산림기술사사무소 사람과숲,8830000,88.976,
R26BK01449994,2026-04-20,경복대학교,2027학년도 경복대학교 온라인 SNS 입시 홍보,(주)액센티브,190000000,,
R26BK01494055,2026-04-29,한국농어촌공사 경북지역본부 의성.군위지사,쌍호용수간선 외 1개소 퇴적물제거 용역,푸른사회적협동조합,25000000,88.192,
R26BK01485508,2026-04-29,인천광역시 상수도사업본부,2026년 북부수도사업소 관세척(특허공법) 용역,주식회사 셈즈이엔지,79041080,88.087,90299000
R26BK01486050,2026-04-29,경기도 화성시 맑은물사업소,남양읍 북양리 70-4번지 일원 배수관로 설치공사 폐기물처리용역,태형기업(주),60032000,88.617,68450000
R26BK01419162,2026-04-14,경기도,경기 생성형 AI 플랫폼 운영 및 유지보수 용역,주식회사 엠티데이타,959904000,,
R26BK01445661,2026-04-17,서울대학교병원,카카오톡 알림톡 발송 서비스 계약,비즈톡 주식회사,216404626,,
R26BK01484893,2026-04-29,전라남도교육청 전라남도광양교육지원청 광양용강중학교,2026학년도 광양용강중 2학년 수련활동 차량임차용역 소액수의 견적 제출 안내 공고,(유)초원관광여행사,9730000,91.227,
R26BK01479054,2026-04-29,충청북도 청주시,"2026년 국가하천(미호강, 금강) 풀깎기 사업",주식회사 유암건설,354674911,87.745,
R26BK01475452,2026-04-29,서울특별시교육청 풍문고등학교,2026학년도 풍문고등학교 2학년 수련활동 용역,모나용평 주식회사,87472000,93.129,
R26BK01411589,2026-04-10,국가교육위원회,정책연구(국가교육위원회 성과평가제도 개선방안 및 지표개발 연구),영남대학교산학협력단,47800000,,
R26BK01485960,2026-04-29,경기도청 북부청사,수의계약 안내공고(2026년 경기도청 북부청사 제3종 시설물 등 정기안전점검용역),반석안전 주식회사,29582000,88.024,
R26BK01484240,2026-04-29,충청북도 옥천군,폐기물종합처리장 측량 및 낙석방지망 설치 실시설계용역,주식회사 태광설계공사,33217000,88.472,
R26BK01486041,2026-04-29,부산광역시 금정구,건설공사 안전점검 수행기관 지정 공고(부곡동 282-1번지),동아구조엔지니어링,6070641,87.749,
R26BK01462979,2026-04-28,조달청,2026년 하이퍼리얼리티 에셋 구축,위프코 주식회사,400000000,,
R26BK01478588,2026-04-29,제주특별자치도 제주시,26년 밭기반 정비사업 관망구축용역,주식회사 제주트윈,175874500,87.801,
R26BK01467695,2026-04-29,전남광주통합특별시교육청 한국바둑고등학교,한국바둑중고 국제 스포츠 문화교류 위탁 용역,유한회사 하나씨앤씨,54500000,80.674,
R26BK01477233,2026-04-28,전남광주통합특별시 담양군,중월천 재해복구사업 폐기물처리용역,(유)남도환경,128642300,87.769,146135000
R26BK01464249,2026-04-28,서울특별시교육청 단국대학교부속소프트웨어고등학교,2026학년도 단국대학교부속소프트웨어고등학교 1학년 소규모테마형교육여행 위탁용역,주식회사 어깨동무야,53655300,96.742,
R26BK01486143,2026-04-29,인천광역시 강화군,농어촌도로102호선(대문고개입구교차로~선원중로2-1) 도로확포장공사 건설폐기물처리 용역,한밭미래자원(주),73000000,97.709,73720000
R26BK01430778,2026-04-21,경기도청 북부청사,2026년 DMZ OPEN 국제음악제 기획·운영 대행 용역,주식회사 아이캔컴퍼니,864500000,,
R26BK01459985,2026-04-29,서울특별시강동교육청 거원중학교,2026학년도 거원중학교 3학년 숙박형 현장체험학습 위탁용역 공고,모나용평 주식회사,45594000,97.846,46301940
R26BK01430412,2026-04-21,한국환경공단,2026년 한국환경공단 건설공사 안전이행평가 및 컨설팅,주식회사 다산안전기술,235273000,75.522,
R26BK01454191,2026-04-21,재단법인서울디자인재단,2026년 DDP 시민참여 문화행사 운영,어나더레벨,113850000,,
R26BK01441736,2026-04-24,경기도교육청 청심국제고등학교,2026학년도 청심국제중학교  체험학습 위탁용역,(주)세일여행사,690090000,86.384,
R26BK01463470,2026-04-29,서울특별시교육청 서울특별시강동송파교육지원청 오금중학교,2026학년도 오금중학교 2학년 수련활동 위탁공고,재단법인 효정국제문화재단,32958000,89.653,37056000
R26BK01477854,2026-04-29,재단법인 대구디지털혁신진흥원,"대구스마트시티센터 2026년 시설관리(전기, 소방, 기계) 용역",코원 주식회사,190838130,88.449,218324000
R26BK01459104,2026-04-24,조달청 대전지방조달청,백제역사유적지구 미디어 콘텐츠 제작·홍보용역,씨유넥스트,147500000,,
R26BK01460039,2026-04-29,경상남도교육청 경상남도창원교육지원청 팔룡중학교,2026학년도 팔룡중학교 2학년 수학여행 위탁 용역 입찰 공고(2단계입찰[규격가격동시]),주식회사 명신관광,67201000,92.039,73265280
R26BK01484211,2026-04-29,경상남도 고성군,고성역세권 개발사업 투자선도지구 경관계획 수립 용역,주식회사 경상엔지니어링,82674510,88.182,
R26BK01432543,2026-04-29,경기주택도시공사,GH 안전보건교육 교재 개발 및 운영 용역,사단법인 안전보건진흥원,602900000,,
R26BK01475433,2026-04-29,경기도 오산시,주택건설공사 감리자(건축) 모집 공고(양산4지구 B1BL),주식회사 길종합건축사사무소이엔지,4407682000,72.966,
R26BK01456213,2026-04-29,전북특별자치도교육청 이리공업고등학교,2026학년도 이리공업고등학교 1학년 테마식 현장체험학습 위탁용역 2단계(규격 ·가격동시) 입찰,주식회사 동양해외관광,36450000,72.639,50652000
R26BK01398344,2026-04-15,한국콘텐츠진흥원,[긴급] 2026년 현지 인프라 활용 해외진출 지원(멕시코) 위탁용역,(주)에스비에스,2504900000,,
R26BK01463220,2026-04-29,서울특별시교육청 서울특별시강동송파교육지원청 오금중학교,2026학년도 오금중학교 소규모테마형교육여행 위탁용역,주식회사 어깨동무야,66631200,98.936,67917480
R26BK01440045,2026-04-14,조달청,2026년도 유치원장 자격연수 국외교육 연수 용역(제1사업),(주)에띠마이스,430000000,,
R26BK01495202,2026-04-29,한국농어촌공사 충남지역본부 홍성지사,화양배수장외 1개소 전기안전관리대행 용역,한국전기안전공사 충남중부지사,6115560,94.987,
R26BK01495719,2026-04-29,산림청 동부지방산림청 평창국유림관리소,2026년 임도시설사업(구조개량_화의) 감리용역,가온산림기술사 사무소,11210000,89.823,
R26BK01485526,2026-04-29,서울특별시성북교육청 서라벌중학교,서라벌중학교 2026학년도 2학년 수련활동 수의 견적 제출 공고,모나용평 주식회사,34197000,94.453,
R26BK01481732,2026-04-29,경기도 양평군 환경사업소,국수 공공하수처리시설 증설사업 기본 및 실시설계 용역(지명경쟁),주식회사 이산,850700000,86.019,
R26BK01483695,2026-04-29,부산광역시 건설안전시험사업소,구서지하차도 정밀안전점검용역,건국이엔씨(주),34435660,88.024,
R26BK01430121,2026-04-29,서울특별시서부교육청 영락중학교,2026학년도 영락중학교 1학년 수련활동 용역 입찰공고(2단계 규격 가격 분리 동시),피노키오(주),71000000,99.556,
R26BK01459481,2026-04-24,재단법인 광주정보.문화산업진흥원,2026 XR & Metaverse Fair Tokyo 공동관 운영,에스마이스연구원 주식회사,69734000,,
R26BK01485265,2026-04-29,충청남도 서천군,유부도 도선 선착장 조성사업 기본 및 실시설계용역,주식회사 동국엔지니어링,69388000,88.412,78200000
R26BK01421433,2026-04-14,조달청 대전지방조달청,2030 인구주택총조사 조사 실시 체계 방안 연구 사업,사단법인 한국인구학회,160000000,,
R26BK01479249,2026-04-29,전남광주통합특별시 보성군,2026년 해양쓰레기 정화사업 폐기물처리용역,유한회사 케이씨리싸이클링,454888084,83.011,550000000
R26BK01485899,2026-04-29,충청남도 보령시,보령국민체육센터 셔틀버스 운행 임차,주식회사통일관광,42309500,88.636,48000000
R26BK01463777,2026-04-29,서울특별시교육청 개포고등학교,2026학년도 개포고등학교 1학년 수련활동 위탁용역 입찰 공고,주식회사 미리내캠프,63135000,93.952,67559000
R26BK01483328,2026-04-29,부산시설공단,서면지하도상가 서면몰 공조덕트 청소용역,주식회사 성진코퍼레이션,39460887,88.0,
R26BK01494262,2026-04-29,조달청 서울지방조달청,2026년도 클린스마트모바일 시스템 운영 유지보수,코드엣지 주식회사,489000000,99.889,
R26BK01486385,2026-04-29,충청남도 보령시,노후위험저수지(송학1) 시설보강사업 실시설계용역,대웅엔지니어링주식회사,30309000,88.154,
R26BK01482259,2026-04-29,부산도시공사,서부산 행정복합타운 건립사업 착공후지하안전조사 용역,주식회사 삼영기술,87349000,88.184,98395000
R26BK01484170,2026-04-29,산림청 서부지방산림청 순천국유림관리소,2026년 상반기 소나무재선충병 방제사업(광양),상록수국유림영림단사회적협동조합,54400000,92.882,59129000
R26BK01485807,2026-04-29,경상남도교육청 경상남도창원교육지원청,(가칭)보람유치원 신축 통신공사 건설재해예방 기술지도용역 수의계약 안내 공고,주식회사 서창안전기술원,4256554,91.1,
R26BK01483022,2026-04-29,경기도 오산시,가장동 서부로 재개설 사업 실시설계 용역[가격입찰 후 사업수행능력평가(P.Q)],극동엔지니어링 주식회사,417894000,86.865,
R26BK01480387,2026-04-29,한국농수산식품유통공사 서울경기지역본부,정부수매 양파 폐기물 위탁처리 용역(4차),주식회사 엘에스에너지,1240855104,80.693,1537827570
R26BK01447316,2026-04-20,한국기술교육대학교,직업기초능력 평가제도 도입을 위한 연구,대한상공회의소,48000000,,
R26BK01493987,2026-04-29,전북특별자치도교육청 전북특별자치도전주교육지원청 전주화정중학교,2026학년도 전주화정중학교 국제교류수업 연계 해외 현장체험학습 위탁 용역,에듀링크 코리아,58400000,100.0,
R26BK01486060,2026-04-29,경상남도 창원시,2026년(2025년 실적) 창원시 출자·출연기관 경영실적평가 용역,사단법인 뉴비전전략연구원,41743700,88.008,
R26BK01394384,2026-04-29,서울특별시 양천구,목동아파트 주변 하수도 정비 기본 및 실시설계 용역,주식회사 유신,2610747000,81.132,
R26BK01478553,2026-04-29,전남광주통합특별시 강진군,가우도 빛의 숲 관광갤러리 조성사업 실시설계용역,유한회사 다성탑,105773100,87.779,
R26BK01448453,2026-04-24,재단법인통영문화재단,2026 국가유산 미디어아트 통영 삼도수군통제영 콘텐츠 기획 및 운영대행 용역(긴급),주식회사엔토닉크리에이티브,1194424000,,
R26BK01482538,2026-04-29,경기도 여주시,본두배수지 송수관로 확장공사 폐기물 처리용역,(주)두성기업,176265000,87.793,
R26BK01483990,2026-04-29,충청남도 아산시,고용산 숲속야영장 조성사업 건설폐기물 처리용역,(주)아산환경,72397500,88.183,
R26BK01461346,2026-04-29,전북특별자치도교육청 완산여자고등학교,2026학년도 완산여자고등학교 테마식현장체험학습 위탁용역,(유)아성고속관광,40986000,80.704,51054800
R26BK01480023,2026-04-29,울산광역시 울주군,2026년 주요 행락지 하천불법행위 단속 위탁용역,(주)산천,397533950,87.926,
R26BK01487267,2026-04-29,주식회사 에코트리,2026년도 성남시재활용선별장 유인 계근관리 및 경비용역 업체선정 입찰공고,(주)삼영기업,164559580,88.371,186305250
R26BK01451445,2026-04-21,질병관리청,"[정책,110] 감염병 감시체계 정기적 점검 기반 구축 및 미래 대비 감염병 선정 연구",가톨릭대학교 산학협력단,50000000,,
R26BK01485324,2026-04-29,충청북도 보은군,2026년 어린이보호구역 실태조사용역,주식회사 도명,28642900,88.545,
R26BK01468268,2026-04-27,(재)서울특별시평생교육진흥원,2026년 5060 넥스트아카데미 프로젝트 및 행사 운영,에듀툴킷디자인연구소 주식회사,64680000,,
R26BK01479679,2026-04-29,서울특별시 기술교육원 동부캠퍼스,직업상담사 용역,주식회사 서브윌,87736489,87.759,100000000
R26BK01445487,2026-04-17,한국환경보전원,2026년 온라인 환경교육 콘텐츠 제작 용역,주식회사 팀도밍고,103400000,,
R26BK01454086,2026-04-23,강원특별자치도교육청 강원특별자치도교육청교육연수원,2026년 교원 AI·디지털 역량강화 직무연수 위탁 운영,(사)한국능률협회,190000000,,
R26BK01484374,2026-04-29,인천광역시 연수구,2026년 연수구 특별 지반조사 용역,혜안엔지니어링종합건축사사무소(주),84384160,88.041,96239000
R26BK01484253,2026-04-29,경상남도 양산시,양산시 인구정책 기본계획 수립 용역,넥서스리스치,43993500,88.028,50000000
R26BK01414626,2026-04-03,서울특별시,2026년 집수리 아카데미 실습교육 용역,희망둥지협동조합,209860000,,
R26BK01399648,2026-04-17,조달청 광주지방조달청,국립순천대학교 전산시스템 통합 유지보수,주식회사아이티온넷,1253340000,,
R26BK01485012,2026-04-29,전남광주통합특별시 함평군,돌머리권역 해양관광보행로 조성사업 소규모 환경영향평가 용역,주식회사 영훈이엔지,65180000,88.292,73000000
R26BK01484986,2026-04-29,강원특별자치도 홍천군,2026년 홍천군 도시지역 도시계획도로 정비사업 폐기물처리용역,상지환경산업(주),69339900,88.152,78700000
R26BK01485947,2026-04-29,강원특별자치도 홍천군,2026년 산불진화임도(강원대 학술림) 설치사업 실시설계용역,길 산림엔지니어링,27160000,88.11,30974000
R26BK01444540,2026-04-29,경기도,경기지방정원 전기공사 책임감리용역,주식회사 대일티이씨,615503578,85.501,
R26BK01468837,2026-04-24,사회복지법인 굿네이버스,현대자동차그룹 쉼터환경개선사업 아이케어 홈(i CARE HOME) 운영업체 선정,(주)아이땅,524150000,,
R26BK01485311,2026-04-29,서울시설공단,지능형 데이터 개방 플랫폼 구축 감리,(주)메타지아이에스컨설팅,34812800,88.015,40000000
R26BK01482320,2026-04-29,전북특별자치도,주진천상류권역 지방하천 하천기본계획 재수립 및 하천시설관리대장 작성용역(가격입찰 후 PQ),주식회사 세화엔지니어링,300240000,87.368,
R26BK01480038,2026-04-28,강원특별자치도 정선군,2026년 정선시티투어 버스 임차 용역,(합자)강원관광,88041000,99.469,
R26BK01480271,2026-04-29,한국농수산식품유통공사 서울경기지역본부,정부수매 양파 폐기물 위탁처리 용역(2차),농업회사법인유한회사좋은날,913586109,80.517,1130756660
R26BK01449568,2026-04-20,행정안전부,사회연대경제 및 공동체 활성화를 위한 시민사회 거버넌스 생태계 조성방안 연구용역,한신대학교산학협력단,39993800,,
R26BK01486424,2026-04-29,충주산림조합,2026년 풀베기사업 설계용역(북부2지구),주식회사 동진엔지니어링,8055960,90.343,
R26BK01482234,2026-04-28,경상북도 김천시,김천1일반산업단지(4단계)  용수공급시설 설치사업 상수도 GIS DB 구축 용역,주식회사 진성이앤씨,44514100,88.176,50340000
R26BK01455783,2026-04-29,서울특별시중부교육청 중앙중학교,"중앙중학교 2026학년도 1, 2학년 수련활동 용역 입찰 공고(규격·가격 동시)",재단법인 효정국제문화재단,46295000,95.564,
R26BK01486132,2026-04-29,부산광역시 건설안전시험사업소,회동3교 등 2개소(번영교) 정밀안전점검용역,주식회사 남경이엔씨,56874000,88.04,
R26BK01480366,2026-04-29,한국농수산식품유통공사 서울경기지역본부,정부수매 양파 폐기물 위탁처리 용역(3차),농업회사법인화정바이오주식회사,1256251150,80.737,1552411710
R26BK01431464,2026-04-29,경상남도교육청 거제상문고등학교,2026학년도 거제상문고등학교 2학년 수학여행 위탁용역 입찰공고,주식회사 동백투어,106872000,83.109,
R26BK01485206,2026-04-29,전남광주통합특별시 구례군 상하수도사업소,시동.사동지구 소규모수도시설 개량사업 폐기물처리 용역,(유)그린환경,124502400,87.79,
R26BK01494088,2026-04-29,경기도 성남시,판교동 578 유휴부지 기본계획 및 사전 타당성조사 용역(수의시담),주식회사 비콘힐엔지니어링건축사사무소,166320000,91.304,
R26BK01439156,2026-04-17,한국발명진흥회,2026년 국제 지식재산 나눔사업 몽골 양파 관련 브랜드 및 활용 전략 개발,주식회사 디자인스튜디오에이,29700000,,
R26BK01485849,2026-04-29,충청남도 서천군,서천 문화예술회관 신축 전기공사 감리용역,주식회사 해봄이엔지,87970000,88.213,99000000
R26BK01480854,2026-04-29,산림조합중앙회 광양시산림조합,2026년 수종전환 방제사업(1차) 실시설계 용역,(주)석정이앤씨,18200000,90.605,
R26BK01484999,2026-04-29,국토교통부 익산지방국토관리청,고흥-봉래 도로확장공사 기본 및 실시설계 건설사업관리용역,주식회사 경동엔지니어링,1168198000,83.243,
R26BK01494444,2026-04-29,한국부동산원,국가 건물에너지 통합DB 기반 에너지소비 총량 관리 방안 마련,한국건설기술연구원,1024320000,98.912,
R26BK01476495,2026-04-29,경상남도 의령군,보천 농어촌마을 하수도 설치사업 실시설계 변경 용역,주식회사 신화,148054000,88.315,
R26BK01479933,2026-04-29,전북특별자치도 남원시,내척 보성지구 도시 취약지역 생활여건 개조사업 건설폐기물처리용역(총괄분),(주)일진도시환경,307007830,86.756,354420000
R26BK01436115,2026-04-22,재단법인서울디자인재단,서울디자인어워드 2026 기획 및 운영,주식회사 유니원커뮤니케이션즈,461700000,,
R26BK01430342,2026-04-29,서울특별시서부교육청 영락중학교,2026학년도 영락중학교 3학년 수련활동 용역 입찰공고(2단계 규격 가격 분리 동시),청소년수련마을 보람원,57590000,85.168,
R26BK01432528,2026-04-29,경기관광공사,2026 경기도 주요관광지 방문객 실태조사,주식회사 케이스탯리서치,335500000,,
R26BK01486327,2026-04-29,전남광주통합특별시 무안청사,전라남도 소관 중대시민재해 적용시설 및 밀폐공간 안전보건 확보의무 이행점검 용역,산업안전파트너 주식회사,48730000,89.743,
R26BK01486330,2026-04-29,충청남도 보령시,오천102호(소성리79-2) 인도설치공사 외 1건 실시설계용역,(주)대풍,25242188,88.423,
R26BK01481704,2026-04-29,한국농어촌공사 전남지역본부 담양지사,무정면 봉안지구 농촌공간정비사업 가연성 폐기물처리용역,(주)순천환경,35897994,88.094,
R26BK01484537,2026-04-29,울산광역시 울주군,2026년 어업 재해예방 장비임차용역 소액용역 수의계약 견적제출 공고,신일조경중기,47565000,88.023,53900000
R26BK01480495,2026-04-29,인천광역시,열우물 파크골프장 조성사업 도시관리계획 결정(변경) 용역,주식회사 장원,138303000,87.843,157300000
R26BK01450363,2026-04-20,기후에너지환경부 영산강유역환경청,2026년 특정도서 모니터링 용역,조선대학교 산학협력단,89500000,,
R26BK01478133,2026-04-28,전북특별자치도 전주시,쑥고개로(국립박물관~호동마을) 확장공사 임목폐기물처리용역 견적제출 안내공고,(유)우리환경이엔지,20634230,88.739,
R26BK01480382,2026-04-28,전북특별자치도 전주시,장기미집행도시공원(덕진공원) 지장물철거(1단계) 생활폐기물처리 용역 견적제출 안내공고,이도에코전주 주식회사,27789400,89.29,
R26BK01480592,2026-04-29,대전광역시교육청,2026년 학교운동장 유해성 검사용역,(재)한국건설생활환경시험연구원,369741405,80.82,
R26BK01469771,2026-04-29,조달청 인천지방조달청,26년 소형특수기동정 3척 건조감리 용역,주식회사 에스엠선박기술,129798000,87.762,
R26BK01484824,2026-04-29,경상남도 창원시 상수도사업소,진해구 안곡동 3-107 주변 노후수도관 교체공사 폐기물처리용역,(주)푸른환경,20426000,88.224,
R26BK01479568,2026-04-29,국토교통부 부산지방국토관리청 포항국토관리사무소,국도36호선 울진 울진 온양지구 등 12개소 배수시설 및 도로시설물 정비공사 건설폐기물 처리용역,주식회사 도암,12660600,88.013,
R26BK01485995,2026-04-29,충청북도 진천군,태락 농촌마을 하수도 정비사업 CCTV조사 및 수밀시험용역에 따른 소액수의 견적제출 안내 공고,서원건설 주식회사,82789800,88.767,94280000
R26BK01485650,2026-04-29,경기도 구리시,소액수의계약 견적제출 안내 공고(2026년 자전거 수리센터 운영 용역),이수,27825000,88.023,31700000
R26BK01461219,2026-04-29,충청남도 논산시,주택건설공사 감리자(건축)모집(정정)공고(논산시 연무읍 마산리 일원 공동주택 신축공사),주식회사명가건축사사무소,334973000,84.956,
R26BK01445473,2026-04-22,수도권매립지관리공사,간이소각기 온실가스 감축실적 인정 방법론 마련 연구용역,주식회사 리저브카본,141000000,,
R26BK01483537,2026-04-29,울산광역시 울주군,2026년 해양쓰레기 위탁처리용역 소액용역 수의견적제출 공고,주식회사 이로운,44104500,88.653,49795000
R26BK01483942,2026-04-29,경기도 화성시 맑은물사업소,[긴급]화성시 하수도정비 기본계획(변경) 수립 용역(PQ후 가격입찰),주식회사 건화,2171047000,80.448,
R26BK01478600,2026-04-29,국토교통부 부산지방국토관리청 진주국토관리사무소,2026년 진주국토 관내 교량구간 비점오염저감시설 유지관리용역,광보토건 주식회사,34039800,88.162,
R26BK01481186,2026-04-29,전남광주통합특별시교육청 전남광주통합특별시광주서부교육지원청 운리중학교,2026학년도 운리중학교 2학년 수학여행 위탁용역 수의계약 안내공고,투어봄,40656970,88.045,46631380
R26BK01467544,2026-04-29,경기도교육청 경기도용인교육지원청,(긴급)2026 학교로 찾아가는 이동식 생존수영교실 위탁 용역,주식회사 에쓰엔피씨,105948000,62.845,
R26BK01482556,2026-04-29,경기도 화성시 맑은물사업소,화성특례시 물 수요관리 시행계획 수립 용역(가격입찰 후 PQ),주식회사 세원이엔이,297774000,87.603,
R26BK01446438,2026-04-29,조달청,화랑지하차도 등 10개소 정밀안전점검용역,주식회사 지아이,237649000,86.802,
R26BK01486088,2026-04-29,서울특별시 종로구,2026년 서울 구 경기고등학교 보수공사 설계용역,주식회사 연경당건축사사무소,30398700,88.324,
R26BK01475929,2026-04-29,경기도 오산시,주택건설공사 감리자(소방) 모집(양산4지구 B1BL),주식회사 단에이앤씨 종합건축사사무소,858189200,82.961,
R26BK01486319,2026-04-29,경상북도 안동시,경북바이오 1차 일반산업단지 인도정비공사 폐기물처리 용역,주식회사 낙동골재,62333450,88.155,
R26BK01486211,2026-04-29,한국환경공단 강원환경본부,2026년 영농폐비닐(하이덴) 운송용역(3차),아진산업,90984070,88.32,
R26BK01442714,2026-04-29,서울특별시동부교육청 장평중학교,2026학년도 장평중학교 2학년 수련활동 위탁용역 입찰공고,주식회사 미리내,38700000,91.844,
R26BK01469026,2026-04-27,울산과학대학산학협력단,울산과학대학교 차세대통합정보시스템 구축 감리,(주)키삭,107800000,,
R26BK01416196,2026-04-14,조달청,2026 북부 울산단층대 고지진 변수 도출을 위한 종합조사 용역,주식회사 지에스티에이,265000000,,
R26BK01482821,2026-04-29,세종특별자치시 도로관리사업소,대첩로(조치원읍) 및 갈산산수로(부강면) 도로재포장공사 폐기물처리용역,충청환경산업(주),21590000,89.078,
R26BK01437132,2026-04-15,기상청,2026년 해양기상기후 소통프로그램 운영,주식회사 13컴퍼니,28200000,,
R26BK01483450,2026-04-29,경찰청 전북특별자치도경찰청 부안경찰서,2026년 부안경찰서 지역경찰관서 청소 용역(변경공고),자연과건물PMC 유한회사,60380940,88.01,
R26BK01435202,2026-04-24,조달청 대구지방조달청,"2026년 시도교육청 공공데이터 제공·운영·활용 체계 및 품질관리, 데이터기반행정 컨설팅",(주)위세아이텍,772000000,,
R26BK01484435,2026-04-29,경기도 파주시,파주 평화경제특구 전략환경영향평가 용역(긴급)(가격입찰 후 PQ),주식회사 케이지엔지니어링종합건축사사무소,386168000,87.237,
R26BK01437525,2026-04-13,인천테크노파크,2026 콘텐츠기업 국내외 역량강화 지원 운영 용역,주식회사 탭엔젤파트너스,149800000,,
R26BK01432754,2026-04-24,조달청,입찰담합징후분석시스템 고도화 사업,주식회사 에니아소프트,509000000,,
R26BK01466636,2026-04-29,수원여자대학교,수원여자대학교 평창교육관 재착공 적산 및 설계 용역,인생건축 건축사사무소,49500000,,
R26BK01484145,2026-04-29,대전광역시 서구,2026년 서구 in 모(바일)청(첩장) 수행용역,가온플래닛(주),38577000,88.115,
R26BK01443585,2026-04-29,재단법인경남문화예술진흥원,2026 3D 웹툰 배경 제작 ·배포 용역,주식회사 알리아스,84591400,,
R26BK01484339,2026-04-29,대구광역시 군위군,군위군 도시숲 등 관리지표 측정평가 용역,아람이엔씨 주식회사,25478000,88.384,
R26BK01448564,2026-04-20,국립항공박물관,국립항공박물관 대표홈페이지 재구축,주식회사 메이아이,223600000,,
R26BK01486577,2026-04-29,전남광주통합특별시 고흥군,고흥군 다도해해상국립공원 해제지역 용도지역 정비 용역,수성건설이엔지(주),130328000,87.782,
R26BK01478669,2026-04-29,제주특별자치도 제주시,25년 농업용수관로 정비사업 관망구축용역,탐라측량개발,148470700,87.774,
R26BK01476988,2026-04-29,충청북도교육청 매괴고등학교,2026학년도 매괴여자중학교 3학년 졸업여행(싱가포르) 용역업체 선정 입찰공고,주식회사 제이엠테마여행사,62584000,98.374,
R26BK01485920,2026-04-29,인천광역시 강화군,강화풍물시장 노외주차장 및 진입도로 조성사업 폐기물처리 용역,주식회사 장형,23439500,88.083,26611000
R26BK01485208,2026-04-29,경기도교육청,(가칭)비봉1유 신축 전기공사 설계용역,케이피이 주식회사,43920881,88.022,
R26BK01478190,2026-04-29,전북특별자치도 전주시,장기미집행도시공원(덕진공원) 지장물철거(1단계) 건설폐기물처리 용역,유한회사 현영,163282000,87.779,
R26BK01485095,2026-04-29,부산광역시 강서구,도시관리계획(명지공원 조성계획) 결정(변경) 용역,(주)하나기술단,39069700,88.06,
R26BK01478126,2026-04-29,조달청 부산지방조달청,"2026년 수산과학조사선 탐구22호 갑판,기관부 정기수리",(주)혜인선박,422795000,80.6,
R26BK01485100,2026-04-29,충청남도 부여군,2025년 사비왕궁터 취득건물 건설폐기물 처리용역(쌍북리 240 외 2),산수종합환경 합자회사,96509600,88.085,
R26BK01464600,2026-04-29,충청남도교육청 청양고등학교,2026학년도 청양고등학교 2학년 제주도 수학여행 위탁용역,(주)뉴월드컵관광여행사,68847799,78.68,
R26BK01479407,2026-04-29,대전광역시 서구,건축공사 안전점검 수행기관 지정 공고(도솔마을 직주락 허브 조성 공사),주식회사 우리엔지니어링건축사사무소,6653700,86.851,7566000
R26BK01486358,2026-04-29,경상북도 청도군,청도석빙고정밀안전진단용역,(주)동양구조안전기술사사무소,28945900,88.27,
R26BK01479758,2026-04-29,경기주택도시공사,"하남교산 공공주택지구(1공구,GH구역) 석면해체·제거작업 감리용역",단단건축사사무소,108806540,87.752,124634400
R26BK01421446,2026-04-16,조달청 대전지방조달청,"특별전 사유하는 몸, 반응하는 뇌 전시 연출 및 운영 용역",주식회사 가트,240000000,,
R26BK01478621,2026-04-29,서울교통공사,2026년 5~8호선 환기덕트 청소 용역,(주)크린에코,584935061,87.772,656078900
R26BK01485234,2026-04-29,전북특별자치도 남원시,2026년 상수도 누수탐사 용역 전자입찰 공고,주식회사 부성,37309100,88.099,
R26BK01485013,2026-04-29,충청남도 부여군,2025년 사비왕궁터 취득건물 건설폐기물 처리용역(쌍북리 235-4 외 2),숭원환경주식회사,96613800,88.03,
R26BK01465926,2026-04-29,경기도교육청,2026년 어린이활동공간 환경안전관리기준 검사 용역,사단법인 에스이엘안전기술원,321973000,87.831,
R26BK01485427,2026-04-29,충청남도 홍성군,2026년 홍성군 배수펌프장 전기안전관리 및 시설물 유지관리 용역 소액수의 견적 제출 안내 공고,(주)중부전기안전관리,62510000,97.389,
R26BK01463181,2026-04-27,한국개발연구원국제정책대학원대학교,(긴급) KDI국제정책대학원 2026 글로벌리더과정(GLP) 초청연수 여행사 용역,주식회사 아이폴플러스,270760000,,
R26BK01484175,2026-04-29,충청북도 옥천군,용목리 취약지역 생활여건 개조사업 기본계획 수립 및 세부설계용역,주식회사 현기술공사,100268000,88.097,
R26BK01439189,2026-04-17,한국발명진흥회,2026년 국제 지식재산 나눔사업 공동연구 IP 전략 지원(2차년도(2개국)),특허법인 아이피랩,45990000,,
R26BK01479251,2026-04-28,강원특별자치도 춘천시,아프리카돼지열병(ASF) 긴급대책 야생멧돼지 사체처리(운반 및 랜더링) 대행용역,(주)홍창엠앤티 진천공장,676,89.725,
R26BK01473570,2026-04-23,서울대학교산학협력단,서울대학교 탄소중립 전시관 상설전시 컨텐츠 및 인터랙티브 프로그램 개발 용역_PA202600498,주식회사 넥스,119180000,,
R26BK01479700,2026-04-29,경기주택도시공사,"하남교산 공공주택지구(1공구,GH구역) 석면농도 및 비산정도 측정용역",주식회사 대한환경기술연구소,67077700,89.458,74182900
R26BK01484431,2026-04-29,경상북도 문경시 상하수도사업소,단산 자연휴양림 상하수도 확장사업 기본조사용역,(주)우수이앤씨,24898000,88.014,
R26BK01467410,2026-04-29,서울특별시강서교육청 봉영여자중학교,2026학년도 2학년 봉영여자중학교 수련활동 용역 입찰 공고,재단법인 효정국제문화재단,43740000,92.375,46980000
R26BK01385437,2026-04-21,(재)경기도경제과학진흥원,판교 생태계 활성화를 위한 글로벌 액셀러레이터 운영 용역,와이앤아처 주식회사,1664329098,91.446,
R26BK01457563,2026-04-21,한국콘텐츠진흥원,[재공고] 2026 전국 장애학생  e페스티벌 개최 위탁용역,(주)웨이브미디어,672300000,,
R26BK01478151,2026-04-29,경기도 포천시,고모호수공원 도시관리계획(변경) 결정(수변공원) 및 실시설계용역,주식회사 한국종합기술,430500000,87.871,494890000
R26BK01485044,2026-04-29,전남광주통합특별시 함평군,함평 축산특화산업 투자선도지구 사후환경영향조사(공사시) 4회분,세원인프라건설 주식회사,64968000,89.412,73120000
R26BK01484118,2026-04-29,경상남도 양산시,양산시 대표 홈페이지 클라우드 전환 용역,에스씨티,29853000,93.698,32100000
R26BK01411419,2026-04-29,서울특별시,거마배수지 재건설사업 기본 및 실시설계 용역(장기계속),주식회사 한국종합기술,664198000,85.767,
R26BK01486436,2026-04-29,충주산림조합,2026년 풀베기사업 설계용역(중부1지구),주식회사 동국기술단,8101300,90.0,
R26BK01494068,2026-04-29,국가데이터처,경제통계 체계 구축을 위한 경제통계통합조사 개선방안 연구 사업,서강대학교산학협력단,43560000,99.0,
R26BK01439810,2026-04-24,조달청 대전지방조달청,(디지털혁신과) 2026년 중앙영구기록관리시스템 및 기술정보관리시스템 개선 사업,(주)가온아이,205160000,,
R26BK01478182,2026-04-29,경기도 고양시 덕양구,덕양구 가로청소 용역,관촌실업(주),8626596000,88.001,
R26BK01484249,2026-04-29,경상북도 포항시,현내 자연재해위험개선지구 정비사업(3차) 건설폐기물 처리 및 운반 용역,대송환경 주식회사,87965348,88.099,98712000
R26BK01436816,2026-04-29,서울교통공사,서울교통공사 5호선 방화기지~우장산역간 7개구간 토목시설물 정밀안전진단 및 성능평가용역,케이에스엠기술 주식회사,1271000000,80.366,1593564500
R26BK01482786,2026-04-29,충청북도 도로관리사업소 남부지소,영동 단전지구 급경사지 붕귀위험지역 정비사업 건설폐기물처리용역,디에이치개발 주식회사,48670000,88.828,55220000
R26BK01486346,2026-04-29,충주산림조합,2026년 풀베기사업 설계용역(남부1지구),주식회사 동국기술단,8123800,90.102,
R26BK01495270,2026-04-29,서울특별시 서부공원여가센터,2026년 보라매공원 수경시설 프로그램 유지관리 용역,플러스파운틴(주),20400000,100.0,
R26BK01483303,2026-04-29,법무부 대구지방교정청 대구구치소,대구구치소 신입수용자 혈액검사 입찰 재공고(3차),의료법인 케이씨엘의료재단,14589,88.092,
R26BK01486439,2026-04-29,충주산림조합,2026년 풀베기사업 설계용역(중부2지구),해광산림기술사 사무소,8021040,90.236,
R26BK01475185,2026-04-28,전북특별자치도 고창군,고창군 공공하수도(처리시설 및 하수관로) 기술진단(두어_사등_상하 외 4개소)용역 입찰 공고,주식회사 대아이엔지,119423946,88.524,135291000
R26BK01474277,2026-04-29,경상북도 영천시 환경사업소,"건설공사(토목분야) 안전점검 수행기관 지정 공고(화산, 화남 노후하수시설 정비사업)",주식회사 태성종합기술,11646550,87.763,13200000
R26BK01462269,2026-04-28,한국석유공사,한국석유공사 경영전략 연구용역,(주) 한국능률협회컨설팅,321200000,70.194,
R26BK01493622,2026-04-29,식품의약품안전처 식품의약품안전평가원,신기술 이용 식품원료의 생산공정 위해요소 평가 방안 연구,한국식품안전관리인증원,57000000,95.0,
R26BK01495354,2026-04-29,경상남도 양산시,2026년 양산시 대표 홈페이지 클라우드 디지털서비스 이용,주식회사 아이웍스,37895000,94.998,
R26BK01427678,2026-04-21,조달청 대전지방조달청,산업현장 문제해결 AX 실전 프로젝트 용역,주식회사 청호솔루션,250000000,,
R26BK01469053,2026-04-29,조달청 인천지방조달청,26년 고속단정 12대 노후대체 건조 감리용역,(주)코리아디자인테크,199676070,88.004,
R26BK01477857,2026-04-28,서울시설공단,2026년도 공공자전거 상담직원 CS교육 계획,(주)인허브솔루션,49480480,88.833,
R26BK01477269,2026-04-28,전남광주통합특별시 담양군,가사문학지구 2단계 비상공급망구축사업 폐기물처리용역(입찰대행),(유)금강환경,348496000,86.836,404470000
R26BK01476224,2026-04-29,전남광주통합특별시 상수도사업본부 서남광산수도사업소,2026년 수도사업소 통합건설사업관리용역(PQ후 가격입찰),주식회사 동성엔지니어링,1230006000,80.946,
R26BK01477791,2026-04-29,경기도 용인시,왕산·갈담 자연재해위험개선지구 정비사업 기본 및 실시설계용역,주식회사 삼안,2947780000,81.131,
R26BK01486011,2026-04-29,울산광역시교육청,2026년 과학실 폐수 및 폐시약 처리 용역,코어엔텍 주식회사,52551000,88.973,
R26BK01459372,2026-04-29,서울특별시교육청 삼각산고등학교,[긴급]2026학년도 삼각산고등학교 2학년 소규모테마형교육여행 위탁용역 입찰 공고,주식회사한국학생여행(KS TOUR),93176000,96.251,
R26BK01485288,2026-04-29,경기도 성남시,2026년 제3종시설물 지정을 위한 시설물 안전관리 실태조사 용역,길구조안전진단(주),32660000,88.203,37271000
R26BK01484869,2026-04-29,그랜드코리아레저(주),GKL 강남코엑스점 비데 임차,선우,54576970,88.0,
R26BK01430394,2026-04-16,병무청,예술체육요원 제도의 합리적 개선방안 연구,주식회사 정책과평가,68000000,,
R26BK01493433,2026-04-29,국립항공박물관,2026년 국립항공박물관 어린이공항체험관 개편 용역,주식회사 엠포씨앤디,98000000,98.0,
R26BK01419604,2026-04-29,한국농어촌공사 전북지역본부 군산지사,회현면 기초생활거점조성사업 지역역량강화용역,유한회사 공감로컬디자인,392000000,,
R26BK01480745,2026-04-29,수도권매립지관리공사,2026년 수도권매립지 작업환경측정 용역,케이아이안전보건기술원㈜,21252000,88.052,
R26BK01466035,2026-04-29,충청북도교육청 충청북도청주교육지원청 용암중학교,2026. 용암중학교 1학년 수련활동 위탁용역 업체선정 입찰(규격가격동시) 공고,(주)속리산알프스수련원,39949800,97.113,41223000
R26BK01476987,2026-04-29,경상북도 구미시 상하수도사업본부,고아 대망 외 2개소 하수관로 정비공사 CCTV조사 및 수밀시험 용역(고아처리분구),주식회사 구마,246076700,87.977,
R26BK01484164,2026-04-29,경기도 파주시,큰말천(소하천) 정비사업 소규모환경영향평가 용역,(주)청운이엔씨,61590000,88.006,
R26BK01482934,2026-04-29,한국농어촌공사 전남지역본부 담양지사,"성월지구 배수개선사업 문화재 발굴조사(시굴, 표본) 용역",재단법인 민족문화유산연구원,28470000,88.342,
R26BK01481478,2026-04-29,전남광주통합특별시교육청 전남광주통합특별시광주동부교육지원청 양산중학교,2026학년도 양산중학교 수학여행 위탁용역 수의계약 안내 공고,투어봄,41666020,88.031,
R26BK01466679,2026-04-29,서울특별시성북교육청 고명중학교,2026학년도 고명중학교 3학년 소규모 테마형 교육여행 위탁용역 입찰 공고,선민투어 주식회사,93534480,94.438,99810000
R26BK01459765,2026-04-28,대구광역시교육청 대구소프트웨어마이스터고등학교,2026학년도 2학년 국외 현장체험학습 위탁용역 (2단계-규격가격동시),(주)미래여행사,156282000,88.223,
R26BK01495731,2026-04-29,한국농어촌공사 충남지역본부 당진지사,2026년 자가용전기설비(배수장) 전기안전관리대행 용역,한국전기안전공사 충남중부지사,12685860,94.996,
R26BK01482008,2026-04-29,대전광역시,2026년도 동구 관내 상수도 연간단가 계약공사 GIS DB구축 용역,주식회사 에스유티이씨,35463612,88.212,
R26BK01479781,2026-04-29,조달청,2026년 국가대표선수촌 운전·총무 파견용역,신서림에스앤에스주식회사,470985775,87.999,
R26BK01458026,2026-04-21,국토교통부,도시철도센터 설립 및 운영방안 연구,한국철도기술연구원,70000000,,
R26BK01478360,2026-04-29,강원특별자치도 양구군 상하수도사업소,2026년 양구군 동면정수장 기술진단용역 입찰 공고,주식회사정원엔지니어링,156694000,87.848,
R26BK01477660,2026-04-29,경기도 경기도건설본부,경기도기록원 설립사업(제1별관 등)증축 및 리모델링공사 건설폐기물처리용역(가연성),주식회사 주원,11069400,90.197,12351000
R26BK01484234,2026-04-29,경상북도 영천시,남부교 정밀안전점검용역,주식회사 세기종합엔지니어링,25449500,88.19,
R26BK01463015,2026-04-27,(사)한국수산회,K·FISH 브랜드 음원 제작 및 송출,주식회사 라온애드컴,136488000,,
R26BK01480220,2026-04-29,한국농어촌공사,금천지구 다목적농촌용수개발사업 설계VE 리딩용역,주식회사 우신건설엔지니어링,34553520,88.126,
R26BK01447520,2026-04-29,조달청,2026년도 지하수측정망 설치 및 시설개선,주식회사 성지엔지니어링,1059377100,80.191,
R26BK01485195,2026-04-29,국토교통부 원주지방국토관리청 강릉국토관리사무소,국도6호선 평창 봉평 평촌 915(동성정비 앞) 사고잦은곳 개선공사 건설폐기물처리용역,(합)우창환경산업,68627000,87.747,
R26BK01484865,2026-04-29,한국생산기술연구원,2026년 진주뿌리기술지원센터 조경관리용역,주식회사 더숲,22937470,88.079,
R26BK01438202,2026-04-29,울산광역시교육청 울산공업고등학교,2026학년도 울산공고 2학년 제주도 수학여행,주식회사탑여행사,161540000,82.38,
R26BK01450070,2026-04-29,서울특별시교육청 서울특별시남부교육지원청 천왕중학교,2026학년도 천왕중학교 3학년 수련활동 위탁용역 입찰 변경공고,농업회사법인 주식회사 자연나라,75660000,91.493,
R26BK01480998,2026-04-29,서울시설공단,2026년 청계천 준설토 처리용역(연간단가),(주)오성개발,27121500,88.19,31136000
R26BK01485332,2026-04-29,국제식물검역인증원,[일반확대] 2025년 국제식물검역인증원 업무용차량 임차 용역(중기렌트),주식회사 레드캡투어,54481000,88.576,61705000
R26BK01425345,2026-04-21,조달청 서울지방조달청,2026년도 상생결제제도 이행점검 및 실태조사 용역,주식회사 엠브레인리서치,187000000,,
R26BK01496566,2026-04-29,한국어촌어항공단,한국어촌어항공단 업무 프로세스 자동화(RPA) 유지관리 용역,주식회사 넥스비원,14193000,95.0,
R26BK01496575,2026-04-29,기후에너지환경부 국립생물자원관,토양환경 개설을 위한 중금속 내성 자생식물 탐색.발굴(2026년),국립공주대학교 산학협력단,80000000,100.0,
R26BK01484214,2026-04-29,경상남도 창원시 상수도사업소,의창구 농산물도매시장 주변 노후수도관 교체공사 폐기물처리용역,대진환경 주식회사,33708000,88.21,
R26BK01482478,2026-04-29,서울특별시 서남병원,서남병원 2026년 통합 세관공사 전자공개 수의계약 견적제출 공고,삼형기계설비(주),14971000,91.466,16500000
R26BK01477860,2026-04-29,한국수산자원공단 서해본부,2026년 옹진군 바다숲 조성지 효과조사 및 모니터링,주식회사 수정해양개발,164138800,87.747,
R26BK01486237,2026-04-29,인천광역시 강화군,2026년 하점교 정밀안전진단 용역,주식회사 안전사랑,52757860,88.055,60137000
R26BK01483966,2026-04-29,재단법인 전주농생명소재연구원,연구원 차량 장기 임차 용역,유한회사 아이렌트카,42400000,88.06,48000000
R26BK01438316,2026-04-29,서울특별시교육청 잠신고등학교,2026학년도 잠신고등학교 2학년 소규모테마형 교육여행 일괄위탁용역 입찰 공고,주식회사 여행원,137755200,88.918,
R26BK01443735,2026-04-29,한국정보통신기술협회,26년도 ICT 표준화 홈페이지 4종 유지보수,주식회사 티윈,33725000,,
R26BK01428379,2026-04-29,조달청,(가칭)검단3중 외 1교(인천체중) 신축공사 통합 건설사업관리용역(감독권한대행)(계속비),주식회사 종합건축사사무소가람건축,2720914000,80.042,
R26BK01483850,2026-04-29,경상남도 합천군,학리천 재해복구사업 폐기물 처리용역,청호환경산업 주식회사,73077000,87.847,82770000
R26BK01444002,2026-04-29,서울특별시교육청 성신여자고등학교,(긴급)2026학년도 성신여자고등학교 1학년 진로캠프 위탁용역,(주)테마 앤 조이 에듀테인먼트,61547000,92.677,66804000
R26BK01486359,2026-04-29,경상북도 안동시,길안면 백자리(면도101호) 확포장공사 폐기물처리 용역,웅부환경 주식회사,51597990,88.161,
R26BK01484389,2026-04-29,경상남도 창원시 상수도사업소,의창구 농산물도매시장 주변 노후수도관 교체공사 도시정보시스템(UIS) DB갱신용역,주식회사 미래공간기술,28008500,88.177,
R26BK01486061,2026-04-29,서울특별시 중구,신당역 공영주차장 주차타워 건립공사 제2차 폐기물 처리용역,(주)상우이디아이,97204800,87.766,
R26BK01457855,2026-04-21,국토교통부,국제항공 탄소 배출량 관리 제도개선 방안 연구,한국교통안전공단,76000000,,
R26BK01447623,2026-04-21,조달청 전북지방조달청,국제 표준 기반 NABIC 2.0 사용자 친화적 개선,(주)터보소프트,188651000,,
R26BK01396391,2026-04-21,조달청,조선해양산업 MRV 시스템 표준체계 연구용역,상명대학교산학협력단,432000000,,
R26BK01486285,2026-04-29,경기도 이천시 농업기술센터,2026년 도지배수펌프장 전기안전 및 운영관리 위탁 용역(재공고),수자원기술 주식회사,33657508,89.362,
R26BK01452993,2026-04-28,국립창원대학교,2026년 대학일자리플러스센터 재학생 맞춤형 고용서비스 사업 [Care+ Jump up] 프로젝트 운영 용역,주식회사커리어스타트,59400000,,
R26BK01414123,2026-04-16,조달청 서울지방조달청,특별전 우리들의 밥상 전시품 운송·포장·설치 용역,동부아트(주),128250000,,
R26BK01442597,2026-04-16,경기도,경기 AI 학습데이터 통합 관리체계 도입 감리용역,(주)씨에이에스,198000000,,
R26BK01443495,2026-04-21,공공급식통합플랫폼,2026년 식재료 통계분석서비스 운영,주식회사 우리길,144990000,99.993,
R26BK01484840,2026-04-29,전라남도교육청 전라남도광양교육지원청 광양용강중학교,2026학년도 광양용강중 1학년 수련활동 차량임차용역 소액수의 견적 제출 안내 공고,유한회사 대한고속관광여행사,7627000,90.872,
R26BK01466562,2026-04-28,서울특별시교육청 단국대학교부속소프트웨어고등학교,2026학년도 단국대학교부속소프트웨어고등학교 2학년 소규모테마형교육여행 위탁용역,주식회사 어깨동무야,169080700,97.785,
R26BK01485673,2026-04-29,서울교통공사,건설재해예방기술지도 용역(2026년 콘크리트도상 보수보강공사),대한종합안전(주),6171968,90.028,6828800
R26BK01485273,2026-04-29,서울특별시성북교육청 서라벌중학교,서라벌중학교 2026학년도 1학년 수련활동 수의 견적 제출 공고,모나용평 주식회사,29891500,94.247,
R26BK01446439,2026-04-24,조달청 서울지방조달청,국유재산 정보시스템 개선 용역,(주)오픈메이트,330000000,,
R26BK01474190,2026-04-28,경기도 안산시,2026년 제3종시설물 공동주택 실태조사 용역,(주)대한이앤씨,348793000,86.746,398717000
R26BK01485341,2026-04-29,강원특별자치도 횡성군,월현지구(예버등) 농어촌생활용수 개발사업 폐기물처리용역 소액수의 견적제출 입찰대행,주식회사 에스티,21083000,88.463,24082000
R26BK01417722,2026-04-07,기후에너지환경부 국립환경과학원,자연발생석면 대표암상 표본시료 제작,전남대학교 산학협력단,59000000,,
R26BK01479241,2026-04-29,강원특별자치도 강릉시,강문~송정지구 연안정비사업 기본 및 실시설계 용역,주식회사 서영엔지니어링,800950000,85.702,
R26BK01494295,2026-04-29,한국농어촌공사 충남지역본부 공주지사,의당면 기초생활거점조성사업 건설폐기물처리 용역,(주)영흥산업환경,6440000,94.957,
R26BK01495217,2026-04-29,한국농어촌공사 제주지역본부,구좌권역 농업용 광역관정 관로망조사 및 도첩제작용역,주식회사 일리,17800000,,
R26BK01480273,2026-04-29,부산광역시 소방재난본부,수의계약 안내공고(제27회 부산119소방 동요대회 행사 용역),라미앤,29024820,88.183,32712900
R26BK01496881,2026-04-29,한국지역난방공사 청주지사,청주지사 HRSG 대기오염물질 측정 용역,주식회사 한국표준환경연구원,6330000,88.792,
R26BK01427034,2026-04-07,서울특별시,서울특별시 제6차 지역산림계획(변경) 학술용역,서울대학교 산학협력단,150000000,,
R26BK01476069,2026-04-29,한국농어촌공사 경남지역본부 합천지사,손목1구마을 농어촌취약지역생활여건개조사업 세부설계 용역,주식회사 에이치케이기술,74815800,88.0,84230000
R26BK01447546,2026-04-21,조달청 인천지방조달청,멀티모달을 이용한 정지궤도 환경위성(GEMS) 영상 자동 분석 연구(I),위데이터랩 주식회사,240000000,,
R26BK01456091,2026-04-29,서울특별시강서교육청 마포중학교,2026학년도 마포중학교 2학년 수련활동 위탁 용역,신안종합리조트(주),37700000,98.964,38280000
R26BK01350683,2026-04-01,조달청 서울지방조달청,[지원] 인지 저하 예방 및 회복을 위한 융합형 인지 훈련 시스템 개발 연구,주식회사 에스와이이노테크,338400000,,
R26BK01488429,2026-04-29,충청북도 소방본부,2026년 충청북도 산림인접마을 비상소화장치 설치공사 실시설계 용역(중부권),엘에스이앤씨(주),14706000,90.166,16229000
R26BK01476324,2026-04-28,경상북도,지방도 919호선 경산(선화~부적)지구 포장도 보수공사 건설폐기물처리용역,주식회사 세영,57588000,93.34,62040000
R26BK01479041,2026-04-29,해양경찰청 서해지방해양경찰청,2026년 고정익항공기 CN-235 정비용역(인시단가),한국항공서비스 주식회사,207881500,80.69,
R26BK01431549,2026-04-29,재단법인경남문화예술진흥원,2026 경남글로벌게임센터 게임 고도화 지원 운영 용역,(주)디지틀조선일보,240000000,,
R26BK01478502,2026-04-29,한국산업은행,한국산업은행 업무용 차량 렌트,주식회사 레드캡투어,2480400000,84.737,
R26BK01430572,2026-04-29,과학기술정보통신부 우정사업본부 우정사업조달센터,김천우체국 건립공사 건설사업관리용역,(주)천일건축엔지니어링종합건축사사무소,1389432000,80.024,
R26BK01448643,2026-04-24,조달청 서울지방조달청,2026년 국가문헌의 보존 및 지식정보자원 공유기반 구축 사업 감리,(주)씨에이에스,332800000,,
R26BK01482061,2026-04-29,한전 대전충남지역본부,업무용 차량 임차 계약 (설비보강부),케이카 주식회사,34203600,88.585,
R26BK01425611,2026-04-15,서울올림픽기념국민체육진흥공단 경륜경정총괄본부,2026년 경륜·경정 시상식 및 오프라인 프로모션 대행용역,주식회사 위즈씨앤씨,209500000,,
R26BK01484163,2026-04-29,전남광주통합특별시 해남군,송지 마봉 취약지역 생활여건 개조사업 건축(노후주택)공사 실시설계 용역,동일건축사사무소,70400000,89.091,
R26BK01485963,2026-04-29,경기도 수원시 팔달구,제3종시설물 지정 실태조사 용역,(주)경기안전진단,20086700,88.92,22970000
R26BK01475683,2026-04-29,대전광역시교육청 대전전자디자인고등학교,2026학년도 대전전자디자인고등학교 특수건강진단 및 실습실 작업환경측정 용역 견적제출 안내공고,근로복지공단 대전병원,34954670,88.012,
R26BK01482429,2026-04-29,경기도 수원시,북수원시장 주차환경개선사업 대상지 내 지장물 해체 공사 폐기물처리 용역,고강 주식회사,58131000,88.043,66869000
R26BK01483724,2026-04-29,충청남도 서산시,2026년 슬레이트 처리사업 지정폐기물 처리용역(남부),주식회사 디와이솔루션,21715000,88.067,
R26BK01495926,2026-04-29,산림청 국립산림과학원,(위탁)숲길 진단을 위한 숲길 통합 지수 시범적용 연구,한국산지보전협회,37818000,100.0,
R26BK01480554,2026-04-29,문화체육관광부 국립국악원,2026년 국립국악원 재산종합보험 가입,하나손해보험 주식회사,34912450,89.141,
R26BK01421389,2026-04-23,조달청 대구지방조달청,2026년 AI 데이터 구축 사업관리 전문 지원,(주)한국정보기술단,939000000,,
R26BK01497547,2026-04-29,한국에너지공단,기후에너지 혁신기술·제품 발굴 및 지원 프로그램 운영,주식회사 소통파이브,48763000,99.965,
R26BK01479410,2026-04-29,서울특별시 서초구,우면한라 재건축정비사업 공공지원 정비사업전문관리 용역,예성유알에스 주식회사,42610000,89.121,
R26BK01454561,2026-04-21,국립생태원,멸종위기 야생생물 대체서식지 정밀조사 위탁연구사업,주식회사 맹꽁이연구소,63000000,,
R26BK01495165,2026-04-29,한국농어촌공사 전남지역본부,"토양염도측정사업(제26-27호, 제26-35호)  토양시료 분석용역",재단법인 케이라인환경기술원,15322400,89.5,
R26BK01495138,2026-04-29,서울특별시 서울아리수본부 뚝도아리수정수센터,지열시스템 개선 설계용역,(주)성우엠이씨,26488000,97.931,
R26BK01491079,2026-04-29,서울특별시 서울시립대학교 산학협력단,2026학년도 소방방재학과 글로벌방재문화의이해(유럽) 연수 위탁,(주)지와이드글로벌,41733000,98.0,
R26BK01432206,2026-04-21,(재)경기도경제과학진흥원,2026년 경기 스타트업 글로벌 성장지원 운영 용역,씨엔티테크(주),314600000,95.333,
R26BK01489647,2026-04-29,한성백제박물관,한성백제박물관 상설전시 개편에 따른 박물관 브랜드(MI)개발 용역,주식회사 브랜드일리,21800000,95.614,
R26BK01495398,2026-04-29,대구경북첨단의료산업진흥재단,공공 포털 플랫폼 미래 전략 수립 지원 용역,(주)피피에스컴퍼니,20400000,97.142,
R26BK01401700,2026-04-03,조달청 광주지방조달청,전 분야 마이데이터 제도 안착 및 확산 기반 마련,주식회사 포유씨큐리티,196000000,,
R26BK01486414,2026-04-29,충주산림조합,2026년 풀베기사업 설계용역(북부1지구),주식회사 솔잎,7933460,90.295,
R26BK01482867,2026-04-29,경기도 고양시,2026년 교량 등 시설물 준설토 처리용역(연간단가),산양환경산업 주식회사,26264000,88.009,
R26BK01400265,2026-04-24,조달청,2026년 정보시스템 기능개발 통합 사업,케이씨씨정보통신 주식회사,4555000000,,
R26BK01495566,2026-04-29,해양경찰청 서해지방해양경찰청,"2026년 구명뗏목 검사용역(SWITLIK,EAM)",디엠아이에스앤티(주),58146000,97.015,
R26BK01495807,2026-04-29,새만금개발청,2026년 새만금 빅데이터 수집활용 활성화 용역,주식회사 그루텍,49000000,99.987,
R26BK01484898,2026-04-29,경기도 파주시,2026년 비점오염 저감시설 유지관리 용역,(주)그린텍,63535240,88.036,
R26BK01469806,2026-04-29,서울특별시교육청 서울특별시북부교육지원청 한국삼육중학교,(긴급)2026학년도 2학년 수련활동 위탁용역 입찰공고,주식회사 미리내,24240000,90.402,26762000
R26BK01446391,2026-04-20,재단법인경기도일자리재단,경기도 지속가능한 일자리 지원계획 수립(2026-2029),사단법인 국제고용개발원,38412524,,
R26BK01486176,2026-04-29,전남광주통합특별시 담양군,학동2지구 급경사지 붕괴위험지역 정비공사 실시설계용역 수의견적제출공고,(주)태성기술개발,28282000,88.114,32310000
R26BK01495246,2026-04-29,대한적십자사 재외동포지원본부,2026년 사할린동포 모국방문사업 항공권 발급 및 부대사업 용역(수의시담),주식회사 글로벌투어네트웍스,182800000,100.0,
R26BK01485088,2026-04-29,전남광주통합특별시 함평군,2026년 함평군 어린이 보호구역 정기실태조사 용역,세원인프라건설 주식회사,24237000,88.938,27400000
R26BK01439506,2026-04-24,경기도교육청 청심국제고등학교,2026학년도 청심국제고 주제별 체험학습 위탁용역,(주)세일여행사,580686000,86.342,
R26BK01422153,2026-04-15,경기도청 북부청사,2026년 DMZ OPEN 에코피스포럼 운영 용역,주식회사 유니원커뮤니케이션즈,478800000,,
R26BK01481590,2026-04-29,충청북도 괴산군,안전점검수행기관지정공고-김치원료공급단지구축사업,(주)무심종합건축사사무소,25583800,87.764,
R26BK01495348,2026-04-29,한국농어촌공사 강원지역본부,양양 임대형 스마트팜 조성사업 설계VE 리딩 용역,주식회사 아이엠이엔에이,19500000,94.591,
R26BK01495796,2026-04-29,한국어촌어항공단,제주시 금능권역 어촌테마마을 조성사업 어촌문화센터 건축설계용역,건축사사무소 이음,20377500,95.0,
R26BK01484028,2026-04-29,충청남도 아산시,"고용산 숲속야영장 조성사업 감리용역(전기, 통신)",제이에이치기술단,31994420,88.104,
R26BK01443302,2026-04-17,법제처,국가법령정보센터 레이어 고도화 사업 감리 용역,주식회사 한국전산감리원,40000000,,
R26BK01457487,2026-04-24,강원특별자치도교육청 강원특별자치도교육청교육연수원,2026년 「글로벌 AI˙디지털 역량강화 국외연수」위탁 운영,주식회사 월드유,148000000,,
R26BK01484957,2026-04-29,경기도교육청 경기도수원교육지원청,"2026년 수원교육지원청 전기, 통신, 소방공사 하자검사용역",주식회사 아인인트로,58117000,89.641,
R26BK01423401,2026-04-09,한국국제교류재단,2026 KF 디지털 청년 공공외교단 위탁 운영,주식회사 13컴퍼니,84600000,,
R26BK01480098,2026-04-29,전남광주통합특별시 신안군,섬사랑15호(하의권역) 정기검사 대비 수리 용역,주식회사 에스에스테크,184774000,84.259,218388000
R26BK01480559,2026-04-29,경기도 용인시,2026년 서부지역 근린공원 바닥소독 및 시설물 세척 용역,(주)프로글로벌,104151900,87.749,
R26BK01479831,2026-04-29,경기도 경기도건설본부,"경기도 기록원 설립사업(제1별관 등) 증축 및 리모델링  전기, 통신, 소방공사 건설재해예방기술지도 용역",주식회사 나비산업안전이엔지,25433163,88.043,28899000
R26BK01484021,2026-04-29,전북특별자치도 완주군,2026년 대둔산도립공원정비 및 생태복원사업 실시설계용역,유한회사 우영엔지니어링,26218000,88.068,
R26BK01439552,2026-04-23,대전관광공사,2026 관광 전문인력 양성 교육 프로그램 운영 용역,주식회사 에이치알교육컨설팅,65550000,,
R26BK01478143,2026-04-29,대구광역시교육청 대구광역시남부교육지원청,대구신흥초등학교 외 1교(진천초) 외부환경개선공사 건설폐기물 처리용역,남경환경(주),18634400,90.013,
R26BK01478483,2026-04-29,경기과학기술대학교,경기과학기술대학교 총장 전용 관용차량 임차,주식회사 레드캡투어,80328000,,
R26BK01475695,2026-04-29,경기도 오산시,주택건설공사 감리자(전기) 모집(양산4지구 B1BL),주식회사 종합건축사사무소가람건축,775213000,82.952,
R26BK01485851,2026-04-29,경기도교육청 경기도화성오산교육지원청,2026년 화성오산 관내 학교 화장실 등 불법촬영 점검 용역 수의계약 견적제출,주식회사 포시즌탐지법인,50176633,89.383,
R26BK01459855,2026-04-24,한국언론진흥재단,[재공고] 2026년 미디어교육 연극 프로그램 지원 사업 위탁 용역,주식회사 엠비제트컴퍼니,259182000,99.003,
R26BK01456391,2026-04-21,경기도 파주시,마을버스 회계감사 및 표준운송원가 산정 용역(협상에 의한 계약),동성회계법인,90000000,,
R26BK01463571,2026-04-29,서울특별시교육청 잠실고등학교,2026학년도 잠실고등학교 1학년 수련활동 위탁용역,휘닉스중앙 주식회사,61489000,98.855,62341000
R26BK01486066,2026-04-29,울산광역시교육청,2026 직업교육 체험 한마당 전시 장치 및 행사 용역,씨에스코리아(CS.Korea),97384000,88.317,
R26BK01450424,2026-04-29,충청북도교육청 대금고등학교,2026학년도 대금고등학교 1학년 수련활동 위탁 용역 2단계(규격․가격 동시) 입찰 공고,(주)속리산알프스수련원,33385400,94.435,
R26BK01475868,2026-04-29,경상북도 경주시,대천(건천지구) 하천재해예방사업 건설사업관리 용역,주식회사 도화엔지니어링,1664198000,81.239,2060500000
R26BK01474135,2026-04-29,서울특별시 강북구,밤에도 안전한 안심존 조성(2차),삼일이엔지주식회사,88226072,88.892,100000000
R26BK01412621,2026-04-24,조달청 대구지방조달청,공공와이파이 통합관리센터 운영,주식회사 아이컴테크놀러지,2093300000,,
R26BK01495223,2026-04-29,산림청 국립산림과학원,(용역)산불피해지 임분회복 모델 구축을 위한 식생조사,한국농수산대학교산학협력단,17528000,97.998,
R26BK01494993,2026-04-29,국립공원공단 팔공산국립공원동부사무소,2026년 팔공산국립공원 철거 폐기물 처리 용역,삼진환경산업 주식회사,13339000,94.995,
R26BK01495325,2026-04-29,한국농어촌공사 전남지역본부 해남.완도지사,북일.현산면 기초생활거점조성사업 지반조사 용역,첨단지질 주식회사,7300000,90.167,
R26BK01445476,2026-04-29,경상남도교육청 창원남산고등학교,2026학년도 창원남산고등학교 2학년 수학여행 용역,주식회사 다모아투어,130704400,93.983,
R26BK01485484,2026-04-29,서울특별시 구로구,(긴급)2026년 지반침하 위험구간 공동조사 용역,유피이엔지 주식회사,175531600,87.763,
R26BK01426317,2026-04-29,충청남도교육청 배방고등학교,2026학년도 배방고등학교 2학년 수학여행 위탁용역,주식회사 엔에스인터내셔날,181100000,81.285,
R26BK01484147,2026-04-29,부산광역시,새벽로 도로확장공사(잔여공사) 건설사업관리용역,주식회사 유화엔지니어링,214676800,86.839,
R26BK01484892,2026-04-29,국토교통부 익산지방국토관리청,고창 해리-부안 변산 도로건설공사 실시설계 건설사업관리용역,주식회사 일신이앤씨,860761000,85.886,
R26BK01486406,2026-04-29,충청남도 보령시,노후위험저수지(송학1) 시설보강사업 토질조사용역,주식회사 보경엔지니어링,40018000,88.455,45480000
R26BK01495240,2026-04-29,산림청 국립산림과학원,(위탁)산불피해지 고사예측 모델 고도화를 위한 피해목 고사 특성 구명,한국농수산대학교산학협력단,29205000,97.862,
R26BK01494853,2026-04-29,한국농어촌공사 토지개발사업단,서호지구 도시계획시설사업 관리공사 재해예방기술지도 용역,중앙건설안전 주식회사,4096400,95.0,
R26BK01485787,2026-04-29,충청남도 부여군,2026년 백마강교 정밀안전점검용역,주식회사 태양이엔지,56146000,88.156,
R26BK01496112,2026-04-29,조달청,2026년도 유치원장 자격연수 국외교육 연수 용역(제2사업),(주)챌린져투어,431742000,99.999,
R26BK01466014,2026-04-29,충청북도교육청 충청북도단양교육지원청 단양소백산중학교,2026. 해외문화체험(싱가포르) 위탁용역 공고,(합)투어하나항공여행사,86850000,93.801,93322090
R26BK01449737,2026-04-29,조달청,(가칭)남동1초 신축 전기공사 감리용역,주식회사 자람앤수엔지니어링,290981000,86.792,
R26BK01486144,2026-04-29,전남광주통합특별시 나주시,석기내 자연재해위험개선지구 정비사업 철근가공 용역,(주)유니온,71385000,88.214,80200000
R26BK01458975,2026-04-29,국방부 국군재정관리단,26-N-00부대 정수지 신축 등 6건 설계용역(C006),주식회사 건영종합건축사사무소,302545270,86.992,
R26BK01485917,2026-04-29,충청북도 보은군,[계약대행]2026년 농산물 제조가공유통시설 지원사업 실시설계 용역,우상현건축사사무소,21311830,88.059,
R26BK01475061,2026-04-28,전북특별자치도 고창군,고창군 공공하수도(처리시설 및 하수관로) 기술진단(고창)용역 입찰 공고,주식회사 대아이엔지,110946350,88.586,125685000
R26BK01478237,2026-04-29,강원특별자치도 강릉시 상하수도사업소,강릉 노후 연곡정수장 정비사업 소규모환경영향평가 용역,주식회사 화신엔지니어링,43236000,88.267,
R26BK01469974,2026-04-29,서울특별시교육청 서울특별시북부교육지원청 한국삼육중학교,(긴급)2026학년도 3학년 수련활동 위탁용역 입찰공고,엄마청소년수련원(너리굴문화마을),22200000,90.947,24585000
R26BK01440237,2026-04-29,경상남도교육청 경상남도합천교육지원청,2026학년도 합천영재교육원 해외체험학습 위탁 용역,주식회사 수도항공여행사더교육,91980000,96.178,
R26BK01480722,2026-04-29,경상남도 창원시 도시정책국 주택정책과,천수림 시영임대아파트 위탁관리 용역,더그린 주식회사,10729161,90.764,11959320
R26BK01478566,2026-04-29,서울교통공사,2026년 1~4호선 환기덕트 청소 용역,주식회사뉴피닉스,687085330,87.745,774329660
R26BK01468898,2026-04-28,경북대학교 입학처,2027학년도 대학 신입학(수시·정시)모집요강 제작 용역,멀티애드,84500000,96.473,
R26BK01484924,2026-04-29,전라남도교육청 전라남도광양교육지원청 광양용강중학교,2026학년도 광양용강중 3학년 수학여행 차량 임차용역 수의계약 견적 제출 안내 공고,(유)초원관광여행사,25792000,88.874,
R26BK01495914,2026-04-29,산림청 동부지방산림청 평창국유림관리소,2026년 임도시설사업(구조개량_유천) 감리용역,주식회사솔내음산림기술사,13960000,88.996,
R26BK01456249,2026-04-27,서울특별시교육청 서울특별시성북강북교육지원청,(긴급)2026 성북강북 초등 AI·디지털 기반 교수학습 역량강화 교원 연수「배지밀」 위탁 용역,(사)한국능률협회,98860000,,
R26BK01495783,2026-04-29,산림청 동부지방산림청 평창국유림관리소,2026년 임도시설사업(구조개량_덕거) 감리용역,(주)우림이엔지,14755000,88.896,
R26BK01437002,2026-04-29,서울교통공사,서울교통공사 5호선 우장산~양평역간 6개구간 토목시설물 정밀안전진단 및 성능평가용역,주식회사 삼림엔지니어링,1100000000,81.905,1332576300
R26BK01480689,2026-04-29,서울특별시,2026년 강서수도사업소 관내 건설폐기물 처리용역(단위공사) -장기계속단가계약,(주)건용환경개발,357060100,86.756,
R26BK01411349,2026-04-29,서울특별시,매봉재배수지 신설사업 기본 및 실시설계 용역(장기계속),주식회사 한국종합기술,804200000,85.812,
R26BK01483559,2026-04-28,인천스마트시티 주식회사,2026년 전통시장 스마트 전기화재 안전시스템 구축 실시설계 기술용역(재공고),주식회사 용광기술단,175113574,88.287,
R26BK01439939,2026-04-29,서울교통공사,"서울교통공사 1,4호선 동묘앞~신설동역 등 7개구간 토목시설물 정밀안전진단 및 성능평가용역",주식회사 한국건설방재연구원,1156494000,80.824,1447470860
R26BK01496346,2026-04-29,산림청 국립산림과학원,(용역) 일제강점기 임업시험장 보고서 번역사업(2차),사단법인 한국산림정책연구회,58700000,97.833,
R26BK01486111,2026-04-29,인천광역시 강화군,국가유산 옥외소화전 설치공사 실시설계 용역,(주)종합건축사사무소다담,23110000,88.041,
R26BK01496195,2026-04-29,한국국토정보공사,공간정보 안심구역 포털 운영 및 유지관리,(주)명지정보기술,39200000,100.0,
R26BK01484184,2026-04-29,서울시 강남구도시관리공단,강남스포츠문화센터 외벽 방수공사 및 실리콘 교체공사 외 1건 설계용역,주식회사 예림종합건축사사무소,34730775,88.002,
R26BK01451565,2026-04-29,서울특별시교육청 서울특별시북부교육지원청,[긴급]2026년 북부 초등 AI·디지털 기반 수업·평가 역량 강화 연수 운영 용역,주식회사 에이럭스,108000000,,
R26BK01496521,2026-04-29,한국농어촌공사 전남지역본부 해남.완도지사,계곡.북일.현산면 기초생활거점조성사업 BF예비인증 용역,아키탑건축사사무소,18800000,90.428,
R26BK01481749,2026-04-28,충청북도 청주시,SK하이닉스 추가공장 공업용수 공급사업(4단계 1공구) 강관압입 추진공사 지하안전평가 용역,한국건설연구소 주식회사,95574700,88.03,
R26BK01437616,2026-04-13,경북문화재단 콘텐츠진흥원,2026 경북콘텐츠코리아랩 콘텐츠 융합팩토리 및 공모전 후속지원 운영,아도바 주식회사,96367425,,
R26BK01486299,2026-04-29,인천광역시 강화군,광역시도70호선(황청~창후) 도로건설공사 사전타당성조사 용역,주식회사 디에스이앤씨,69166000,88.031,77913000
R26BK01490278,2026-04-29,조달청 인천지방조달청,2026년 환경위성센터 주요정보통신기반시설 보안취약점 분석평가 사업 계약요청,주식회사 에프원시큐리티,147500000,99.83,
R26BK01481423,2026-04-29,한성백제박물관,『몽촌토성Ⅷ』보고서 수록 유구도면 제도·편집 및 목제유물 실측 용역,고고미야 옛것이 아름답다!,38045000,94.998,
R26BK01417636,2026-04-08,국가교육위원회,정책연구(국가 인재정책 지도 설계 및 정책 포트폴리오 구조 분석 연구) 용역,(사)한국정책학회,39200000,,
R26BK01437147,2026-04-16,농촌진흥청 국립원예특작과학원,국립원예특작과학원  조직진단 및 기관 발전전략 수립 연구용역,(사)한국정책분석평가학회,50000000,,
R26BK01430229,2026-04-29,서울특별시서부교육청 영락중학교,2026학년도 영락중학교 2학년 수련활동 용역 입찰공고(2단계 규격 가격 분리 동시),사)국제미래재단,64906500,91.103,
R26BK01493269,2026-04-29,경기도 구리시,2026년 구리시 시민안전보험 가입,메리츠화재해상보험주식회사,229136950,99.624,
R26BK01480375,2026-04-29,울산광역시 울주군,2026년 도로 재비산먼지 저감 살수차 임차 용역,주식회사 울산살수,102703000,87.884,116575800
R26BK01439512,2026-04-16,서울올림픽기념국민체육진흥공단,2026 체육시설 안전관리 교육콘텐츠 개발 용역,한국재난안전원(주),402000000,,
R26BK01437366,2026-04-15,조달청 대전지방조달청,제조데이터 가치분석 및 적용 프레임워크 개발 연구,(주)웨슬리퀘스트,242164000,,
R26BK01442110,2026-04-21,조달청 광주지방조달청,마이데이터 기반 AI 에이전트 활용·연계 표준화 사업,(주)이언컨설팅그룹,123400000,,
R26BK01495759,2026-04-29,산림청 북부지방산림청 서울국유림관리소,2026년 사방댐 준설사업 실시설계 용역,주식회사 대원산림기술사사무소,738000,89.89,
R26BK01484126,2026-04-29,산림청 서부지방산림청 순천국유림관리소,2026년 상반기 소나무재선충병 방제사업(황전),다산국유림영림단 사회적협동조합,164700000,92.391,179033000
R26BK01485050,2026-04-29,충청남도 금산군,2026년 금산군 빈집정비계획 수립 용역,더블제이컴퍼니,45621880,88.009,
R26BK01452200,2026-04-20,경상북도,2026년 경상북도 민간데이터 도-시군 활용 용역,주식회사 더원테크,423500000,,
R26BK01484988,2026-04-29,전북특별자치도 익산시,웅포면 입점리 550-17외 22개소 수해복구공사(마을안길) 실시설계 용역,(주)고엘,26105500,88.229,
R26BK01494606,2026-04-29,한국농어촌공사 경남지역본부 울산지사,2025년 기장군 노후저수지 정비사업(정골지) 폐기물처리용역,주식회사 두승,3943800,90.0,
R26BK01459197,2026-04-29,조달청 부산지방조달청,블루카본 실증연구센터 건립사업 전기설계용역,주식회사 중앙제이앤지,147778790,87.829,
R26BK01436489,2026-04-22,한국농어촌공사 전남지역본부,장흥군 스마트농업 육성지구 조성사업 기본계획 및 세부설계 용역,주식회사 아이에스피건축사사무소,729696640,,
R26BK01494529,2026-04-29,한국지역난방공사 서울중앙지사,2026년 중앙지사 기계분야 경상정비공사 재해예방 기술지도 용역,한국산업안전지도원,9600000,87.766,
R26BK01494684,2026-04-29,한국보건산업진흥원,보건의료 분야 개인정보관리 전문기관(특수전문기관) 지정심사 운영 지원,주식회사 포유씨큐리티,98500000,98.5,
R26BK01494040,2026-04-29,충청북도 청주시,2026년 청주 상당산성 방재드론 운영 용역,주식회사 테라픽스,31810000,89.068,
R26BK01491938,2026-04-29,조달청,2026년 자연유산 디지털데이터 구축,위프코 주식회사,591000000,100.0,
R26BK01495026,2026-04-29,경북대학교 경북RISE사업단,KNU-경북RISE RISE UP 취업박람회 행사대행 용역,주식회사 헥사곤랩,36500200,100.0,
R26BK01463727,2026-04-29,서울특별시교육청 잠실고등학교,2026학년도 잠실고등학교 2학년 수련활동 위탁용역,신안종합리조트(주),49476000,95.551,51560000
R26BK01460129,2026-04-24,한국교육학술정보원,"AI 대중화 시대, 미디어·AI 리터러시 함양을 위한 정책방안 연구",경인교육대학교 산학협력단,39000000,,
R26BK01478945,2026-04-29,경기주택도시공사,2026년  GH 건설형 임대주택 재산종합보험 및 배상책임보험 용역,메리츠화재해상보험주식회사,182457000,48.504,380000000
R26BK01419724,2026-04-06,충청남도 아산시,"아산시 매장유산 유존지역 정보 고도화 사업(1차)(긴급, 협상에의한계약)",재단법인 비전문화유산연구원,161000000,,
R26BK01397887,2026-04-06,서울특별시 은평구,공공도서관 업무통합시스템(그룹웨어 및 ERP)교체 용역,주식회사 허브시스템즈,280940000,,
R26BK01433612,2026-04-13,식품의약품안전처 식품의약품안전평가원,2026년 글로벌규제조화센터 임상시험 분야 웨비나 위탁운영,국가임상시험지원재단,29996369,,
R26BK01435944,2026-04-13,한국산업기술기획평가원,2026년 공급망 안정화 대국민 정책연구대회 운영 용역,(사)기술경영경제학회,99800000,,
R26BK01418370,2026-04-22,조달청,의료급여 정보시스템 재구축을 위한 ISP 컨설팅 사업,주식회사 티지,550000000,,
R26BK01433757,2026-04-16,한국발명진흥회,2026년 민관협력 IP전략지원 사업 CIPO 프로그램 운영(8차),특허법인 다해,261500000,,
R26BK01422061,2026-04-06,한국건설기술연구원,2026년 일반국도 도로포장상태 조사자료 분석,주식회사 로드코리아,434280000,,
R26BK01429478,2026-04-14,조달청 서울지방조달청,2026년도 외교부 나라배움터 신규콘텐츠 개발,주식회사 트리짓소프트웨어,139260000,,
R26BK01411162,2026-04-14,해양수산부 울산지방해양수산청,울산항 항만시설 환경개선사업 실시설계 용역,주식회사 도화엔지니어링,95000000,,
R26BK01431577,2026-04-21,대전광역시 유성구,2026년 유성 어린이 물빛놀이터 운영 용역,주식회사 지에이치,351700000,,
R26BK01430286,2026-04-13,경기도 성남시,푸드테크 연구지원센터 조성 기본계획 및 타당성조사 용역(협상에 의한 계약),서울대학교 산학협력단,90000000,,
R26BK01413577,2026-04-30,경기도,유운~매산 도로확포장공사 기본 및 실시설계용역,주식회사 삼안,1632620000,81.471,
R26BK01423758,2026-04-13,국민건강보험공단 일산병원,2026년도 직장 내 괴롭힘 등 진단 용역 및 실태조사,행복한 일 연구소,24530000,,
R26BK01428458,2026-04-14,조달청 서울지방조달청,26년 공익직불제 홍보사업,주식회사 플러스메이커스,350000000,,
R26BK01455171,2026-04-29,가천대학교 산학협력단,2026 GUIP 바이오헬스 사업단 성과홍보동영상 제작 용역,(주)에이치투오필름,24000000,100.0,
R26BK01452181,2026-04-30,조달청,종합운동장 정밀안전진단 용역,경인엔지니어링(주),158137000,86.781,
R26BK01459448,2026-04-24,한국데이터산업진흥원,데이터 품질측정 시험분야 숙련도시험 설계 및 운영체계 기술자문 용역,주식회사 한시스템,108860000,,
R26BK01448977,2026-04-30,서울특별시성동교육청 경복초등학교,2026학년도 경복초등학교 6학년 소규모테마형 교육여행 위탁용역 입찰 공고,(주)세일여행사,271260000,99.474,273136000
R26BK01486633,2026-04-29,농림수산식품교육문화정보원,2026~2027 국가농식품통계서비스 운영 및 유지관리,주식회사 오션정보기술,1093880000,97.32,
R26BK01467286,2026-04-30,한국보훈복지의료공단,한국보훈복지의료공단 구내 식당 위탁운영 용역(재공고),티엔티푸드 주식회사,272160000,,
R26BK01460030,2026-04-24,(재)한국기후변화연구원,기후테크 기반 분산형 재생에너지 실증 인프라 구축 용역,피에스텍(주),694000000,,
R26BK01445704,2026-04-17,재단법인포천시청소년재단,2026 진로멘토 양성 및 멘토링 프로그램 운영 용역,한국진로교육연구소,80000000,,
R26BK01437594,2026-04-23,조달청 부산지방조달청,2026 콘텐츠기업 해외 공동관(파빌리온) 운영 용역,주식회사 원컨벤션,192844800,,
R26BK01459453,2026-04-24,한국지역정보개발원,지방자치단체 디지털 수준진단,사단법인 한국디지털정부학회,100000000,,
R26BK01484488,2026-04-30,성평등가족부,2026년 사이버보안 및 개인정보보호 실태점검,주식회사 케이씨에이,98560000,99.858,
R26BK01488424,2026-04-30,충청남도 논산시,논산 청정딸기산업특구 계획 변경 및 지구단위계획(변경) 수립 용역,주식회사 유원엔지니어링,95909400,88.189,
R26BK01482081,2026-04-30,강원대학교병원,강원대학교병원 임상교육훈련센터 건립사업 교통영향평가,주식회사 일신이앤씨,53859000,87.987,
R26BK01490225,2026-04-30,명주남문동 자율상권조합,명주남문동 자율상권 명주패스 개발 및 운영 용역,파도파도,50000000,100.0,
R26BK01490675,2026-04-30,한국과학기술정보연구원,나노팹 데이터 플랫폼 UIUX 개선,주식회사 에이직스,20900000,99.523,
R26BK01489712,2026-04-30,코레일유통(주),코레일유통 본사 사옥 2026년 법정 기계설비 성능점검 용역,주식회사 이에스엘,6380000,65.768,
R26BK01487202,2026-04-30,전북특별자치도 완주군,소양 복합체육시설 조성사업 폐기물처리용역,주식회사 하나에너지,40446684,88.008,
R26BK01488809,2026-04-30,전남광주통합특별시 완도군,신지 독고재 등산로 연결다리 조성사업 감리 용역,주식회사 강남기술공사,27973015,88.038,
R26BK01445672,2026-04-17,재단법인경기문화재단,노동정책 변화에 따른 경기문화재단 경영 대응전략 연구용역,노무법인 디와이,55000000,,
R26BK01492831,2026-04-30,서울특별시 서울아리수본부 강서수도사업소,청사 및 제2주차장 CCTV 유지보수 용역,에스케이쉴더스 주식회사,2884480,98.181,
R26BK01492320,2026-04-30,조달청,SW 3자단가(Tarzan DB v1 (유지관리) (주)엔텔스),(주)엔텔스,2079000,100.0,
R26BK01458962,2026-04-24,서울대학교 부속시설 규장각한국학연구원,2026년 규장각 소장 기록문화유산 DB구축 사업,주식회사 누리아이디티,786061000,,
R26BK01480055,2026-04-30,한국산업인력공단 글로벌숙련기술진흥원,"[긴급] 캄보디아 귀국 이주노동자 재통합 지원센터 인테리어 공사감리 용역(건축, 기계, 전기, 통신)",건축사사무소 세원건축,52660900,88.097,
R26BK01487912,2026-04-30,조달청 인천지방조달청,자동차 배출가스 결함확인검사용 시험자동차 선정(2026) - 소형차,한국자동차환경협회,294900000,100.0,
R26BK01488148,2026-04-30,전남광주통합특별시 함평군,"함평, 해보 처리구역 하수관로 정비사업 GIS-DB(월야지구) 구축 용역",(유)신성산업개발,90083000,91.141,99628000
R26BK01492934,2026-04-29,한국생명공학연구원,제16회 전국 고등학생 바이오안전성-바이오산업 토론대회 기획ㆍ운영지원(수의시담),주식회사 영마이스,54500000,99.445,
R26BK01492647,2026-04-30,조달청 광주지방조달청,개인정보 이노베이션 존 연계 허브 기능개발,(주)포뎁스,530000000,97.337,
R26BK01489774,2026-04-30,조달청,사업장 대기배출정보 통합플랫폼 마련을 위한 표준화 정보 관리체계 구축(Ⅱ),알씨에어 주식회사,489500000,99.593,
R26BK01485226,2026-04-30,조달청 서울지방조달청,2026년도 한국사데이터베이스 DB구축 용역,스템위드 주식회사,792000000,100.0,
R26BK01486619,2026-04-30,충청남도 부여군,무수소하천 정비사업 폐기물처리용역,숭원환경주식회사,72415800,88.058,
R26BK01486948,2026-04-30,서울특별시 동작소방서,2026년 동작소방서 비상소화장치함 신규 설치 용역,태극소방기술단 주식회사,4300000,97.727,
R26BK01446345,2026-04-30,전북특별자치도교육청 강호항공고등학교,2026학년도 강호항공고등학교 1학년 수학여행 위탁용역,유한회사 우성항공해외여행사,178000000,95.668,187504800
R26BK01434881,2026-04-30,법무부 대구지방교정청 대구교도소,대구교도소 스마트팜 직업훈련장 구축,농업회사법인 바른팜 주식회사,134000000,,
R26BK01486754,2026-04-30,경기도교육청 경기도수원교육지원청,상촌중 체육관 및 급식실 증축 전기공사 감리용역,(주)대명기술단,85477910,88.076,97552000
R26BK01435747,2026-04-28,조달청 대구지방조달청,2026년 시도교육청 공공데이터 제공·운영·활용 체계 및 품질관리 컨설팅,주식회사씨에스리,402000000,,
R26BK01447363,2026-04-30,전북특별자치도교육청 전북특별자치도고창교육지원청,2026년 고창 학생 글로벌 진로탐색 연수 위탁용역,유한회사 스카이항공,243000000,,
R26BK01461746,2026-04-29,대신대학교,외국인 유학생 상담 AI 플랫폼 통합 데이터 인프라 구축 1단계,(주)이튜,198000000,,
R26BK01457543,2026-04-21,한국생산기술연구원,2차전지 특화 피지컬 AI 솔루션 기술적 성과확산 운영 지원 용역,주식회사 유저커넥트,27700000,99.398,
R26BK01478276,2026-04-22,기후에너지환경부 원주지방환경청,2026년 도암호 유역 계단식밭 조성 용역,한국환경보전원,2375000000,95.0,
R26BK01484534,2026-04-30,해양수산부 인천지방해양수산청,인천남항 (구)SICT부두 북측호안 보수보강공사 실시설계용역,주식회사 경안엔지니어링,88330000,87.849,
R26BK01476525,2026-04-30,서울특별시교육청 리라아트고등학교,2026년 리라아트고 1학년 수련활동 용역 입찰공고,신안종합리조트(주),38556000,87.814,43750000
R26BK01450662,2026-04-20,정보통신정책연구원,2026 인공지능 윤리 소통채널 운영관리 및 유지보수,주식회사 이씨이십일,49000000,,
R26BK01488471,2026-04-30,전남광주통합특별시 나주시,신도산단 공공폐수처리시설 기술진단 용역(입찰대행),주식회사 보경종합기술,66125000,88.003,75608000
R26BK01490280,2026-04-30,명주남문동 자율상권조합,명주남문동 자율상권 상권축제 개발 및 운영 용역,디자인緣(연)in강릉,50000000,100.0,
R26BK01467797,2026-04-24,부산광역시 동래구,건축공사 안전점검 수행기관 지정 공고(안락동 460-3번지 외 3필지),플러스구조이앤씨 주식회사,27534741,87.11,
R26BK01440702,2026-04-15,경상남도 거제시,거제시 도시생태현황지도 작성 용역,주식회사 케이에코,160000000,,
R26BK01487166,2026-04-30,경기도 안산시,안산시 건설기계 임시주기장 조성공사 폐기물처리 용역,주식회사 경환산업,23134000,88.004,
R26BK01463007,2026-04-27,한국개발연구원국제정책대학원대학교,KDI국제정책대학원 2026년 고위정책전략과정  해외산업시찰 위탁용역,주식회사 더다산,111000000,,
R26BK01447730,2026-04-24,조달청 서울지방조달청,제2회 방위산업의 날 기념행사 시행 용역,주식회사 메가온,383120000,,
R26BK01485534,2026-04-30,재단법인 2026강릉세계마스터즈탁구선수권대회 조직위원회,XIOM 2026 강릉세계마스터즈탁구선수권대회 임시 전력 공급용 발전기 임대 용역,주식회사 진리,57742340,88.072,66130000
R26BK01473405,2026-04-30,한국도로교통공단 대전광역시.세종특별자치시.충청남도지부,2026년 세종특별자치시 교통량 조사 용역,우명,25912000,88.295,29117000
R26BK01427390,2026-04-07,재단법인 한국공예디자인문화진흥원,「2026 공공디자인 교육」 종합운영대행 용역,주식회사 제주의온도,177900000,,
R26BK01373753,2026-04-01,서울특별시 서초구,2026 어번캔버스 디자인개발 및 제작·설치 용역,주식회사 누리웍스,188000000,,
R26BK01487025,2026-04-30,경기도 평택시,평택 이안아파트 주변 도로정비공사 건설폐기물처리용역,미래환경(주),67618000,88.31,
R26BK01470254,2026-04-30,서울특별시교육청 선린인터넷고등학교,2026학년도 선린인터넷고등학교 1학년 수련활동 위탁용역 입찰공고,재단법인 효정국제문화재단,52680000,97.617,54600000
R26BK01450633,2026-04-28,경상남도,경남형 어린이 놀이공간 조성 기본계획 수립 용역,국립창원대학교산학협력단,91000000,,
R26BK01484663,2026-04-28,한국전기연구원,레독스흐름전지센터 장비 정밀 세척 및 오버홀 용역,벨포코리아 유한회사,219540000,99.101,
R26BK01489379,2026-04-30,제이경인연결고속도로(주),안양성남 고속도로삼성산 및 청계산3 등 터널제연설비 성능검증용역,(주) 이음엔지니어링,84000000,58.746,143000000
R26BK01461887,2026-04-29,재단법인인천광역시사회서비스원,[긴급] 2026년 24시간 외로움 상담콜 운영 용역,주식회사 케이티아이에스,489652000,,
R26BK01485625,2026-04-29,(사)이노폴리스벤처협회,양자전환산업협의체 온라인 플랫폼 구축 용역(재공고),주식회사 퍼스트알앤디,32700000,,
R26BK01491426,2026-04-30,조달청,비점오염원관리지역 종합평가 및 제도 개선 연구(2026년),강원대학교산학협력단,370000000,99.569,
R26BK01488751,2026-04-30,경상북도 경주시,현곡 체육공원 조성공사 폐기물 운반 용역,주식회사 에코환경,7145800,90.109,7960000
R26BK01482482,2026-04-30,조달청 충북지방조달청,원인불명 집단발병 대비 사건기반 및 증후군 감시 시범 운영 연구,대한예방의학회,168000000,99.667,
R26BK01491837,2026-04-30,조달청 대구지방조달청,2026년 교육정보시스템 주요정보통신기반시설 통합 취약점 분석·평가,주식회사 파이오링크,4646400000,99.953,
R26BK01493395,2026-04-30,조달청 서울지방조달청,2025년 기준 임산물생산조사(표본),주식회사 리서치림,240000000,96.676,
R26BK01493293,2026-04-30,한국과학기술정보연구원,VOC 농축기의 흡입계 유량 균일화를 위한 유동해석 용역,재단법인 포항금속소재산업진흥원,20575000,99.878,
R26BK01492325,2026-04-30,조달청,SW 3자단가(Tarzan DB v1 (커스터마이징) (주)엔텔스),(주)엔텔스,2119960,100.0,
R26BK01486513,2026-04-30,충청북도 영동군,매천교(3종) 정밀안전진단용역,주식회사 서광기술단,86830000,88.011,
R26BK01485583,2026-04-28,사단법인 한국생활환경석면협회,2026년 태백시 슬레이트 운반·처리 용역,주식회사 에코솔루션,187105490,87.959,
R26BK01489882,2026-04-30,한종산업개발 주식회사,"은평환경플랜트 대기,수질,악취 자가측정 용역",주식회사 청룡환경,57663650,87.997,65972610
R26BK01489876,2026-04-30,명주남문동 자율상권조합,명주남문동 자율상권 로컬투어 개발 및 운영 용역,드래곤레이브,15000000,100.0,
R26BK01484098,2026-04-30,경복대학산학협력단,[혁신] 경복대학교 상시학습통합시스템(ERP) 서비스 지원 안정화 및 기능 고도화,메타넷디엘 주식회사,400000000,100.0,
R26BK01487472,2026-04-30,한국석유공사,2026년 안전보건관리체계 고도화 컨설팅 용역,주식회사 안전관리전문기관벗,53350000,99.054,
R26BK01493484,2026-04-29,국가유산청 국립문화유산연구원 국립나주문화유산연구소,옥내 수도 배관 세척,파이프닥터 무안총판,21200000,,
R26BK01454592,2026-04-20,사단법인 대한야구소프트볼협회,전국중학야구대회 신규 비디오판독 시스템 구축 및 운영,주식회사 스포비,99552000,,
R26BK01493811,2026-04-29,충청북도 청주시,[수의시담] 2026년 청주시 시민안전보험 가입,농협손해보험 주식회사,463568990,99.755,
R26BK01489367,2026-04-30,조달청 광주지방조달청,2026년 항공기 구명뗏목 검사용역(RFD),씨러스에비에이션주식회사,109600000,99.938,
R26BK01488591,2026-04-28,식품의약품안전처 식품의약품안전평가원,[수의시담] 국립생약자원관 제주센터 아열대성 생약자원 확보 및 도입,주식회사 티에프바이오,150000000,100.0,
R26BK01488750,2026-04-30,울산광역시 북구,2026년 도시숲 등 관리지표 측정·평가 용역,주식회사 부민,51688200,88.021,58593000
R26BK01486012,2026-04-30,경상북도 경주시 맑은물사업본부,맨홀추락방지시설 설치[외동(동천)지구] 공사 지하시설물 전산화 용역,주식회사 세명종합기술,22567700,88.015,
R26BK01483569,2026-04-30,재단법인 한국엘피지사업관리원,파주시 객현2리마을 LPG배관망 구축사업 건설폐기물 처리용역,(주)두성기업,54868000,88.004,
R26BK01487977,2026-04-30,강원특별자치도교육청 강원특별자치도동해교육지원청,2026년 동해 공립학교 천연잔디운동장 관리 용역(북부지역),(주)신산,71421960,88.07,
R26BK01488774,2026-04-30,울산광역시 북구,2026년 울산광역시 북구 하수관로 지반탐사(GPR) 용역,주식회사 태인이앤씨,63689800,88.009,72960000
R26BK01484485,2026-04-23,해양수산부,항만 퇴적 저감시설 및 적용 방안 연구용역,주식회사 대영엔지니어링,4939000000,99.677,
R26BK01443311,2026-04-17,행정안전부,제3차 국민안전교육 기본계획 수립 연구 용역,한서대학교 산학협력단,77984850,,
R26BK01480992,2026-04-30,유네스코아시아태평양국제이해교육원,"유네스코 아시아태평양 국제이해교육원 시설관리용역(전기, 경비, 청소)",(주)미동기술,205012430,88.125,
R26BK01489630,2026-04-28,한국원자력연구원,2026년 전자선실증연구동 2.5MeV 유지보수,이비테크(주),39000000,100.0,
R26BK01441871,2026-04-14,한국지질자원연구원,해외 탐사 전문 기술진 활용을 통한 고품질 탄성파 자료취득 용역,(주)케이엘씨글로벌로지스,2995000000,99.371,
R26BK01482657,2026-04-28,한국원자력연구원,스테인리스강(304L/316L) 용접부의 온도에 따른 중고속 물성시험 및 측정불확도 평가 용역,한국재료연구원,52000000,100.0,
R26BK01471752,2026-04-30,한국산업안전보건공단,2026년도 안전보건교육 역량강화 교육과정 위탁 운영 용역,주식회사 피플밸류그룹,232000000,93.041,
R26BK01448073,2026-04-21,문화체육관광부 국립아시아문화전당,2026 ACC 공연 레지던시 실행 및 운영 용역,잼(JAM),90000000,,
R26BK01480936,2026-04-30,고양도시관리공사,고양종합운동장 북측 배수로 등 노후화 시설물 정비공사 폐기물 처리용역,문화기업(주),21159000,88.709,23647000
R26BK01446736,2026-04-30,충청남도교육청 충청남도천안교육지원청,2026학년도 학교 밖 동네방네 돌봄교실 운영 용역,드림교육사회적협동조합,126720000,91.752,
R26BK01492428,2026-04-30,조달청 대전지방조달청,유무인기 부유체 원격탐지 센서 탑재 기술 분석 및 시범운항 연구,주식회사 엘에스시스텍,196000000,100.0,
R26BK01486051,2026-04-30,충청북도 옥천군 농업기술센터,상삼리 취약지역 생활여건 개조사업 기본계획 수립 및 세부설계용역,주식회사녹색기술공사,89286000,92.733,
R26BK01499649,2026-04-30,산림청 국립산림과학원,(위탁)고형분·치환도·입자크기에 따른 음이온성 셀룰로오스의 이차전지 바인더 적용 평가,연세대학교 산학협력단,48770000,97.98,
R26BK01498831,2026-04-30,재단법인 세종테크노파크,웹툰 교육프로그램 운영 용역,주식회사 피플빅,28500000,98.275,
R26BK01487174,2026-04-30,그랜드코리아레저(주),2026년 GKL 부산롯데점 세탁 용역업체 선정,한마음산업,210576060,88.422,
R26BK01423870,2026-04-10,해병대9518부대,26-Y-작전지휘소 신축 선행연구 용역,(주)디앤오종합건축사사무소,41000000,57.682,
R26BK01465593,2026-04-27,농림수산식품교육문화정보원,2026년 천원의 아침밥 운영관리,주식회사 로운팩토리,245200000,,
R26BK01463316,2026-04-30,서울특별시교육청 잠신고등학교,2026학년도 잠신고등학교 1학년 수련활동 위탁용역 입찰 공고,모나용평 주식회사,51680000,89.245,
R26BK01499156,2026-04-30,산림청 동부지방산림청 평창국유림관리소,2026년 사방시설 정밀점검 위탁용역,한국산림재난안전기술공단,2856900,89.0,
R26BK01460825,2026-04-30,경찰공제회,경찰공제회 직무분석을 통한 인사·보수체계 개선 용역,주식회사 라이언앤코,78800000,,
R26BK01486569,2026-04-30,충청남도 금산군,남일면 취수장 철거공사 건설폐기물 처리 용역,금산공영(합),58916000,88.473,66756000
R26BK01498965,2026-04-30,한국농어촌공사 충남지역본부,의평저수지 재해예방계측 변위계 유지관리용역,(주)이제이텍,4500000,,
R26BK01426691,2026-04-07,서울특별시,2026 여의도 물빛무대 운영 용역,주식회사 코짐,155600000,,
R26BK01442673,2026-04-17,행정안전부,기본사회 실현을 위한 정책 추진방향 연구용역,한국행정연구원,49995000,,
R26BK01493900,2026-04-30,조달청 인천지방조달청,업종별 환경 및 에너지 경영시스템 최적가용기법 기준서 개정(안) 마련 연구(Ⅱ),주식회사 이원이엔지,107800000,99.694,
R26BK01485334,2026-04-30,경기도 남양주시 상하수도관리센터,2026년 취.정수장 정밀안전점검 및 내진성능평가 용역[가격입찰 후 사업수행능력평가],주식회사 삼원기술,220646000,86.769,
R26BK01487540,2026-04-30,충청북도 청주시,2026년 사업장폐기물(유기성 하수처리오니) 긴급 위탁처리용역[단가계약],주식회사 젠이프,144979,87.297,166000
R26BK01462340,2026-04-29,경기도 포천시,건설공사 안전점검 수행기관 지정 공고(사직지구 풍수해생활권 종합정비사업),주식회사 천세이엔지,81681000,87.749,
R26BK01420919,2026-04-30,한국공항공사,김포공항 활주로침범자동경고시스템 구축 설계용역,주식회사 자람앤수엔지니어링,424674000,88.011,
R26BK01493912,2026-04-30,조달청 서울지방조달청,2026년 목조 건축유산 연륜연대 및 수종분석 조사 용역,충북대학교산학협력단,725200000,99.694,
R26BK01495078,2026-04-30,조달청,2026년 국가통계포털 및 지표누리 개선 사업,주식회사 오션정보기술,554555000,100.0,
R26BK01488322,2026-04-30,울산광역시 울주군,도로관리서비스센터 부지철거공사 건설폐기물 처리용역 소액용역 수의계약 견적제출 공고,한경이엔티(주),90379000,88.118,102600000
R26BK01475807,2026-04-30,조달청 대구지방조달청,2026년도 첨단의료기기개발지원센터 심사평가부 시험장비 교정,(주)나노하이테크,191578000,84.408,
R26BK01495960,2026-04-30,해양수산부 국립수산과학원,수산생물질병 인공지능 학습모델 개발 및 서비스 시스템 고도화(III),세종대학교산학협력단,68600000,100.0,
R26BK01474896,2026-04-30,조달청 경남지방조달청,의료용품평가센터 실험기자재 및 실험실 위생관리 용역 선정,영지산업주식회사,127116500,87.999,
R26BK01415822,2026-04-30,서울특별시 강서구,강서구민회관 리모델링 사업 건설사업관리용역,(주)제이티엠종합건축사사무소,722760000,86.316,
R26BK01459832,2026-04-30,인천광역시교육청 인천공항고등학교,2026학년도 인천공항고등학교 2학년 현장체험학습(수학여행) 위탁용역,(주)오렌지투어,90918400,95.351,
R26BK01496275,2026-04-30,한국농어촌공사 농어촌자원개발원,2026년 농촌돌봄농장 및 농촌주민생활돌봄공동체 소개 책자 기획.제작 용역,(주)에스앤에스기획,43000000,95.555,
R26BK01497019,2026-04-30,서울특별시 구로소방서,2026년 구로소방서 냉난방기 분해세척 계약,파브레홈케어,4400000,96.343,
R26BK01495382,2026-04-30,조달청 인천지방조달청,지능형 배출량 산정·평가 모델 개발연구(Ⅰ),서울대학교 산학협력단,490000000,99.694,
R26BK01495943,2026-04-30,조달청 인천지방조달청,현업 대기질 모델 예측 성능 향상 연구(Ⅳ),한국외국어대학교 연구산학협력단,538000000,99.873,
R26BK01497238,2026-04-30,문화체육관광부 국립중앙박물관,2026년 국립중앙박물관 개인정보보호 강화,주식회사 한국전산감리원,89639000,99.921,
R26BK01497485,2026-04-30,한국농어촌공사 경기지역본부 평택지사,내천2지구 배수개선사업 제방안정성검토용역,제이이앤씨 주식회사,10890000,90.0,
R26BK01497406,2026-04-30,국가유산청 국립고궁박물관 국립조선왕조실록박물관,2026년 국립조선왕조실록박물관 테마전 및 특별전 VR 온라인 전시관 제작,드림메이커(DreamMaker),11000000,97.087,
R26BK01497456,2026-04-30,한국생명존중희망재단,2026년 한국생명존중희망재단 정보보안 컨설팅,주식회사 엘앤제이테크,31020000,98.947,
R26BK01497875,2026-04-30,한국보훈복지의료공단 중앙보훈병원,[수의시담] 2026년 중앙보훈병원 통합경영정보시스템 어플리케이션 유지관리 용역,주식회사 인버스,576285600,99.6,
R26BK01488088,2026-04-30,한국환경공단 충청권환경본부,화학시설검사부(소음·진동) 업무용차량 임차,주식회사 레드캡투어,30481200,88.17,
R26BK01447576,2026-04-20,한국의약품안전관리원,약물역학조사관 교육 표준 교재 개발,서울대학교 산학협력단,100000000,,
R26BK01482507,2026-04-30,농촌진흥청 국립축산과학원 가축유전자원센터,2026년 실험분석 연간 단가계약(2번),제이에스피,738900,84.775,
R26BK01479022,2026-04-30,국립호남권생물자원관,2026년 국립호남권생물자원관 섬누림호 선박보험 가입,한국해운조합,102720160,97.215,
R26BK01488175,2026-04-30,전남광주통합특별시 함평군,대동면 소규모 공공하수처리시설 통폐합 정비사업 GIS-DB 구축 용역,주식회사 유원이엔지,99329000,89.82,109853000
R26BK01481893,2026-04-30,경상남도교육청 경상남도진주교육지원청,진주기계공업고등학교 실습장 및 청소년 직업체험관 증축 기계설비공사 건설재해예방 기술지도용역 수의계약 안내 공고,주식회사 우리안전기술,7282500,90.154,
R26BK01474348,2026-04-30,한국도로교통공단 대전광역시.세종특별자치시.충청남도지부,2026년 천안시·아산시 교통량 조사 용역,주식회사 티디앤,18022000,88.252,20504000
R26BK01454162,2026-04-30,서울특별시교육청 월계고등학교,2026학년도 월계고등학교1학년 수련활동 위탁 용역,신안종합리조트(주),49784000,96.608,52160000
R26BK01487661,2026-04-30,인천환경공단,가좌하수처리장 최종침전지 복구공사 기본 및 실시설계 용역,주식회사 동서기술,27079809,88.062,
R26BK01484096,2026-04-29,전남광주통합특별시 영암군,「무화과 제조·가공시설 건립공사 기본 및 실시설계용역」수의견적 제출안내 공고,SM건축사사무소,73323600,88.503,
R26BK01488269,2026-04-30,경기도,경기도검도회관 주차장 개선공사 폐기물처리용역,주식회사 대주개발,6401700,90.022,
R26BK01417927,2026-04-21,조달청 서울지방조달청,2026 예술경제본부 재교부사업 회계검증 및 정산 모니터링 운영 대행,동남회계법인,104500000,,
R26BK01499766,2026-04-30,산림청 동부지방산림청 평창국유림관리소,2026년 산림유전자원보호구역 내 우량숲 산림생물다양성 증진사업 실시설계 용역,수암 산림 기술사 사무소,5420000,88.837,
R26BK01485935,2026-04-29,남양주도시공사,주차시설부 화도 제8공영주차장 외 1개소 바닥포장공사 폐기물 처리 용역,(주)원보,9081960,90.293,
R26BK01494459,2026-04-29,연세대학교 미래캠퍼스,[RISE사업] 2026-1 한국 취업캠프 운영 용역,주식회사 에듀북스,15285600,96.0,
R26BK01449182,2026-04-22,경기도청 북부청사,경기도 플랫폼 노동자 노동환경 실태조사 정책연구 용역,사단법인 일하는시민연구소유니온센터,94000000,,
R26BK01485953,2026-04-30,한국과학기술원,(재공고)KAIST 본원 화재예방안전진단 용역,(주)스마트이엔지,44010000,90.714,48900000
R26BK01482607,2026-04-30,강원특별자치도 양구군,양구군 수입3지구 풍수해생활권 종합정비사업 건설사업관리용역(설계단계),주식회사 일신이앤씨,140303000,87.763,159000000
R26BK01480848,2026-04-30,서울특별시교육청 영상고등학교,2026학년도 서울영상고등학교 2학년 소규모테마형교육여행 위탁용역 입찰공고,주식회사 이앤티코리아,78037740,98.647,79300000
R26BK01426561,2026-04-14,조달청 서울지방조달청,e국악아카데미 국악동화 애니메이션 제작,주식회사 플라잉피그,135300000,,
R26BK01495614,2026-04-30,근로복지공단 경기요양병원,시설물관리(영선·조경) 용역 수의시담,(주)선두기업,48298000,99.969,
R26BK01485619,2026-04-30,서울특별시교육청 경신고등학교,"경신고등학교 1,2학년 수련활동 위탁용역",신안종합리조트(주),67228000,93.333,72407000
R26BK01464426,2026-04-27,한국농수산식품유통공사,"2026년 K-박람회(프랑스, 멕시코) 수산홍보관 운영 용역",주식회사 아이미디어그룹,211200000,96.0,
R26BK01455144,2026-04-24,태권도진흥재단,2026년 태권도원 연계 관광상품(태권스테이)개발 및 운영·판매 대행 용역,청개구리,218500000,96.011,
R26BK01458929,2026-04-21,재단법인이민정책연구원(MRTC),조선업 외국인력 실태조사,주식회사 케이스탯컨설팅,82000000,,
R26BK01469693,2026-04-30,조달청 서울지방조달청,한반도 평화공존센터 지구단위계획 결정(변경) 용역,주식회사 태조엔지니어링,152955000,88.558,
R26BK01484448,2026-04-29,전남광주통합특별시 장성군,서삼면 대제~연산 간 도로확포장공사 건설폐기물 처리용역,(유)장성이엔티,62612000,88.436,71533000
R26BK01459212,2026-04-24,한국문학번역원,2026~2027년 영문 계간지 Korean Literature Now 제작 용역(재공고),(주)홍커뮤니케이션즈,360000000,,
R26BK01497585,2026-04-30,한국농어촌공사 경남지역본부 함안지사,이룡지구 농촌공간정비사업 분묘이장 세부설계 용역,보리장례진주지사,5600000,88.607,
R26BK01497662,2026-04-29,강원특별자치도 원주시,2026년 원주시 교육발전특구「직업계고 학생 자기소개서 작성 캠프」용역,(주)열음스퀘어,42862000,88.001,
R26BK01440587,2026-04-30,한국교원대학교,2026학년도 한국교원대학교 청람축전 행사 용역,주식회사 더 제우스,40000000,,
R26BK01449585,2026-04-21,한국광해광업공단,2026년 KOMIS 시스템 유지관리 용역,주식회사 시야인사이트,56800000,,
R26BK01494862,2026-04-30,조달청,2026년 산업재산권 공보발간 및 표준기술문서 DB구축 사업,나날에스엠아이(주),1302800000,99.996,
R26BK01482510,2026-04-30,울산광역시교육청 현대공업고등학교,현대공고 40년 이상 건축물 정밀안전점검 용역,주식회사 건일건축사사무소,47455200,88.004,
R26BK01488649,2026-04-30,경상남도 통영시,연도~읍도 공중화장실 설치공사 BF 인증 용역,주식회사 엠건축성능컨설팅,23420000,88.493,
R26BK01477948,2026-04-30,울산광역시,주택건설공사 감리업자(소방) 모집공고,주식회사 지케이이엔지,881859394,82.954,
R26BK01464342,2026-04-30,서울특별시교육청 경희여자고등학교,경희여자고등학교 2026학년도 1학년 소규모테마형 교육여행  위탁 용역,(주)정풍관광,93933000,89.075,105306460
R26BK01498768,2026-04-30,한국농어촌공사 전남지역본부 해남.완도지사,금빛안권역 거점개발사업 안전한생활환경정비 공사 재해예방기술지도용역,주식회사 대한건설안전원,5600000,100.0,
R26BK01382143,2026-04-21,문화체육관광부 국립한글박물관,"기증자료집 한글, 함께 걷다2 발간",(주)디자인인트로,45000000,,
R26BK01435698,2026-04-24,조달청 경남지방조달청,「2026년 제3회 경상남도 평생학습 박람회 & 문해의 달」행사 대행 용역 계약(조달) 의뢰,주식회사 이디아,202000000,,
R26BK01473243,2026-04-28,국회 국회사무처,2026년 국회 국․과장급 직위승진 및 5급 승진 후보자 역량평가 과제개발 및 평가운영,주식회사 휴먼컨설팅앤메니지먼트,112000000,,
R26BK01449209,2026-04-21,한국사회적기업진흥원,사회적경제 인재개발원 설립을 위한 인재양성 수요 및 기능 조사 용역,주식회사 정책과평가,92000000,,
R26BK01473560,2026-04-23,주식회사 토이코스,집합건물 데이터 연동 인터페이스 및 3D인터페이스 제작,주식회사 이노아이엔씨,51100000,,
R26BK01495645,2026-04-30,전북특별자치도교육청 이리여자고등학교,[수의시담] 2026학년도 이리여자고등학교 국제교류수업 연계 해외현장체험학습 위탁 용역,(유)전주세중여행사,61000000,98.394,
R26BK01473355,2026-04-29,서울특별시교육청 대신고등학교,"2026학년도 대신고등학교 1, 2학년 수련활동 위탁용역 입찰 공고",주식회사 박달재수련원,47707000,96.078,49869500
R26BK01498231,2026-04-30,산림청 중부지방산림청 보은국유림관리소,"2026년 숲가꾸기(풀베기, 덩굴제거 3지구-1차) 실시설계용역",예숲산림기술사사무소,14320000,89.938,
R26BK01481935,2026-04-30,충청남도당진교육청 호서중학교,2026학년도 호서중학교 1학년 수련활동 위탁 용역,사)국제미래재단,38201000,94.044,
R26BK01433186,2026-04-23,조달청 서울지방조달청,"2026 아메리카, 유럽, 아프리카 지역 세종문화아카데미 운영 용역",플레듀교육연구소(주),2146320000,,
R26BK01484800,2026-04-29,경상남도 의령군,부림 도시계획도로(소로2-113호선) 개설사업 건설폐기물 처리용역(한지30길 21 외 3필지),주식회사 오곡산업,35000000,88.458,39805000
R26BK01481744,2026-04-28,인천시설공단,2026년 삼산월드체육관 외벽세척 용역,화이트하우스,34733310,88.124,39919000
R26BK01488431,2026-04-30,울산광역시 울주군,범서근린공원 조성사업 폐기물처리용역(폐콘크리트) 소액용역 수의계약 견적제출 공고,주식회사동운,49613800,88.049,56670000
R26BK01486867,2026-04-30,경상남도 창원시 상수도사업소,의창구 팔용동 522-3번지 주변 노후수도관 교체공사 폐기물처리용역,대진환경 주식회사,30892000,88.5,
R26BK01451839,2026-04-21,부산광역시 영도구,2026년 여름철 어린이 물놀이장 임차 및 운영 용역(협상에의한계약),주식회사 케이엔터,79248800,,
R26BK01490172,2026-04-29,인천국제공항공사,2026 임직원 가정의 날 행사 대행용역,주식회사리버컴퍼니,52829999,97.444,
R26BK01466736,2026-04-30,조달청 인천지방조달청,스마트팜 선도단지조성 공사 기본 및 실시설계 용역,주식회사 다담건축사사무소,156736000,87.617,
R26BK01492412,2026-04-30,조달청 서울지방조달청,친환경경영 컨설팅(상생협력ESG경영체계 구축),주식회사 에코시안,1773000000,99.898,
R26BK01496148,2026-04-30,조달청 서울지방조달청,26~27년 KJCCS 통합 유지보수 용역,주식회사 엘아이지시스템,8724000000,99.99,
R26BK01444192,2026-04-28,조달청 서울지방조달청,2026년 AI활용 초기상담정보시스템 운영지원 및 유지관리,케이투웹테크(주),341000000,,
R26BK01497085,2026-04-30,서울특별시 물재생센터 중랑물재생센터,공동구 시설물 DB구축 용역,(주)한국지중정보,18695000,94.999,
R26BK01482464,2026-04-30,한국환경보전원,2026년 1차 영산강·섬진강수계 건설폐기물(파쇄류) 처리용역(1-1구역),(주)일성산업,187491000,87.788,
R26BK01498376,2026-04-30,한국농어촌공사 제주지역본부,표선면 기초생활거점조성사업 대상지 건축물 철거공사 해체감리용역,호제 건축사사무소,36957000,97.0,
R26BK01497044,2026-04-30,재단법인 2026강릉세계마스터즈탁구선수권대회 조직위원회,XIOM 2026 강릉세계마스터즈탁구선수권대회 보안·안전 운영 대행 용역,주식회사 신화씨앤에스,89733600,92.508,
R26BK01498732,2026-04-30,한국농어촌공사 전남지역본부 해남.완도지사,금빛안권역 거점개발사업 리모델링공사 재해예방기술지도용역,주식회사 대한건설안전원,14000000,100.0,
R26BK01498679,2026-04-30,경기연구원,[수의시담] 정책연구기관(GRI)의 AI 전환을 위한 로드맵 수립,라이브데이터 주식회사,21000000,98.406,
R26BK01454238,2026-04-21,제주국제자유도시개발센터,2026~2027년 JDC 직원 건강검진 용역,한국건강관리협회 제주특별자치도지부,250000,,
R26BK01498859,2026-04-30,전북특별자치도교육청,IB 프로그램 기반 전북형 수업평가 개선 방안 연구용역,전북대학교산학협력단,47619640,95.239,
R26BK01486594,2026-04-30,경기도 용인시,2025년 회전교차로(전대교차로) 설치공사 폐기물처리용역,광일토건환경(주),32674600,88.397,37253000
R26BK01488394,2026-04-30,한국환경공단 강원환경본부,2026년 정선수도사업소 정·배수지 청소용역,수리건설합자회사,75526910,88.734,
R26BK01497659,2026-04-30,대검찰청,전자기록 비식별화 기능 고도화 사업,주식회사 파수에이아이,76800000,96.0,
R26BK01485859,2026-04-30,(재)한국정신문화재단,2026년도 안동시 문화관광해설사 1차 자체보수교육(관외) 운영 견적 제출 안내공고,주식회사 경남물산,29099890,88.097,
R26BK01481598,2026-04-30,한국해양진흥공사,2026년 해양산업 AI 전환 및 기술 실증·확산 지원 용역,주식회사 엘지씨엔에스,2475000000,99.0,
R26BK01456214,2026-04-30,인천광역시교육청,2026년 현업업무종사자·관리감독자 산업안전보건교육 위탁 용역,한국종합안전교육사회적협동조합,45810000,54.779,
R26BK01497911,2026-04-30,근로복지공단본부,(전자시담)임금채권 국세체납 프로세스 도입 사업,(주)에이치씨엔씨,1448000000,98.772,
R26BK01448662,2026-04-21,정보통신산업진흥원,2026년 개도국 정보통신방송전문가 초청연수 과정운영 지원 용역,(주)잇다커뮤니케이션,94000000,,
R26BK01487959,2026-04-30,경기도교육청 경기도고양교육지원청,[긴급]2026년 학교 급식 환기설비 점검 위탁용역,백두이앤씨 주식회사,162407300,87.777,185896000
R26BK01444613,2026-04-20,경상국립대학교,(재공고)2026학년도 학생역량관리시스템 유지보수,(주)싸이웍스,38280000,,
R26BK01460467,2026-04-28,조달청 인천지방조달청,제물포 스마트 Station-J 플랫폼 고도화,(주)플라이투,135000000,,
R26BK01494440,2026-04-30,조달청,「고위험 비래해충 예찰조사사업」 용역(식물),주식회사검역기술연구원,300860000,100.0,
R26BK01496207,2026-04-29,한국뇌연구원,연구장비(fNIRS) 임차 용역,(주)오비이랩,87300000,99.703,
R26BK01456259,2026-04-22,연세대학교 미래캠퍼스,[대학혁신지원사업] 연세대학교 미래캠퍼스 글로벌 인재 유치 및 활용 중장기 계획 수립 용역,앤더슨컨설팅인코포레이티드(주),110000000,94.691,
R26BK01482896,2026-04-30,경기도 평택시 송탄출장소,북부지역 장기미집행 도시관리계획 결정(변경) 및 실시계획인가 용역,(주) 인주이엔씨,150574200,87.795,
R26BK01469884,2026-04-30,공군본부,제28회 항공우주력 국제학술회의 위탁 용역,연세대학교 산학협력단,62981954,98.913,63848255
R26BK01497953,2026-04-30,행정중심복합도시건설청,행복청 청사 이전 사무환경 조성사업 설계용역,하람 건축사사무소,55000000,100.0,
R26BK01459608,2026-04-30,서울특별시성동교육청 광장중학교,[긴급]2026학년도 3학년 소규모 테마교육여행  위탁용역,(주)와이드엘투비,103148700,98.555,
R26BK01481451,2026-04-30,이천시시설관리공단,이천시시설관리공단 남부 반다비문화체육센터 업무용 차량 임차,주식회사 조은렌트카,30214800,88.0,
R26BK01472798,2026-04-30,경기도 광주시 사업전략본부,안전점검 수행기관 선정 공고[목현~회덕간 도로개설공사],주식회사 건축사사무소데미샘,6759400,87.785,
R26BK01486668,2026-04-30,울산광역시 중구,구삼호교 재난피해 손상부위 철거공사 건설폐기물처리용역,주목산업(주),26178000,88.089,
R26BK01498240,2026-04-30,한국교육과정평가원,2026년 학생평가지원 포털 유지관리,주식회사 언어과학,208900000,99.476,
R26BK01387674,2026-04-30,한국교통안전공단,2026년 수요응답형 대중교통 시스템 보안성 개선 및 유지관리 용역,주식회사 엠티데이타,450000000,,
R26BK01488160,2026-04-30,경상북도 경주시,하서항 정비사업 준설토 오염도 조사 용역,다이브알앤디(Dive R&D),52500000,95.019,55110000
R26BK01486654,2026-04-30,서울특별시 성동구,2026년  도로하부 공동탐사(특별점검) 용역,주식회사 서경기술공사,87199000,87.752,
R26BK01477890,2026-04-30,전북특별자치도 정읍시,정읍시 가축분뇨배출시설 전수조사 및 가축분뇨관리세부계획 수립 용역,사단법인 지방자치정책연구원,121146000,82.126,
R26BK01443365,2026-04-28,조달청 광주지방조달청,영산강 등 3개 수계 국가하천 실시간 모니터링 시스템 유지관리용역,한국정보기술 주식회사,788962400,,
R26BK01417501,2026-04-24,조달청 대구지방조달청,"2026년 디지털 튜터,테크센터 운영사업 용역",주식회사 케이엔정보기술,4110000000,,
R26BK01487701,2026-04-30,국토교통부 대전지방국토관리청 충주국토관리사무소,2026년 충주국토 도로시설물 보수공사 건설엔지니어링 사업(실시설계),주식회사 제이에스엔지니어링,122733000,87.768,
R26BK01428551,2026-04-14,한국생명존중희망재단,성과관리체계 구축 컨설팅,주식회사 플러스인씨앤씨,49500000,,
R26BK01488515,2026-04-30,행정안전부,행정안전부 업무용 차량 임차,주식회사한길렌트카,58217290,88.052,
R26BK01458403,2026-04-24,(사)캠틱종합기술원,우즈베키스탄 스마트팜 ODA - 2026 초청연수(강사 인력 대상) 운영 용역,주식회사 디클래스,49300000,,
R26BK01487856,2026-04-30,전남광주통합특별시교육청 광주청사,광주광역시교육청해양수련원 수영장 보수 및 방수공사 재해예방 기술지도용역 수의계약 안내공고,삼우안전 지도사 사무소,1003200,90.209,
R26BK01496721,2026-04-29,산림청 국립산림과학원,(위탁)사례지역 유역 기반 산림공간 DB제작 및 적용성 평가,국립순천대학교 산학협력단,44931000,97.999,
R26BK01493917,2026-04-30,조달청 서울지방조달청,2026년 어린이용품 환경유해인자 자가관리 컨설팅,사단법인 코티티시험연구원 (KOTITI),323400000,99.697,
R26BK01454472,2026-04-17,국민건강보험공단 대전지역본부,2026년 청소년 건강체험학교 위탁 운영,주식회사 올즈윈퍼포먼스랩,40282000,97.051,
R26BK01481617,2026-04-30,전남광주통합특별시 서구,2026년 하수관로 기술진단 용역,주식회사 신명건설기술공사,176306000,87.877,
R26BK01482104,2026-04-30,경상남도교육청 경상남도진주교육지원청,진주기계공업고등학교 실습장 및 청소년 직업체험관 증축 통신공사 건설재해예방 기술지도용역 수의계약 안내 공고,대승종합안전주식회사,6840496,90.165,
R26BK01488663,2026-04-30,충청북도,요도천 등 3개하천 하천시설관리대장 작성용역,주식회사 지명,168473690,87.942,
R26BK01494190,2026-04-30,조달청 인천지방조달청,국가생물다양성전략 이행을 위한 유전다양성 연구-식물분야(2026년),한림대학교 산학협력단,470400000,99.694,
R26BK01488358,2026-04-30,한국환경공단 강원환경본부,2026년 정선수도사업소 시설지 예초용역,주식회사 소하,66096868,88.042,
R26BK01487300,2026-04-30,충청북도 청주시,「무심천 지류하천 비점오염저감시설 설치사업 지반조사용역」 수의견적 제출안내,주식회사 지우 이앤씨,29552000,88.087,
R26BK01485477,2026-04-30,경상북도교육청 경북기계명장고등학교,2026학년도 경북기계명장고등학교 업체견학 등 차량 임차용역 소액수의 견적제출 안내 공고,주식회사 경북고속관광,2353000,90.331,2600000
R26BK01460006,2026-04-24,국립아시아문화전당재단,2026년 아쿠아 천국 재외 한국문화원 순회전 작품 운송설치철거 용역,(주)아트랜스,119900000,,
R26BK01482639,2026-04-30,한국환경보전원,2026년 1차 영산강·섬진강수계 건설폐기물(파쇄류) 처리용역(1-2구역),주식회사 우방환경,190899950,86.756,
R26BK01448525,2026-04-21,한국사회적기업진흥원,(재공고) 2026년 협동조합 고도화 지원사업 운영 용역,사회적협동조합 살림,91140000,,
R26BK01488227,2026-04-30,소방청 중앙119구조본부,수도권119특수구조대 소난구조훈련장 보수공사 설계 용역,휴담건축사사무소,32279560,88.005,
R26BK01487859,2026-04-30,경기도 남양주시 공원녹지관리사업소,2026년 지방하천(왕숙천) 하천경관 장비임차용역(단가계약),충신중기,2884500,88.003,
R26BK01496202,2026-04-30,한국지역난방공사 고양사업소,2026년 고양사업소 사무동 공조덕트 청소 용역,주식회사 자운씨앤에스,10340000,89.045,
R26BK01488138,2026-04-30,경기도 안양시,"2026년 교량(1,2종) 정밀안전점검 용역(가격입찰 후 PQ)",백양엔지니어링 주식회사,219595000,86.766,
R26BK01483199,2026-04-28,사단법인 대한민국농구협회,2026 농구 스포츠클럽 디비전 홍보대행(재공고),(주)유니트플레이,44550000,99.273,
R26BK01428984,2026-04-20,재단법인경상남도인재평생교육진흥원,2026년 찾아가는 AI·디지털 문해교육(경남형 한글햇살버스) 운영 용역,주식회사 엠에스이씨엠,120039000,,
R26BK01498228,2026-04-30,산림청 중부지방산림청 보은국유림관리소,"2026년 숲가꾸기(풀베기, 덩굴제거 2지구-1차) 실시설계용역",주식회사 탑산 산림기술단,17660000,89.964,
R26BK01444503,2026-04-21,강원대학교 삼척캠퍼스 삼척산학협력단,삼척형 메타버스 체험관 시설 운영·관리 용역,주식회사 엠에이치엔씨티,84150000,,
R26BK01498429,2026-04-30,한국농어촌공사 제주지역본부,2026년 성읍저수지 여과기 정기점검 용역,(주)블루비에스,11700000,89.834,
R26BK01495586,2026-04-30,한국조폐공사,경영정보시스템 가상화 클러스터 증설 용역,(주)연무기술,368600000,99.978,
R26BK01498564,2026-04-30,새만금개발청,고군산군도 새만금사업지역 조정 지형도면 고시용역,주식회사 도시와농촌,21560000,99.976,
R26BK01498596,2026-04-30,경상북도 성주군,2026년 보호구역 실태조사 용역,주식회사 디케이이앤씨,35000000,90.081,
R26BK01434879,2026-04-15,게임물관리위원회,2026년 게임 등급분류 및 사후관리 기초조사,(주)리서치랩컨설팅,64800000,,
R26BK01498896,2026-04-30,경기도 이천시,2026년 연등행사 진행 용역,조이기획,25200000,90.0,
R26BK01498627,2026-04-30,한국농어촌공사 경북지역본부 상주지사,청리면 덕산지구 농촌공간정비 덕산리회관 지정폐기물 해체·철거 용역,주식회사 도반건설,14025000,90.483,
R26BK01481297,2026-04-30,서울특별시 관악구,2026년 관내 지반침하 우려구간 공동탐사 특별점검 용역,주식회사 이현엔지니어링,169066000,87.834,191708000
R26BK01481586,2026-04-30,경기도 군포시,군포시 도로건설·관리계획 수립용역(가격입찰 후 PQ),주식회사 동성엔지니어링,349850000,86.884,399663000
R26BK01455844,2026-04-30,서울특별시남부교육청 윤중중학교,2026학년도 윤중중학교 2학년 수련활동 위탁용역,주식회사 미리내,49365000,98.683,
R26BK01477855,2026-04-30,해양환경공단 부산지사,601백룡호 선체수리 용역,해동정공,50133000,88.655,56969000
R26BK01437270,2026-04-16,조달청 서울지방조달청,2026년 협동조합 도약 지원사업 운영 용역,발달장애지원이종협동조합연합회,270000000,,
R26BK01444477,2026-04-22,(재)대한화장품산업연구원,2026년 글로벌 화장품 수출절차 및 인허가 영상 제작,주식회사 블랙페넌,69500000,,
R26BK01435256,2026-04-30,조달청,유구도서관 이전 증축공사 건설사업관리용역,주식회사 다인씨엠건축사사무소,822558000,85.985,
R26BK01441611,2026-04-22,한국교육과정평가원,2027학년도 대학수학능력시험 원서접수 및 유의사항 동영상 제작 용역,그라디언스,41200000,,
R26BK01479322,2026-04-30,조달청 경남지방조달청,남해파출소 연안구조정(S-89정) 양현주기관 총분해수리 계약의뢰,우리테크,118305000,91.04,
R26BK01488676,2026-04-30,충청북도,충주천 등 4개하천 하천시설관리대장 작성용역,주식회사 지명,132441690,87.807,
R26BK01496473,2026-04-29,지식재산처,2026년 지식재산 정보 활용 실태조사 사업,한국지식재산연구원,297500000,99.438,
R26BK01496306,2026-04-30,국가보훈부,위탁대부 이차보전금 재정부담 완화를 위한 변동금리 도입방안 연구 용역,(사)한국정책분석평가학회,29700000,99.0,
R26BK01469885,2026-04-28,조달청 대구지방조달청,2026년 인터넷․스마트폰 과의존 예방 콘텐츠 개발,주식회사 넷마루,214620000,,
R26BK01481933,2026-04-30,전북특별자치도 익산시 상하수도사업단,오산면 목천리 950-2번지 일원 배수관 확장공사  건설폐기물 처리 용역,유한회사 보미,18161000,90.184,20262000
R26BK01482522,2026-04-30,충청남도교육청 충청남도청양교육지원청,"2026 청양교육지원청 국제교류 해외여어캠프 항공권 구입 외(버스임차,단체보험) 수의계약",(주)뉴오케이관광,58800000,98.675,
R26BK01481244,2026-04-30,전남광주통합특별시 곡성군,2026년 ~ 2027년 곡성군 대형생활폐기물 위탁 처리 용역(단가계약),주식회사 에너지명성,201380,87.856,230000
R26BK01482222,2026-04-30,세종특별자치시,세종 스마트 국가산단 진입도로 건설공사 기본 및 실시설계 용역,주식회사 장맥엔지니어링,1216480000,81.537,
R26BK01433749,2026-04-16,한국발명진흥회,2026년 민관협력 IP전략지원 사업 CIPO 프로그램 운영(7차),특허법인 라우드,259300900,,
R26BK01431376,2026-04-14,조달청 충북지방조달청,2026년 의료기술RnD분야 효과성 분석 및 성과관리 활용계획 수립 대응 조사·분석,너비의깊이 주식회사,120000000,,
R26BK01496248,2026-04-30,제주특별자치도 세계유산본부,(수의시담)26년 제주목 관아 미디어아트 구축 및 운영 용역,주식회사 위놉스,294000000,98.633,
R26BK01468829,2026-04-30,충청북도충주교육청 충일중학교,2026학년도 충일중학교 1학년 수련활동 위탁용역 2단계(규격가격 동시) 입찰 공고,금산청소년수련원,27420800,90.859,
R26BK01462198,2026-04-30,광주광역시서부교육청 광주동성여자중학교,"2026학년도 광주동성여자중학교 2학년 수학여행 위탁용역 2단계(규격,가격 동시) 입찰 공고",(주)광주현대관광,65590000,88.576,74108000
R26BK01449177,2026-04-21,한국사회적기업진흥원,2026년 사회적기업 주간행사 운영 용역,닷츠비 주식회사,86800000,,
R26BK01458800,2026-04-30,서일대학,2027학년도 신입생 모집 요강 제작,(주) 진학사,39600000,,
R26BK01483950,2026-04-30,재단법인서울디자인재단,DDP 상황별 안전매뉴얼 고도화 용역,부림 주식회사,19656360,90.019,
R26BK01499937,2026-04-30,한국농어촌공사 충남지역본부 천안지사,발산장산지구 배수개선사업 산지점용허가 용역,(주)유승엔지니어링,8662500,90.0,
R26BK01466119,2026-04-30,경상남도교육청 경상남도교육연수원,"2026. 초·중등 교감자격연수 분임활동 워크숍, 타시도 선진교육현장 방문 위탁 용역",주식회사 수도항공여행사더교육,79400000,85.098,92856000
R26BK01496746,2026-04-30,조달청,2026년 글로벌 광고인재 육성 사업 계약,사단법인 한국광고총연합회,381030980,99.694,
R26BK01462417,2026-04-28,조달청 대구지방조달청,2026년 국민행복 IT 경진대회 문제출제 및 대회운영 사업,(주)알투컴,232210000,,
R26BK01485544,2026-04-30,강원특별자치도 원주시,귀래면 주포리 142번지 일원(절안마을~경천묘) 상수관 설치공사(2차-1구간) 폐기물처리용역,(주)대한환경산업,19481510,88.719,
R26BK01442833,2026-04-28,조달청 대전지방조달청,2026년 조달청 혁신제품 전시 · 행사 대행 용역 계약 요청,유한회사 대현아이앤이,183480000,,
R26BK01487124,2026-04-30,경기도 남양주시 화도읍,운수2리 마을회관 신축공사 폐기물처리용역,(주)방태,25987000,88.413,
R26BK01485998,2026-04-30,한국농어촌공사 충남지역본부 공주지사,경천1리 취약지역생활여건개조사업 건설폐기물처리 용역,주식회사 이한산업,114991000,87.808,
R26BK01497116,2026-04-30,서울특별시 미래한강본부,광나루 한강 웰니스프로그램 운영 용역,주식회사 코짐,36000000,100.0,
R26BK01459863,2026-04-30,충청남도교육청 천안신당고등학교,2026학년도 천안신당고등학교 1학년 수학여행 위탁용역 2단계(규격 ·가격동시)입찰 공고,아시아여행사(주),200598000,84.2,
R26BK01443019,2026-04-21,문화체육관광부 국립중앙도서관,2026년 이러닝 콘텐츠 개발,주식회사 에듀콥,80000000,,
R26BK01461516,2026-04-24,인천교통공사,인천교통공사 임대상가 재구조화를 위한 마스터플랜 수립 용역,재단법인 한국산업관계연구원,73800000,,
R26BK01433689,2026-04-20,식품의약품안전처 식품의약품안전평가원,2026년 글로벌규제조화센터 국제워크숍 개최 운영,CS 컴퍼니,106000000,,
R26BK01496975,2026-04-30,산림청 동부지방산림청 평창국유림관리소,2026년 산림유역관리사업(신리) 감리용역,산림기술사사무소 사람과숲,13020000,88.976,
R26BK01486765,2026-04-30,충청남도 태안군,2026년 해수욕장 위험성 평가 용역,주식회사 아이오테크,95579000,81.443,
R26BK01447325,2026-04-28,(재)경기도경제과학진흥원,2026년 경기도형 납품대금 연동제 컨설팅 및 설명회 용역,(사)한국물가협회,40000000,80.0,
R26BK01500139,2026-04-30,한국농어촌공사 경북지역본부 칠곡지사,심곡지구 소규모배수개선사업 건설폐기물처리용역,주식회사 새재환경,12700000,88.811,
R26BK01488226,2026-04-30,전남광주통합특별시 함평군,대동면 하수도 중점관리 정비사업 GIS-DB 구축 용역,주식회사 유원이엔지,70289000,89.816,77774000
R26BK01484499,2026-04-30,광주광역시서부교육청 봉선중학교,2026학년도 봉선중학교 수학여행 위탁용역 수의계약 안내공고,(주)예스케이여행사,42106640,88.02,
R26BK01395864,2026-04-30,조달청,의정부법조타운 A-3BL 및 S-1BL 아파트 건설공사 시공단계 감독권한대행 등 (통합) 건설사업관리용역,(주)무영씨엠건축사사무소,14077200000,81.622,
R26BK01488104,2026-04-30,양양속초산림조합,2026년 숲가꾸기사업 (큰나무가꾸기) 감리용역,로뎀ENG,10505000,90.284,11706000
R26BK01488312,2026-04-30,경기도 고양시,2026년 일산서구 도시공원 분수대 청소 및 수질관리 용역,클린무브,64459140,88.094,
R26BK01497964,2026-04-30,경기도 이천시,2026년 소규모 공동주택 안전점검 지원사업 용역,대한주택관리사협회,48555000,90.0,
R26BK01476312,2026-04-30,서울특별시교육청 리라아트고등학교,2026년 리라아트고 2학년 소규모테마형교육여행 용역 입찰공고,(주)정풍관광,161280000,96.382,166400000
R26BK01493392,2026-04-30,관세청 울산세관,업무용 차량 임차,주식회사 제이카,43200000,93.278,46434000
R26BK01486404,2026-04-29,충주산림조합,2026년 풀베기사업 설계용역(남부2지구),주식회사 동진엔지니어링,8790370,90.203,
R26BK01459026,2026-04-29,부산관광공사,[긴급] 2026 부산 관광 팝업스토어 운영 대행,S．O．K management,307000000,,
R26BK01482851,2026-04-30,한국환경보전원,2026년 1차 영산강·섬진강수계 건설폐기물(재활용) 처리용역(2구역),(주)태승,63861000,84.514,
R26BK01479343,2026-04-28,전남광주통합특별시 동구,2026년 슬레이트 처리 지원사업 폐기물 처리(단가계약),주식회사 디와이솔루션,22050000,88.136,
R26BK01494562,2026-04-29,한국농어촌공사 강원지역본부,2026년 강원형 농촌공간재구조화 현장전문가 육성 교육 운영 용역,주식회사 나루,40000000,90.909,
R26BK01478523,2026-04-30,한국과학기술원,2026년 상반기 시설물 법정 정기안전점검 용역,건축사사무소 U.N.I,95701550,88.375,
R26BK01488831,2026-04-30,충청남도 당진시 건설도시국 수도과,2026년 상반기 상수도시설물 저수조 위생관리 용역,마법환경,59806900,88.191,
R26BK01495628,2026-04-30,부산시설공단,부산영락공원 전자지급결제대행(PG) 서비스 용역,한국정보통신(주),927178650,99.047,
R26BK01488531,2026-04-30,전남광주통합특별시 순천시,야흥마을 노후 상수도관 교체공사 실시설계 용역,금아이엔지주식회사,26460000,88.165,30000000
R26BK01487846,2026-04-30,경상북도 영주시 수도사업소,봉현면 오현4리 뒷밭지구 지방상수도 전환공사 외 3건 지하시설물 GIS DB 구축 용역,주식회사 지에스드론공간정보,37239000,89.101,
R26BK01488778,2026-04-30,경상남도 합천군,사들지구 소규모배수개선사업 조사측량 및 실시설계용역,주식회사 한성개발공사,79838000,88.213,91200000
R26BK01488172,2026-04-30,경기도 평택시,배다리 저수지 주변 도로정비공사 폐기물(폐아스콘)처리용역,주식회사 한결아스콘,65247881,88.044,
R26BK01433770,2026-04-16,한국발명진흥회,2026년 민관협력 IP전략지원 사업 CIPO 프로그램 운영(9차),특허법인 로한,252000000,,
R26BK01488787,2026-04-30,전남광주통합특별시 무안청사,완도항 여객선터미널 조명시설 교체 공사 실시설계 용역,유한회사 하나이엔지,10655550,90.9,
R26BK01487818,2026-04-30,전북대학교,2026년 파란사다리 파견학생 항공권 구매,나비웍스(NAVIWORKS),69353360,88.454,
R26BK01472690,2026-04-30,서울특별시교육청 서울도시과학기술고등학교,2026학년도 2학년 소규모테마형교육여행 위탁용역,주식회사 여행원,66929200,89.834,74573600
R26BK01461661,2026-04-24,(주)제일엔지니어링종합건축사사무소,[긴급]아산시 강소형 스마트시티 조성사업 서비스 인프라 구축사업 감리용역,(주)한국정보기술단,132000000,,
R26BK01498952,2026-04-30,한국농어촌공사 충남지역본부,칠산3지구 배수장 성능개선사업 지질조사용역,주식회사 삼보이엔씨,4600000,,
R26BK01333681,2026-04-13,사단법인아시아물위원회사무국,2026년도 AWC Water Project 컨설팅 연구,주식회사 한국종합기술,352509451,98.0,
R26BK01496106,2026-04-30,해양수산부 국립수산과학원,주요 양식품종(뱀장어) 가치사슬 분석,아쿠아인포(주),39160000,100.0,
R26BK01475316,2026-04-29,서울특별시교육청 풍문고등학교,2026학년도 풍문고등학교 1학년 소규모테마형교육여행 용역,주식회사 컬쳐랑,206488510,91.287,
R26BK01499768,2026-04-30,강원특별자치도 고성군,2026 공연예술 지역유통 지원사업 [슈퍼거북 슈퍼토끼] 공연 운영 용역,할리퀸크리에이션즈(주),44000000,97.087,
R26BK01484102,2026-04-30,울산광역시 울주군,울주 문화원사 건립공사 감독권한대행 등 건설사업관리용역 사업수행능력평가(PQ)후 가격입찰(지명경쟁) 재공고,(주)대흥종합엔지니어링건축사사무소,778449000,86.413,
R26BK01486621,2026-04-30,대구광역시교육청 구암고등학교,2026학년도 2학년 현장체험학습(수학여행) 위탁 용역 입찰공고(긴급),늘빛투어,109246620,88.032,124242720
R26BK01444468,2026-04-30,경기관광공사,2026년 경기 로컬여행 자원 발굴 및 홍보마케팅,주식회사 맛조이코리아,661500000,,
R26BK01486753,2026-04-30,대전광역시 유성구,"방동 수변공간 여가숲 조성사업 감리용역(토목, 조경)",주식회사 보배엔지니어링,73080890,88.271,82470000
R26BK01463372,2026-04-28,한양여자대학교,2026학년도 대학홍보 및 2027학년도 입시홍보 대행사 선정,(주)유웨이어플라이,216000000,94.759,
R26BK01459903,2026-04-24,경기도 파주시,2026 제3회 파주시 기업박람회 기획 및 운영 용역,주식회사 제이엘컴퍼니,542850000,,
R26BK01460689,2026-04-30,서울특별시동부교육청 중랑중학교,2026학년도 중랑중학교 2학년 수련활동(버스임차 제외) 용역 입찰,주식회사 미리내,39390000,94.44,
R26BK01495880,2026-04-30,경기도 의정부시,[긴급]2026년 의정부시 시민 자전거보험 가입,디비손해보험 주식회사,214202120,98.594,
R26BK01495774,2026-04-29,국가유산청,헤리티지정원 개막 기념 행사 대행,주식회사 구오,20647000,,
R26BK01494233,2026-04-30,연세대학교 미래캠퍼스,[RSIE사업] 2026 학생성공지원주간 외국인 유학생 부스 운영 용역,주식회사 한국취업센터,10830000,95.0,
R26BK01488450,2026-04-30,화순군산림조합,2026년 조림지풀베기사업(이양춘양지구) 실시설계 용역,(주)산림공사,22636400,89.134,25928000
R26BK01488140,2026-04-30,전북특별자치도 전주시,2026년 전주시 공무용차량 일괄 보험가입,하나손해보험 주식회사,43618390,59.953,
R26BK01488105,2026-04-30,김천시시설관리공단,2026년 친환경생태공원 연간 예초 및 제초 용역,청솔,64671560,88.019,
R26BK01481796,2026-04-30,경상북도 경산시,남하소하천(하양 남하)정비공사 건설폐기물 처리용역,(주)대유산업,113502974,87.794,
R26BK01483658,2026-04-30,전남광주통합특별시 무안청사,"몽탄~동강간 연결도로 개설사업 건설폐기물(폐콘크리트, 혼합폐기물) 처리용역(총괄,1차)",주식회사 우방환경,269787330,86.776,
R26BK01491933,2026-04-30,건설근로자공제회,[긴급] 2026년 건설근로자공제회 임ㆍ직원 단체실손보험 사업자 선정,메리츠화재해상보험주식회사,123960180,96.844,
R26BK01440647,2026-04-30,조달청,금광1 소규모 공공하수처리시설 설치사업 기본 및 실시설계 용역,주식회사 범한엔지니어링,984834000,80.574,
R26BK01488596,2026-04-30,전북특별자치도 정읍시,"금붕 자연재해위험개선지구 정비사업 건설폐기물처리용역(장기계속용역, 총괄분)",(주)모악환경산업,313289000,86.794,
R26BK01485377,2026-04-29,전라남도순천교육청 순천매산중학교,"2026학년도 순천매산중학교 1, 3학년 수련활동 위탁용역 2인 이상 견적서 제출 안내",청정청소년수련원(청정테마힐링센터),53976000,91.355,
R26BK01486877,2026-04-30,전북특별자치도교육청 전주생명과학고등학교,2026학년도 전주생명과학고등학교 모범학생 해외농업선진지 견학(일본) 위탁용역 소액수의 안내 공고,전북관광온다 유한회사,39966093,88.303,
R26BK01488353,2026-04-30,화순군산림조합,2026년 조림지풀베기사업(청풍화순외지구) 실시설계 용역,(주)산림공사,22066300,88.198,25275000
R26BK01486512,2026-04-30,경상남도 함양군,함양 대덕저수지 산책 둘레길 조성사업 실시설계 용역,주식회사 다우,133451000,87.803,151960000
R26BK01495037,2026-04-30,더핑크퐁컴퍼니 주식회사,아기상어 AI전시 프로젝트 인쇄홍보물,주식회사 텐케이,81112965,100.0,
R26BK01469090,2026-04-27,사단법인 한국디지털헬스산업협회,인공지능 알고리즘 개발자 양성 교육 영상 콘텐츠 기획 및 제작,마일스톤전략컨설팅 주식회사,27000000,,
R26BK01486623,2026-04-30,세종특별자치시,감성~축산리 인도 개설공사 폐기물처리 용역,충청환경산업(주),22637000,90.255,25260000
R26BK01496461,2026-04-30,경상북도 김천시,2026년 김천시 어린이 안전보험 가입,현대해상화재보험(주),97166110,97.166,
R26BK01498496,2026-04-30,주식회사 에스알,승차권 예매 통합서비스 웹뷰 개발 용역,주식회사 유진정보기술,199186614,100.0,
R26BK01498699,2026-04-30,한국농어촌공사 경북지역본부 상주지사,청리면 덕산지구 농촌공간정비사업 재생사업분 가연성폐기물 처리·운반 용역,(주)정림산업,7590000,90.909,
R26BK01487705,2026-04-30,경기도 안양시,수암천 하천정비 및 주차장·공원 조성사업 지하안전평가(재협의) 용역,지케이엔지니어링주식회사,45771500,88.045,
R26BK01487326,2026-04-30,경상남도 밀양시,2026년 지하수 이용실태조사 용역 입찰 공고,(주)우리지질,140685010,87.753,159940000
R26BK01473131,2026-04-30,한국외국어대학교 글로벌캠퍼스,글로벌캠퍼스 사업장폐기물(폐합성수지) 위탁 처리 용역업체 선정(단가계약),선풍산업 주식회사,169500,72.127,
R26BK01453341,2026-04-24,조달청 서울지방조달청,2026 아시아(중동 포함) 및 오세아니아 지역 세종문화아카데미 운영 용역,주식회사엠플로커뮤니케이션,1411200000,,
R26BK01433741,2026-04-16,한국발명진흥회,2026년 민관협력 IP전략지원 사업 CIPO 프로그램 운영(6차),이음특허법률사무소,249375000,,
R26BK01486651,2026-04-30,강원특별자치도교육청 강원특별자치도횡성교육지원청,[2권역] 2026년 공립학교 예초 용역(갑천중고 외 11개교),세한,72065348,88.453,82780000
R26BK01482652,2026-04-30,경기도 양평군,창대리 안전한 보행환경 조성사업 폐기물처리용역,주식회사 대주개발,110323500,87.775,
R26BK01479546,2026-04-30,해양수산부 포항지방해양수산청,포항 신항 외곽시설 등 보강공사 일반해양이용협의용역,주식회사 대영엔지니어링,140410000,87.755,
R26BK01441427,2026-04-30,서울특별시서부교육청 홍익대학교사범대학부속여자중학교,2026학년도 홍익대학교사범대학부속여자중학교 2학년 수련활동 위탁용역,신안종합리조트(주),29932000,97.634,
R26BK01437462,2026-04-14,기후에너지환경부 국립생물자원관,유전자원법 이행 실효성 제고를 위한 법령 개정 방안 연구(2026년),사단법인 대한국제법학회,100000000,,
R26BK01438607,2026-04-30,경기도교육청 경기도화성오산교육지원청 새동초등학교,2026학년도 새동초등학교 방과후학교 프로그램 운영 용역 입찰,참다솜교육사회적협동조합,139920000,98.174,143376000
R26BK01458953,2026-04-30,사립학교교직원연금공단,2026년 국내 VC 위탁운용사 선정 평가 용역,한국자산평가 주식회사,24500000,,
R26BK01424050,2026-04-10,해병대9518부대,26-Y-탄약고 신축 선행연구 용역,(사)국방시설연구협회,34000000,49.284,
R26BK01466454,2026-04-28,조달청 광주지방조달청,주요정보통신기반시설 취약점 분석·평가,(주)씨에이에스,432630000,,
R26BK01438803,2026-04-28,조달청 서울지방조달청,AI기반 데이터 분석사업,(주)와이즈넛,118781000,,
R26BK01486501,2026-04-30,충청북도 영동군,두평 자연재해위험개선지구 정비사업 보완공사 실시설계용역,(주)가득건설기술단,77670000,88.085,
R26BK01484723,2026-04-30,강원특별자치도교육청 강원특별자치도횡성교육지원청,[1권역] 2026년 공립학교 예초 용역(성남초외 14개교),주식회사 산엔들,74348080,88.248,84161000
R26BK01487969,2026-04-30,울산광역시,2026년(2025년 경영실적) 출연기관 경영실적평가 용역,한국정보경영평가(주),41106710,88.134,46706350
R26BK01488510,2026-04-30,충청남도 홍성군,홍성전통시장 아케이드 설치공사 실시설계용역 소액수의 견적 제출 안내 공고,주식회사흥인이엔씨건축사사무소,39136000,88.308,44510000
R26BK01429930,2026-04-10,국토안전관리원,KALIS 중장기 경영전략 고도화 용역,한국생산성본부,96000000,,
R26BK01448928,2026-04-30,서울특별시교육청 광성고등학교,2026학년도 광성고등학교 1학년 소규모테마형교육여행 위탁용역 입찰 공고,(주)오케이에듀투어,147582760,99.418,
R26BK01486875,2026-04-30,서울과학기술대학교,도서관 및 학생회관 개축공사 본인증 용역,(주)건축사사무소유오에스,35712910,88.029,
R26BK01487897,2026-04-30,경상북도 영양군,"2026년 1차 빈집정비사업(일월면,수비면) 철거공사 일반폐기물처리 용역",대진환경(주),23260000,91.896,
R26BK01467791,2026-04-28,충남대학교 산학협력단,충남대 2026 직업계고 현장실습 및 취업 정책 역량 강화 국외 연수,(주)에띠마이스,132000000,,
R26BK01469807,2026-04-30,한국산업안전보건공단,AI 기반 안전보건 콘텐츠 검색·추천 체계 구축 연구 용역,주식회사 와이와이소프트,47853400,96.886,
R26BK01471793,2026-04-30,(재) 부산광역시교육청영재교육진흥원,부산광역시교육청영재교육진흥원 2026학년도 초․중등 영재교육 담당교원 전문과정 직무연수 국외용역,(주)에덴항공여행사,248870000,,
R26BK01487677,2026-04-30,경상북도 상주시,상주 도시생태축(개운천~남산)  복원사업 재해영향평가 용역,주식회사 정도이앤씨,41911000,88.167,47300000
R26BK01488270,2026-04-30,충청남도 천안시,불당유적공원 정비공사 건설폐기물처리용역,(주)그린환경,60375000,89.554,67132000
R26BK01459349,2026-04-30,서울특별시교육청 양재고등학교,"(긴급)2026학년도 양재고등학교 2학년 소규모테마형교육여행(경주,부산권) 위탁 용역",주식회사 아델이엔티,156299400,96.583,
R26BK01460697,2026-04-30,충청남도교육청 천안월봉고등학교,(긴급)2026학년도 2학년 진로개척 통합기행(수학여행) 위탁 용역,(주)뉴월드컵관광여행사,286634600,88.302,
R26BK01469234,2026-04-27,한국사회보장정보원,2026년 통합사례관리 업무담당자 심리·정서 지원 사업,(주)마이카운슬러,62700000,,
R26BK01466530,2026-04-27,(재)5.18기념재단,2026년 전라남도 5·18 구술채록 사업,우석대학교 산학협력단,74800000,,
R26BK01488068,2026-04-30,경상북도 영덕군,영덕 영해장터거리 근대역사문화공간 「영덕 구 영해버스터미널」 보수정비공사 감리 용역 견적제출 안내 공고,주식회사 건축사사무소한녹,28244480,88.615,32000000
R26BK01487938,2026-04-30,충청남도 천안시,반도유보라~두정역푸르지오 육교설치공사 안전지도원 배치용역(2차),주식회사 충남인에스,29863506,88.946,33767000
R26BK01385429,2026-04-28,조달청 경남지방조달청,국방기술품질원 전산망 회선 사업자 선정,에스케이브로드밴드 주식회사,3832400000,,
R26BK01487500,2026-04-30,전남광주통합특별시 목포시,옥암로 일원 도로포장공사 불연성폐기물 처리 용역,유한회사 서부산업,27530000,88.98,
R26BK01487419,2026-04-30,세종특별자치시,연동면 도시계획도로(소로3~연동11호) 개설공사 폐기물처리용역,충청환경산업(주),37739000,89.102,42020000
R26BK01446625,2026-04-28,조달청 대전지방조달청,2026년 국군모범용사 격려행사 대행용역,주식회사 온앤미,107800000,,
R26BK01427004,2026-04-17,한국농어촌공사 경남지역본부,가회면 기초생활거점조성사업 기본계획수립 용역,지역공간연구소다온 주식회사,209000000,,
R26BK01473305,2026-04-30,부산광역시교육청,2026년 영양교육 및 학교급식 동영상 콘텐츠 제작 용역,(주)프로덕션리뷰,23900000,60.46,39921000
R26BK01496225,2026-04-30,경기도 안성시 농업기술센터,[전자수의시담]안성맞춤 농촌신활력플러스 아카데미 4기 용역,지역농업네트워크 서울경기제주 협동조합,52250000,95.0,
R26BK01494236,2026-04-30,강원특별자치도 여성가족연구원,강원 여성사 전시관 조성,주식회사 우드앤씨티,21000000,94.552,
R26BK01478612,2026-04-30,경기도 이천시 환경수자원국 하수과,노탑4리 오수관로 설치공사 폐기물처리용역,금강환경산업(주),85371000,88.66,
R26BK01488122,2026-04-30,경상남도교육청 경상남도창원교육지원청,도천초등학교 급식소 증축 및 보수공사  불연성폐기물 처리용역 수의계약 안내 공고,대진환경 주식회사,45003000,88.315,
R26BK01499164,2026-04-30,인천광역시 남동구,2026년 환경공무관 단체보장보험 가입,메리츠화재해상보험주식회사,32942290,99.077,
R26BK01487156,2026-04-30,전남광주통합특별시 구례군,산동면 원촌마을 주차장 조성사업 건설폐기물 처리용역,(유)산야,21494300,88.12,
R26BK01472517,2026-04-30,서울특별시강남교육청 서일중학교,(긴급)2026학년도 서일중학교 2학년 수련활동 위탁용역,엄마청소년수련원(너리굴문화마을),97556000,90.473,
R26BK01488255,2026-04-30,충청남도 태안군,2026년 태안오일장 문화공연 대행용역,하나기획,46510000,94.347,
R26BK01469307,2026-04-30,전북특별자치도,2026년 전북 공공외교 한마당 사업 대행 용역,문화통신사협동조합,200000000,,
R26BK01371704,2026-04-15,조달청 대구지방조달청,KEIT AX 기반 정보화 계획 수립,(주)디온컴즈,596000000,,
R26BK01478576,2026-04-29,경상북도개발공사,청도 청려도원 조성사업 기반조성(토목)공사 안전점검 수행기관 지정 공고,주식회사 탑구조,20142212,88.068,
R26BK01496223,2026-04-29,강원특별자치도 삼척시,2026년 삼척시 지능형교통체계(ITS) 유지관리 용역,주식회사 아이티코어스,53000000,90.505,
R26BK01448631,2026-04-21,행정안전부,정부 간 분쟁조정기구 역할 재정립 방안 연구용역,단국대학교 산학협력단,48073300,,
R26BK01487972,2026-04-30,양양속초산림조합,2026년 숲가꾸기사업(어린나무가꾸기) 감리용역,로뎀ENG,12727000,91.2,14181000
R26BK01446337,2026-04-20,한국예술인복지재단,2026년 예술인 박람회 및 예술로 사업 성과공유회 운영 용역,주식회사 메이크앤무브,222600000,,
R26BK01479989,2026-04-30,조달청 인천지방조달청,2026년~2027년도 수질예측 및 수질오염사고대응예측시스템 유지관리(장기계속 1차),주식회사 씨이기술,352800000,99.492,
R26BK01470136,2026-04-27,과학기술정보통신부 국립과천과학관,2026년 5-7월 전시연계 체험프로그램 위탁운영 용역,어나더레벨,90590038,,
R26BK01469314,2026-04-30,부산광역시교육청 동인고등학교,2026학년도 동인고등학교 2학년 현장체험학습 위탁 용역,(주) 새부산관광투어,110766000,90.442,121259400
R26BK01483433,2026-04-30,서울교통공사,불연성 건설폐기물 처리용역(2025년 2호선 고가부 자갈도상 교체공사),금강도시환경(주),172240000,87.848,198931480
R26BK01496401,2026-04-29,서울특별시 서울시립대학교,오디세이 엑스 창업 육성 프로그램 운영 용역 _창업지원단,다이브404(DIVE404),18050000,95.0,
R26BK01389258,2026-04-22,한국농어촌공사 농어촌자원개발원,2026년 농촌관광사업 등급결정 현장심사 용역,주식회사 한국경영인증원,330000000,,
R26BK01488031,2026-04-30,경기도 용인시,설계 경제성 검토(VE) 용역[용인도시계획도로 소1-33호 개설공사(2구간)],주식회사 삼안,19657000,88.097,
R26BK01448526,2026-04-28,선문대학교 산학협력단,선문대학교 SW중심대학사업단 온라인공개강좌(K-MOOC) 콘텐츠 개발 용역,모션파크,25000000,,
R26BK01433314,2026-04-30,한국지역난방공사 삼송지사,고양창릉지구 열수송관공사(1단계) 공공측량 용역,주식회사 뉴비전네트웍스,263486200,86.745,
R26BK01481675,2026-04-30,조달청 대전지방조달청,2026년 서남해 3D 물리탐사를 위한 보호감시선 및 교대보급선 임차,주식회사 케이비 마린,1210000000,99.641,
R26BK01447531,2026-04-20,행정안전부 국립재난안전연구원,지능형·맞춤형 국민안전교육플랫폼 도입 방안 연구,재단법인인프라재난관리진흥원,92400000,,
R26BK01482759,2026-04-30,한국환경보전원,2026년 1차 영산강·섬진강수계 건설폐기물(재활용) 처리용역(1구역),태양환경(주),116962170,84.285,
R26BK01479649,2026-04-29,한국청소년활동진흥원,2026년 대한민국청소년박람회 연계 청소년활동 안전체험 운영,(주)글로벌씨엠스,71200000,88.615,
R26BK01487524,2026-04-30,세종특별자치시 상하수도사업소,2026년도 세종시 비점오염저감시설 유지관리용역,주식회사 윤성토건,75388000,88.376,
R26BK01473194,2026-04-24,사단법인 한국대중음악공연산업협회,대중음악공연분야 온라인 암표 모니터링 및 부정예매 데이터 관리 용역,주식회사 메로,123280000,,
R26BK01496468,2026-04-29,국가유산청 국립문화유산연구원 국립나주문화유산연구소,마한사 연구 활성화 학술대회(26년도) 진행 용역,한국고대사학회,21340000,,
R26BK01496503,2026-04-30,서울특별시 서울도서관,2026년 서울도서관 국내 구독형 전자자료 구독,주식회사 이씨오,207000000,99.495,
R26BK01488736,2026-04-30,경상북도 경주시,현곡 체육공원 조성공사 폐기물 처리 용역,주식회사 현송,23875030,88.188,27140000
R26BK01483649,2026-04-30,경상북도 안동시,안동시 정원도시 조성사업 종합계획수립 및 실시설계용역(가격입찰 후 PQ)(재공고),주식회사 한국종합기술,677600000,87.797,
R26BK01477877,2026-04-30,해양환경공단 부산지사,601백룡호 기관수리 용역,(주)혜인선박,43569000,88.054,49687000
R26BK01486018,2026-04-30,한국과학기술원,한국과학기술원 1호관 외 6개 건물 내진성능평가 검증 용역,(주)한국건설안전공사,25571700,88.005,
R26BK01480170,2026-04-30,경상남도 서부도로관리사업소,용역 소액수의 견적서 제출안내 공고[지1041호선 합천 삼리지구 재해복구사업 임목폐기물처리용역 ],주식회사 태영환경산업,35963204,88.002,40700000
R26BK01486834,2026-04-30,충청북도 제천시,북부지역 파크골프장 조성사업 무연분묘 개장 용역,주식회사 케이엠이앤씨,52299800,88.284,
R26BK01484970,2026-04-30,경상북도 봉화군,약수동천 교량설치공사 실시설계용역,주식회사 주인엔지니어링,28450400,88.093,32500000
R26BK01496004,2026-04-29,경상남도 양산시,양산 우불산신사 제향 도지정유산 지정보고서 작성 용역,전통문화콘텐츠연구소 태한,29500000,98.333,
R26BK01496615,2026-04-30,한국농어촌공사 전남지역본부 강진지사,2026년 마량배수장 외 2개소 자가용 전기안전진단 용역,한국전기안전공사 전남남부지사,9004000,100.0,
R26BK01497454,2026-04-30,재단법인 가야고분군 세계유산관리재단,세계유산 가야고분군 2026년 주민참여형 프로그램 기획 및 운영 용역(수의시담),주식회사 스마트크리에이터,160000000,97.859,
R26BK01485212,2026-04-30,경기도교육청 경기도광주하남교육지원청,2026년도 광주하남교육지원청 학교급식 환기설비 점검 용역,주식회사 동성엠앤이,80687210,88.023,91258000
R26BK01488690,2026-04-30,충청북도,압항천 등 3개하천 하천시설관리대장 작성용역,주식회사 한광엔지니어링,137918000,87.754,
R26BK01497113,2026-04-29,제주특별자치도,제6기(2027~2030) 제주특별자치도 지역사회보장계획 수립 용역(수의시담),재단법인 제주연구원,72727000,90.908,
R26BK01495740,2026-04-30,산림청 국립산림과학원,(위탁) 목재세포 자동측정 메타데이터 구조설계,서울대학교 산학협력단,48900000,97.982,
R26BK01476409,2026-04-30,재단법인 경북자동차임베디드연구원,[변경공고]  영천스타밸리 지식산업혁신센터 건립공사 감독권한대행 등 건설사업관리용역 (PQ후 가격입찰),주식회사 포스코에이앤씨건축사사무소,2490600000,81.918,
R26BK01469809,2026-04-30,경기도교육청 경기도파주교육지원청 물향기초등학교,2026학년도 물향기초등학교 수익자 방과후학교 프로그램 운영 용역 2단계[규격·가격 분리 동시] 입찰 공고,참다솜교육사회적협동조합,186900000,87.13,215812000
R26BK01484681,2026-04-29,대구광역시 달성군,가천수문 외 33개소 상반기 정기안전점검 용역,(주)청우건설,36943000,88.266,
R26BK01488418,2026-04-30,충청남도 아산시,2026년 상반기 삽교천 외 1개소 하천시설물 정기안전점검 용역,신화이앤씨 주식회사,40446000,88.107,
R26BK01487520,2026-04-30,장성군산림조합,2026년 큰나무가꾸기사업 감리용역,주식회사 영천,8009300,91.529,
R26BK01495795,2026-04-30,한국지질자원연구원,전문가를 통한 찾아가는 지질∙자원 분야 강의 및 체험학습 용역,지질자원연우협동조합,29480000,99.594,
R26BK01444538,2026-04-21,한국청소년활동진흥원,2026년도 고객만족도 품질관리 사업 용역,주식회사 에스에이컨설팅,42500000,,
R26BK01488469,2026-04-30,화순군산림조합,2026년 조림지풀베기사업(동면사평한천지구) 실시설계 용역,주식회사 효승엔지니어링,22218000,88.262,25191000
R26BK01493548,2026-04-30,서울특별시 강서소방서,강서소방서 공고 제2026-14호 2026년 화재취약계층 주택용 소방시설 무상보급,민스 라이징,53473000,97.282,
R26BK01441489,2026-04-20,한양여자대학교,2027학년도 신입생 모집 원서접수사이트 배너광고 대행업체 선정(확대공고),(주) 진학사,99800000,99.93,
R26BK01488646,2026-04-30,전남광주통합특별시교육청 광주청사,광주광역시교육청학생교육원 옥상 방수공사 재해예방 기술지도용역 수의계약 안내공고,거북이안전기술원,1028890,90.101,
R26BK01494587,2026-04-30,행정안전부 국립재난안전연구원,[수의시담] 생활안전사고 물리적 실험환경 구축 및 용오름 대비 행동요령 개발,주식회사 세종강우,89000000,99.753,
R26BK01495909,2026-04-30,산림청 국립산림과학원,(위탁) 목조건축물 유형별 실내 벽체 모니터링 시스템 설계,충남대학교 산학협력단,39142000,97.999,
R26BK01477145,2026-04-29,조달청 경남지방조달청,국도5호선 함안 칠북 가연지구 병목지점 개선공사 폐기물처리용역(1차),유신환경 유한회사,102490700,87.839,
R26BK01465726,2026-04-30,충청남도교육청 충청남도논산계룡교육지원청,2026학년도 논산계룡 중학생 국제교류 해외영어체험캠프 운영 용역[긴급],주식회사 나무에듀컨설팅,141000000,96.537,
R26BK01445242,2026-04-17,경기도,2026년 경기도서관 상시전시 기획·운영 용역,주식회사 재이그램,100000000,,
R26BK01497083,2026-04-30,서울교통공사,시청역 을지로입구역 지하 유휴공간 전기안전관리 대행,중앙전기안전관리(주),6241950,99.871,
R26BK01450719,2026-04-30,서울특별시동부교육청 휘경중학교,2026학년도  3학년 소규모테마형교육여행 위탁용역 입찰 공고,주식회사한국학생여행(KS TOUR),44603300,94.355,47016660
R26BK01488419,2026-04-30,충청북도 증평군,증평군 농어촌도로 기본(정비)계획 전략환경영향평가 및 기후변화영향평가용역,(주)상평이엔지,58443000,88.096,
R26BK01459172,2026-04-30,경기도교육청 경기도성남교육지원청 위례해솔초등학교,2026학년도 위례해솔초등학교 방과후학교 프로그램 운영 용역 2단계[규격가격 분리동시] 입찰 긴급 공고,공유에듀사회적협동조합,117830000,82.098,143700000
R26BK01476951,2026-04-29,전북특별자치도교육청 전북특별자치도순창교육지원청,"순창 창의예술미래공간 복합시설 신축 전기, 통신, 소방공사 건설재해예방 기술지도 및 기타용역",주식회사 새지평안전기술원,29563200,88.076,
R26BK01481346,2026-04-30,인천국제공항공사,2026년 인천공항 플랜트시설 사업장 작업환경 측정용역,주식회사 사람과환경연구소,67901948,84.245,
R26BK01468774,2026-04-30,한전 전남사업본부,"광전본재20260416,전력공급부 업무용 차량 임대, 전력공급부",주식회사 제이카,29520000,94.513,
R26BK01487574,2026-04-30,전북특별자치도 익산시,2026년 배수펌프장 전기안전관리자 상주대행 용역,(주)성우알티에스,86446591,88.331,
R26BK01482952,2026-04-30,전북특별자치도 전주시,"원당천, 가동천 지방하천정비사업 통합건설사업관리용역 PQ후 가격입찰 공고(긴급)",주식회사 케이씨아이,3226059000,80.293,
R26BK01488459,2026-04-30,울산광역시 울주군,범서근린공원 조성사업 폐기물처리용역(혼합폐기물) 소액용역 수의계약 견적제출 공고,주식회사동운,28067000,88.193,32040000
R26BK01482682,2026-04-30,한국환경보전원,2026년 1차 영산강·섬진강수계 건설폐기물(파쇄류) 처리용역(2구역),주식회사 토당,177545000,87.774,
R26BK01483367,2026-04-30,해양수산부 포항지방해양수산청,"울진권역 국가어항(죽변, 오산항) 정비사업 건설폐기물(폐콘크리트) 처리용역",상록환경 주식회사,44676000,88.024,
R26BK01454640,2026-04-21,문화체육관광부,2026년 남북문화교류 교육 프로그램 운영,한국문화관광연구원,73000000,,
R26BK01486570,2026-04-30,충청북도 영동군,학산면 범화리(모지내) 맑은물 공급사업 폐기물처리용역,디에이치개발 주식회사,25881200,89.66,
R26BK01487148,2026-04-30,전남광주통합특별시교육청 광주청사,광주동운초 공간재구조화 리모델링공사 건설폐기물처리용역 견적제출 안내 공고,(주)초당산업,63150000,88.017,71348000
R26BK01443258,2026-04-24,사단법인 한국프로골프협회,2026년 골프 은퇴선수 지원을 위한 교육 사업,알리오컴퍼니 주식회사,89087460,,
R26BK01463647,2026-04-27,행정안전부,지역공동체 활성화를 위한 상호금융의 역할과 감독체계에 대한 연구,서강대학교산학협력단,85000000,,
R26BK01482094,2026-04-30,서울주택도시개발공사,면목행정타운 지정폐기물(폐석면) 처리용역,한맥테코산업(주),42762750,88.084,
R26BK01426878,2026-04-17,한국농어촌공사 경남지역본부,쌍백면 기초생활거점조성사업 기본게획수립 용역,주식회사 이노플랜,213500000,,
R26BK01485711,2026-04-30,한국체육대학교,체육진흥원 신축 환경영향평가 용역,주식회사 대영이이씨,36014000,88.059,
R26BK01488535,2026-04-30,충청남도 당진시 건설도시국 수도과,2026년 당진시 공공하수처리시설 상반기 시설물 정기안전점검 용역 소액수의 견적제출 안내 공고,주식회사 영신,21719600,88.056,24500000
R26BK01457399,2026-04-24,조달청 경남지방조달청,공단 조직 및 경영 진단 연구용역,주식회사 라이언앤코,159781600,,
R26BK01494346,2026-04-29,연세대학교 미래캠퍼스,[RISE사업] 2026 학생성공지원주간 사이트 구축 및 운영,주식회사 좋은일컴퍼니,14250000,95.0,
R26BK01470437,2026-04-30,서울특별시교육청 동북고등학교,2026학년도 1학년 수련활동,모나용평 주식회사,82854000,80.12,104400000
R26BK01498226,2026-04-30,산림청 중부지방산림청 보은국유림관리소,"2026년 숲가꾸기(풀베기, 덩굴제거 1지구-1차) 실시설계용역",주식회사 이산,12280000,89.969,
R26BK01441707,2026-04-17,조달청 서울지방조달청,2026년 대중문화 구술 영상 편집 및 활용 콘텐츠 제작 사업,박스8 주식회사,607000000,,
R26BK01464509,2026-04-24,재단법인전남인재평생교육진흥원,2026년 대학선배 멘토링 캠프 대행 용역,(주) 맨앤웍스컨설팅,42000000,,
R26BK01485468,2026-04-30,충청남도 계룡시,엄사지구 송수관로 정비사업 GIS DB구축 용역,주식회사 더그린이엔지,87893000,88.03,
R26BK01433781,2026-04-16,한국발명진흥회,2026년 민관협력 IP전략지원 사업 CIPO 프로그램 운영(11차),선우국제특허법률사무소,240000000,,
R26BK01433786,2026-04-16,한국발명진흥회,2026년 민관협력 IP전략지원 사업 CIPO 프로그램 운영(12차),유미특허법인,249375000,,
R26BK01496960,2026-04-30,한국전기연구원,한국전기연구원 연구지원동(기숙사) 위탁관리용역(2026),주식회사 원종합관리,172632000,99.683,
R26BK01481224,2026-04-30,해양수산부 목포지방해양수산청,목포항 및 흑산도항 항만시설물 정밀안전점검 및 진단용역,주식회사 홍익기술단,1671780000,81.038,
R26BK01498509,2026-04-30,산림청 국립산림과학원,(위탁)이산화탄소 전환 연속 시스템 적용을 위한 고정화 효소 대량 생산,충북대학교산학협력단,34820000,99.982,
R26BK01481992,2026-04-29,국립생태원,2026년 자연환경조사 외부조사원 현지조사 여비 및 수당 정산 위탁용역,회계법인 원,19300000,88.05,
R26BK01446552,2026-04-20,주식회사한국중소벤처기업유통원,한국중소벤처기업유통원 PI(Process Innovation) 분석 컨설팅  용역,삼정회계법인,255090000,99.873,
R26BK01468504,2026-04-30,한국산업안전보건공단,생성형 AI 기반 산업안전보건 비정형 데이터 정제·구조화 및 활용체계 구축 연구 용역,큐리어스모드 주식회사,95600000,97.659,
R26BK01487527,2026-04-30,경상북도 영천시,[참가자격변경] 제6기(2027~2030) 영천시 지역사회보장계획 수립 연구용역,경북미래비전전략연구소 주식회사,44781440,88.925,
R26BK01498998,2026-04-30,산림청 동부지방산림청 정선국유림관리소,2026년 임도구조개량 시설사업(단임2) 감리용역,주식회사 해솔엔지니어링,12849000,88.497,
R26BK01483478,2026-04-30,전북특별자치도 장수군,천천면 소규모 공공임대주택 건립사업 기본 및 실시설계용역,라성종합건축사사무소,97979000,88.698,
R26BK01399295,2026-04-30,한국산업안전보건공단,2026년 외국인 안전보건 이러닝 콘텐츠 제작 용역,(주)씨유미디어그룹,277880000,93.172,
R26BK01488608,2026-04-30,경상북도 성주군,"2026년 (신)동암, (신)성원배수펌프장 전기안전관리자 선임 위탁(상주) 용역",세신산업주식회사,84302310,88.011,
R26BK01488330,2026-04-30,강원특별자치도교육청 강원특별자치도동해교육지원청,2026년 동해 공립학교 천연잔디운동장 관리 용역(남부지역),동주조경 주식회사,57251660,88.186,
R26BK01460601,2026-04-30,서울특별시동부교육청 중랑중학교,2026학년도 중랑중학교 3학년 수련활동(버스임차 제외) 용역 입찰,피노키오(주),39536000,93.611,
R26BK01428936,2026-04-30,인천광역시교육청 인천기계공업고등학교,인천기계공업고등학교 2026학년도 2학년 수학여행 위탁 용역 입찰 공고,주식회사 화이트투어,142151200,92.803,
R26BK01488343,2026-04-30,경기도 평택시 상하수도사업소,통복동 행정복지센터 일원 노후관 교체공사 건설폐기물처리용역,미래환경(주),91240000,88.154,
R26BK01433774,2026-04-16,한국발명진흥회,2026년 민관협력 IP전략지원 사업 CIPO 프로그램 운영(10차),라이노특허법률사무소,262000000,,
R26BK01402648,2026-04-16,조달청,신보중앙회 및 17개 지역신보 정책기획 공동홍보 용역,주식회사 프로젝트402,357600000,,
R26BK01466354,2026-04-30,경상남도교육청,지역맞춤형 적정규모학교 육성방안 연구용역,인제대학교 산학협력단,56000000,94.524,
R26BK01428050,2026-04-28,조달청 대구지방조달청,2026년 공공 재해복구시스템(DR) 구축 ISP사업(3차),메가존 주식회사,2073500000,,
R26BK01466907,2026-04-28,한국학원총연합회 경기도지회,"2026년 학원, 독서실 설립운영자 온라인 연수 콘텐츠 및 플랫폼 제작 운영",주식회사 시큐모바일,97588400,98.576,
R26BK01445717,2026-04-17,인천광역시,(긴급) 인천 창의디자인 사회실험 사업,주식회사 위즈플러스,410000000,,
R26BK01480999,2026-04-30,경기도 성남시 중원구,공원터널 제연설비 성능검증 용역,(주)주성지앤비,104264500,87.78,
R26BK01445880,2026-04-28,국토교통부 국토지리정보원,3차원 공간정보 자동제작 기술개발(2차),엘티메트릭 주식회사,3465000000,,
R26BK01482579,2026-04-30,농촌진흥청 국립축산과학원 가축유전자원센터,2026년 실험분석 연간 단가계약(3번),에이치엔바이오텍,1180200,84.549,
R26BK01495485,2026-04-29,서울특별시 서울아리수본부,아리수현장교육센터 상수도 실습교육 운영 컨설팅 용역,주식회사 와이엘컨설팅,47500000,95.0,
R26BK01486177,2026-04-30,경기도 포천시 건설교통국,포천처리구역(5단계-1공구) 하수관로 정비사업 폐기물처리 용역,(주)방태,1150969000,85.501,
R26BK01465606,2026-04-27,(사）한국대학스포츠협의회,2026 KUSF 대학스포츠 통합관리시스템 운영 관리,주식회사 아이오에프엑스메타미디어커뮤니케이션스,40920000,,
R26BK01487690,2026-04-30,국토교통부 대전지방국토관리청 충주국토관리사무소,국도21호선 가산교 내진보강공사 실시설계,주식회사토영기술단,21545000,87.759,
R26BK01484555,2026-04-29,전남광주통합특별시 장성군,하웅지구 농어촌마을하수도 정비사업 CCTV 및 수밀시험 용역,주식회사 파인이컨텍,35651000,89.017,40310000
R26BK01493931,2026-04-30,조달청 인천지방조달청,국가생물다양성전략 이행을 위한 유전다양성 연구-동물분야(2026년),경북대학교 산학협력단,352800000,99.694,
R26BK01484066,2026-04-30,나노종합기술원,(재) 2026년도 재산종합보험,삼성화재해상보험 주식회사,37238300,67.869,54390000
R26BK01482194,2026-04-30,경기도 고양시 일산동구,2026년 하천 및 공유수면 폐기물 처리용역(연간단가),문화기업(주),174744000,87.749,200000000
R26BK01441829,2026-04-24,조달청,2026년 강원자치도 AI디지털 배움터 교육 운영 용역,주식회사 에스엘아이평생교육원,2609100000,,
R26BK01459822,2026-04-27,서울특별시강동교육청 명일중학교,[긴급]2026학년도 명일중학교 2학년 수련활동 용역 공고,주식회사 신화교육문화,106337000,98.475,
R26BK01450207,2026-04-24,조달청 부산지방조달청,대국민 산재예방 의식개선 사업 참여형 챌린지 운영 용역,주식회사 이인벤션,570000000,,
R26BK01487623,2026-04-30,경상북도교육청 경상북도경산교육지원청,"경북기계금속고등학교 외 3교(압량중, 다문초, 청천초) 4동 정밀안전점검 기술용역",주식회사구조연합,28060700,88.055,
R26BK01428437,2026-04-30,해양수산부 여수지방해양수산청,광양항 제품부두 전면항로 준설공사 환경영향평가용역,건일이엔지 주식회사,713730000,85.518,
R26BK01426447,2026-04-17,한국농어촌공사 경남지역본부,정곡면 기초생활거점조성사업 기본계획수립 용역,주식회사 엔브이,226000000,,
R26BK01413085,2026-04-30,전북특별자치도,제3차 전북특별자치도 녹색건축물 조성계획 수립용역,재단법인 전북연구원,94667280,,
R26BK01468981,2026-04-30,국가유산진흥원,2026년 국가유산 교육 사업 실행 평가 대행 용역,주식회사 헤리티지프로젝트,77000000,,
R26BK01495841,2026-04-30,서울특별시 서울아리수본부 영등포아리수정수센터,고압가스시설 부등침하 및 특정설비 재검사용역,대운가스프랜트(주),8495850,97.938,
R26BK01485251,2026-04-30,경기도,경기도검도회관 주차장 개선 공사 건설재해예방 기술지도용역,주식회사 세종세이프티,1374100,90.075,1527000
R26BK01460206,2026-04-30,한국교통안전공단 자동차안전연구원,건설기계 장착 내압용기 안전관리 방안 마련 연구용역,국립한국교통대학교산학협력단,39000000,96.362,
R26BK01487463,2026-04-30,전남광주통합특별시 목포시,후광대로 일원 도로포장공사 불연성폐기물 처리 용역,유한회사 서부산업,43193000,89.113,
R26BK01497135,2026-04-30,질병관리청,"[정책,107] AI 기반 손상위험 예측모델 연구 중장기 전략 수립",주식회사 한수기업정책연구소,47000000,94.0,
R26BK01471289,2026-04-28,사단법인 제천국제음악영화제,제22회 제천국제음악영화제 개막식 및 원썸머나잇 위드 케이팝 시즌2 행사운영대행 용역,주식회사 엠비씨충북,883450700,,
R26BK01492121,2026-04-30,경상북도 울릉군,2026년 보건관리자 업무 위탁 용역,주식회사 판교산업보건센터,39899000,94.997,
R26BK01449892,2026-04-21,충청북도,스마트도시 데이터허브 시범솔루션 발굴사업 감리 용역,(주)메타지아이에스컨설팅,83741600,,
R26BK01481322,2026-04-30,전북특별자치도 남원시,2026년 농업용 저수지 정기안전점검 용역,유한회사 비전건설기술,173599000,87.82,199870000
R26BK01497778,2026-04-30,식품의약품안전처,식품·의약품분야 시험·검사수수료 체계 개선 연구,사단법인한국산업정보연구소,39160000,99.897,
R26BK01497647,2026-04-30,조달청,2026년 장애인실태조사,한국보건사회연구원,1579000000,99.936,
R26BK01494439,2026-04-30,해양수산부 인천지방해양수산청,2026년도 팔미도등대 홍보관 및 역사관 전시물 개선 설계용역,주식회사 영인스페이스,29950000,99.883,
R26BK01483881,2026-04-30,부산광역시,2026년 회동수원지 부유물 수거ㆍ처리용역(단가계약),(주)동아에너지,170901510,87.753,
R26BK01488811,2026-04-30,전남광주통합특별시 완도군,완도 가용 자연휴양림 조성 재해영향성검토 용역,(유)삼덕이앤씨,27118600,88.072,
R26BK01486838,2026-04-30,경상남도 창원시 상수도사업소,의창구 팔용동 522-3번지 주변 노후수도관 교체공사 도시정보시스템(UIS) DB갱신용역,앤엑스플로어(주),22787440,88.005,
R26BK01486521,2026-04-30,경상남도 함양군,2026년 함양군 공공하수처리시설 기술진단 용역,주식회사 케이지엔지니어링종합건축사사무소,351500000,86.875,
R26BK01481249,2026-04-30,서울주택도시개발공사,2026년 임대아파트 놀이시설 통합 리모델링공사 설계용역,한울림조경설계사무소,64623000,88.025,
R26BK01485603,2026-04-30,강원특별자치도교육청 삼척고등학교,[공고] 2026학년도 삼척고등학교 2학년 테마학습여행 용역 수의계약 견적 제출 안내 공고,(자)봉황관광,58302100,88.108,65879000
R26BK01415058,2026-04-15,한국환경공단,중장기 화학물질 관리체계 로드맵 구축 용역,리켐프로 주식회사,90000000,,
R26BK01481983,2026-04-30,경상남도교육청 경상남도진주교육지원청,진주기계공업고등학교 실습장 및 청소년 직업체험관 증축 소방공사 건설재해예방 기술지도용역 수의계약 안내 공고,대승종합안전주식회사,6361928,90.35,
R26BK01486441,2026-04-30,시흥도시공사,공영주차장 업무용 차량 리스,롯데오토리스(주),81331560,88.226,92782690
R26BK01404260,2026-04-30,경기주택도시공사,킨텍스로 입체교차로 개선사업 건설공사 건설사업관리용역,주식회사 다산컨설턴트,6138350000,81.881,
R26BK01486337,2026-04-30,전북특별자치도 군산시,2026년 해양쓰레기 정화사업 폐스티로폼 처리용역 1차(단가계약),주식회사 지에스환경산업,45930,89.728,
R26BK01470183,2026-04-30,충청북도교육청 충청북도청주교육지원청 남성중학교,2026학년 남성중학교 1학년 수련활동 위탁 용역 입찰 공고,청소년수련마을 보람원,42856000,97.058,
R26BK01499334,2026-04-30,경기도 용인시,[수의시담]2026년 동부지역 공원 수경시설물 청소 및 수질관리 용역(2구역),주식회사 한솔종합관리,38985000,88.002,
R26BK01488815,2026-04-30,전남광주통합특별시 완도군,2026년 해양쓰레기 정화사업 생일면 폐기물 처리 용역(2차),유한회사 케이씨리싸이클링,42419131,88.14,
R26BK01378356,2026-04-30,해양수산부 여수지방해양수산청,광양항 제품부두 전면항로 준설사업 기본 및 실시설계 용역,건일이엔지 주식회사,2261000000,81.827,
R26BK01487708,2026-04-30,한종산업개발 주식회사,종합관리 용역,주식회사 서비스플러스,677689000,90.001,
R26BK01450313,2026-04-30,서울특별시교육청 은평고등학교,2026학년도 은평고등학교 1학년 수련활동 위탁용역 입찰 공고,신안종합리조트(주),54264000,96.598,
R26BK01485115,2026-04-30,창원시설공단,2026년 상반기 마산야구센터 시설물 정기안전점검 및 실측도면 작성 용역,현광기업 주식회사,30938960,88.053,
R26BK01482633,2026-04-30,한국농어촌공사 충남지역본부 부여지사,자왕2지구 수리시설개보수사업 폐기물 처리용역,웅부환경 주식회사,315590990,86.745,362509500
R26BK01488120,2026-04-30,전북특별자치도 익산시,익산 제3일반산업단지 완충저류시설 타당성 조사 및 기본계획수립용역,유한회사 장흥건설기술공사,46704400,88.059,
R26BK01485720,2026-04-30,충청남도 공주시,"[계약대행] 신관동(주공3차, 대로1-2호) 도시계획도로 개설사업 폐기물처리용역",예일환경 주식회사,100514000,87.81,
R26BK01487714,2026-04-30,거창군산림조합,2026년 산림사업의 관리업무대행 덩굴제거사업 실시설계용역,주식회사 산림기술사사무소포레스트파크,14294000,90.006,
R26BK01488678,2026-04-30,충청남도 부여군,2026년 규암면(충절로) 도시계획도로 인도정비사업 폐기물처리용역,숭원환경주식회사,22216200,88.07,
R26BK01443092,2026-04-27,재단법인 광주정보.문화산업진흥원,광주광역시 디지털 산업 진흥 전략 및 실행계획 수립,주식회사 더비엔아이,110000000,,
R26BK01443461,2026-04-17,재단법인 부산정보산업진흥원,AI 컨퍼런스 및 동남권 해커톤 운영,주식회사 패스파인더,94600000,,
R26BK01484917,2026-04-30,(재)경주문화재단,2026 봉황대뮤직스퀘어 행사장 경호·진행 용역,주식회사 청정지대,43882779,88.088,
R26BK01444488,2026-04-17,해양수산과학기술진흥원,2026년 공공데이터 및 데이터기반행정 활성화 컨설팅,주식회사 그루텍,76200000,,
R26BK01486468,2026-04-30,전남광주통합특별시 장흥군,장흥 청년 커뮤니티 센터 조성사업 실시설계(토목) 용역,유한회사 창비기술개발,27126000,88.382,30980000
R26BK01493963,2026-04-29,서울특별시 서울아리수본부 강서수도사업소,원격검침 수도계량기 교체 업무용 차량 임차,롯데렌탈(주),11830200,99.502,
R26BK01498285,2026-04-30,전북특별자치도교육청,2026년 직업계고 글로벌 인턴십(직무교육형) 학생 해외연수 위탁용역,스마트커리어센터 주식회사,89820000,99.817,
R26BK01498643,2026-04-30,경기연구원,[수의시담] 2026년 업무용 소프트웨어 MS365 라이선스 임차,주식회사 도우텍,30412800,99.0,
R26BK01498682,2026-04-30,한국농어촌공사 경북지역본부 성주지사,성주군 농촌돌봄마을 시범단지조성사업 전기감리 용역,유앤아이기술,19500000,89.326,
R26BK01448700,2026-04-30,서울특별시교육청 광성고등학교,2026학년도 광성고등학교 2학년 소규모테마형교육여행 위탁 용역 입찰 공고,(주)오케이에듀투어,330781600,97.914,
R26BK01470541,2026-04-30,서울특별시교육청 동북고등학교,2026학년도 2학년 소규모테마형 교육여행,주식회사 바로항공,165640300,91.165,180910000
R26BK01435133,2026-04-13,산업통상부,혁신형 초보 중견기업 성장촉진 방안 연구,주식회사 티비앤에이,40000000,,
R26BK01488620,2026-04-30,서울특별시 서북병원,2026년 서북병원 상반기 정기안전점검 용역 시행,라온구조안전기술 주식회사,7010000,96.957,
R26BK01499061,2026-04-30,국가유산청 국립문화유산연구원 국립가야문화유산연구소,(가야왕성)고인골 차세대 염기서열분석(1차),(주)마크로젠,17160000,100.0,
R26BK01434489,2026-04-15,조달청 서울지방조달청,미술은행·정부미술은행 서울관 수장품 상태점검 용역,에이엔에이(A&A)보존,192500000,,
R26BK01443223,2026-04-17,재단법인서울에이아이재단,서울시 인공지능 현황조사 및 시민인식조사 용역,주식회사 서던포스트알앤씨,77000000,,
R26BK01498573,2026-04-30,한국농어촌공사 경남지역본부 김해.양산.부산지사,운하배수간선 외 1개소 잡목제거 용역,윤산조경(주),48100000,90.007,
R26BK01496884,2026-04-29,제주특별자치도,2026년 제주특별자치도 어가실태조사 용역,주식회사 에스티이노베이션,45000000,90.0,
R26BK01474904,2026-04-30,서울특별시교육청 한양대학교사범대학부속고등학교,2026학년도 한대부고 1학년 수련활동 위탁용역 입찰 공고,주식회사 미리내캠프,106566000,95.611,112800000
R26BK01395278,2026-04-27,동의대학교,동의대학교 2026학년도  대동제 행사 운영 계약 입찰공고,주식회사 소나무엔터테인먼트,349800000,87.45,
R26BK01488296,2026-04-30,경상남도 고성군,"2026년 해양쓰레기 정화사업(운반, 수거장비 임차) 용역",주식회사 그린환경,41195500,89.289,
R26BK01482236,2026-04-30,서울특별시교육청 경신고등학교,2026학년도 경신고등학교 미국서부 명문대학 탐방 체험학습 위탁용역 입찰공고,(주)노랑풍선,161070000,98.234,163800000
R26BK01480277,2026-04-30,전남광주통합특별시교육청 대성여자고등학교,대성여고 2학년 수학여행 위탁용역 2단계(규격·가격)동시 입찰 공고 사전규격 공개,(주)우성고속관광,129876510,87.741,150082000
R26BK01496885,2026-04-30,대구광역시 달성군,논공 북리 1번지 일원 도시계획도로 확장공사 실시설계 용역,(주)서진토목엔지니어링,44476000,89.998,
R26BK01498980,2026-04-30,산림청 동부지방산림청 정선국유림관리소,2026년 임도구조개량 시설사업(단임1) 감리용역,푸른산림기술사,15999000,88.898,
R26BK01483444,2026-04-30,강원특별자치도 고성군,간성공공하수처리시설 기술진단용역,주식회사 화신엔지니어링,105890000,87.891,
R26BK01482054,2026-04-30,경상남도교육청 경상남도진주교육지원청,진주기계공업고등학교 실습장 및 청소년 직업체험관 증축 전기공사 건설재해예방 기술지도용역 수의계약 안내 공고,대승종합안전주식회사,7189201,90.797,
R26BK01479843,2026-04-30,서울특별시교육청 청암중고등학교,2026학년도 청암중고등학교 숙박형 체험학습활동 위탁용역 입찰공고,주식회사한국학생여행(KS TOUR),355350500,72.569,493416990
R26BK01488507,2026-04-30,서울교통공사,2026년 상반기 교정검사(지축),주식회사 대덕하이테크,12870044,90.109,14214760
R26BK01493865,2026-04-28,한국농어촌공사 경북지역본부 영주.봉화지사,가시골지구 소규모농촌용수개발사업 문화재 표본조사 용역,(재)삼한문화유산연구원,19691000,89.999,
R26BK01443325,2026-04-23,조달청 서울지방조달청,2026년 중소기업 기술보호 수준 실태조사 용역,주식회사 메트릭스,210000000,,
R26BK01458407,2026-04-24,(사)캠틱종합기술원,우즈베키스탄 스마트팜 ODA- 2026 초청연수 (테스트팜 운영 인력 대상)운영 용역,주식회사 그린게이트,55000000,,
R26BK01495018,2026-04-30,한국지역난방기술주식회사,2026년 수도권 연계지역 열수송관공사 설계용역(설계안전성 검토 및 설계안전보건대장 작성),주식회사에이치케이이앤씨,70800000,96.403,
R26BK01495023,2026-04-30,한국지역난방기술주식회사,수원 친환경 에너지 개선사업 주기기 구매 실시설계 용역(방폭계산),(주)안전과학연구원,5000000,97.751,
R26BK01498654,2026-04-30,경기도 화성시,화성시 미래 모빌리티 실증도시 조성 및 종합계획 수립 연구용역,(사) 한국아이티에스 (ITS) 학회,117600000,98.0,
R26BK01498915,2026-04-30,서울특별시 서울아리수본부 남부수도사업소,2026년 스마트검침 단말기 유지관리 용역,주식회사 투비콤,52246840,94.999,
R26BK01488615,2026-04-30,충청남도 보령시,2026년 보령시 보호구역 실태조사 용역,주식회사 대신엔지니어링,112581000,87.746,
R26BK01448483,2026-04-30,조달청,친환경 항로표지선(여명2호) 제조구매 전면책임 감리용역,에스앤에스이앤지 주식회사,254900000,86.944,
R26BK01488477,2026-04-30,화순군산림조합,2026년 조림지풀베기사업(동복백아이서지구) 실시설계 용역,(주)산림공사,22620700,88.538,25910000
R26BK01455818,2026-04-24,조달청 서울지방조달청,2026년 세종학당 교육자료 전시 및 홍보,주식회사 앤다,136800000,,
R26BK01482190,2026-04-30,농촌진흥청 국립축산과학원 가축유전자원센터,2026년 실험분석 연간 단가계약(1번),제이에스피,126100,84.498,
R26BK01488533,2026-04-30,울산광역시 소방본부,소방헬기 기어박스 오버홀,젠투스,1178743500,87.158,
R26BK01488651,2026-04-30,홍천군산림조합,2026년 어린나무가꾸기사업 실시설계용역,기술사사무소 신일이엔지,21475000,88.195,
R26BK01488524,2026-04-30,전남광주통합특별시 무안군,삼청 소하천 8월 호우피해복구 사업(재해복구사업) 건설폐기물 처리 용역,(주)동양환경,40705770,88.267,
R26BK01483244,2026-04-30,전북특별자치도 군산시 기후환경국,군산시 소규모 공공하수처리시설 기술진단 용역,주식회사 대아이엔지,122330026,87.809,
R26BK01486475,2026-04-30,전남광주통합특별시 장흥군,장흥 청년 커뮤니티 센터 조성사업 실시설계(건축) 용역,연일건축사사무소,60959000,89.026,69724000
R26BK01488272,2026-04-30,경기도 고양시,일산문화광장 바닥 및 환경정비 사업 실시설계용역,주식회사 은구조엔지니어링,48603813,88.003,
R26BK01482077,2026-04-30,경상북도,지방도923호 의곡지구 도로안전 개선사업 건설폐기물처리용역,주식회사 대국환경,54555840,88.001,62040000
R26BK01486503,2026-04-30,경상남도 함양군,가로등 고효율 LED등기구 교체사업(ESCO),(주)효성파워택,264963342,87.851,301000000
R26BK01487843,2026-04-30,전남광주통합특별시 함평군,2026년 함평군 공공하수처리시설 상반기 정밀안전점검 및 정기안전점검 용역,주식회사 신정비앤씨,31819520,88.108,36322000
R26BK01434598,2026-04-30,해양수산부 인천지방해양수산청,용기포항 신항 방파호안 보강공사 등 기본 및 실시설계용역,주식회사 대영엔지니어링,870300000,85.581,
R26BK01482407,2026-04-30,제주특별자치도개발공사,동홍동 및 남원태흥 공공주택 통합 감독권한대행 등 건설사업관리용역(P.Q 후 가격입찰),주식회사 에이치케이건축사사무소,2674534000,84.589,
R26BK01487905,2026-04-30,경기도교육청 경기도용인교육지원청,2026년 학교 화장실 등 불법촬영 불시점검 소액수의 견적서 제출 공고,주식회사 지퍼스트,39548680,88.06,
R26BK01449689,2026-04-28,무안전통시장 문화관광형시장 육성사업단,[무안전통시장문화관광형시장육성사업]OTO 홍보 위탁용역,(주)레인아이,48609000,,
R26BK01449507,2026-04-28,무안전통시장 문화관광형시장 육성사업단,[무안전통시장문화관광형시장육성사업]특화상품 및 서비스 개발,유한회사 더담희,48700000,,
R26BK01449780,2026-04-28,무안전통시장 문화관광형시장 육성사업단,[무안전통시장문화관광형시장육성사업]특화공간 조성 위탁용역,주현건설(주),51000000,,
R26BK01476473,2026-04-30,해양경찰청 동해지방해양경찰청 동해해양경찰서,2026년 경비함정 침대 매트리스 위탁관리 계약,아름환경,15641160,88.001,
R26BK01498800,2026-04-30,국립공원공단태안해안국립공원사무소,2026년 국립공원 201호 선체 정비,서해조선,17650000,97.957,
R26BK01445170,2026-04-20,서울대학교,서울대학교 안전보건경영시스템(ISO 45001) 구축 및 인증 컨설팅 용역,한국품질기술원 주식회사,33222286,,
R26BK01499611,2026-04-30,경기도 평택시,평택시 청소년 힐링콘서트 행사 대행 용역,장이들,46000000,92.415,
R26BK01490177,2026-04-30,한국해양진흥공사,해상공급망 모니터링 및 조기경보 시스템 구축,엔지엘(주),915000000,97.977,
R26BK01452131,2026-04-21,한국건설기술연구원,플랫폼 운영 환경 최적화 및 정보통신 엔지니어링 기술지원 용역,(주)브로드웨이브,34851000,,
R26BK01420927,2026-04-06,경상남도 함안군,함안 안곡산성 발굴조사 용역(협상에 의한 계약),재단법인 중부고고학연구소,176000000,,
R26BK01440312,2026-04-14,조달청 대전지방조달청,해양생물유래 추출물의 주름 및 미백개선 효능 분석,순천향대학교산학협력단,99000000,,
R26BK01426701,2026-04-17,경기도 성남시,2026년 성남시 공공기관 직원 통합채용시험 대행 용역(협상에 의한 계약),주식회사 태드솔루션,211200000,,
R26BK01419065,2026-04-06,사단법인 한국정보통신진흥협회,AI반도체 기술인재 공급 플랫폼 채용연계 지원,주식회사 트루웍스,45234923,,
R26BK01432468,2026-04-14,경기도 부천시,2026년 부천문화콘텐츠 성장지원플랫폼 운영 용역,아자스쿨 주식회사,82000000,,
R26BK01411332,2026-04-14,조달청 대구지방조달청,한국부동산원 AI 에이전트 플랫폼 구축 용역,(주)그리드원,655231300,,
R26BK01433166,2026-04-13,충청남도 아산시,"신정호 키즈가든 미디어아트 구축 및 제작·설치 용역(긴급, 협상에 의한 계약)",(주)미르에스디아이,1271100000,,
R26BK01417131,2026-04-10,충청북도 단양군,국가정보통신서비스 C그룹 제공 사업자 선정,주식회사 케이티,230000000,,
R26BK01430917,2026-04-10,중소기업은행,IBK카드앱 內 리워드 광고 서비스 제휴사 선정,(주)버즈빌,0,,
R26BK01431078,2026-04-20,충청남도,2026년 대중교통운영자에 대한 경영 및 서비스평가 연구용역,주식회사 에스트리,132300000,,
R26BK01435546,2026-04-13,한국생명공학연구원,2026년도 연구실 안전 온라인(SNS) 홍보 및 웹진 제작,주식회사 와이구일육,63140490,,
R26BK01427335,2026-04-17,충청남도,2026년 충청남도 노선버스 운송손익 분석 및 공정한 배분에 관한 연구용역,이롬회계법인,330000000,,
R26BK01428165,2026-04-22,경상남도장애인체육회,제5회 전국어울림생활체육대축전 개회식 행사 대행 용역 입찰 공고,주식회사 문화엔터프라이즈,179979140,,
R26BK01383463,2026-04-21,사단법인 친환경축산협회,지속가능축산 소비자 참여형 행사 운영,주식회사 아이엠월드,135026320,,
R26BK01430869,2026-04-20,경상남도 밀양시,2026년 밀양시 지하시설물 DB정확도 개선사업(협상에의한계약),주식회사 삼인공간정보,397333600,,
R26BK01432870,2026-04-21,서울신용보증재단,서울신용보증재단 구내식당 위탁운영 사업자 선정,주식회사 엘에스씨푸드,748800000,,
R26BK01432058,2026-04-21,재단법인금산인삼약초산업진흥원,전국 인삼제품 품평회 행사대행 용역,주식회사 플러그인랩,114000000,,
R26BK01429684,2026-04-20,사단법인 부산인디커넥트페스티벌조직위원회,부산인디커넥트페스티벌 2026 행사 운영 용역,주식회사 더마이스크리에이션,451200000,,
R26BK01412066,2026-04-03,경상남도 창원시,2026년 창원아카데미 운영 용역,(사)한국능률협회,64350000,,
R26BK01477744,2026-04-24,전남광주통합특별시 무안군,2025년도 수질오염총량관리 시행계획 이행평가 용역,주식회사 우진기술개발,55909000,89.12,
R26BK01449933,2026-04-21,영진전문대학교,영진전문대학교 대학 홍보 및 계열학과 CM 동영상 제작 용역 업체선정,디컬리전,102300000,,
R26BK01477585,2026-04-29,전남광주통합특별시 영암군 수도사업소,도갑사 상수도 시설공사 기본 및 실시설계용역,(유)청석엔지니어링,115593700,87.75,
R26BK01448731,2026-04-20,재단법인 영동군 문화관광재단,2026 구석구석 문화가 있는 날 대행사 안내 선정 공고,주식회사 씨씨엔터컴,140000000,,
R26BK01459056,2026-04-24,대전상공회의소,2026년 대전광역시 중·장기 일자리정책 종합계획 수립 연구용역,주식회사 지역고용네트워크,60110000,,
R26BK01491451,2026-04-28,과학기술정보통신부,민간 침해사고 조사·대응체계 내실화를 위한 정책적 개선방안 연구,고려대학교산학협력단,60000000,100.0,
R26BK01483897,2026-04-30,전남광주통합특별시 소방본부 광주권역부본부,소방헬기[AW139] 해상부양장치 4년 검사 등 외주정비,주식회사 유아이헬리콥터,296800000,85.633,346467000
R26BK01439995,2026-04-13,서울특별시 중구,광희동 범죄예방디자인 조성 용역,주식회사 김스애드,92147000,,
R26BK01479608,2026-04-27,영진전문대학교,영진전문대학교 대학 온라인광고 CM 및 계열학과 예능 동영상 제작 용역,루프세터(LOOP SETTER),119900000,,
R26BK01448000,2026-04-21,조달청,K-Info Hub 데이터 편찬 및 운영 전략 구축,바키타랩 주식회사,493790000,,
R26BK01451263,2026-04-22,가톨릭관동대학교 산학협력단,AI 기반 통합 스마트팜 뿌리작물 기능성 원료 표준화 플랫폼 개발 용역 재공고,트라이콤텍주식회사,68600000,95.277,
R26BK01449750,2026-04-28,무안전통시장 문화관광형시장 육성사업단,[무안전통시장문화관광형시장육성사업]무안담은 테마장터 위탁용역,주식회사 가온기획,96200000,,
R26BK01466277,2026-04-27,영진전문대학교,영진전문대학교 온라인 광고대행 용역 업체선정,주식회사 하이브미디어,113200000,,
R26BK01492424,2026-04-30,국가보안기술연구소,스크류냉동기 오일교체 및 세관작업,명진냉동플랜트,7491000,100.0,
R26BK01491650,2026-04-28,한국농어촌공사 강원지역본부 원주지사,방림면 기초생활거점조성사업 상상공작소 전기공사 감리용역,주식회사 이강이앤씨,12600000,90.0,
R26BK01461201,2026-04-30,대구가톨릭대학교,[2차년도 RISE사업] 대구가톨릭대학교 2026학년도 U-온동네 초등돌봄·교육 만족도 조사 및 모니터링 결과 분석 용역 사업자 선정,주식회사 글로벌리서치,32600000,,
R26BK01438904,2026-04-29,한국지역난방공사 동탄지사,동탄지사 가스터빈 승속장치(SFC) 제작사 유지보수 용역,㈜에이비비코리아,61402000,97.137,
R26BK01461752,2026-04-24,충청남도,2026 충남건축문화제 기획 및 운영 용역,주식회사 혜윰,69300000,,
R26BK01485457,2026-04-30,음성군산림조합,2026년 조림지사후관리 감리용역(1지구),주식회사 숲사랑,42682510,88.368,
R26BK01423527,2026-04-15,한국도로교통공단,운전면허 갱신 교통안전교육 체계 수립 및 도입방안 연구,전남대학교 산학협력단,56400000,,
R26BK01442526,2026-04-14,국토교통부,UAM 상용화 대비 제도 고도화 및 정책 지원체계 구축을 위한 연구,한국교통연구원,100000000,,
R26BK01463441,2026-04-27,국립해양박물관,"국립해양박물관 기획전시 개항, 부산항 150년(가제) 전시연출",주식회사 프리버즈,193800000,94.36,
R26BK01459341,2026-04-27,(재)경기도경제과학진흥원,2026년 뉴미디어 홍보 용역(재공고),주식회사 아이컴,68000000,90.666,
R26BK01439515,2026-04-29,조달청,전북대학교 정보자원(인프라) 통합운영,주식회사 리퓨터,686400000,,
R26BK01432402,2026-04-24,한국콘텐츠진흥원,[긴급] 2026년 글로벌 게임 현지화 지원 위탁용역,(주)라티스글로벌커뮤니케이션스,2265500000,,
R26BK01481536,2026-04-28,충청북도 괴산군,불정사현취약지역생활여건개조사업시행계획수립용역,주식회사자림엔지니어링,83424600,88.344,
R26BK01465704,2026-04-28,항공안전기술원,드론 비행 안전 데이터 표준 항목 도출 및 이종 감시정보 연계를 통한 안전증진 방안 고도화 연구,인하대학교 산학협력단,49000000,,
R26BK01472893,2026-04-28,제주특별자치도경제통상진흥원,2026년 소상공인 로컬브랜드 활성화 지원사업 컨설팅 대행 용역(긴급),씨제이프레시웨이 주식회사,163000000,,
R26BK01456194,2026-04-21,산림청 국립산림과학원,(용역)CE를 적용한 산림생태계 복원을 위한 경제적 가치 설문조사,주식회사 코리아데이터월드,26000000,,
R26BK01498671,2026-04-30,경기도 포천시,2026년 포천시 사회단체 단체보험,(주)케이비손해보험,202467400,99.474,
R26BK01464242,2026-04-28,서울특별시교육청,AI·디지털 기반 수업·평가 전문가 양성 직무연수(6기~8기) 및 심화과정 운영 용역,(주)고우넷,256946000,100.0,
R26BK01456800,2026-04-21,문화체육관광부 국립민속박물관,권역별 마을신앙(서울경기권) 조사보고서 발간,(주) 유니크플러스,87208000,,
R26BK01460854,2026-04-24,서울신용보증재단,2026년 프렙 아카데미 통합 콘텐츠 제작,주식회사 망고스타코리아,62910000,,
R26BK01440568,2026-04-20,사단법인 대한사격연맹,2026년 유소년 스포츠 기반 구축 사업 사격 변형프로그램 개발 업체 선정,주식회사 케이에스엘에스,175000000,,
R26BK01459515,2026-04-27,한국항공우주연구원,위성 영상 공간 품질 평가를 위한 Edge Target 유지보수,주식회사 인화엔지니어링,165000000,94.457,
R26BK01442889,2026-04-30,경상남도 산청군,동의보감촌 엑스포주제관 체험전시실 전시물 제작 설치 용역(협상에 의한 계약),씨앤에스 주식회사,403750000,,
R26BK01464477,2026-04-27,국립창원대학교,2026년 RISE사업 경남형 K-취업사관학교 운영 용역,주식회사 에필코칭센터,53500000,,
R26BK01472197,2026-04-27,국민통합위원회,[긴급]정치갈등해소를 위한 현장형 국민대화 운영 용역 계약,주식회사 더가능연구소,192500000,,
R26BK01483206,2026-04-30,한국공항공사 제주공항,광주공항 계류장 전면 재포장공사 건설폐기물 처리용역,(주)서해안산업환경,263524700,86.751,
R26BK01473179,2026-04-28,재단법인경기도일자리재단,(재공고) 2026년 경기도일자리상황판 데이터인사이트 제작,(주)알라딘시스템,49320000,,
R26BK01459045,2026-04-24,교육부,AI기반 학생 맞춤형 진로지원 가이드라인 개발 연구,인천대학교 산학협력단,30000000,,
R26BK01463499,2026-04-28,조달청 대구지방조달청,2026년 무인정보단말기(키오스크) UI 플랫폼 운영,주식회사 엘토브,499000000,,
R26BK01497526,2026-04-30,산림청,국유림 내 주요 조림수종 간벌효과 장기 모니터링 및 간벌모델 개발 연구(15년차),강원대학교산학협력단,102600000,96.021,
R26BK01459667,2026-04-24,한국환경보전원,장항 국가습지와 주변 생태자원 연계 활성화 연구용역,(사)한국관광개발연구원,138000000,,
R26BK01445062,2026-04-17,인천테크노파크,2026 지피지기 투자유치 지원사업 운영 용역,에스아이디파트너스(주),67250000,,
R26BK01475686,2026-04-28,서울특별시교육청,(긴급)2026년 과학실 폐기물(폐액·폐시약·액침표본) 위탁처리 용역,예담환경(주),283980700,80.524,
R26BK01430225,2026-04-21,조달청 서울지방조달청,2027년 성인지 원격교육 콘텐츠 개발,주식회사 위지런,134500000,,
R26BK01460605,2026-04-28,국가유산청,국가민속문화유산 전통복식 복제,우리옷문화재연구소,98000000,,
R26BK01455974,2026-04-21,한국특허전략개발원,2026년 산업재산진단기관 관리시스템 유지보수 및 기능개선,(주)인터웹,51200000,,
R26BK01445406,2026-04-27,(재)경기도경제과학진흥원,2026 경기스타트업서밋 행사 기획 조성 및 운영 용역,오프너디오씨주식회사,726770000,99.557,
R26BK01470920,2026-04-28,국립광주과학관,2026년 국립광주과학관 특수영상관 영상콘텐츠 임차용역,티.비.시엘(주),81473000,,
R26BK01441356,2026-04-24,조달청,국가 AX 도입 지원 및 AX가이드라인 수립,삼정회계법인,253000000,,
R26BK01479548,2026-04-27,서울특별시교육청 단국대학교사범대학부속고등학교,2026년 식기류 렌탈 세척 용역,주식회사청정티엠에스,22926200,88.234,
R26BK01484292,2026-04-30,농림축산식품부 국립농산물품질관리원 경기지원,업무용 차량 임차(국립농산물품질관리원 경기지원),에스케이렌터카 주식회사,24202500,89.315,26934000
R26BK01429103,2026-04-10,근로복지공단본부,2026년 우수 직장어린이집 보육교직원 힐링프로그램 용역,주식회사 플랜더제이,29800000,,
R26BK01440022,2026-04-23,한국농어촌공사 전남지역본부,무안군 해제면 기초생활거점조성사업 기본계획수립 용역,주식회사 남도연구소,193600000,,
R26BK01483535,2026-04-29,서울물재생시설공단,(입찰참가 시 사전제출서류 확인) 서남센터 A급 액체 유량계 교정검사 용역,(주)수인테크,39126000,88.682,
R26BK01434269,2026-04-22,서울시설공단,2026년 역량기반 맞춤형 교육 위탁 운영,주식회사 엑스퍼트컨설팅,305000000,,
R26BK01449830,2026-04-21,한국석유공사,2026년 지속가능경영보고서 발간 용역,주식회사 더씨에스알,86900000,79.559,
R26BK01456059,2026-04-21,경기도 파주시,「2026년 향교서원 국가유산 활용사업(율곡코드)」 행사 용역(협상에 의한 계약),주식회사 한국문화유산연구센터,174800000,,
R26BK01435336,2026-04-17,병무청,공정하고 합리적인 모집병제도 개선 연구용역,사단법인 안보경영연구원,49500000,,
R26BK01445790,2026-04-17,한국환경보전원,2026년 영산강·섬진강수계 수변녹지 생태교육 운영 용역,바른방과후학교만들기사회적협동조합,200000000,,
R26BK01469267,2026-04-27,동국대학교 산학협력단,동국대학교 AX 수준진단 및 업종/단계별 AX 로드맵 제공 운영 위탁 용역,주식회사 페이서파트너스,25000000,,
R26BK01448618,2026-04-20,한국환경보전원,꼬옥이와 함께하는 환경뮤지컬 기획·운영 용역,아리랑오케스트라,109000000,,
R26BK01373543,2026-04-21,조달청 인천지방조달청,자연자본공시 기업 대응방안 연구(2차년도),김.장 법률사무소,243000000,,
R26BK01446323,2026-04-23,과학기술정보통신부 우정사업본부 우정사업조달센터,우체국예금 자산군별 BM(Benchmark) 적정성 검토,주식회사 케이지제로인,45570000,,
R26BK01445119,2026-04-17,국토교통부,국가항행조직 선진화 방안 연구,한서대학교 산학협력단,68600000,,
R26BK01458445,2026-04-21,대한체육회,2026년 경기동영상 및 실적 등록관리,주식회사케이비에스엔,616392000,,
R26BK01469605,2026-04-27,한국농수산식품유통공사,2026년 해외 홍보용 K-푸드 콘텐츠 제작 용역,(주)로보트필름,218500000,95.0,
R26BK01450853,2026-04-30,한국농어촌공사 전북지역본부 무진장지사,장수군 번암면 기초생활거점조성사업(농촌협약) 지역역량강화 용역,주식회사 누리온,489192000,,
R26BK01485505,2026-04-30,음성군산림조합,2026년 조림지사후관리 감리용역(2지구),주식회사 어울림엔지니어링,47001000,98.234,
R26BK01446386,2026-04-20,한국원자력환경공단,처분시설 건설관리시스템(RDCMS) 유지관리 및 운영 용역,주식회사 케이엔정보기술,239965000,,
R26BK01456034,2026-04-30,서울특별시남부교육청 윤중중학교,2026학년도 윤중중학교 3학년 소규모 테마형 교육여행 위탁용역,주식회사 아델이엔티,60519600,97.254,
R26BK01466184,2026-04-27,건설근로자공제회,2026년 건설근로자공제회 직원 교육훈련 운영,한국생산성본부,125000000,,
R26BK01425403,2026-04-08,산림청 국립산림과학원,(위탁)산림생태계 변화 예측 모델 적합도 분석,국립공주대학교 산학협력단,34848000,,
R26BK01429516,2026-04-14,기후에너지환경부 화학물질안전원,드론 활용 화학사고 환경영향 조사 연구(Ⅱ)-식생의 화학사고 피해 판별 가능성 탐구,주식회사 하이퍼스페이스,51000000,,
R26BK01448401,2026-04-21,국가보훈부,지역 보훈문화시설 건립 사업모델 개발 연구 용역,건축공간연구원,39160000,,
R26BK01440362,2026-04-20,한국출판문화산업진흥원,제6차 출판문화산업 진흥 계획(2027~2031) 수립을 위한 조사 연구 용역,(주)에이치앤컨설팅,90000000,,
R26BK01498375,2026-04-30,제주특별자치도,2026년 공공데이터 개방 및 품질관리 용역,(주)아트피큐,78000000,97.5,
R26BK01498947,2026-04-30,서울특별시 동부공원여가센터,2026년 매헌시민의숲 수경시설 청소용역,(주)거문환경,18650000,95.143,
R26BK01487651,2026-04-30,경상북도 청송군,2026년 청송군 사용종료매립장 토양채취 및 오염도측정,재단법인 파란생명환경연구소,84761000,88.496,
R26BK01445975,2026-04-24,경기도 수원시,2026 수원꼬치페스타 행사 운영 용역(협상),청류,277530000,,
R26BK01452794,2026-04-20,해양수산부 국립수산과학원,동해안 정치망 어업 전자모니터링(EMS) 관리,주식회사 한국수산해양공학연구소,58000000,97.091,
R26BK01431902,2026-04-21,서울특별시,서울특별시 행정국 정보시스템 취약점 점검 및 컨설팅 용역,주식회사 티앤디소프트,134420000,,
R26BK01453347,2026-04-21,조달청,2026년 독서경영 우수 직장 인증 사업 대행 용역,(주) 한국능률협회컨설팅,555370000,,
R26BK01443930,2026-04-27,(재)경기도경제과학진흥원,2026년 GBSA AI 역량강화교육 운영 용역,주식회사 아이코어이앤씨,127974000,,
R26BK01498635,2026-04-30,농촌진흥청,농업기초기반분야 인재양성 역량강화를 위한 정책방향 마련 연구 용역,원광대학교산학협력단,98500000,98.5,
R26BK01394978,2026-04-28,조달청 부산지방조달청,부산광역시 AI디지털배움터 교육 운영,(사)한국능률협회,3198074000,,
R26BK01430872,2026-04-13,울산광역시 울주군,온양 도시재생 활성화 계획 수립 용역-협상에의한계약(긴급),주식회사 정림이엔씨건축사사무소,127600000,,
R26BK01429692,2026-04-24,충청남도 서천군,"옥포1리 농어촌 취약지역 생활여건 개조사업 기본계획, 휴먼케어 및 지역역량강화 용역",주식회사 착한동네,155000000,,
R26BK01433415,2026-04-22,전북특별자치도 익산시,백제왕궁 금마저 역사문화공간 조성사업 설계 제안공모,주식회사 길종합건축사사무소이엔지,0,,
R26BK01396480,2026-04-07,서울특별시 강서구,2026년 생활안심 디자인마을 조성사업 용역,(주)한웅테크,180000000,,
R26BK01403186,2026-04-10,전북특별자치도 김제시,2026 김제 모악산 뮤직페스티벌 대행 용역,(주)전주엠비씨프로덕션(JMPRO),159700000,,
R26BK01437869,2026-04-23,사회복지법인 밀알복지재단,밀알복지재단 부산지역 고등학생 온라인 수강권 관련 용역 입찰공고,주식회사 인프라에듀,336700000,,
R26BK01441187,2026-04-14,서울특별시 강동구,주요간선변 업무시설 유치 등 거리활성화 종합계획 수립 용역,주식회사 신영에셋,150000000,,
R26BK01441049,2026-04-28,서울주택도시개발공사,신월동 480-1 일대 외 1개소 SH참여 모아타운 공공관리 관리계획 수립 용역,주식회사 대한엔지니어링건축사사무소,594000000,,
R26BK01463847,2026-04-27,(사)민족화해협력범국민협의회,2026년도 민화협 계간지『민족화해』제작 발간,(주)늘품플러스,78400000,98.0,
R26BK01452616,2026-04-22,조달청 서울지방조달청,2026년 경찰 자살예방교육 프로그램 용역,텔러스헬스 주식회사,331240000,,
R26BK01460493,2026-04-24,국가유산청,국가유산 재난대응 매뉴얼 고도화 연구용역,주식회사 안전과학기술연구원,89000000,,
R26BK01424986,2026-04-28,서울주택도시개발공사,개봉동 304 일대 외 1 개소 SH참여 모아타운 공공관리 관리계획 수립 용역,주식회사 도시류,695000000,,
R26BK01460031,2026-04-21,(사)한국원자력산업협회,원전기업 인력매칭 통합플랫폼 구축 용역,(주)네오플러스,188100000,,
R26BK01467314,2026-04-27,전북특별자치도 정읍시,"2026 정읍 물빛축제 행사대행 용역 (협상에의한계약, 긴급)",(주)빅컴,358000000,,
R26BK01461593,2026-04-24,재단법인경기문화재단,2026년 경기문화재단 성과관리체계 고도화 및 내부성과평가 운영용역,(주)퍼포먼스웨이컨설팅,84280000,,
R26BK01450695,2026-04-15,한국과학기술정보연구원,본원 양자컴퓨터 기반시설구축 소방감리,주식회사 나래엔지니어링,4200000,89.361,
R26BK01454891,2026-04-28,거제해양관광개발공사,2026년 거제맥주축제 행사대행 용역,주식회사티플러스,89837000,,
R26BK01445637,2026-04-06,(재)대한불교조계종 유지재단,2026년 연등회 행사시설·설치 용역,주식회사 도반기획,900000000,,
R26BK01443699,2026-04-17,한국어촌어항공단,2026년 경남 귀어귀촌 행사 등 운영 용역,주식회사 인퍼머스,76356937,,
R26BK01443631,2026-04-27,경기연구원,2026 경기 라이프 서베이 조사 용역,(주)한국갤럽조사연구소,270000000,,
R26BK01458324,2026-04-27,한국농어촌공사 전남지역본부,여수시 두포항·심포항 어촌뉴딜3.0사업(어촌회복형) 기본계획 수립 용역,주식회사 에이치디이앤씨,397200000,,
R26BK01440897,2026-04-28,서울주택도시개발공사,사당동 449 일대 외 1개소 SH참여 모아타운 공공관리 관리계획 수립 용역,(주)미래이엔디,650000000,,
R26BK01460302,2026-04-24,재단법인경기문화재단,2026 지역문화예술특성화지원 평가 용역,(주)장앤파트너스그룹,98200000,,
R26BK01469527,2026-04-28,충청남도 천안시,천안 방문의 해 관광안내판 설치사업 디자인 및 제작 설치 용역,(주)한성디자인기획,234082800,,
R26BK01469895,2026-04-28,(재）경기문화재단 경기역사문화유산원,2026년 경기도 무형유산 영상기록물 제작 용역,주식회사 큰물고기미디어,82500000,,
R26BK01443292,2026-04-21,기후에너지환경부 원주지방환경청,"습지보호지역 보전계획 수립 연구용역(대암산용늪, 철원용양보)",주식회사 케이에코,80000000,,
R26BK01493733,2026-04-29,한국생산기술연구원,2026년 뿌리기술 경기대회 영상 제작 및 시상식 기획·운영,주식회사 디엑스투,21400000,99.754,
R26BK01491792,2026-04-29,주식회사한국중소벤처기업유통원,2026년 소모성자재(MRO) 납품 중소기업 지원 용역,케이비드 주식회사,101590000,99.999,
R26BK01488378,2026-04-28,경기도 화성시,2026년 국토이용정보체계 시스템 운영관리 용역,주식회사 우대칼스,218250000,97.0,
R26BK01429257,2026-04-23,조달청 서울지방조달청,2026년 K-디지털 트레이닝 해커톤 대회 운영 대행 용역,(주)마이스플랜즈,329000000,,
R26BK01447625,2026-04-21,조달청 서울지방조달청,2026년 해양수산 창업 콘테스트 홍보 및 행사 대행,주식회사 보다컴퍼니,154600000,,
R26BK01457103,2026-04-21,서울특별시 마포구,2026년 직원 하계휴양소 운영 용역,샬레코리아 주식회사,404970000,,
R26BK01443085,2026-04-27,재단법인 수원컨벤션센터,제2회 광교 양자 바이오 서밋 행사 대행 용역,주식회사 빌드프로젝트,142000000,,
R26BK01461248,2026-04-27,인하대학교 산학협력단,[재공고] 인하대학교  I-RISE 데이터 기반 인재육성 체계 고도화 및 성과 환류 모델 개발 연구 용역,주식회사 에스이비피,150000000,,
R26BK01427936,2026-04-28,조달청,2026 국가유산 디지털 콘텐츠 제작,(주)포스트미디어,399000000,,
R26BK01431412,2026-04-21,재단법인 제물포문화재단,개항 로컬 창업교육 및 컨설팅 운영 용역,오렌지나무 주식회사,151970000,,
R26BK01469183,2026-04-29,조달청 대전지방조달청,제16회 국제과학관심포지엄 대행 용역,주식회사 마이스피플,245000000,,
R26BK01455300,2026-04-21,한국생산기술연구원,제조 AI·디지털 트윈 핵심 요소기술 내재화 교육,(주)더블유에이치솔루션,52778000,97.363,
R26BK01446562,2026-04-21,한국보건산업진흥원,오가노이드 국내 산업 진단 및 성장 전략 수립,사단법인 한국바이오의약품협회,60000000,,
R26BK01457234,2026-04-22,인천광역시,인천광역시 공공디자인 진흥계획 재정비 용역,주식회사 에스이디자인그룹,178200000,,
R26BK01445608,2026-04-17,중소벤처기업진흥공단,2026년 온라인수출 인프라지원 정보제공 수행용역,나이스지니데이타 주식회사,508607260,,
R26BK01456165,2026-04-21,한국농수산식품유통공사 농수산식품유통교육원,2026년 상반기 농식품 글로벌 마케팅 전문가 과정 해외연수 운영대행 용역,주식회사 하나마이스투어,62720000,99.593,
R26BK01455349,2026-04-28,조달청 서울지방조달청,성남시 토지적성평가 용역,주식회사 우대칼스,168000000,,
R26BK01499803,2026-04-30,한국농어촌공사 경기지역본부 안성지사,마전2리 취약지역생활여건개조사업 폐기물처리용역,주식회사 금송산업개발,24800000,91.753,
R26BK01499832,2026-04-30,한국농어촌공사 경기지역본부 안성지사,마전2리 취약지역생활여건개조사업 재해예방기술지도(토목·건축·기계 ),주식회사 사람과건설안전,5490000,92.424,
R26BK01466835,2026-04-28,조달청 대구지방조달청,2026년 중요기록물 전자화 및 정리사업,주식회사 에이티앤아이,246000000,,
R26BK01462528,2026-04-28,한국장애인고용공단 보조공학센터,보조공학기기 품목 및 품질기준 체계의 다각적 분석에 관한 연구,부천대학교 산학협력단,64000000,,
R26BK01446098,2026-04-17,식품의약품안전처,의료기기 중대한 변경대상 적용 사례 연구,국립공주대학교 산학협력단,99000000,,
R26BK01445252,2026-04-20,재단법인경기환경에너지진흥원,2026년 취약계층 이용시설 실내환경 조사·컨설팅 용역,(재)한국화학융합시험연구원,338100000,,
R26BK01473804,2026-04-28,농림수산식품교육문화정보원,반려동물 연관산업 관련 통계구축 방안 설계,(사)한국응용통계연구원,59185000,,
R26BK01450210,2026-04-21,농촌진흥청 국립축산과학원,산업동물 질병 모니터링 및 고도화된 질병 예찰체계 구축 방안 연구,전남대학교 산학협력단,70000000,,
R26BK01452726,2026-04-21,한국환경산업기술원,안전관리체계 고도화를 위한 중장기 계획 수립,주식회사 안전관리전문기관벗,49224000,,
R26BK01428714,2026-04-22,경기도,2026 문화 예술 기회의 사다리 행사 용역,주식회사 에이프로,242250000,,
R26BK01424997,2026-04-22,부산광역시,가덕도신공항 허브공항화를 위한 단계별 추진전략 연구 용역,(주) 한국능률협회컨설팅,370700000,,
R26BK01434455,2026-04-22,조달청 서울지방조달청,국가주도 한-과테말라 REDD+ 예비 타당성 조사,더트리플컴퍼니 주식회사,200000000,,
R26BK01498278,2026-04-30,한국원자력연구원,2026년 연구실 정밀안전진단,(사)대한산업안전협회 안전보건진단본부,62700000,95.144,
R26BK01458568,2026-04-28,조달청 인천지방조달청,소규모대기배출시설 사업장별 맞춤형 업무지원체계 및 행정자료 제공방안 마련,헤브론스타주식회사,170000000,,
R26BK01449931,2026-04-21,조달청 대전지방조달청,2026년 재난현장 통합자원봉사지원단 교육훈련,재단법인 한국중앙자원봉사센터,174996244,,
R26BK01453812,2026-04-30,조달청 대전지방조달청,중소기업 통합플랫폼 구축 사업(2단계) 감리,주식회사 카미노,186186000,,
R26BK01426478,2026-04-23,조달청,2026. 농어촌 학교 문화예술교육 지원 사업(우리동네 예술학교) 전문기관 위탁 용역,주식회사 케이아츠에듀,460000000,,
R26BK01462772,2026-04-24,재단법인 스포츠안전재단,스포츠안전 교육 온라인콘텐츠 개발,주식회사 다락컴퍼니,111600000,,
R26BK01445826,2026-04-17,산림청 국립수목원,식물생육 이상반응 원인진단 및 분석,서울시립대학교 산학협력단,100000000,,
R26BK01469799,2026-04-27,한국농어촌공사,저수지 지진·재해 정보시스템 유지관리 용역,위디비 주식회사,143495000,,
R26BK01429614,2026-04-10,기후에너지환경부 국립환경과학원,2026년도 대기환경 연구 공모전 운영,(사)한국대기환경학회,70000000,,
R26BK01465056,2026-04-27,한국석유관리원,한국석유관리원 정보통신망 운영 사업(재공고),주식회사 케이티,752348612,,
R26BK01464604,2026-04-22,서울특별시강동교육청 동북중학교,2026학년도 동북중 3학년 소규모 테마형 교육여행,주식회사 바로항공,45929100,82.338,56000000
R26BK01494866,2026-04-30,한국지역난방공사,2026년 재취업지원서비스(법정교육) 위탁 용역,(주)이음길에이치알,6600000,91.342,
R26BK01487278,2026-04-30,전북특별자치도,2026년 실내공기질 컨설팅 지원사업 용역,푸른환경연구소 주식회사,27189170,88.165,
R26BK01468714,2026-04-28,국가유산청 국립문화유산연구원 국립경주문화유산연구소,『유전자 분석이 밝히는 신라 사회』(가제) 국제학술대회 운영 용역,주식회사 로카,83700000,,
R26BK01422593,2026-04-15,조달청 인천지방조달청,내연기관차 충전소의 무공해차 충전소로의 효율적 전환 방안 마련,주식회사 에코플러스디앤알,120000000,,
R26BK01462709,2026-04-28,한국장애인고용공단 보조공학센터,작업장 사물 운반용 보조공학기기 품질기준 개발,(재)한국건설생활환경시험연구원,59972000,,
R26BK01457028,2026-04-21,한국건설기술연구원,건설현장 맞춤형 AI 다국어 용어집 구축 및 AI·OSC 전문인력 양성 로드맵 수립,(사)대한토목학회,199000000,,
R26BK01464011,2026-04-27,대구광역시교육청 대구과학고등학교,2026학년도 대구과학고등학교 1학년 해외교육현장 탐방학습 운영,(주)하나투어,674834013,91.598,
R26BK01482276,2026-04-30,(주)공영홈쇼핑,공영홈쇼핑 2026년 환경미화용역 사업자 선정,(주)대명종합관리,353737240,87.995,
R26BK01436307,2026-04-23,한국농어촌공사 전남지역본부,무안군 일로읍 농촌중심지활성화사업 기본계획수립 용역,주식회사 지역플랜,265760000,,
R26BK01455401,2026-04-30,세종특별자치시교육청,2026학년도 장애학생 토요가족지원 프로그램 운영 위탁 용역,세종특별자치시장애인가족지원센터,50000000,,
R26BK01471636,2026-04-28,서울특별시교육청,초등돌봄전담사 직무분석을 통한 돌봄운영 체계 개선 연구 용역,주식회사 한국경제경영연구원,38500000,96.44,
R26BK01446047,2026-04-30,서울특별시,2026년 강북아리수 정수센터 기술진단 용역,부경엔지니어링 주식회사,392620700,87.241,
R26BK01444256,2026-04-22,한국농어촌공사,2026년 농어촌지하수관리시스템 유지관리 및 기능개선 용역,코바시스템 주식회사,64900000,,
R26BK01459703,2026-04-24,한국보건산업진흥원,차세대 이식형 인체재생장기 제조 및 글로벌 표준 실증체계 구축 사업 기획 연구,주식회사 더더블유랩,70000000,,
R26BK01471177,2026-04-30,조달청 서울지방조달청,2026년 1차 경찰청 사이버교육 콘텐츠 제작,(주)중앙아이씨에스,415000000,,
R26BK01499955,2026-04-30,국립정원문화원,2026년 전남형 정원관광 K-남도정원관광 시범사업 운영 용역,남도정원연구소,84000000,93.333,
R26BK01458967,2026-04-24,재단법인 전라남도관광재단,2026 전남 1+1 투어 상품 개발 및 운영 용역,주식회사 이즈피엠피,63700000,,
R26BK01454227,2026-04-21,조달청 서울지방조달청,2026년 환자안전활동 국민 참여 활성화 온·오프라인 통합 홍보,주식회사 플러스메이커스,174000000,,
R26BK01397148,2026-04-27,한국조폐공사,고객의 소리 시스템 구축 용역,(주)에스알포스트,200200000,,
R26BK01453351,2026-04-29,조달청 서울지방조달청,2026년도 도서관업무통합관리시스템 개발사업,주식회사 유투비이,317900000,,
R26BK01460216,2026-04-30,조달청 부산지방조달청,2026년 데이터 분석사업,주식회사 더원테크,399700000,,
R26BK01488018,2026-04-30,경상남도 김해시,2026년 상반기 강동2배수문 외 53개소 정기안전점검 용역,다인건설엔지니어링 주식회사,60827000,88.027,
R26BK01467992,2026-04-28,대검찰청,"복합체액식별 확인키트 개발(Ⅰ), 확대공고",전남대학교 산학협력단,90000000,,
R26BK01397072,2026-04-27,한국조폐공사,온라인 쇼핑몰 재구축 용역,(주)프레임아웃,452100000,,
R26BK01436505,2026-04-29,조달청 대구지방조달청,2026년 공공데이터 중장기 개방이행 지원 컨설팅,주식회사 케이사인,1599900000,,
R26BK01460593,2026-04-24,한국보건산업진흥원,K-재생의료벨트 구축 사업 기획연구,주식회사 전략울림,70000000,,
R26BK01438839,2026-04-23,조달청,ICD-11의 국내 적용을 위한 단계적 도입 준비 연구 사업,(사)대한의사협회,300000000,,
R26BK01460014,2026-04-29,조달청 인천지방조달청,2026년 교육정보서비스 고도화 사업,케이엘정보통신 주식회사,110880000,,
R26BK01439478,2026-04-23,공정거래위원회,자동차 및 개인형 이동장치(PM) 대여산업 시장분석 및 규제 개선방안,연세대학교 산학협력단,55800000,,
R26BK01461024,2026-04-24,한국데이터산업진흥원,2026년 마이데이터 원스톱 통합지원 웹페이지 유지관리,위드시스템(주),33900000,,
R26BK01496685,2026-04-29,한국농어촌공사 충남지역본부 예산지사,기계화경작로 확포장사업 건설폐기물처리 용역,예일환경 주식회사,22370000,89.626,
R26BK01463469,2026-04-28,조달청 서울지방조달청,2026년 한-중 고교생 교류 방중·방한 연수 위탁 용역,주식회사 인텔리전스,234318000,,
R26BK01428466,2026-04-10,조달청 인천지방조달청,전기차 실도로 주행데이터 기반 에너지 사용 및 충전 특성 연구(Ⅰ),주식회사 와보텍,140000000,,
R26BK01423077,2026-04-21,조달청 경남지방조달청,2026년 저작권 원격교육 콘텐츠 개발,(주)시그마와이즈,695000000,,
R26BK01487193,2026-04-30,경기도 안산시,2026년 안산스마트허브 간선도로 정비공사 폐기물처리용역,주식회사 에코산업개발,27626450,88.118,
R26BK01461662,2026-04-24,문화체육관광부 한국예술종합학교,2026년 예술교육 온라인 학습관리시스템 구매,주식회사 쿼렌시스,89100000,,
R26BK01473746,2026-04-28,국토교통부,조종·관제연습생 등을 위한 항공종사자 신체검사 세부판정기준 개선방안 연구,사단법인 한국항공우주의학협회,50000000,,
R26BK01444211,2026-04-17,한국건설기술연구원,2026년 기술이전 통합 관리 및 사업화 성과확산 조사,주식회사 디알아이피,98927000,,
R26BK01441886,2026-04-29,국방과학연구소,국방과학연구소 내부통제체계 점검 및 기반 고도화 방안 수립 용역,주식회사 아트너컨설팅,55000000,94.761,57900000
R26BK01468789,2026-04-27,서울대학교산학협력단,공기업정책학과 국외(프랑스_파리) 현장시찰 용역업체 선정_PA202600478,주식회사 바네스투어,236247000,,
R26BK01424790,2026-04-22,조달청,26/27 고객만족도조사 용역,(주) 한국능률협회컨설팅,346060000,,
R26BK01441463,2026-04-21,농촌진흥청 국립축산과학원,정성적 기술목표 전환에 따른 성과관리 전략 수립 연구용역,와이젠글로벌 주식회사,50000000,,
R26BK01424204,2026-04-13,한국폴리텍IV대학 산학협력단 충남지소,2026년 충청권 ICT이노베이션스퀘어 취업박람회,주식회사 콩콩프렌즈,93200000,,
R26BK01494137,2026-04-30,조달청,2026년 해외미디어 협력 특집·기획방송 제작,(재)국제방송교류재단,2832200000,100.0,
R26BK01407398,2026-04-29,한국콘텐츠진흥원,2026년 컨셉코리아 개최 및 패션홍보채널 운영 위탁용역,(주)더웍스,1999400000,,
R26BK01470182,2026-04-27,국민건강보험공단,2026년 전산전문교육 위탁사업,주식회사 이노핏파트너스,166540000,,
R26BK01447665,2026-04-20,농림수산식품교육문화정보원,반려동물용품 안전·품질기준 마련,사단법인 코티티시험연구원 (KOTITI),38000000,,
R26BK01434741,2026-04-15,조달청 서울지방조달청,2026년 경기도교육청남부연수원 원격연수 콘텐츠 개발 용역,주식회사 케이브레인컴퍼니,177300000,,
R26BK01379167,2026-04-21,조달청,2026년 중소기업R&D 우수성과 50선 선정기업 해외진출 지원 기획·운영,주식회사 글로벌앤로컬브레인파크,293991000,,
R26BK01440850,2026-04-23,조달청 부산지방조달청,2026년 HRDK 온라인 교육과정 위탁운영,(주)휴넷,194000000,,
R26BK01430635,2026-04-14,한국기초과학지원연구원,국가연구시설장비 전주기 관리체계 혁신방안 연구,주식회사 씨아이엔미래전략연구소,97550000,,
R26BK01444240,2026-04-28,조달청 서울지방조달청,2026년 문화비 소득공제 홍보 마케팅 사업,(주)디지털에볼루션,285000000,,
R26BK01465529,2026-04-28,기상청,국가 위험기상 조기감시를 위한 최적화된 기상관측망 설계 방안 연구(확대공고),주식회사 웨더피아,47000000,,
R26BK01398377,2026-04-28,한국보훈복지의료공단보훈교육연구원,2026년 교원연수 연계 국내 보훈사적지 탐방,주식회사 사이롭게,112100000,,
R26BK01496166,2026-04-30,경상남도 양산시,양산 법기리 요지 국가유산구역 재조정 용역,사단법인 건축문화유산연구소 여지,47600000,95.2,
R26BK01442101,2026-04-28,한국농어촌공사 경남지역본부 의령지사,낙서면 기초생활거점조성사업(2단계) 기본계획수립 용역,주식회사 지역재생연구소,55348000,,
R26BK01461677,2026-04-24,한국여성인권진흥원,2026년 중앙디지털성범죄피해자지원센터 정책홍보,주식회사 마이스앤드,95000000,,
R26BK01457187,2026-04-27,경기도 여성비전센터,경기도 여성활동 온라인전시관 운영,비스케이프,24898500,,
R26BK01445799,2026-04-22,조달청 인천지방조달청,해외 생물자원 천연물의 피부 기능성 효능 평가(2026년),세명대학교산학협력단,545000000,,
R26BK01449251,2026-04-20,대한체육회,2026 정부명칭대회 성과평가 지원 용역,주식회사 임팩트퍼스트,85000000,,
R26BK01469151,2026-04-27,서울대학교산학협력단,공기업정책학과 국외(미국_어바인) 현장시찰_PA202600479,주식회사 바네스투어,231260000,,
R26BK01489917,2026-04-30,한국보건사회연구원,(재공고) 한국보건사회연구원 업무용 차량(EV4) 임차(렌트),케이카 주식회사,27626400,88.001,
R26BK01432527,2026-04-14,조달청 인천지방조달청,AI 기반 대기환경측정망 이상자료 선별 연구 (I),이투엠쓰리(주),147000000,,
R26BK01450882,2026-04-21,농촌진흥청 국립식량과학원,(연구용역)국가 식량안보 강화를 위한 식량원 미래전략 및 연구 혁신체계 수립 용역,사단법인 농정연구센터,96040000,,
R26BK01448062,2026-04-21,기후에너지환경부 국립환경과학원,중간가공폐기물 재활용 제도개선 방안 마련 연구,(재)한국화학융합시험연구원,98500000,,
R26BK01452106,2026-04-21,조달청 충북지방조달청,2026년 생산단계 HACCP 사후관리 기술지원 사업(1권역),주식회사 에프엠코리아스,130000000,,
R26BK01432276,2026-04-30,조달청 대구지방조달청,2026년 공공 재해복구시스템(DR) 구축  ISP 사업 (2차),주식회사 넥스트아이앤아이,2520660000,,
R26BK01411326,2026-04-15,조달청,2026년 스마트농업관리사 자격시험 대행,한국생산성본부,418000000,,
R26BK01425502,2026-04-16,조달청 서울지방조달청,2026 아트코리아랩 오픈 프롬프트 커뮤니티 운영 용역,주식회사 아트로버컴퍼니,200000000,,
R26BK01464612,2026-04-28,문화체육관광부 대한민국역사박물관,2026년 근현대사 주제연구서 발간 용역,(주)디자인인트로,79200000,,
R26BK01457901,2026-04-22,경상북도 영주시,[협상에 의한 계약] 영주시 드론산업발전 기본계획 수립 용역,주식회사 웨이버스,55696000,,
R26BK01414837,2026-04-24,부산광역시,신평2 재개발사업 정비계획 기본방향 수립 용역,(주)한미건축종합건축사사무소,238000000,,
R26BK01421239,2026-04-10,조달청 대전지방조달청,기계설비산업 통계조사 및 통합 모집단 구축 기반 연구,재단법인 대한기계설비산업연구원,172000000,,
R26BK01463785,2026-04-27,한국건설기술연구원,2026년 ITS 성능평가 현장조사 용역(2차),주식회사 티디씨,116446000,,
R26BK01479102,2026-04-29,네이버 주식회사,AI Biz 크리에이터 스쿨 교육 및 캠프 운영 용역,주식회사 필더필,330000000,,
R26BK01461729,2026-04-24,질병관리청,"[정책,124] 질병관리 분야 AX 중장기 전략 수립 연구",한국보건사회연구원,100000000,,
R26BK01431231,2026-04-28,조달청 서울지방조달청,2026년 중요기록물 전산화(DB구축)사업 용역,주식회사 디앤디기술,217000000,,
R26BK01428328,2026-04-21,조달청 대전지방조달청,해양생명자원 특화 AI 서비스 기획 및 시범서비스 구축,(주)블루더스,95118000,,
R26BK01451676,2026-04-20,민주화운동기념사업회,2026년 민주화운동기념공원 합동추모제 운영,(주)애스투,79987050,,
R26BK01447132,2026-04-21,조달청 서울지방조달청,2026년 한국영상자료원 영화필름 디지털복원 사업,주식회사 웨스트월드,200000000,,
R26BK01488665,2026-04-30,경기도 의정부시,시 대표 홈페이지 전면 개편 감리 용역,큐브플러스그룹 주식회사,39293000,88.088,
R26BK01443000,2026-04-21,재단법인 대구디지털혁신진흥원,2026년 대구콘텐츠코리아랩 크리에이터 사업화 프로그램 운영 용역,주식회사 첫눈,78460000,,
R26BK01380593,2026-04-21,조달청,2026년 MBRIS 기능개선,주식회사 코아아이티,361000000,,
R26BK01424194,2026-04-15,국립군산대학교,2026학년도 국립군산대학교 황룡축제(대동제) 행사용역,(주)하루컴퍼니,121726000,,
R26BK01430491,2026-04-16,조달청 대전지방조달청,2026년 중소기업 정보화수준 조사·분석 연구,영원메이커스 주식회사,180070000,,
R26BK01449441,2026-04-29,조달청,2026년 국가데이터처-OECD 공동 워크숍 용역 사업,주식회사 유니원커뮤니케이션즈,252000000,,
R26BK01444445,2026-04-23,한국콘텐츠진흥원,2026 한국문화원 연계 만화웹툰 전시 위탁용역,주식회사 아트플레이스,921500000,,
R26BK01452784,2026-04-22,기후에너지환경부 국립환경과학원,정지궤도 환경위성 자료 생산 및 서비스 시스템 기능 고도화(Ⅰ) 사업 감리,(주)에이스솔루션,85000000,,
R26BK01453875,2026-04-21,대전광역시,2026년 퇴직예정자 맞춤형 프로그램 대행용역,(주)제이엠커리어,51304000,,
R26BK01432742,2026-04-14,질병관리청,"[정책,114] 아동건강행태조사 도입을 위한 사전조사",인하대학교 산학협력단,90000000,,
R26BK01447614,2026-04-21,조달청 충북지방조달청,2026년 생산단계 HACCP 사후관리 기술지원 사업(2권역),해숲식품안전솔루션주식회사,126540000,,
R26BK01455777,2026-04-23,한국보건산업진흥원,Age-Tech 얼라이언스 운영,주식회사 더더블유랩,100000000,,
R26BK01429298,2026-04-10,조달청 대전지방조달청,2026학년도 한국기술교육대학교 직원 채용 대행 용역,나인스텝컨설팅 주식회사,108900000,,
R26BK01419631,2026-04-07,조달청 서울지방조달청,2026년 산림유량관측 지점 단면 및 유량식 조사,한울피에스티,101200000,,
R26BK01432371,2026-04-21,한국가스안전공사 경북 북부지사,의성군 경로당 가스사용시설 위험도 기반 안전점검 및 시설개선 용역,경북 에너지안전 협동조합,160000000,,
R26BK01443782,2026-04-27,대구광역시 달성군,2026 달성군 야외도서관 [틈] Vol.2 운영,(주)예일커뮤니케이션즈,190880000,,
R26BK01433000,2026-04-21,국방기술품질원,26년 군 감항인증 전문교육과정 위탁사업,한남대학교 산학협력단,130150000,,
R26BK01468868,2026-04-29,조달청 경남지방조달청,2026년 국립창원대학교 거창캠퍼스 정보시스템 통합유지보수,주식회사 굿링크,128961000,,
R26BK01451745,2026-04-30,조달청 충북지방조달청,2026년 진천군 중요기록물 디지털화 및 공개재분류 용역,(주)엔티정보,118500000,,
R26BK01383043,2026-04-21,사단법인 친환경축산협회,지속가능축산농장 경영전략 컨설팅 용역,마일스톤전략컨설팅 주식회사,90000000,,
R26BK01383375,2026-04-21,사단법인 친환경축산협회,지속가능축산농장 온·오프라인 판로지원,오가닉라이브 주식회사,210000000,,
R26BK01434759,2026-04-22,서울특별시,2026 오래가게 발굴 및 활성화,주식회사 어반플레이,198500000,,
R26BK01414502,2026-04-09,독립기념관,2026년 충청권 우수학생 중국 독립운동사적지 답사,주식회사 더드림여행,57120000,,
R26BK01433150,2026-04-13,한성대학교,2026학년도 한성대학교 학생축제 대동제 행사 위탁 운영 업체 선정,주식회사 어울림씨앤씨,137324000,,
R26BK01432214,2026-04-29,조달청 부산지방조달청,2026년 부산튜브 영상 콘텐츠 제작 및 관리,"주식회사 페이퍼캠(papercam Co.,Ltd)",268730000,,
R26BK01415063,2026-04-13,경상북도 칠곡군,군청맛길 상권활성화 홍보전략 수립,칠곡인문학협동조합,149600000,,
R26BK01435592,2026-04-13,해양수산부 포항지방해양수산청,2026년 포항청 항만건설현장 및 시설물 안전컨설팅용역,(사)한국건설안전협회,350000000,,
R26BK01385709,2026-04-22,전남광주통합특별시 신안군,제안서 제출 공고(정치인물사진박물관 전시설계 및 전시물 제작 설치 용역),주식회사이지,1700000000,,
R26BK01424058,2026-04-06,서울특별시 강동구,제6기(2027~2030) 강동구 지역사회보장계획 수립 연구용역,한세대학교 산학협력단,75906600,,
R26BK01447158,2026-04-20,해양수산부,26년 규제비용분석 및 효율적 관리 체계 수립방안 연구,사단법인 한국비용편익분석연구원,33900000,,
R26BK01442906,2026-04-24,조달청 대구지방조달청,대구 RISE Univer-City 플랫폼 구축 용역,(주)금도시스템,204209400,,
R26BK01463622,2026-04-29,인하대학교 산학협력단,인천 지역 AI 전환 대응을 위한 인하대학교 역할 및 전략 수립,이와이컨설팅 유한책임회사,148500000,,
R26BK01485395,2026-04-24,한국건설기술연구원,도로교통 및 노면환경 통합 관제평가모니터링 통합시스템 개발,비비엠씨 주식회사,28000000,98.073,
R26BK01447035,2026-04-28,전북특별자치도교육청 전북특별자치도익산교육지원청,2026. 글로벌익산 학생해외연수 위탁 용역,에듀링크 코리아,181000000,,
R26BK01475957,2026-04-20,해양수산부,2026년 해양안전종합정보시스템(GICOMS) 기능개선,주식회사 지엠티,41500000,99.807,
R26BK01458947,2026-04-27,(사)국제경영원,2026 소공인 해외 홈쇼핑 및 현지 리테일 진출 지원 사업 용역,사회적협동조합 중소상공인 동행파트너스,164450000,,
R26BK01447436,2026-04-30,4.19혁명공로자회 서울특별시지부,4·19혁명기념 제3회 서울한강국제영화제,(주)레드파노라마,200000000,,
R26BK01450700,2026-04-23,조달청 서울지방조달청,2026년 소상공인 온라인판로 지원사업 통합홍보 용역,주식회사 이씨이십일,225000000,,
R26BK01446071,2026-04-17,경상북도 칠곡군,매일매일 칠곡소풍(vol. 4 칠곡미식바이브) 운영 용역(긴급),알배기협동조합,54600000,,
R26BK01453255,2026-04-28,경상북도 청송군,[협상]신점1리 취약지역생활여건개조사업 휴먼케어 및 지역역량강화 용역,주식회사 위즈,117000000,,
R26BK01441012,2026-04-16,서울특별시,외식업 경영혁신 컨설팅 지원 용역,한국표준협회,97000000,,
R26BK01448642,2026-04-20,재단법인경상남도투자경제진흥원,2026 비즈니스플랫폼 다같이多가치경남 유지보수 용역,주식회사 뎁스,47800000,,
R26BK01457727,2026-04-24,한국장애인고용공단,보조공학센터 기능 개편 및 확대 방안 연구 용역,나사렛대학교산학협력단,79750000,,
R26BK01427250,2026-04-14,조달청 대전지방조달청,2025회계연도 전기통신사업자 등 회계검증 용역(A그룹),신우회계법인,212300000,,
R26BK01491060,2026-04-28,한국원자력환경공단,[수의시담] 콘크리트 장기열화 실증실험시설 2026년 유지보수 용역,한울이엔텍 주식회사,35959000,99.999,
R26BK01467039,2026-04-28,경상남도,제5차 경상남도교통안전기본계획 수립 용역,사단법인 21세기산업연구소,107955000,,
R26BK01443079,2026-04-17,산업통상부,공급망 핵심 중견기업 육성 프로젝트 기획연구,(주)피피에스컴퍼니,76800000,,
R26BK01472520,2026-04-28,(재)원주문화재단,(협상에 의한 계약) 2026 한여름밤의 꾼 행사 운영 용역,주식회사 칸,146410000,,
R26BK01464321,2026-04-27,재단법인 청주시활성화재단,2026년 모충동 도시재생 주민역량강화사업 추진 용역,(주)메모리얼,97750000,,
R26BK01468799,2026-04-27,경기도 광주시,제3차 광주시 평생교육 중장기발전계획 수립 연구 용역,예스티엠 주식회사,28560000,,
R26BK01457410,2026-04-22,조달청 대전지방조달청,2026년 안전교육 전문인력 역량강화 지원사업,사단법인 안전보건진흥원,169000000,,
R26BK01465592,2026-04-27,국가아동권리보장원,2026년 거점 심리지원팀 전문성 강화 교육 및 고위험사례 세미나,(주)나우러닝,29700000,,
R26BK01459892,2026-04-28,조달청 서울지방조달청,2026년 세종학당 문화인턴 파견 사업 운영,주식회사 코웍스,312908457,,
R26BK01455085,2026-04-21,경기도 화성시,2026년 화성시 미혼남녀 만남행사 화성탐사 운영 용역,세모파이,53998000,,
R26BK01434054,2026-04-14,조달청 대구지방조달청,2026년 국가물산업클러스터 물기업 지원사업 회계정산 및 검증 용역,경복회계법인,79800000,,
R26BK01452785,2026-04-24,조달청 서울지방조달청,2026년 성평등 영상 및 카드뉴스 등 콘텐츠 개발,(주)디지털에볼루션,177000000,,
R26BK01450177,2026-04-21,서울특별시교육청 서울매그넷고등학교,2026학년도 서울매그넷고 2학년 소규모테마형교육여행 위탁용역,(주)와이드엘투비,66463500,98.341,67773000
R26BK01465870,2026-04-27,국립항공박물관,국립항공박물관 소장자료 상태조사(3차연도),모던 헤리티지(Modern-Heritage),69000000,,
R26BK01445319,2026-04-17,한국보건산업진흥원,2026년 보건의료 RnD 성과 조사·분석 연구,(주)윕스,107800000,,
R26BK01452898,2026-04-30,재단법인울산문화관광재단,2026 울산마차 운영 용역,유엠아이티주식회사,448000000,,
R26BK01441194,2026-04-24,조달청,2026년 국가기후위기대응위원회 넷제로프렌즈 운영,온더플래닛 주식회사,295623909,,
R26BK01464555,2026-04-27,전남광주통합특별시교육청 광주청사,2026 학생 글로벌 리더 세계 한 바퀴 프로그램(체육인재 글로벌 챌린지)위탁용역,(주)알프스관광,83948200,92.294,
R26BK01450595,2026-04-21,조달청 광주지방조달청,보령시 녹도 섬 지역 특성화사업(3단계) 현장관리 운영 용역,청춘여가연구소,143160000,,
R26BK01433363,2026-04-21,경상북도 고령군,고령군 도로건설·관리계획 및 농어촌도로 기본(정비)계획 수립 용역(협상),주식회사 케이씨아이,360000000,,
R26BK01456957,2026-04-24,조달청 서울지방조달청,글로벌 ICT 표준 컨퍼런스(GISC) 2026 운영대행 용역,주식회사 씨피파트너즈,123000000,,
R26BK01471783,2026-04-30,조달청 서울지방조달청,서울대학교박물관 수장고 유물 포장·운반·격납 위탁 용역,동부아트(주),187910000,,
R26BK01401044,2026-04-28,한국국제협력단,2026년 한국국제협력단 일반직 및 공무직 신규 채용 대행 용역,주식회사 인사바른,429104277,,
R26BK01450977,2026-04-21,식품의약품안전처,소비기한 적용 현황 실태조사,한국식품산업협회 부설 한국식품과학연구원,100000000,,
R26BK01378817,2026-04-10,조달청 서울지방조달청,[지원] 병원 또는 지역사회에서 활용가능한 재활기술의 임상적 효과 분석 및 고도화 연구,가톨릭대학교 산학협력단,120000000,,
R26BK01443127,2026-04-24,농림식품기술기획평가원,2026~2028회계연도 농림식품기술기획평가원 외부회계감사,세움회계법인,47850000,,
R26BK01462964,2026-04-28,행정안전부 국립재난안전연구원,기후변화 대응을 위한 방재시설 기준 및 연혁관리 정보 연계 관리 체계 연구,재단법인 한국재난안전기술원,44541000,,
R26BK01428023,2026-04-29,조달청 서울지방조달청,(긴급) 지능형 캠퍼스를 위한 차세대 네트워크망 구축 PMO 사업,(주)한국정보기술단,1530000000,,
R26BK01434175,2026-04-14,조달청 대전지방조달청,2025회계연도 전기통신사업자 등 회계검증 용역(B그룹),태일회계법인,195800000,,
R26BK01459281,2026-04-24,중소기업기술정보진흥원,2026년도 테크노파크 경영실적평가 계량실적 검증 및 설문조사 용역,(주)엠앤엠리서치,35000000,,
R26BK01437786,2026-04-14,영산강.섬진강수계관리위원회,수질오염총량관리 정밀원인분석 연구용역(영본B),전남대학교 산학협력단,166100000,,
R26BK01472070,2026-04-30,조달청 서울지방조달청,2025년도 동반성장지수 체감도조사 및 통계분석 용역,주식회사 케이스탯리서치,345000000,,
R26BK01451729,2026-04-29,조달청 대구지방조달청,공공 웹·앱 UI/UX 추진,주식회사 엘토브,734408920,,
R26BK01448122,2026-04-21,조달청 충북지방조달청,2026년 채용동향 조사,(주)한국갤럽조사연구소,148000000,,
R26BK01460135,2026-04-27,한국지식재산보호원,’26년 K-브랜드 보호 포털 고도화 및 유지관리,(주)에듀인소프트,58900000,,
R26BK01443967,2026-04-27,(주)제주국제컨벤션센터,제13회 제주국제크루즈포럼 행사 기획 및 운영 용역,주식회사 이담,214700000,,
R26BK01441923,2026-04-21,조달청 광주지방조달청,태안군 가의도 섬 지역 특성화사업(1단계) 현장관리 운영 용역,지역자산화협동조합,135000000,,
R26BK01450871,2026-04-29,조달청 충북지방조달청,2026년 상반기 ICT 비즈니스 파트너십 운영 용역,(주)마이스리치,178200000,,
R26BK01471041,2026-04-29,조달청 인천지방조달청,한국의 생물다양성 AI 개발을 위한 학습용 데이터 확보(2026년),주식회사동북아생물다양성연구소,237500000,,
R26BK01411985,2026-04-28,조달청 서울지방조달청,AI기반 문화생활지원 통합서비스 플랫폼 구축사업,주식회사 알앤비소프트,4044700000,,
R26BK01461281,2026-04-24,경기도 화성시,공유재산 실태조사 및 DB구축 용역,(주)지트,196000000,,
R26BK01470285,2026-04-30,조달청 서울지방조달청,2026년 2차 경찰청 사이버 교육콘텐츠 제작,주식회사 트리짓소프트웨어,407550000,,
R26BK01456224,2026-04-21,한국산업단지공단,"2026년 산단 태양광 수요기업 컨설팅용역(서울, 경기북부)",한빛디엔에스(주),89298396,,
R26BK01454263,2026-04-21,지방공기업평가원,지방공공기관 직무중심 인사관리를 위한 단계별 지원 집단컨설팅 용역,시앤피컨설팅 주식회사,184000000,,
R26BK01462516,2026-04-27,한국식품산업클러스터진흥원,K-푸드 수출주니어 기업 육성 용역(과업내용 변경),주식회사경기수출,100000000,,
R26BK01494274,2026-04-30,조달청,하천환경변화를 고려한 영산강권역 AI 홍수예보체계 개선 연구,주식회사 삼안,269500000,100.0,
R26BK01463822,2026-04-28,재단법인 전통공연예술진흥재단,국악상품 온라인 매칭 플랫폼 구축 용역,주식회사 웹비즈크리에이티브,56700000,90.0,
R26BK01444682,2026-04-17,한국기술교육대학교,메타 스튜디오 유지관리,주식회사 아이오에프엑스메타미디어커뮤니케이션스,60000000,,
R26BK01496050,2026-04-30,한국교통안전공단 자동차안전연구원,2026년 충돌모의시험 지그제작 및 준비업무 외주용역,장운테크,92502850,97.548,
R26BK01463646,2026-04-27,한국어촌어항공단,2026년 연근해어장 생산성 개선 지원사업 관리시스템 운영 및 유지관리용역,주식회사 더 핸즈,81712400,,
R26BK01432414,2026-04-24,조달청 서울지방조달청,차세대 법률정보 통합시스템 구축 1단계 사업,주식회사 이씨오,2174000000,,
R26BK01473435,2026-04-28,서울특별시교육청 서울특별시강동송파교육지원청,[긴급] 2026 강동송파 초등「AI·디지털 기반 교육혁신 연수」 위탁 운영 용역,주식회사 에이럭스,130800000,96.673,
R26BK01452325,2026-04-28,한국발명진흥회,2026년「모두의 아이디어」아이디어 고도화(정책 분야) 수행 용역,주식회사 엠와이소셜컴퍼니,481000000,,
R26BK01470523,2026-04-28,인덕대학,재학생 외국어 향상(Global 2000 Build-up) 프로그램 위탁 교육 운영,주식회사티티씨에듀,43000000,97.727,
R26BK01433101,2026-04-14,재단법인전라남도정보문화산업진흥원,2026년 게임 인재양성 프로그램 운영 용역,더존아카데미학원,108350000,98.597,
R26BK01412345,2026-04-03,제주특별자치도 서귀포시,[입찰공고]2026 서귀포시 드론라이트쇼 행사대행 용역(협상에의한계약),주식회사 파블로항공,383616000,,
R26BK01464255,2026-04-28,한국지식재산보호원,’26년 해외 상표 무단선점 시스템 기능개선 및 유지관리,주식회사마크클라우드,199000000,,
R26BK01392683,2026-04-22,한국농어촌공사 농어촌연구원,화옹지구 비점오염저감시설 등 수질모니터링 연구,주식회사 물과환경,295480000,,
R26BK01455898,2026-04-22,경북문화재단 콘텐츠진흥원,경북콘텐츠기업지원센터 홍보 프로모션 운영 용역,(주)태원이노베이션,36317820,,
R26BK01456150,2026-04-28,부산광역시,2026 북항 오션 SUP FESTA 행사대행 용역,S．O．K management,262450000,,
R26BK01465080,2026-04-28,충남대학교 산학협력단,2026 글로벌 실용화 프로젝트(해외연수) 위탁 용역,주식회사 여행대로,98800000,,
R26BK01457581,2026-04-23,농촌진흥청,농촌진흥청 신품종 명칭부여 기준수립 연구 용역 재공고,지역농업네트워크충북협동조합,26700000,,
R26BK01460987,2026-04-24,국회 국회사무처,2026년 국회 국․과장급 직위승진 및 5급 승진 후보자 역량평가교육 모의과제 개발 및 교육 운영,주식회사 나우,56000000,,
R26BK01472765,2026-04-28,조달청 서울지방조달청,제9회 국방과학기술대제전 행사 용역,주식회사시퀀스,513500000,,
R26BK01498404,2026-04-30,서울특별시 물재생센터 난지물재생센터,2026년 슬러지1처리장 탈황설비 정비 용역,주식회사 주원테크,45900000,90.0,
R26BK01460168,2026-04-24,울산대학교,2027학년도 신·편입학 입학전형 안내자료 제작 용역,Designssoul,56650000,,
R26BK01452312,2026-04-28,한국발명진흥회,2026년「모두의 아이디어」아이디어 고도화(기술 분야) 수행 용역,아이지온파트너스 주식회사,960000000,,
R26BK01461122,2026-04-28,기후에너지환경부 국립환경과학원,인터넷컴퓨터게임시설업 실내공기질 실태조사,사단법인 한국실내환경학회,47000000,,
R26BK01448346,2026-04-27,문화체육관광부 국립중앙박물관 공주박물관,2026년 국립공주박물관 상설전시실 영상개선  용역,주식회사 우라웍스,98175000,,
R26BK01456450,2026-04-21,인천광역시,인천광역시 바이오·디지털헬스 산업 육성 종합계획(´27~´31)수립 연구용역,주식회사 글로벌오픈파트너스,149000000,,
R26BK01465528,2026-04-29,부산교통공사,ERP 고도화 마스터플랜(ISMP) 수립 용역,(주)갈렙앤컴퍼니,322245000,,
R26BK01468600,2026-04-28,한국항공우주연구원,항공우주 스타트업 협력네트워크 운영 지원사업 용역,주식회사 차이,198000000,95.606,
R26BK01447100,2026-04-22,행정안전부,2026년 지방자치단체 성과관리(자체평가) 지원사업 용역,사단법인 한국평가감사연구원,28996000,,
R26BK01434085,2026-04-30,조달청 서울지방조달청,2026년 소방정보통신시스템 노후장비 교체,새서울정보통신 주식회사,275000000,,
R26BK01444964,2026-04-28,조달청,2026년 축산물품질평가원 통합홍보 용역,주식회사 레인보우커뮤니케이션,285000000,,
R26BK01410258,2026-04-24,문화체육관광부 국립중앙박물관 진주박물관,2026년 국립진주박물관 유튜브 콘텐츠 화력조선 제작 용역,주식회사 우라웍스,136400000,,
R26BK01443680,2026-04-27,인천테크노파크,2026년 인천콘텐츠코리아랩 교육 및 사업화 지원 프로그램 운영 용역,컬쳐랩,398000000,,
R26BK01428254,2026-04-22,조달청 서울지방조달청,26년 중기제품 팝업스토어 운영지원 용역,프로젝트렌트 주식회사,688060000,,
R26BK01450131,2026-04-29,조달청 서울지방조달청,학생선수/선수출신 대학생 진로탐색 프로그램 2026 KUSF U-스포츠마케팅 러너 운영,브이오엠엠(주),423885000,,
R26BK01449336,2026-04-29,조달청,2026년 세종 읍·면지역 우리동네 예술학교,주식회사 더한교육,475000000,,
R26BK01463966,2026-04-27,재단법인 2027 서울 세계청년대회 조직위원회,2027 서울 세계청년대회 참가국 준비회의 운영용역,주식회사 올포원앤쓰리,441000000,,
R26BK01445346,2026-04-21,조달청 서울지방조달청,[2026년 동북아 역사교류 활성화 지원 사업] 한일 해외교류활동 및 자문단 운영 위탁 용역,주식회사 히스토리디,520000000,,
R26BK01433999,2026-04-14,서울특별시,한양의 수도성곽 세계유산위원회 전시부스 제작 설치,주식회사더플래너스,138000000,,
R26BK01458944,2026-04-24,조달청 대전지방조달청,2026년도 신용보증재단중앙회 연간 신규직원 채용 대행 용역,인트로맨(주),120000000,,
R26BK01465183,2026-04-27,식품의약품안전처,의약품 분야 행정처분 실효성·형평성 제고 방안 연구,정부법무공단,75000000,,
R26BK01443117,2026-04-17,기후에너지환경부 온실가스종합정보센터,온실가스 중장기 감축목표 경제적 효과 분석,(사)한국기후변화학회,98000000,,
R26BK01409527,2026-04-30,조달청,국립법무병원 차세대 통합의료정보시스템 구축 사업,(주)평화이즈,9856000000,,
R26BK01476345,2026-04-29,충청북도교육청 매괴고등학교,"2026학년도 매괴여자중학교 1,2학년 국내체험학습[문화체험 - 서울일대] 용역업체 선정 입찰공고",하나로클럽 주식회사,56684200,97.176,
R26BK01460518,2026-04-27,한국여자농구연맹,[긴급] 2026~2027시즌 WKBL 뉴미디어 채널 홍보 대행 용역,주식회사 에스앤씨스튜디오,118200000,,
R26BK01433961,2026-04-30,조달청 대구지방조달청,2026년 공공 재해복구시스템(DR) 구축 ISP사업(1차),(주)브이티더블유,2659320000,,
R26BK01450644,2026-04-22,경찰청 경찰대학,경찰대학 포렌식사이언스랩센터 첨단 포렌식 분석기법 연구용역,주식회사 엑사솔루션,58800000,,
R26BK01441678,2026-04-28,한국농어촌공사 경남지역본부 의령지사,가례면 기초생활거점조성사업(2단계) 기본계획수립 용역,주식회사 알이디 건축사사무소,74451200,,
R26BK01441486,2026-04-15,한국국제보건의료재단,라오스 국가 암 검진 및 관리 역량강화 형성조사,국립암센터국제암대학원대학교 산학협력단,100000000,,
R26BK01454964,2026-04-22,재단법인전라남도정보문화산업진흥원,2026년 전남콘텐츠코리아랩 홍보 운영 용역,주식회사 비액티브랩,46318000,91.914,
R26BK01451129,2026-04-27,한국보훈복지의료공단보훈교육연구원,2026년 어린이 나라사랑 잡지 발간 및 콘텐츠 제작·배포 용역,한국애드,157250500,,
R26BK01450725,2026-04-30,경제인문사회연구회,2026년도 한·베 국제 컨퍼런스 국제학술행사 대행 용역,주식회사 워드캣,60000000,,
R26BK01447491,2026-04-21,영화진흥위원회,2025년 기준 한국영화 사업체 조사 용역,글로벌알앤씨 주식회사,72000000,,
R26BK01428970,2026-04-22,조달청 경남지방조달청,저작권 비즈니스 지원센터 운영  및 권리관리정보 통합 DB 구축,주식회사 비욘드테크,1547000000,,
R26BK01459835,2026-04-24,해양환경공단,2026년 해양환경공단 본사 일반건강진단,사단법인 정해복지,350000,,
R26BK01473848,2026-04-28,조달청 대전지방조달청,2026년 정책 소비자 체감형 콘텐츠 제작 사업,주식회사 주노베이션,178000000,,
R26BK01459392,2026-04-24,한국건설기술연구원,해상교량 모사 실험체를 활용한 염화물 침투 가속 및 전기방식 시스템 현장 시공성 확보를 위한 실험 용역,주식회사 파이래드,67100000,,
R26BK01438711,2026-04-28,조달청,스마트 HACCP 플랫폼 고도화 7단계,주식회사 엑스코어시스템,793000000,,
R26BK01433353,2026-04-21,경기도청 북부청사,2026년 DMZ OPEN 페스티벌 통합홍보 운영,주식회사 컵아이앤엠,207000000,,
R26BK01473782,2026-04-30,재단법인 광주정보.문화산업진흥원,광주음악창작소 뮤지션 제작지원,오디오가이 주식회사,80700000,,
R26BK01480819,2026-04-30,서울시설공단,2025년 홍제천고가교 보수공사 안전점검 수행기관 지정,주식회사 한림이앤지,3869000,88.622,
R26BK01471898,2026-04-28,한국어촌어항공단,2026년 수산식품 교육 운영,주식회사 농수축산신문,107400000,,
R26BK01438005,2026-04-30,국민건강보험공단,장애인보조기기의 장애유형별·기능별 보험급여 타당성 연구,서울대학교병원,68000000,,
R26BK01451465,2026-04-27,한국농어촌공사 전북지역본부 정읍지사,석탄마을 취약지역 생활여건 개조사업 기본계획 수립 및 지역역량강화용역,유한회사 한터,167040000,,
R26BK01462445,2026-04-30,조달청 광주지방조달청,2026 국립아시아문화전당 온라인 홍보 용역,(주)웹브라이트,161500000,,
R26BK01472588,2026-04-28,전북특별자치도교육청 전북특별자치도익산교육지원청,[긴급]2026년 익산과학축전 및 진로·진학박람회 행사 용역,주식회사 보라,70000000,86.11,
R26BK01498365,2026-04-30,한국철도기술연구원,범부처 연구비통합관리시스템(Ezbaro/RCMS) 통합 연계시스템 구축,주식회사 마인드컨설팅,192000000,99.946,
R26BK01425528,2026-04-16,사단법인 한국여성벤처협회,2026년 민간협력 여성벤처·스타트업「여성특화 액셀러레이팅 프로그램」위탁용역,젠엑시스(주),162750000,,
R26BK01431291,2026-04-16,전북특별자치도 장수군,장수군 지하시설물 전산화사업 용역(3단계)(협상에의한계약),주식회사 웨이버스,1186000000,,
R26BK01423666,2026-04-15,사단법인 한국여성벤처협회,2026년 여성벤처 글로벌화 지원 프로그램 위탁용역,(주)심산벤처스코리아,102960000,,
R26BK01410212,2026-04-30,농림수산식품교육문화정보원,2026년 귀농귀촌 준비커뮤니티 지원사업,글로벌스퀘어 주식회사,469800000,,
R26BK01428301,2026-04-10,충청남도 아산시,윤보선 대통령 기념관 건립 타당성 조사 및 기본계획 수립 연구용역(협상에 의한 계약),숙명여자대학교산학협력단,42500000,,
R26BK01425609,2026-04-16,사단법인 한국여성벤처협회,2026년 민간협력 여성벤처·스타트업「여성특화 액셀러레이팅 프로그램」위탁용역,젠엑시스(주),162750000,,
R26BK01430522,2026-04-10,대구경북과학기술원,DGIST 굿즈샵 조성 및 1층 도서관 신규 디자인 용역,(주)피스페이스,117600000,,
R26BK01425740,2026-04-16,사단법인 한국여성벤처협회,2026년 민간협력 여성벤처·스타트업「여성특화 액셀러레이팅 프로그램」위탁용역,젠엑시스(주),162750000,,
R26BK01434228,2026-04-14,서울특별시,2026년 서울특별시 공공기관 통합채용 대행 용역,(주)사람인,549337580,,
R26BK01411601,2026-04-13,재단법인 강원특별자치도경제진흥원,2026 강원더몰·시군몰 연간 온라인 마케팅 용역,주식회사 케이에스씨,100000000,,
R26BK01423140,2026-04-16,부산광역시 기장군,2026년 기장군 관광홍보 유튜브 「기장카먼」 운영,(주)프로덕션리뷰,123000000,,
R26BK01425821,2026-04-16,사단법인 한국여성벤처협회,2026년 민간협력 여성벤처·스타트업「여성특화 액셀러레이팅 프로그램」위탁용역,젠엑시스(주),162750000,,
R26BK01429514,2026-04-21,(재)경기문화재단 실학박물관,2026년 실학박물관 중요 소장자료 보존처리 용역,고창문화재보존,94500000,,
R26BK01384583,2026-04-21,사단법인 친환경축산협회,친환경축산직접지불사업 종합분석 및 개선방안 연구,BA플러스,59400000,,
R26BK01454761,2026-04-30,조달청 대전지방조달청,중요기록물 DB구축 및 공개재분류 용역,주식회사 디앤디기술,192000000,,
R26BK01447137,2026-04-30,(재)충청남도역사문화연구원,추사 김정희 한중 국제학술포럼 행사대행 용역,주식회사 이음,168700000,,
R26BK01422772,2026-04-16,재단법인 서울관광재단,2026 해외관광박람회 서울 홍보부스 제작 및 운영,주식회사 에이디자인그룹,259000000,,
R26BK01466185,2026-04-27,재단법인경기문화재단,2026년 경기문화예술교육 매개자 연수 운영 용역,희망둥지협동조합,87500000,,
R26BK01487004,2026-04-27,조달청 대전지방조달청,2026년 무형유산 원천기록물 매체수록 사업,근남정보기술 주식회사,177100000,99.887,
R26BK01493024,2026-04-28,한국철도기술연구원,TRIPS International Edition 싱가포르 실증 진행 및 국제협력 지원,홍익대학교 산학협력단,63000000,99.908,
R26BK01441273,2026-04-24,충청남도 천안시,2026 천안 드론라이트쇼 운영 대행 용역,주식회사 다온아이앤씨,247450000,,
R26BK01429606,2026-04-10,국가과학기술인력개발원,2026년 해외연구인력 생활 및 경력성장 통합지원 플랫폼 구축,(주)플랜아이,263000000,,
R26BK01429336,2026-04-29,조달청 서울지방조달청,사회서비스 정보 통합관리 기반 구축 사업관리 위탁(PMO) 용역,(주)한국정보기술단,1959900000,,
R26BK01450923,2026-04-30,결초보은 상권활성화 사업추진단,결초보은상권 공동배달 운영지원 및 전문인력 운영,콜라보에어 주식회사,134000000,,
R26BK01458066,2026-04-23,학교법인한국폴리텍,지역직업교육센터 설립 검토 연구용역(긴급),주식회사 한국지식경제연구원,96000000,,
R26BK01448501,2026-04-29,조달청 서울지방조달청,2026년 발달장애인 등을 위한 읽기쉬운책 제작사업,주식회사 보인정보기술,1059300000,,
R26BK01461925,2026-04-24,대전과학기술대학교 산학협력단,2026학년도 AI·DX 코딩교육 및 해커톤 캠프 프로그램 운영,주식회사 어썸스쿨,39970000,99.925,
R26BK01365862,2026-04-13,재단법인 한국공예디자인문화진흥원,「2026년 기업연계 전통문화상품 개발」종합운영대행 용역,주식회사 몽규,474852528,,
R26BK01438625,2026-04-30,조달청 대구지방조달청,2026년 공공데이터 품질관리 및 실태평가 용역사업,(주) 한국능률협회컨설팅,6318000000,,
R26BK01419715,2026-04-15,재단법인 서울관광재단,2026 서울다누림관광 홈페이지 운영 및 유지보수,(주)스위트케이,117000000,,
R26BK01468694,2026-04-27,한국에너지정보문화재단,2026년 원자력발전포럼 미래세대 분과 운영 용역,주식회사 13컴퍼니,92388464,94.331,
R26BK01491080,2026-04-27,한국농어촌공사 전남지역본부 영암지사,영암군 지역특화 임대형 스마트팜 조성사업(온실조성) 건설폐기물처리 용역,천지환경(주),9340000,91.992,
R26BK01365823,2026-04-13,재단법인 한국공예디자인문화진흥원,2026 글로벌 대중 브랜드 K-text 확산 사업 종합운영대행,주식회사 몽규,788209528,,
R26BK01460946,2026-04-30,한국화학연구원,차세대 모달리티 기반 난치질환 치료제 기술분야 IP-R&D 전략수립,카이특허법인(유한) (KAI IP Law LLC),50000000,,
R26BK01448865,2026-04-28,조달청 서울지방조달청,2026년 사이버수사시스템 유지관리,주식회사 지에프씨코리아,255000000,,
R26BK01442687,2026-04-17,경상북도 영덕군,「영덕 영해장터거리 근대역사문화공간」 국가등록문화유산·등록문화자원 종합기록화 및 활용방안 구상 용역(협상에의한계약),사단법인 고신문화유산,700000000,,
R26BK01439570,2026-04-28,조달청 서울지방조달청,국내 수출 주력산업 특화 Scope 3 배출량 산정 지원시업,주식회사 에코시안,440000000,,
R26BK01467618,2026-04-27,산림청 남부지방산림청,2026년 ‘경북권역 산림인접건축 등 위험지역’의 현장조사 및 검토 전문성 제고 방안 마련 용역,한국산림재난안전기술공단,94963900,,
R26BK01399573,2026-04-27,한국농어촌공사 경북지역본부,화서면 농촌중심지활성화사업 기본계획수립 용역,주식회사 선재,300000000,,
R26BK01453675,2026-04-30,재단법인서울디자인재단,2026년 서울디자인재단 소셜미디어 기획 및 운영,"주식회사 휴비즈(hyubiz Co., Ltd)",237800000,,
R26BK01448224,2026-04-20,한국수산자원공단 남해본부,2026년 남해군 갑오징어 산란서식장 통합관리,(주)수중생태기술연구소,525200000,,
R26BK01458747,2026-04-24,국방부 한국국방연구원,한국국방연구원 고충상담창구 위탁 용역,노무법인 마로,22162500,,
R26BK01439583,2026-04-28,충청북도교육청 충청북도자연과학교육원,2026. 충북 노벨과학 리더키움 해외 프로젝트 용역 입찰 공고,(합)샤론항공여행사,196400000,,
R26BK01473844,2026-04-28,경기도,2026년 경기경제자유구역 투자유치 홍보물 제작,웨스트코 주식회사,70000000,,
R26BK01376269,2026-04-21,한국국제협력단,필리핀 사이버 위기대응 역량강화를 위한 국가사이버안전센터 구축사업 PMC 용역,한국인터넷진흥원,4474349655,,
R26BK01348445,2026-04-20,인천국제공항공사,2026 세계항공컨퍼런스 대행용역,주식회사 유니원커뮤니케이션즈,531107115,93.921,
R26BK01466049,2026-04-27,과학기술정보통신부 우정사업본부 우정인재개발원,2026년도 이러닝 콘텐츠 개발,주식회사 트리짓소프트웨어,84810000,,
R26BK01440745,2026-04-30,조달청 서울지방조달청,2026년 연속간행물 목차정보 DB 구축 사업,주식회사 에프아이솔루션,143990000,,
R26BK01407348,2026-04-29,한국콘텐츠진흥원,2026 신진디자이너 액셀러레이팅 지원사업 위탁용역,(주)피에프아이엔,598000000,,
R26BK01453935,2026-04-30,재단법인서울디자인재단,2026년 지속가능한 디자인 제품·서비스 판로개척 마케팅 및 행사운영 용역,주식회사 어반플레이,482850000,,
R26BK01465808,2026-04-27,민주화운동기념사업회,2026년 청소년 민주주의 행사 프로그램 운영,주식회사 더피엠디,74500000,,
R26BK01446720,2026-04-20,(재)경기도경제과학진흥원,2026년 판교 스타트업 투자교류회 운영 용역,주식회사 내비온파트너스,99000000,99.0,
R26BK01438483,2026-04-23,재단법인 울산정보산업진흥원,2026 콘텐츠 성과공유회 및 네트워킹 프로그램 통합 운영,(주)온기획,256080000,,
R26BK01471519,2026-04-29,한국과학기술정보연구원,국가과학기술 AI·컴퓨팅 허브센터 구축전략 컨설팅,주식회사 미래비전그룹,380000000,98.701,
R26BK01463874,2026-04-27,재단법인 부산정보산업진흥원,대한민국 해양 AI 벨트 조성 전략 수립 연구,주식회사 이니씽크,485000000,,
R26BK01461259,2026-04-24,한국산업기술기획평가원,2026년 KEIT 산업기술 그랜드포럼 행사 기획․운영,(주)플러스케이,92300000,,
R26BK01463715,2026-04-28,한국지능정보사회진흥원,2026년 개도국정보이용환경개선 역량강화 프로그램 운영지원,주식회사 컬쳐마케팅컴퍼니,67378345,,
R26BK01469600,2026-04-28,국무조정실,타겟별·지역별 자살 특성 분석 및 현장 통합 매뉴얼 개발 연구,한국보건사회연구원,80000000,,
R26BK01469826,2026-04-27,경북문화재단 콘텐츠진흥원,2026 경북콘텐츠코리아랩 홍보마케팅 지원사업 및 성과발표회 운영,주식회사 코스믹이앤이,51000000,,
R26BK01466685,2026-04-28,조달청 경남지방조달청,실험실 특화형 창업선도대학 사업 사전기획 및 비즈니스 스케일업 컨설팅 용역,특허법인 정진,135000000,,
R26BK01449825,2026-04-30,조달청,도로와 지하시설물(상·하수도) 전산화 사업,주식회사 삼인공간정보,400000000,,
R26BK01469854,2026-04-28,중소벤처기업진흥공단,2026년 중소기업 특성화고 인력양성사업 위탁정산용역,삼도회계법인,148848000,,
R26BK01465956,2026-04-28,한국환경산업기술원,‘2026년 환경일자리 으뜸기업 선정·지원사업’ 컨설팅 수행,사단법인 한국컨설팅산업협회,100000000,,
R26BK01410107,2026-04-16,조달청 충북지방조달청,2026년 국민참여 청렴콘텐츠 공모전 위탁운영,주식회사씽굿,112800000,,
R26BK01471156,2026-04-29,대구교통공사,2026년 휴양소 운영 용역,샬레코리아 주식회사,199652000,,
R26BK01472028,2026-04-28,(재)경기도경제과학진흥원,2026년 제2판교 스타트업 육성 실태조사 용역,(주)아테나컴퍼니,36000000,,
R26BK01469264,2026-04-27,한국원자력환경공단,고준위방폐물 관리 기반조성을 위한 전문인력 확보전략 수립 용역,주식회사 아이에이치컨설턴시,42300000,,
R26BK01439811,2026-04-23,서울특별시,서울형 지역상생리츠 및 STO 사업화 실행 용역,사단법인 한국부동산금융투자포럼,260000000,,
R26BK01465181,2026-04-28,충청북도 충주시,조동리선사유적박물관상설전시실개편용역,주식회사 야탑,270000000,,
R26BK01463384,2026-04-27,한국콘텐츠진흥원,[재공고]2026년 해외 방송마켓(5개) 한국공동관 및 쇼케이스 운영 위탁용역,주식회사 라임커뮤니케이션즈,551500000,,
R26BK01469778,2026-04-30,조달청 경남지방조달청,2026년 UCI 정보시스템 기능 개선 및 활성화,(주)트리즈코퍼레이션,413910000,,
R26BK01447933,2026-04-22,경찰청 경찰대학,치안정책연구소 해외파견자 역할 재정립 등 제도 개선에 관한 연구용역,성신여자대학교 연구산학협력단,36980147,,
R26BK01467059,2026-04-28,(재)대한화장품산업연구원,2026년 K-뷰티 체험·홍보관 온라인 해외 진출 지원 사업 - 라이브커머스-,주식회사 피터팬랩,131120000,,
R26BK01422260,2026-04-15,조달청 부산지방조달청,2026년 수산공익직불제 관리시스템 및 대민포털 고도화 사업,(주)라이온플러스,634000000,,
R26BK01436950,2026-04-22,경기도,제5차 경기도 환경계획 수립 연구용역,재단법인 경기연구원,190000000,,
R26BK01467243,2026-04-28,소방산업공제조합,통합정보시스템 고도화(3차) 사업,주식회사 타임소프트,700000000,,
R26BK01451074,2026-04-24,재단법인스포츠윤리센터,2026년 전문강사 역량강화 교육과정 및 모니터링 프로그램 운영,주식회사 퀀텀에듀솔루션,89000000,,
R26BK01430078,2026-04-23,조달청 서울지방조달청,한국영상자료원 AX 연구용역 사업,주식회사 케이아이티원,118100000,,
R26BK01404952,2026-04-28,한국수자원조사기술원,2026년 KIHS 수자원 포럼 운영 용역,(사)한국수자원학회,319187000,,
R26BK01459177,2026-04-24,(재)경기도경제과학진흥원,(긴급) 2026 경기스타트업서밋 밋업 기획 및 운영 용역,씨엔티테크(주),617500000,95.0,
R26BK01448347,2026-04-21,조달청 서울지방조달청,2026-30년 이종욱펠로우십 프로그램 학위과정(통합) 위탁운영,연세대학교 미래의료산학협력단,5780000000,,
R26BK01448581,2026-04-29,조달청,2026 천연기념물 동물 종 정기조사,(주)한국환경생태연구소,570000000,,
R26BK01435790,2026-04-14,조달청 대구지방조달청,[기술은행] 기업 수요 한의약 유망기술 사업화 용역,특허법인다나,144000000,,
R26BK01467117,2026-04-24,국방부 국군의무사령부,26년 군 건강조사 용역,주식회사 에스티아이,71700000,75.598,
R26BK01471077,2026-04-27,한국예술인복지재단,예술인경력정보시스템 재구축을 위한 정보화전략계획(ISP) 수립,주식회사 데이터트리,72000000,,
R26BK01449393,2026-04-29,조달청,2026년 디지털 기업 글로벌 시장개척단 운영 용역,주식회사 플랜어스컴퍼니,250000000,,
R26BK01409553,2026-04-30,조달청 인천지방조달청,26년 국방통합AI데이터센터 실증목적 GPU 서버 구축사업,대신정보통신 주식회사,21601800000,,
R26BK01452660,2026-04-21,한국환경산업기술원,"탄소중립포인트제(에너지, 자동차 분야) 개선 방안 연구",주식회사 케이아이컨설팅,83600000,,
R26BK01438494,2026-04-23,한국도로교통공단,보호구역 운영·관리체계 개선 및 제도 발전방안 수립에 대한 연구,주식회사 로디스,47000000,,
R26BK01468945,2026-04-27,한국원자력환경공단,2026년 KORAD 조직역량강화교육 운영 용역,한국생산성본부,126500000,,
R26BK01431771,2026-04-14,조달청 서울지방조달청,탄소저감 제품 설계 및 생산 컨설팅,주식회사 트레스웍스,980000000,,
R26BK01466881,2026-04-28,조달청 전북지방조달청,스마트팜 청년창업 보육센터 사업지원,주식회사 이든앤스페이스,142500000,,
R26BK01455542,2026-04-21,행정중심복합도시건설청,2026년 국가상징구역 국민자문단 운영 용역,주식회사 리에이크,116200000,,
R26BK01447954,2026-04-21,조달청,APEC 교통분야 국제행사 대행 및 지원,주식회사 코멕스플랜에스,341450000,,
R26BK01461982,2026-04-24,행정안전부 국립재난안전연구원,지방정부의 다중운집인파재난 예방체계 구축 및 적용기술 연구,주식회사 화이트스캔,55353000,,
R26BK01473625,2026-04-29,연세대학교,2026학년도 연세대학교 대학원생 학술 영어논문 교정지원사업,크림슨인터랙티브코리아주식회사,48620000,73.511,67000000
R26BK01465873,2026-04-30,조달청 서울지방조달청,2026 국립현대미술관 문화행사  2026 MMCA 나잇 행사,주식회사 커스텀엑스스튜디오,172100000,,
R26BK01472809,2026-04-29,한국콘텐츠진흥원,콘텐츠 해외진출 지원체계 고도화 방안 컨설팅 위탁용역,(주)에이치앤컨설팅,155100000,,
R26BK01465970,2026-04-28,재단법인한국교육환경보호원,관심군 학생 전문기관 연계 강화 방안 마련 연구,영남대학교산학협력단,54900000,,
R26BK01450621,2026-04-22,조달청,2026년 오픈소스SW 라이선스 컨설팅·전문교육 및 인식제고,사단법인 한국오픈소스협회,255000000,,
R26BK01451931,2026-04-21,재단법인전라남도정보문화산업진흥원,2026년 ICT이노베이션스퀘어 확산사업 디지털 신기술 역량강화 행사 운영 용역,에이제이인포텍 주식회사,76370000,98.993,
R26BK01468795,2026-04-28,중소벤처기업진흥공단,글로벌혁신 규제자유특구 고도화 전략 및 제도 혁신 방안 연구용역,전략컨설팅집현 주식회사,193500000,,
R26BK01434355,2026-04-30,조달청 대구지방조달청,2026년 공공 재해복구시스템(DR) 구축 ISP 사업(4차),주식회사 넥스트아이앤아이,2409625000,,
R26BK01451949,2026-04-28,조달청 서울지방조달청,국립한국문학관 소장자료 이관 용역 사업,동부아트(주),172050000,,
R26BK01471217,2026-04-27,해양수산부,2026년 해양수산부 외국어교육 과정 운영,주식회사 이플랜,21413700,,
R26BK01446935,2026-04-21,국가유산청,역사문화도시 고도 지정 세부기준 마련 연구,(주) 나루컨설팅,47500000,,
R26BK01468976,2026-04-28,서울패션허브,2026년 서울패션허브 디지털 홍보용 사진·영상 제작 용역,그래픽인력,23100000,,
R26BK01431333,2026-04-14,서울특별시,2026 위기관리회의 SEOUL 행사 운영 용역,주식회사 온앤미,127400000,,
R26BK01446404,2026-04-29,조달청 인천지방조달청,AI 기반 불법조업 탐지 차단 플랫폼 구축,주식회사 지씨,3093900000,,
R26BK01436606,2026-04-22,경기도,제3차 경기도 녹색건축물 조성계획 수립 연구용역,지속가능발전경영센터 주식회사,135135000,,
R26BK01463351,2026-04-28,재단법인 환동해산업연구원,울진군 창업아카데미 및 창업아이디어톤 운영 용역,주식회사 인트윈,43200000,,
R26BK01444612,2026-04-17,국무조정실,2026년 사회대개혁과제 권역별 포럼 및 국민공감마당,주식회사 오렌지미디컴,94121735,,
R26BK01445494,2026-04-27,한국산업기술기획평가원,2026년 KEIT 전담관리 R&D 성과평가(성과 관리·활용 계획 및 효과성 분석) 대응,주식회사 다윈전략컨설팅,290000000,,
R26BK01379439,2026-04-27,한국국제협력단,"(정정공고)제17,18회 ODA 일반 자격시험 운영 용역",주식회사 플립온코리아,117700000,,
R26BK01464655,2026-04-27,한국교육학술정보원,2026년 유치원 및 초중등학교 정보공시시스템 감리,정보기술감리원 주식회사,27500000,,
R26BK01457726,2026-04-21,서울특별시,2026 서울문학기행 대행 용역,오니트 주식회사,98000000,,
R26BK01451832,2026-04-23,충청북도 충주시,2026년충주시지하시설물(상수도)DB수정·갱신사업(협상에의한계약)(단년도차수계약),새한항업(주),416000000,,
R26BK01445122,2026-04-17,재단법인강원정보문화산업진흥원,2026년 강원음악창작소 프로그램 운영 및 관리 용역,에이에이에이문화예술협동조합,105000000,,
R26BK01459006,2026-04-30,조달청 서울지방조달청,2026-30년 이종욱펠로우십 프로그램 학위과정(의공학) 위탁운영,연세대학교 미래산학협력단,3685000000,,
R26BK01453000,2026-04-24,병무청,2026년 병무행정 서비스 만족도 조사,알앤알컨설팅 주식회사,67650000,,
R26BK01476413,2026-04-28,(사)한국수입협회,2026 한국수입시장 홍보영상 제작 용역,(주)믹스미디어,35000000,,
R26BK01469021,2026-04-28,재단법인 전북테크노파크,2026 가명정보 활용 컨설팅 지원 용역,(주)드위치,39600000,,
R26BK01466898,2026-04-30,조달청 부산지방조달청,김 섭취와 건강 관련성 연구,가천대학교산학협력단,570000000,,
R26BK01440270,2026-04-30,조달청,제81주년 광복절 경축식 행사 대행,주식회사 윈스토리코리아,320000000,,
R26BK01466298,2026-04-30,조달청 인천지방조달청,26년 국방재해복구시스템 구축사업,주식회사 엘아이지시스템,17412164000,,
R26BK01435313,2026-04-22,조달청 서울지방조달청,인공지능 기반 음성-자막-수어 변환 시스템 고도화 용역,주식회사 팀벨,980000000,,
R26BK01476030,2026-04-27,사단법인 한국교회총연합,2026 지역공동체 회복을 위한  우리마을 공감음악회 홍보물 제작 용역,협동조합가치공유연구소,39600000,,
R26BK01467667,2026-04-29,기후에너지환경부 국립환경과학원,이동식배출가스측정장비 유지관리 용역(2026년),주식회사 자스텍,91000000,,
R26BK01466781,2026-04-27,부산항만공사,2026년 데이터 품질개선 및 DB관리체계 강화 컨설팅 용역,주식회사 에이오디컨설팅,93500000,,
R26BK01462243,2026-04-28,조달청 서울지방조달청,2026년 사회적기업 및 창업지원사업 홍보 용역,주식회사 매스씨앤지,185700000,,
R26BK01411748,2026-04-29,부산항만공사,부산항 진해신항 서컨 3단계 항만배후단지 실시설계용역,주식회사 세일종합기술공사,4232250000,94.775,4455000000
R26BK01416071,2026-04-21,조달청,2026년 통합학사정보시스템 유지보수 사업,주식회사 나우리,357200000,,
R26BK01466101,2026-04-29,교육부 국립특수교육원,장애인 평생교육 전문인력 역량 강화 연수(찾아가는 연수) 운영,애스톤앤드레이크,48330000,,
R26BK01477437,2026-04-24,한국원자력의학원,RI 관리구역 배기설비 필터시험,주식회사 한국환경시험분석원,39639600,88.033,
R26BK01445919,2026-04-17,국민권익위원회,집단민원 관리 체계 고도화 및 법제 재설계 연구,사단법인 자치법연구원,48750000,,
R26BK01412959,2026-04-22,경상북도 경산시,도시교통정비기본계획 및 중기계획 수립 용역,주식회사 다산컨설턴트,580000000,,
R26BK01415285,2026-04-13,서울특별시 금천구,G밸리 일대 가로숲 조성 실시설계용역,에스엘디자인 주식회사,105600000,,
R26BK01449126,2026-04-21,경상북도 성주군,2026 트윙클 성주! 야간관광 행사 운영,(주)예일커뮤니케이션즈,172000000,,
R26BK01442223,2026-04-21,조달청 인천지방조달청,생체시료 중 미세플라스틱 분석방법 마련 연구(I),중앙대학교 산학협력단,110000000,,
R26BK01490733,2026-04-27,한국농어촌공사 전남지역본부 영암지사,2026년 수질개선사업준공지구(성산제) 인(P)불용화 장치시설 유지관리 용역,주식회사 세기종합환경,19990000,90.958,
R26BK01472122,2026-04-28,재단법인충남콘텐츠진흥원,2026 충남글로벌게임센터 게임 성장 키업 및 글로벌 시장진출 지원,주식회사 롤링펌킨,284000000,,
R26BK01462664,2026-04-29,한국해양소년단연맹,국제청소년해양교육원 건립 기본구상 및 타당성 조사 용역,주식회사 동명기술공단종합건축사사무소,110000000,,
R26BK01442186,2026-04-14,경상북도문화관광공사,APEC 정상회의장 기념관(재현관) 조성 용역,주식회사 플러스스페이스,3200000000,,
R26BK01473173,2026-04-28,서울신용보증재단,2026년 프렙 아카데미 단기특강 운영 용역,주식회사 알파랩,42680000,,
R26BK01455358,2026-04-30,전북특별자치도 군산시,「2026 제14회 군산시간여행축제」 행사운영 대행 용역(협상에의한계약),오말,671917300,,
R26BK01470299,2026-04-27,재단법인강원정보문화산업진흥원,2026년 강원콘텐츠코리아랩 교육 프로그램 운영 용역,주식회사 아이비스퀘어,98000000,,
R26BK01464719,2026-04-27,재단법인 청주시활성화재단,2026년 금천동 도시재생 주민역량강화사업 추진 용역,주식회사 온컴퍼니,74080000,,
R26BK01448322,2026-04-27,전북특별자치도 고창군,서해안 선셋드라이브 명소화사업 야간경관 미디어아트 영상 제작 용역(협상에 의한 계약),(주)디자인비채,114000000,,
R26BK01473279,2026-04-28,서울신용보증재단,2026년 로컬브랜드 5기 상권 브랜딩 및 마케팅 콘텐츠 개발,(주)브랜드아큐멘,95000000,,
R26BK01493355,2026-04-28,해양수산부,선박검사제도 개선 연구용역,국립한국해양대학교 산학협력단,69300000,100.0,
R26BK01447910,2026-04-21,재단법인 울산정보산업진흥원,선박데이터의 경제성 평가 및 가치 환산 연구용역,사단법인 한국항만물류전략연구원 서울분원,45000000,,
R26BK01456662,2026-04-27,(재)부산창조경제혁신센터,BOUNCE 2026 행사 위탁 운영 용역,주식회사 포유커뮤니케이션즈,287950000,,
R26BK01484549,2026-04-30,(주)마로스튜디오,애니메이션 IP(헬로랜드) 키애니메이션/합성렌더/FX 제작,(주)긱스소프트,319000000,,
R26BK01452906,2026-04-22,기후에너지환경부 국립환경과학원,국가기후위기적응센터 누리집 유지보수(2026),주식회사 에스온시스템,29400000,,
R26BK01469916,2026-04-29,한국양성평등교육진흥원,2026년 기업 맞춤형 다양성 교육 효과성 조사 분석,주식회사 코리아리서치센터,59400000,,
R26BK01443379,2026-04-27,경상남도 양산시,2026년 황산공원 물놀이장 설치·해체 및 운영·관리 용역,주식회사 청솔기획,455000000,,
R26BK01455046,2026-04-30,조달청,초등 AI교육 담당교원 역량 강화 연수 운영,주식회사 네패스,1045000000,,
R26BK01446067,2026-04-21,해양수산부,항만법 체계 개편 방안 연구용역,한국법제연구원,120000000,,
R26BK01469448,2026-04-29,한국지능정보사회진흥원,소프트웨어 개발보안 제도 개선을 위한 연구,주식회사 옵스테크,47110000,,
R26BK01432197,2026-04-13,해양수산부,내수면 가두리양식업 손실보상에 관한 실태조사,국립부경대학교 산학협력단,150000000,,
R26BK01446567,2026-04-30,조달청 서울지방조달청,KUSF 클럽챔피언십 2026 대회 운영,브이오엠엠(주),988900000,,
R26BK01455613,2026-04-22,한국임업진흥원,2026년도 산림탄소 홍보 및 마케팅 운영,주식회사 보다컴퍼니,42000000,93.333,
R26BK01435901,2026-04-14,식품의약품안전처,세포배양식품의 소비자 인식조사 및 소통방안 연구,사단법인 한국소비자연맹,49500000,,
R26BK01471865,2026-04-29,대전광역시,2026년 대전형 절충교역 컨설팅 지원사업 수행 용역,글로벌조달개발원 주식회사,39980000,,
R26BK01468305,2026-04-28,서울특별시교육청,2026년 서울교육정책 여론조사 및 컨설팅 용역,글로벌알앤씨 주식회사,59400000,96.849,
R26BK01452231,2026-04-24,조달청 인천지방조달청,국토교통 중소·벤처기업 판로개척 지원 프로그램,주식회사 이노싱크컨설팅,146000000,,
R26BK01457029,2026-04-30,조달청 경남지방조달청,특수교육 AI · 디지털 교육자료 콘텐츠 개발,주식회사 에누마코리아,1015107390,,
R26BK01473575,2026-04-28,재단법인한국교육환경보호원,학생 마음건강 실태조사 방안 연구,한국보건사회연구원,80000000,,
R26BK01463741,2026-04-28,산림청,국가중요시설(초고압 변전소) 산불관리 대응체계 구축,한국산림재난안전기술공단,98000000,98.068,100000000
R26BK01458525,2026-04-24,조달청 충북지방조달청,사용자 편의기능 개선을 위한 살생물제 환경노출평가툴(BPEAT)의 고도화 연구,한국생산기술연구원,195312500,,
R26BK01403205,2026-04-28,한국콘텐츠진흥원,콘텐츠 해외 투자유치 지원 프로그램 U-KNOCK 2026 in USA 운영 위탁용역,(주)마이스리치,945750000,,
R26BK01413405,2026-04-03,경상북도,경상북도 호소 환경 및 생태조사 연구 용역,주식회사 케이에코,79832000,,
R26BK01497987,2026-04-30,한국건설기술연구원,2026년 비용 및 성능 정보 관리 및 분석,유니콘스(주),271986000,99.811,
R26BK01467728,2026-04-28,기후에너지환경부 원주지방환경청,신선 폐석면광산 주변지역의 사후 환경오염영향조사 연구용역,재단법인 환경기술정책연구원,47300000,,
R26BK01446093,2026-04-17,해양수산부,순직선원 위령탑 이전방안 등 검토 연구,재단법인 부산연구원,63700000,,
R26BK01438246,2026-04-30,한국연구재단,2026년 생성형 AI 기반 연구지원 정보서비스 구축 감리사업,주식회사 에이씨에스글로벌,80392000,,
R26BK01463339,2026-04-28,중소벤처기업진흥공단,2026년 코리아스타트업센터 사업관리시스템 및 홈페이지 유지보수,(주)일주지앤에스,99700000,,
R26BK01457045,2026-04-27,경상남도 양산시,상신기마을 안심골목길 조성사업 디자인 개발 및 실시설계 용역,지해디자인건축사사무소,34000000,,
R26BK01451057,2026-04-21,법제처,(재공고)법제처 홍보 콘텐츠 제작 용역,주식회사 미디어스트리트,53570000,,
R26BK01420735,2026-04-15,서울특별시,신속통합기획 대상지(독산동 1022 일대) 건축기획설계 및 정비계획수립 지원 용역,주식회사 플랜에스건축사사무소,343200000,,
R26BK01428554,2026-04-28,조달청 서울지방조달청,2026년 산림교육원 사이버학습 콘텐츠 제작,(주)중앙아이씨에스,128250000,,
R26BK01459877,2026-04-28,조달청 부산지방조달청,육상수조 테스트베드 구축 및 실증연구,주식회사 아쿠아랩,4032000000,,
R26BK01429620,2026-04-17,행정중심복합도시건설청,행복도시 2040 탄소중립 실행계획 고도화 연구용역,건축공간연구원,73480000,,
R26BK01468273,2026-04-30,한국공항공사,2050 탄소중립 중장기 계획 롤링 용역,(주) 한국능률협회컨설팅,278928000,73.965,
R26BK01465868,2026-04-28,서울특별시교육청 서울특별시교육청보건안전진흥원,2026년도 학교 실내 공기질 통합 관리 지원단 위탁 운영 전자입찰 공고,서경대학교산학협력단,70000000,100.0,
R26BK01468791,2026-04-27,주식회사한국중소벤처기업유통원,2026년 상반기 한국중소벤처기업유통원 신규채용 대행용역,인트로맨(주),110000000,93.47,117360000
R26BK01464853,2026-04-27,한국콘텐츠진흥원,[재공고] 2026 글로벌게임허브센터 게임테스트베드 및 입주공간 통합운영 위탁용역,주식회사 투썬캠퍼스,682400000,,
R26BK01463609,2026-04-28,조달청,2026년 반려동물사료 안전관리 위탁검정,주식회사 더케이분석센터,287700000,,
R26BK01458237,2026-04-21,국토교통부,건축산업 진흥을 위한 법률안 마련 및 입법 지원에 관한 연구,건축공간연구원,87120000,,
R26BK01460657,2026-04-30,서울시설공단,지능형 데이터 개방 플랫폼 구축,주식회사 데이콘인피니티,550000000,,
R26BK01467019,2026-04-27,해양환경공단,2026년도 해양환경공단 국민소통참여단 운영,한국에스엔에스인재개발원(주),76900000,,
R26BK01469795,2026-04-27,경북문화재단 콘텐츠진흥원,2026 경북콘텐츠코리아랩 교육 프로그램 운영,주식회사 쉐어라이프,60270000,,
R26BK01452841,2026-04-20,재단법인경기환경에너지진흥원,2026년 기후미래직업 청년일자리 전문교육 운영 용역,한국표준협회,61000000,,
R26BK01400772,2026-04-28,한국콘텐츠진흥원,2026 콘텐츠 해외진출 정보제공 위탁용역,이로운파트너스주식회사,374000000,,
R26BK01460862,2026-04-27,경찰청,안보사이버수사 역량 강화 방안 연구(긴급),(사)국가안보전략연구원,47000000,,
R26BK01484409,2026-04-30,(주)마로스튜디오,애니메이션 IP (헬로랜드) 3D 배경 및 프랍 모델링 제작,제이크로커스 주식회사,132000000,,
R26BK01455771,2026-04-23,한국보건산업진흥원,보건의료분야 사업화 유망기술 발굴 및 통합 마케팅 지원,위노베이션 주식회사,85000000,,
R26BK01440249,2026-04-23,경상북도,새정부 에너지분야 국정과제 대응전략 수립 용역,재단법인 경북연구원,230000000,,
R26BK01468994,2026-04-27,경북문화재단 콘텐츠진흥원,경북 로케이션 촬영지 발굴,주식회사 라이프로그,70500000,,
R26BK01464258,2026-04-28,조달청 대구지방조달청,2026년 교육정보시스템 주요정보통신기반시설 통합 취약점 분석평가 통합추진단 역량강화 연수,글로벌게이트,214920000,,
R26BK01464552,2026-04-28,한국에너지공과대학교,[긴급]한국에너지공과대학교 2026년 학생 축제 행사 대행 용역,(주)하루컴퍼니,79860000,,
R26BK01420833,2026-04-15,서울특별시,신속통합기획 대상지(구로동 739-7 일대) 건축기획설계 및 정비계획수립 지원 용역,주식회사 플랜에스건축사사무소,365200000,,
R26BK01459416,2026-04-24,조달청 충북지방조달청,비시험방법을 적용한 내분비계교란물질 선별자료 생산,경희대학교 산학협력단,171000000,,
R26BK01462612,2026-04-29,조달청 부산지방조달청,2026년 들락날락 창의배움터 프로그램 운영 용역,주식회사 비앤케이에듀케이션,459800000,,
R26BK01473123,2026-04-28,조달청 대전지방조달청,2026학년도 대학혁신사업단 실천공학 인재양성 교육 용역,주식회사 한국정보인재개발원,205288600,,
R26BK01446382,2026-04-30,조달청 서울지방조달청,출입국규제 통합관리시스템 구축 사업,주식회사 인포벨리코리아,1276000000,,
R26BK01409272,2026-04-29,국토안전관리원,첨단기술 및 진단측정장비 표준성능검사 방법론 개발 연구,사단법인 한국구조물진단유지관리공학회,460350000,,
R26BK01430812,2026-04-14,대전광역시교육청,2026년 학생 국외과학연구단지 체험프로그램 위탁 용역,지엔코리아 주식회사,311350000,,
R26BK01473749,2026-04-28,조달청 대전지방조달청,아프리카 코끼리(표본) 골격 맞춤 및 보존처리,위프코 주식회사,165000000,,
R26BK01472682,2026-04-28,전남광주통합특별시교육청 전남광주통합특별시교육청시민협치진흥원,2026 생태전환 글로벌 리더 국제교류 위탁용역 2단계(규격가격동시) 제한경쟁 입찰 공고,(주)광주하나항공여행사,47000000,94.169,
R26BK01404290,2026-04-29,한국농수산식품유통공사,2026년 aT 스튜디오 운영,에스케이브로드밴드 주식회사,579600000,84.0,
R26BK01414900,2026-04-30,조달청,2026년 디지털교육연구실 원격수업 콘텐츠 개발 및 유지관리 사업,주식회사 엘릭스,6970000000,,
R26BK01444995,2026-04-22,조달청 대구지방조달청,2026년 중요기록물 정리 및 DB구축 사업,주식회사 에이티앤아이,250000000,,
R26BK01464932,2026-04-27,서울대학교산학협력단,소형차 실도로 주행 연비·온실가스 종합성능 실증 평가 수행 용역_PA202600328,국립한국교통대학교산학협력단,170000000,,
R26BK01440658,2026-04-21,조달청 서울지방조달청,개인정보보호 중심 설계 인증 서비스 지원 및 개선방안 연구용역,주식회사 한국아이티평가원,138000000,,
R26BK01460275,2026-04-30,한국화학연구원,자동차용 규제 대응 신규 소재·부품 개발 IP-R&D 전략수립,특허법인 도담,47500000,,
R26BK01453799,2026-04-30,조달청 서울지방조달청,2027 스포츠윤리교육 프로그램 개발,상상스토리 주식회사,100000000,,
R26BK01399216,2026-04-28,행정안전부,기능연속성계획 수립지침 개선방안 연구,주식회사 안전환경연구소,34000000,,
R26BK01464354,2026-04-27,한국농수산식품유통공사,2026년 글로벌 K-Food 팝업스토어 마켓테스트 샘플운송통관 대행용역,주식회사 이에프로지스,46058995,97.0,
R26BK01473981,2026-04-29,행정안전부,공공 모바일 앱 사전 사용성 평가체계 마련을 위한 정책연구용역,주식회사 헤더스,55000000,,
R26BK01459698,2026-04-20,(사)한국여자프로골프협회,KLPGA 투어 기록 AI 챗봇 시스템 구축 사업,주식회사 씨앤피에스,79400000,100.0,
R26BK01432254,2026-04-14,농촌진흥청 국립농업과학원,(연구용역)밭작물 농작업 기계화 현황 현지조사,주식회사 메트릭스알앤씨,58000000,,
R26BK01465677,2026-04-28,농촌진흥청,AI 시대 기술주도 성장을 위한 조직·기능 효율화 연구 용역,사단법인 한국행정학회,58977284,,
R26BK01464565,2026-04-27,전북특별자치도 익산시,2026 금마고도지역 도시재생 뉴딜사업 모니터링 및 기록화 연구 용역,비스타컨설팅그룹주식회사,70000000,,
R26BK01446810,2026-04-28,조달청 서울지방조달청,2026년 한국어 학습자 쓰기 자료 수집 및 쓰기 평가 말뭉치 구축 연구,연세대학교 산학협력단,390000000,,
R26BK01444290,2026-04-28,한국문화예술교육진흥원,2026 문화예술교육 ODA 인도네시아 중앙정부 예술교육 정책 역량 강화,사단법인 글로벌발전연구원,189887000,,
R26BK01446586,2026-04-28,서울시설공단,2026년 하계휴양소 운영 사업자 선정,샬레코리아 주식회사,695980000,,
R26BK01461041,2026-04-30,한국화학연구원,항생제 내성균 대응 치료제 플랫폼 기술 개발 분야 IP-R&D 전략수립,특허법인 리채,47500000,,
R26BK01456145,2026-04-21,산림청 국립산림과학원,(용역)산림공익기능 유지증진을 위한 지불의사금액 조사,주식회사 에이롭리서치컨설팅,47700000,,
R26BK01433522,2026-04-14,서울특별시,2026 서울 프리미엄 관광 홍보·마케팅,주식회사 에이피씨웍스,130000000,,
R26BK01464918,2026-04-28,한국양성평등교육진흥원,2026년 성평등 애니메이션 콘텐츠 개발,주식회사 세이어바웃,46000000,,
R26BK01435951,2026-04-20,(재)연구개발특구진흥재단,공공기술 사업화 성과지표 고도화 및 기술창업 활성화 전략 연구 용역,건국대학교 산학협력단,77600000,,
R26BK01448635,2026-04-21,국가평생교육진흥원,평생교육이용권 지원사업 홍보물 제작,한결엠,55000000,,
R26BK01466506,2026-04-27,한국농어촌공사 농어촌연구원,농업기반시설물 보수보강 시점 예측을 위한 인공지능 분석 기술 개발 연구 용역,서울대학교 산학협력단,99000000,,
R26BK01468983,2026-04-27,재단법인 게임문화재단,2026 게임리터러시 누리집(지스쿨) 운영 및 관리 위탁용역,주식회사 드림아이디어소프트,79000000,,
R26BK01454532,2026-04-30,조달청 서울지방조달청,「2026 세계도서관정보대회 계기 국립중앙도서관 국제 행사 개최 및 홍보 사업」 계약 의뢰,주식회사 마이스앤드,108300000,,
R26BK01419001,2026-04-06,한국산업기술기획평가원,화학산업 생태계 조성 및 산업 경쟁력 강화방안 연구,사단법인 고등기술연구원 충청캠퍼스,153000000,,
R26BK01468430,2026-04-27,(재)연구개발특구진흥재단,2026년 연구개발특구진흥재단 SNS 운영 용역,콜라보에어 주식회사,72000000,,
R26BK01470514,2026-04-28,경기도 파주시,2026년 생생 국가유산 활용사업(혜음원지를 통해 고려를 알아가다!)(협상에 의한 계약),주식회사 한국문화유산연구센터,104800000,,
R26BK01461393,2026-04-27,동북아역사재단,동북아역사재단 2026년 교원·전문직 울릉도·독도 탐방,(주)화성컴퍼니,48500000,,
R26BK01456587,2026-04-22,한국전기안전공사,2026년 자체청렴도 및 감사수용도 측정 용역,글로벌알앤씨 주식회사,44000000,,
R26BK01443115,2026-04-23,조달청 서울지방조달청,2026년 석재자원 분포도 석재자원조사,주식회사신우엔지니어링,300000000,,
R26BK01385327,2026-04-03,경상남도 창원시,2026 창원 세계아동문학축전 행사대행 용역,주식회사 이디아,250000000,,
R26BK01434755,2026-04-28,경기도 용인시,2026년 용인 생생 국가유산 사업,주식회사 문화위드유더봄,129000000,,
R26BK01417845,2026-04-06,대구경북과학기술원,DGIST AI 마이크로디그리 교수학습지원시스템 구축 용역,(주)포씨소프트,156800000,,
R26BK01404508,2026-04-08,충청북도 청주시,2045 청주도시기본계획 수립 용역(협상에 의한 계약),주식회사 케이지엔지니어링종합건축사사무소,731500000,,
R26BK01467969,2026-04-27,제주특별자치도 소방안전본부,2026년 스트레스 회복력 강화 프로그램 운영,위 ( WE ) 호텔,30383000,,
R26BK01437878,2026-04-28,조달청,원예산물 스마트 저장유통 기술실증센터 구축 설계용역,주식회사 건축사사무소 혜일,0,,
R26BK01469401,2026-04-27,서울특별시 동대문구,구민회관 부지 복합개발사업 문화시설 설계공모 관리용역,주식회사 메이커피앤에스,107500000,,
R26BK01466446,2026-04-28,조달청 서울지방조달청,2026년 상반기 국회방송 외주제작(민심탐험대 00이 뛴다),(주)더와이앤비,242000000,,
R26BK01485905,2026-04-27,한국원자력환경공단,처분 환경을 반영한 모사 공극수 제조 절차 수립 프로토콜 표준화,울산과학기술원,44800000,99.663,
R26BK01467257,2026-04-27,대구경북과학기술원,DGIST 민간투자 연계형 D-TIPS 프로그램 운영 용역(재공고),주식회사 엠와이소셜컴퍼니,50000000,,
R26BK01472510,2026-04-30,행정안전부 국가기록원,2026년 기록관리 이러닝 콘텐츠(모바일 겸용) 사업,모션파크,45000000,,
R26BK01440251,2026-04-23,경상북도,국제 미래에너지혁신센터 구축 타당성 조사 및 기본계획 수립 연구용역,재단법인 경북연구원,138509565,,
R26BK01459311,2026-04-27,한국문화예술위원회,2026년 문학극장 운영 위탁 용역,사단법인 와우컬처랩,219000000,,
R26BK01465678,2026-04-29,조달청 서울지방조달청,2026년 대한민국 미술축제 운영 및 계기 행사 통합 홍보 대행 용역,주식회사 유니원커뮤니케이션즈,647600000,,
R26BK01461105,2026-04-30,한국화학연구원,자율실험시스템 기반 첨단소재개발 IP-R&D 전략수립,특허법인 한얼 클라스한결,49608000,,
R26BK01466812,2026-04-30,조달청 부산지방조달청,AI 기반 어선 기관실 상태 진단 학습 시스템 개발,서울대학교 산학협력단,110000000,,
R26BK01472165,2026-04-28,경북문화재단 콘텐츠진흥원,2026 경북음악창작소 대중음악 콘텐츠 제작 용역,태종기획,45000000,,
R26BK01399113,2026-04-28,국립공원공단,중장기 경영전략 수립 및 조직·인력 효율화 방안 설계 용역,(주) 한국능률협회컨설팅,225500000,,
R26BK01432648,2026-04-20,재단법인 부산연구원,2026 부산복지실태조사,주식회사 에스티이노베이션,82770000,,
R26BK01459002,2026-04-24,기후에너지환경부 국립생물자원관,독도 생물다양성 국가 사업 종합 성과 분석,경북대학교 산학협력단,60000000,,
R26BK01441520,2026-04-17,소방청 국립소방연구원,소방시설의 내진설계기준 해설서 고도화 연구,사단법인 국가화재평가원,48400000,,
R26BK01471745,2026-04-28,통일부,2026 인도-인권 상호대화 위탁 용역(긴급),어나더레벨,56000000,,
R26BK01427120,2026-04-28,조달청,2026년 무역구제 정보관리 시스템 고도화,주식회사 에이투지시스템,496540000,,
R26BK01452657,2026-04-20,보건복지부 국립재활원,2026년 보조기기 산업 실태조사,주식회사 서던포스트알앤씨,38800000,,
R26BK01468404,2026-04-29,조달청 경남지방조달청,2026년 경상남도 디지털산업 진흥계획 수립 연구용역,주식회사 더비엔아이,175000000,,
R26BK01457014,2026-04-21,조달청 대전지방조달청,해양생물유래 추출물의 비만억제 효능분석,국립부경대학교 산학협력단,117000000,,
R26BK01446556,2026-04-29,조달청 서울지방조달청,2026년 사회적기업 온라인 입점판매 지원 용역,(주)더블유케이마케팅그룹,389000000,,
R26BK01448966,2026-04-20,경기도 화성시,화성시 경관계획(3차 재정비) 수립 용역,주식회사 율,300000000,,
R26BK01464304,2026-04-29,조달청 서울지방조달청,2026년 수요맞춤형 구매지원 사업 수행 용역,오늘이음 주식회사,265500000,,
R26BK01470592,2026-04-28,조달청 서울지방조달청,2026년 환경보건포털 콘텐츠 기획 및 운영,주식회사 글로브포인트,207000000,,
R26BK01409060,2026-04-14,경기도 이천시,이천시 경관계획 재정비 용역,주식회사 프로그디자인,213650000,,
R26BK01443957,2026-04-21,(재)구미전자정보기술원,2026 구미시 대만 무역사절단 파견 운영 용역,주식회사 마카글로벌,68090000,,
R26BK01419757,2026-04-15,국가인권위원회,비혼 출산 여성의 자기결정권 및 양육지원 실태조사,한국여성정책연구원,66500000,,
R26BK01472647,2026-04-28,일제강제동원피해자지원재단,2026년 일제강제동원피해자지원재단 출판대행용역,(주) 박영사,36500000,,
R26BK01463452,2026-04-28,조달청 광주지방조달청,2026년 앱 마켓 시장 주요 이슈 도출 및 분석,주식회사 케이스탯리서치,176000000,,
R26BK01439275,2026-04-23,서울특별시,서울역사문화특별전 ‘한양의 수도성곽(가제)’ 전시물 제작·설치 용역,(주)작품오늘,297000000,,
R26BK01451453,2026-04-24,재단법인스포츠윤리센터,2026년 스포츠윤리 런(LMS) 유지관리 용역,(주)포씨소프트,60000000,,
R26BK01469258,2026-04-27,한국디자인진흥원,2026년 산업단지 안전 인프라 구축 지원 운영 용역,주식회사 텐지노그룹,160000000,,
R26BK01450036,2026-04-21,한국교육방송공사,2026년 EBS 중학프리미엄 자막서비스 제작,주식회사 상록에스,154800000,,
R26BK01462524,2026-04-27,경찰청,2026년 경찰청 여성안전 홍보 영상 제작,주식회사 파울러스,84700000,,
R26BK01447508,2026-04-21,조달청 충북지방조달청,청주여유 활성화 홍보마케팅 용역,주식회사 디에스컨설팅,245000000,,
R26BK01441391,2026-04-24,조달청 대전지방조달청,2026년 중요 종이기록물 DB구축 사업,주식회사 디앤디기술,198000000,,
R26BK01452408,2026-04-24,조달청 인천지방조달청,2025년 영농폐기물조사 용역,주식회사 글로벌리서치,117000000,,
R26BK01450047,2026-04-21,서울특별시,2026 아시아 도시조명 워크숍 행사운영 용역,주식회사 더감동팩토리,168000000,,
R26BK01461302,2026-04-28,조달청 대전지방조달청,2026년 이주민 문화다양성 실태조사 및 연구,한국문화관광연구원,150000000,,
R26BK01436983,2026-04-27,경기도,2026년 경기도 공직유관단체 종합청렴도 평가 용역,글로벌알앤씨 주식회사,176000000,,
R26BK01441437,2026-04-24,경기도,경기도 스테이블코인 도입 방안 연구용역,(주)지크립토,191000000,,
R26BK01430926,2026-04-24,조달청,2026년 오픈소스 AI·SW 활용 체계 구축 및 지원,오에스비씨 주식회사,600000000,,
R26BK01452689,2026-04-20,보건복지부 국립재활원,지역보조기기센터 운영 모니터링 및 종합평가 연구,(주)한국정책평가연구원,37000000,,
R26BK01439840,2026-04-24,조달청 대전지방조달청,인도양 블루테크놀로지 역량강화 초청연수 위탁연수 용역,주식회사 채널케이,189900000,,
R26BK01468716,2026-04-28,한국식품연구원,해외 식품인증 정보포털 유지보수 사업,와일드웍스,96000000,98.845,
R26BK01462301,2026-04-27,한국장학재단,2026년 비전자기록물 전수조사 및 정리사업,주식회사 굿아키브,68000000,,
R26BK01472368,2026-04-28,기후에너지환경부 한강홍수통제소,2026년 주요정보통신기반시설 취약점 분석 평가 용역,(주)소만사,88000000,,
R26BK01428793,2026-04-10,한국한의약진흥원,2026년 한의약산업 분야별 인력 양성교육 프로그램 개발,주식회사 러닝플래닛,46700000,,
R26BK01446393,2026-04-20,법제처,「화학물질의 등록 및 평가 등에 관한 법률」 및 같은 법 시행령 · 시행규칙의 영어 번역 및 정비,주식회사 베링랩,28500000,,
R26BK01456487,2026-04-21,재단법인강원정보문화산업진흥원,의료·건강 생태계 활성화 지원사업 글로벌 진출 지원 국외 전시회(공동관) 운영 용역,주식회사 래빗,237500000,,
R26BK01459074,2026-04-29,기후에너지환경부 국립생물자원관,기러기류의 종 특이적 마커 개발을 위한 유전체 분석,이화여자대학교 산학협력단,100000000,,
R26BK01460496,2026-04-29,조달청 서울지방조달청,국회회의록 한글 DB화 용역,주식회사 퓨쳐누리,1219000000,,
R26BK01452679,2026-04-21,한국산업인력공단,정착지원금 지급업무의 효율적 수행을 위한 AI적용 개념 연구(PoC),주식회사 데이타트렌드,39000000,,
R26BK01460756,2026-04-30,한국화학연구원,도심형 수소 전력 융합 에너지 모듈 기술 개발 분야 IP-R&D 전략수립,특허법인 지담,47000000,,
R26BK01454289,2026-04-30,조달청 대구지방조달청,영남권 AX지원센터·경북 AX랩 시스템 고도화 용역,주식회사 테이큰소프트,166320000,,
R26BK01440388,2026-04-22,조달청 부산지방조달청,교육연구정보원 교육용 클라우드 및 AI 서비스 통합 로그인 시스템 구축 사업,(주)폭스소프트,435691020,,
R26BK01443736,2026-04-29,조달청,2026년 온라인수출플랫폼 사업(기반조성 분야) 수행용역,주식회사 가비아씨엔에스,590000000,,
R26BK01456126,2026-04-30,조달청 서울지방조달청,국회 정보시스템 기능연속성 강화를 위한 정보화전략계획(ISP) 수립 사업,주식회사 지티아이씨,622000000,,
R26BK01465834,2026-04-28,기후에너지환경부 국립생물자원관,해외 생물다양성 연구 사업 중장기 계획 수립,주식회사 마린액트,98000000,,
R26BK01350120,2026-04-06,사단법인 한국정보통신진흥협회,2026년 ICT통계조사 실사 용역,(주) 메가리서치,346500000,,
R26BK01418898,2026-04-03,사단법인 한국정보통신진흥협회,2026년 SW고성장클럽 사업비 위탁정산 회계법인,현대회계법인,49555000,,
R26BK01434121,2026-04-30,조달청 서울지방조달청,공영홈쇼핑 2026-2029년 방송의상 위탁운영 사업자 선정,주식회사 스타일7,2313400000,,
R26BK01433055,2026-04-13,사단법인 한국정보통신진흥협회,통신통계 관리‧검증 시스템 구축 및 운영관리,한국제이에스데이터시스템즈(주),91000000,,
R26BK01425510,2026-04-30,(재)서울시립교향악단,2026 서울시향 강변음악회 운영 용역,디에스지엔터프라이즈 주식회사(DSG Enterprise Ltd.),196000000,,
R26BK01429363,2026-04-10,재단법인 천안문화재단,천안흥타령춤축제 2026 온라인 홍보 용역,주식회사 워드캣,91900000,,
R26BK01419073,2026-04-06,사단법인 한국정보통신진흥협회,고성능 컴퓨팅 지원사업 사업관리시스템 구축 및 운영,(주)윌비소프트,78000000,,
R26BK01404685,2026-04-03,국방기술품질원,국방규격개선사업 실효성 제고 및 발전방안 연구,국방대학교산학협력단,90000000,,
R26BK01456020,2026-04-22,전북특별자치도 김제시,2026년 단야의 지평선 꽃정원 연출 운영 용역,주식회사 일진글로벌,354700000,,
R26BK01442723,2026-04-28,조달청,AI시대 디지털포용 기술·산업 활용체계 구축,(주) 한국능률협회컨설팅,220000000,,
R26BK01470420,2026-04-28,부산시설공단,자갈치시장(현대화·아지매) 활성화 방안 연구 용역,주식회사 도시와공간연구소,49000000,,
R26BK01470178,2026-04-30,대구상공회의소,2026 DGFEZ 튀르키예 무역사절단 파견사업,(주)나이스디앤비,95200000,,
R26BK01441242,2026-04-24,(재)우체국시설관리단,2026년 장기근속자 국내연수 용역,더현대 주식회사,40900000,,
R26BK01473609,2026-04-28,인천항만공사,인천신항 1-2단계 컨테이너부두 지적확정 및 분할측량용역,한국국토정보공사,461122200,,
R26BK01453309,2026-04-28,국방기술진흥연구소,방산혁신기업 사업 성과 분석 및 발전방안 연구 용역,주식회사 공공정책성과평가연구원,79900000,,
R26BK01463087,2026-04-30,재단법인 강원디자인진흥원,원주형 공공시설물 표준디자인 개발 용역,스튜디오 엠엑스디,50000000,,
R26BK01468081,2026-04-28,조달청 광주지방조달청,디지털제품 핵심 분야별 보안리빙랩 유지관리 및 운영,주식회사 아이씨티넷,260999640,,
R26BK01442662,2026-04-20,한국제품안전관리원,안전한 제품 유통을 위한 어린이제품 연령기준 실태조사 및 소비자 인식 조사를 통한 안전관리 방안 마련,(재)한국건설생활환경시험연구원,70000000,,
R26BK01449579,2026-04-21,서울특별시,서울시립승화원 현대화 방안 연구,재단법인 한국산업관계연구원,179781300,,
R26BK01433027,2026-04-13,사단법인 한국정보통신진흥협회,첨단 GPU 활용 지원사업 사업관리 시스템 구축 및 운영,(주)윌비소프트,54000000,,
R26BK01464847,2026-04-30,조달청 경남지방조달청,부유식 해상풍력 예상단지 어업현황 조사 용역,(주)한국해양수산연구원,106949700,,
R26BK01468484,2026-04-28,한국콘텐츠진흥원,2026년 UAE 콘텐츠산업동향 발간 위탁용역,주식회사스트라베이스,46420000,,
R26BK01469642,2026-04-28,울산광역시교육청,선암초 공간재구조화 사전기획용역,도아건축사사무소,30690000,84.589,
R26BK01422616,2026-04-16,서울특별시,2026년 서울기록원 전시 연출 용역,디자인 누하,165700000,,
R26BK01444910,2026-04-23,조달청 부산지방조달청,2026년 연안 수산자원조사 및 분석(서해 1권역),주식회사 한국연안환경생태연구소,373147000,,
R26BK01443469,2026-04-28,조달청 경남지방조달청,온라인 임치시스템 구조 및 운영체계 개선 사업,주식회사티사이언티픽,168850000,,
R26BK01445219,2026-04-23,조달청 부산지방조달청,2026년 연안 수산자원조사 및 분석(남해 2권역),(주)환경생태공학연구원,401200000,,
R26BK01447506,2026-04-27,국토안전관리원,2026년 서해대교 드론촬영 및 AI 영상분석 용역,주식회사 코매퍼,83600000,,
R26BK01459729,2026-04-24,한국식품연구원부설 세계김치연구소,2026 김치 스타트업 아이디어 공모전 운영 용역,주식회사 지넥스,133000000,,
R26BK01429094,2026-04-10,한국한의약진흥원,2026년 대학(원)생 한의약  창업 아이디어 사업화 용역,주식회사 베타랩,47740000,,
R26BK01473146,2026-04-29,고양산업진흥원,28청춘창업소 엑셀러레이팅 교육 프로그램 운영,주식회사 하이브워크,49000000,,
R26BK01461238,2026-04-28,대구광역시,2026 대구사회지표 조사 및 분석 용역,주식회사 케이스탯리서치,381650000,,
R26BK01471995,2026-04-28,국립생태원,2026년 외부조사원 현장조사지원 앱(APP) 유지보수,주식회사 코코아플러스,44550000,,
R26BK01460367,2026-04-24,한국가스안전공사경북동부지사,2026년 울진군 LPG사용시설 안전점검 지원사업 운영 용역,울진가스설비,12000000,,
R26BK01456461,2026-04-28,조달청 인천지방조달청,해양경찰 특수기록관 보존장비 환경 구축 용역,주식회사 산돌비엠티,2567400000,,
R26BK01396483,2026-04-28,조달청,2026년 디자인 심사활용정보 구축사업,(주)윕스,617416800,,
R26BK01469419,2026-04-27,국가아동권리보장원,2026년 보호연장아동 자립지원프로그램 「자립캠프」운영,주식회사 마음담아,99700000,,
R26BK01466853,2026-04-27,국가교육위원회,정책연구(디지털 기술을 활용한 국민의견수렴 활성화 방안) 용역 (재공고),사단법인 대전환포럼,38000000,,
R26BK01444051,2026-04-28,경기도,신규 준설토 투기장 조성을 위한 타당성 조사 및 기본계획 수립용역,주식회사 건화,150000000,,
R26BK01450030,2026-04-29,경상남도 양산시,양산 위천 봉수유적 발굴조사 (협상),재단법인 경상문화유산연구원,161000000,,
R26BK01455471,2026-04-20,해양수산부,항로표지 분야 드론 활용 및 활성화 방안 연구,주식회사 해양드론기술,48000000,,
R26BK01464111,2026-04-28,조달청 서울지방조달청,2026년 국내외 한국어 교육기관 실태조사,(주)한국갤럽조사연구소,122550000,,
R26BK01450856,2026-04-30,조달청 서울지방조달청,생성형 AI 활용 선진 저작권 보호 종합대응시스템 구축 용역,주식회사 비욘드테크,603000000,,
R26BK01496436,2026-04-29,한국건설기술연구원,유기성 폐기물 및 생분해성 소재 기반 바이오 개질수소 자원화 실증체계 구축을 위한 공정설계 용역,주식회사 디앤샤인,40000000,99.75,
R26BK01471323,2026-04-30,국방부 전쟁기념사업회,전쟁기념관 교육홈페이지 구축,주식회사 웹비즈크리에이티브,68640000,,
R26BK01459425,2026-04-24,한국가스안전공사경북동부지사,2026년 포항시 LPG사용시설 안전점검 지원사업 운영 용역,주식회사 가스올테크,17000000,,
R26BK01469588,2026-04-29,조달청 서울지방조달청,우호증진국 대상 공공외교 미래 네트워크 사업(발트3국),사단법인 디스커버코리아,280000000,,
R26BK01469060,2026-04-27,건설근로자공제회,기능등급제 교육·평가 시행방안 마련,주식회사 지투엠파트너스,87287390,,
R26BK01473393,2026-04-28,한국기술교육대학교,한국기술교육대학교 중장기 안전관리계획 고도화 연구용역,주식회사 지투엠파트너스,36800000,,
R26BK01471234,2026-04-27,농림수산식품교육문화정보원,2026년 초등학교 저학년 대상 늘봄학교 운영,(주)제이지비퍼블릭,86100000,,
R26BK01470867,2026-04-30,조달청 서울지방조달청,2026년도 서울대학교 중앙도서관 기록문화유산 디지털 콘텐츠 구축 사업,(주)나라지식정보,143000000,,
R26BK01470578,2026-04-27,서울대학교 의과대학,서울대학교 의과대학 이동급식 운영 용역,주식회사 급식프로,242410000,,
R26BK01448460,2026-04-23,서울특별시,청년 마약류 오남용 실태조사 및 예방 교육·캠페인 시범운영 용역,을지대학교 산학협력단,50000000,,
R26BK01449446,2026-04-30,조달청 서울지방조달청,2026년 국제 사이버범죄대응 심포지엄(ISCR),주식회사 플랜마이스터,254100000,,
R26BK01462212,2026-04-28,과학기술정보통신부 우정사업본부 우정사업조달센터,2025년 결산기준 우편서비스 원가산정 용역,공공관리연구원,76000000,,
R26BK01467408,2026-04-28,해양수산과학기술진흥원,2026년 해양수산 대·중소기업 구매상담회  대행 용역,주식회사 플랜아토즈,49000000,,
R26BK01462202,2026-04-28,한국항공우주연구원,위성 영상 기하 검보정을 위한 정밀 지상기준점 유지보수,주식회사 인화엔지니어링,440000000,95.74,
R26BK01458007,2026-04-30,조달청,2025년 기준 경제자유구역 입주사업체 실태조사,주식회사 메트릭스,333000000,,
R26BK01464372,2026-04-28,한국에너지공단,집단에너지시설의 기술기준 고도화 연구,주식회사 티2050,90200000,,
R26BK01453830,2026-04-28,재단법인경기도사회적경제원,2026년 임팩트프랜차이즈 가맹 상담 체계 구축 및 홍보 용역(재공고),(주)동아일보사,142800000,,
R26BK01417245,2026-04-03,사단법인 한국정보통신진흥협회,2026년 ICT통계조사 인쇄물 제작 및 배포,주식회사 명진씨앤피,25000000,,
R26BK01424642,2026-04-06,사단법인 한국정보통신진흥협회,2026년 회계정보분석시스템 클라우드서비스 운영·관리,디딤 주식회사,217150000,,
R26BK01408248,2026-04-30,대구경북과학기술원,DGIST 정보인프라․보안 통합유지관리 용역,주식회사 범일정보,1850100000,,
R26BK01427482,2026-04-10,사단법인 한국정보통신진흥협회,2026년 방송수용자 실태조사,(주)한국리서치,285000000,,
R26BK01410757,2026-04-03,울산광역시 울주군,2026년 울주군 군정 소식지 제작 용역 입찰 공고(협상에의한계약)(긴급),테이크 엠,139800000,,
R26BK01419449,2026-04-06,한국과학기술연구원부설국가녹색기술연구소,(NIGT) 서울시 기후테크 기업을 위한 IR 컨설팅 및 해외 투자상담회 대행,주식회사 제타플랜인베스트,53075000,,
R26BK01419258,2026-04-06,경상북도 의성군,2026년 구봉산유아숲체험원 위탁 운영(협상에의한계약)(긴급),사단법인 안동녹색사관학교,41200000,,
R26BK01465278,2026-04-27,사단법인 한국정보통신진흥협회,2026년 유료방송 가입자 정보시스템 유지관리 및 운영지원,한국제이에스데이터시스템즈(주),24750000,,
R26BK01462594,2026-04-24,사단법인 한국정보통신진흥협회,2026년 ICT통계조사 표본설계 연구,(재) 한국통계진흥원,35000000,,
R26BK01452517,2026-04-24,경상북도 영덕군,강구항 확대개발 기본구상 방안 검토 용역(협상에의한계약),주식회사 아라기술,156800000,,
R26BK01477203,2026-04-29,광명시체육회,2026 광명평화마라톤대회 운영대행사 모집(재공고),주식회사 로드스포츠,180000000,,
R26BK01465750,2026-04-17,한국환경산업기술원,2026년 그린워싱 위반 조사업무 로봇자동화(RPA) 운영,주식회사 늘엔,44504900,98.899,
R26BK01471429,2026-04-27,재단법인 영동군 문화관광재단,제21회 추풍령가요제 대행 용역,(주)청주방송,144600000,,
R26BK01465282,2026-04-27,사단법인 한국정보통신진흥협회,주요 통신서비스별 시장상황 자료 수집 및 분석,(주)한국갤럽조사연구소,20000000,,
R26BK01452624,2026-04-30,조달청 서울지방조달청,2026년 한·일 학술문화 및 청소년 교류 일본 교원 방한연수 위탁 용역,주식회사 인텔리전스,149940000,,
R26BK01466290,2026-04-28,한국환경산업기술원,방글라데시 하천 건강성 평가 프레임워크 개발 사업,재단법인 에프아이티아이시험연구원,166600000,,
R26BK01461971,2026-04-30,경기도,경기 AI 학습데이터 통합 관리체계 도입 사업,주식회사 엑셈,1890000000,,
R26BK01443378,2026-04-20,기후에너지환경부 낙동강유역환경청,낙동강 중권역 물환경관리계획 이행평가(2024~2025),주식회사 물환경,81810000,,
R26BK01460201,2026-04-24,서울특별시,2026년 지역상생 중장년 창업 지원사업 운영 용역,주식회사 오케이어스,199180000,,
R26BK01441392,2026-04-28,조달청 충북지방조달청,2026년도 충북대학교 이차전지 혁신융합대학 사업단 연간 행사 기획·운영 대행 용역,주식회사 놀이,236400000,,
R26BK01441627,2026-04-24,조달청 서울지방조달청,2026년 공연예술 자료관리 시스템 운영유지관리,(주)오늘소프트,108000000,,
R26BK01393127,2026-04-30,한국문화관광연구원,2026년 기준 청년 창작자 실태조사,주식회사 한국데이터연구소,395000000,,
R26BK01471347,2026-04-29,한국마사회,2026년 한국마사회 경마교육부 장삭제 용역,엘리트장제,50200000,88.77,
R26BK01466131,2026-04-28,한국환경산업기술원,필리핀 메트로 마닐라 건설 및 해체(C&D) 폐기물 재활용 통합 인프라 구축을 위한 사전타당성 조사,주식회사 엠서스,200000000,,
R26BK01449489,2026-04-22,조달청 인천지방조달청,통합관리 매체별 배출영향분석 고도화 방안 마련 연구 - 수질 배출영향분석 모델 고도화 -,이화여자대학교 산학협력단,142500000,,
R26BK01451432,2026-04-30,한국교육과정평가원,기관 운영 효율성 제고를 위한 조직진단 용역,대우경영컨설팅 주식회사,200000000,,
R26BK01408385,2026-04-29,조달청,영산강·섬진강수계 환경기초조사사업 6단계(28~32) 기본계획 수립,전남대학교 산학협력단,272000000,,
R26BK01466650,2026-04-27,한국한의약진흥원,2026년도 한의약 건강돌봄 사업 성과대회,주식회사 제이제이커뮤니케이션즈,37400000,,
R26BK01464437,2026-04-27,한식진흥원,2026 한식산업 실태조사,(주)코리아데이타네트워크,182000000,,
R26BK01466230,2026-04-28,한국환경산업기술원,방글라데시 하천 수질 자동 모니터링 시스템 구축 타당성조사,이엠씨 주식회사,198000000,,
R26BK01469495,2026-04-30,조달청 부산지방조달청,2026년 산업계 에너지관리시스템 보급 지원사업 및 전문인력 양성교육 운영지원,지속가능발전경영센터 주식회사,196000000,,
R26BK01469297,2026-04-27,재외동포청,2026년 전통문화용품 구매대행 용역(재공고),장인국악사,68950000,,
R26BK01463154,2026-04-27,지식재산처,(정책연구) 지식재산 서비스 혁신산업 육성방안 및 법률 제정안 연구,한국지식재산연구원,67900000,98.121,
R26BK01466050,2026-04-28,한국환경산업기술원,다중이용시설 실내공기질 관리 기술개발사업 기획 연구,주식회사 티비앤에이,70000000,,
R26BK01466837,2026-04-27,지식재산처,(정책연구) 특허 유효성 추정 조항 및 유효성 확인제도 도입 연구,대한변리사회,28000000,96.885,
R26BK01468987,2026-04-30,조달청 부산지방조달청,2026년 에너지관리시스템 인프라 활용 및 사후관리 지원,지속가능발전경영센터 주식회사,485100000,,
R26BK01463431,2026-04-28,조달청 서울지방조달청,2026년 매치업 정보시스템 운영 및 개선,트라이언소프트(주),191100000,,
R26BK01451472,2026-04-29,조달청 대전지방조달청,신용보증재단중앙회 교육관리시스템(LMS) 유지보수 용역,(주)한국이디에스,109989000,,
R26BK01431091,2026-04-21,조달청,2026년 청년의 날 및 청년주간 기념행사,(주)무브컬쳐,500000000,,
R26BK01462006,2026-04-24,통일부,2026년 북한경제연구포럼 세미나 운영 용역(긴급),사단법인 북한연구학회,54545450,,
R26BK01464281,2026-04-27,한국스포츠과학원,2026년 레저스포츠산업 실태조사,주식회사 코그니티브컨설팅그룹,170200000,,
R26BK01466196,2026-04-28,조달청 인천지방조달청,염인정 시설 운영 현황 모니터링(분석용역),(주)동남의화학연구원,119000000,,
R26BK01432589,2026-04-14,조달청 대전지방조달청,26년도 광역버스 준공영제 서비스평가 용역,한국교통연구원,246000000,,
R26BK01349222,2026-04-20,충청남도교육청 충청남도천안교육지원청,(가칭)직산중학교 교사 신축공사 일반 설계공모,(주)디엔비건축사사무소,0,,
R26BK01421187,2026-04-15,서울특별시,신속통합기획 대상지(후암동 264-11 일대) 건축기획설계 및 정비계획수립 지원 용역,주식회사 아이앤디자인건축사사무소,304300000,,
R26BK01415782,2026-04-03,충청남도 홍성군,국가중요어업유산 보전·관리 주민역량강화 용역 제안서 제출 안내공고(협상에 의한 계약),지역상권육성사회적협동조합,70000000,,
R26BK01453817,2026-04-22,전북특별자치도 임실군,오수면 지하시설물 전산화사업(협상에의한계약)(긴급),(주)소다시스템,1800000000,,
R26BK01462060,2026-04-24,전남광주통합특별시 고흥군,[협상에의한게약]2026 추억이 소록소록 볼런투어 프로그램 발굴 및 운영 용역,주식회사 빛가람여행사,262954995,,
R26BK01454723,2026-04-28,독립기념관,2026년 독립기념관 교원 독도 답사 용역,(주)화성컴퍼니,32800000,,
R26BK01439576,2026-04-28,부산광역시 수영구,「2026년 빈티지 나이트 마켓」운영 용역,주식회사 아이엠아이,98290500,,
R26BK01469530,2026-04-30,강원특별자치도 고성군,2026년 고성군 대진항 어촌뉴딜3.0(어촌경제도약형) 기본계획 수립용역,주식회사 도시연,500000000,,
R26BK01468715,2026-04-29,조달청 서울지방조달청,26년 방위사업청 외국어교실 위탁교육,브랜트옥스폰 주식회사,130086000,,
R26BK01470198,2026-04-27,서울특별시 동대문구,장기미집행 도시계획시설(도로) 재정비 및 관리방안 수립용역,주식회사 동해종합기술공사,165000000,,
R26BK01455191,2026-04-21,충청북도 청주시,청주선사박물관 전시 및 교육체험프로그램 구체화 용역,(주)휴먼씨,54000000,,
R26BK01457800,2026-04-28,조달청 제주지방조달청,2026년 리더십역량교육과정 설계 및 운영 용역,주식회사 엑스퍼트컨설팅,157080000,,
R26BK01446503,2026-04-28,서울특별시 마포구,도화우성아파트 재건축사업 추진위원회 구성 공공지원 정비사업전문관리 용역,(주)신한피앤씨,101360000,,
R26BK01464101,2026-04-27,재단법인속초문화관광재단,(협상에 의한 계약)제11회 실향민문화축제 운영 대행 용역,주식회사 지비컴퍼니,343000000,98.0,
R26BK01449043,2026-04-28,충청남도 당진시,당진시 도시재생전략계획 재수립 용역 입찰 공고(협상에의한계약)(긴급),주식회사 디자인연구소이락건축사사무소,247500000,,
R26BK01454574,2026-04-21,문화체육관광부,장애예술인 문화예술 활동 지원을 위한 2차 기본계획(‘27~’31) 수립연구,한국문화관광연구원,60000000,,
R26BK01471286,2026-04-27,국토안전관리원,(재공고)2026년도 임직원 역량 강화교육 위탁 운영,주식회사 엑스퍼트컨설팅,97560000,,
R26BK01440508,2026-04-28,조달청 광주지방조달청,2026년 전남콘텐츠코리아랩 콘텐츠 아카데미 운영 용역,주식회사 미라클뮤지엄,187000000,,
R26BK01444220,2026-04-28,조달청,2025년 스마트농업 실태조사 및 성과분석,(주)한국갤럽조사연구소,475000000,,
R26BK01468917,2026-04-28,국립경국대학교,국립경국대학교 2026학년도 통합설문 및 교육만족도 조사 컨설팅 용역,케이에듀테크 주식회사,50000000,,
R26BK01446809,2026-04-28,조달청,2026년 AI디지털튜터 양성 교육 사업,(주) 한국능률협회컨설팅,660000000,,
R26BK01401615,2026-04-07,서울특별시,강북권역 중심지 활성화를 위한 실행방안 수립 용역,주식회사 디에이그룹엔지니어링종합건축사사무소,453180000,,
R26BK01421131,2026-04-15,서울특별시,신속통합기획 대상지(후암동 30-2 일대) 건축기획설계 및 정비계획수립 지원 용역,주식회사 페이스건축사사무소,311767000,,
R26BK01450634,2026-04-20,재단법인강원테크노파크,강원 천연물소재 전주기 표준화 허브 운영 주체 타당성 검토 및 운영 시나리오 수립 용역,주식회사 케이아이컨설팅,88000000,,
R26BK01450118,2026-04-27,경찰청,인공지능 도입에 따른 경찰청 개인정보 보호체계 고도화 방안 연구,주식회사 비피기술거래,26400000,,
R26BK01468199,2026-04-28,한국양성평등교육진흥원,2026년 성평등 플랫폼 운영 및 콘텐츠 확산,주식회사 스튜디오블랙빈,68000000,,
R26BK01469303,2026-04-29,재단법인전라남도정보문화산업진흥원,2026년 ICT이노베이션스퀘어 확산사업 기업협력 프로젝트 운영 용역(재공고),주식회사 남도기획,44820000,91.585,
R26BK01446136,2026-04-17,해양수산부,해양포유동물 행동 특성 연구,(주)환경생태공학연구원,68000000,,
R26BK01462661,2026-04-27,경찰청,2026년 첨단 교통경찰 전문화 교육 과정,서울시립대학교 산학협력단,51000000,,
R26BK01472883,2026-04-28,경찰청,국립경찰박물관 구술채록 용역,주식회사 미디어류,37200000,,
R26BK01451518,2026-04-30,조달청 서울지방조달청,대학원 학사정보시스템 구축,주식회사 아이디노,1538460000,,
R26BK01465687,2026-04-29,조달청 광주지방조달청,공공미술포털 운영 개선 및 재구축 용역(1차),주식회사 유큐브,249639500,,
R26BK01444441,2026-04-30,한국문화원연합회,2026 지역문화학습 데이터셋 모델 개발 연구 용역,주식회사 피씨엔,146250000,,
R26BK01452866,2026-04-27,(사) 부산섬유패션산업연합회,[부산섬유패션산업연합회] 마이크로팩토리용 미니멀 생산관리시스템(MES) 개발 용역(변경공고),(주)이아이시스템즈,209900000,99.957,
R26BK01433930,2026-04-17,조달청 대구지방조달청,절삭공구/가공 빅데이터를 활용한 첨단제조 플랫폼 SW구축 감리 용역,주식회사 지케이엔,154880000,,
R26BK01472239,2026-04-28,충청북도,충청북도 지속가능성 평가 및 지속가능발전 보고서 작성 연구용역,주식회사 아이엠에스알,27000000,,
R26BK01437930,2026-04-13,재단법인전남테크노파크,2026년 전남 IP(지식재산) 디딤돌 프로그램 아이디어 권리화 용역,한림특허법률사무소,30096000,,
R26BK01342611,2026-04-20,충청남도교육청 충청남도천안교육지원청,(가칭)천안성성3유치원 교사 신축공사 일반 설계공모,주식회사 기단건축사사무소,0,,
R26BK01404935,2026-04-28,한국산업단지공단,신규 산단 및 유휴부지 개발 타당성 검토용역,주식회사 한국종합기술,218400000,,
R26BK01433354,2026-04-13,재단법인 한국공예디자인문화진흥원,2026 공예 전문인력 양성 교육프로그램 (실무·심화) 기획 및 운영,국민대학교산학협력단,242000000,,
R26BK01435095,2026-04-14,전남광주통합특별시 순천시,순천시 공공디자인 진흥계획 수립 용역(협상계약),(유)타라스페이스(TARA SPACE),95000000,,
R26BK01431498,2026-04-13,경상북도 울릉군,울릉군 섬종합발전계획(2028-2037) 수립을 위한 연구 용역(협상에의한계약),주식회사 글로벌앤로컬브레인파크,160000000,,
R26BK01460122,2026-04-24,강원특별자치도 삼척시,2026년 삼척시 공간정보 DB 고도화 사업(협상에 의한 계약),주식회사 테라엔지니어링,430000000,,
R26BK01465526,2026-04-28,조달청 충북지방조달청,"[정책,111] 항생제 내성 예방·관리 강화를 위한 현장 지원체계 운영",이화여자대학교 산학협력단,120000000,,
R26BK01450465,2026-04-21,충청남도 천안시,천안시(서북구) 도로대장 전산화용역,주식회사 웨이버스,449350000,,
R26BK01473948,2026-04-28,광주과학기술원,2026년 석사 학위복 신규 제작,춘추사,34400000,,
R26BK01451434,2026-04-21,경기도 광주시,역동 도시재생 마을관리협동조합 주민역량강화(SW)용역,협동조합 틔움,62000000,,
R26BK01468959,2026-04-29,재단법인 대구디지털혁신진흥원,2026년 빅데이터활용센터 찾아가는 데이터 컨설팅 및 분석 용역,주식회사 제이솔루션,34156800,,
R26BK01384359,2026-04-21,한국문화예술교육진흥원,2026 노년 예술채움 「청춘은 바로 지금부터」 기획사업 운영,사단법인 와우컬처랩,299000000,,
R26BK01450069,2026-04-21,전남대학교,2026년 전남대학교 연구 성과 글로벌 홍보 용역,주식회사 캑터스 커뮤니케이션즈 코리아,57391950,,
R26BK01442801,2026-04-27,충청남도 공주시,제3차 공주시 경관계획 수립 용역(협상),주식회사 에스지이엔지건축사무소,185000000,,
R26BK01463463,2026-04-27,사단법인 대한야구소프트볼협회,2026 KBSA리그 운영 대행 업체 선정,(주)유니트플레이,79282000,,
R26BK01406021,2026-04-30,조달청,생성형 AI 기반 중소기업 R&D 지원서비스 구축,(주)페르소나에이아이,466400000,,
R26BK01463510,2026-04-27,사단법인 대한야구소프트볼협회,2026 KBSA리그 홍보대행 업체 선정,(주)유니트플레이,38390000,,
R26BK01473808,2026-04-28,한국해양수산연수원,한국해양수산연수원 2026년 통합 설문조사 용역(긴급),(주)리서치랩컨설팅,70900000,,
R26BK01471208,2026-04-28,한국해양수산연수원,한국해양수산연수원 조직구조 및 사업구조 개편방안 연구용역(긴급),국립부경대학교 산학협력단,92000000,,
R26BK01448803,2026-04-29,조달청 서울지방조달청,국립국악원 영동 분원 기본계획 수립 연구용역,재단법인 한국자치경제연구원,165000000,,
R26BK01471025,2026-04-30,한국재료연구원,재료기술 사업화 및 성과혁신 발전사 제작 용역,주식회사 시하기획,135300000,,
R26BK01418645,2026-04-15,국방기술품질원,국방 자율시스템 품질·안전성 검·인증 기법 연구,사단법인 안보경영연구원,59400000,,
R26BK01414615,2026-04-08,조달청 서울지방조달청,2026년 민관합동 ODA사업 현지 모니터링,재단법인 지에스앤제이인스티튜트,198000000,,
R26BK01441734,2026-04-23,조달청 충북지방조달청,2026년 대학청년고용서비스 온·오프라인 홍보 용역,콜라보에어 주식회사,141390000,,
R26BK01465800,2026-04-27,한국특허전략개발원,2026년도 연구노트 포털 시스템 운영·유지관리 용역(재공고),주식회사 엘리먼트소프트,49900000,,
R26BK01459170,2026-04-27,(재)공간정보품질관리원,2026년 경영성관리 컨설팅,주식회사 컨설팅앤컨설턴트,72160000,,
R26BK01406658,2026-04-30,한국교육과정평가원,대학수학능력시험 응시수수료 등 결제대행(PG) 용역,주식회사 헥토파이낸셜,1130820000,,
R26BK01466039,2026-04-27,재단법인 재생의료진흥재단,2026년 첨단재생의료 기술수준평가 정량분석,시안특허법률사무소,34500000,,
R26BK01439874,2026-04-30,조달청 서울지방조달청,KYWA 대표홈페이지 유지보수 용역,크림하우스주식회사,101200000,,
R26BK01471019,2026-04-29,부산광역시,제2차 부산 커피산업 육성 기본계획 수립 용역,어반리즘 하우스(URBANRISM HAUS),72000000,,
R26BK01468794,2026-04-30,강원한우조합공동사업법인,2026년 강원한우 연간 홍보 및 마케팅 용역,주식회사 포레스트그룹코리아,182000000,,
R26BK01365360,2026-04-13,재단법인 한국공예디자인문화진흥원,2026년 한글-한지 융합 프리미엄 브랜드 개발 종합운영대행 용역,(주)디자인하우스,294000000,,
R26BK01353885,2026-04-16,조달청,(가칭)서남학교 신축공사 설계용역,(주)디엔비건축사사무소,0,,
R26BK01430933,2026-04-13,경기도교육청 한국디지털미디어고등학교,한국디지털미디어고등학교 입학관리시스템 프로그램 개발,주식회사 오리온캑터스,44500000,,
R26BK01471933,2026-04-27,소상공인연합회,2026년 소상공인연합회 법률상담용역,법무법인 덕수,20000000,100.0,
R26BK01471957,2026-04-27,소상공인연합회,2026년 소상공인연합회 세무(회계) 상담용역,인성회계법인,15100000,75.5,
R26BK01454327,2026-04-21,사회복지법인 월드비전,2026 희망디딤돌 2.0 기숙사 야간 사감 용역,이도에코원 주식회사(YIDO Ecoone Inc.),63800000,,
R26BK01443124,2026-04-27,(사)경기섬유산업연합회,2026 양포동 프리미엄 수주상담회 개최 및 운영 용역,(주)트렌드인코리아,109700000,,
R26BK01468722,2026-04-30,한국연구재단 정보통신기획평가원,AX 및 융복합 R&D 사전 기획 연구,주식회사 미래비전그룹,99000000,,
R26BK01451173,2026-04-20,한국생명공학연구원,국내 유전자변형생물체 위해성심사 심사위원 역량강화 심포지움 위탁운영,주식회사 제니컨벤션,82500000,,
R26BK01467649,2026-04-29,기후에너지환경부 국립환경과학원,수은구성폐기물 적정관리 방안 마련 연구(1/2),수원대학교산학협력단,78000000,,
R26BK01463459,2026-04-27,(사)제주특별자치도관광협회,2026 제주형 테마 콘텐츠 페스티벌 용역,제주문화방송(주),293100000,,
R26BK01465758,2026-04-27,사단법인 한국소재부품장비투자기관협의회,2026년 공급망 정보조사,주식회사 한수기업정책연구소,47000000,,
R26BK01439678,2026-04-23,서울특별시,2026 서울 뷰티웰니스 관광 육성,주식회사 마인드디자인,906300000,,
R26BK01457779,2026-04-30,(재)연구개발특구진흥재단,2026년 연구개발특구 통계조사,주식회사 글로벌리서치,427300000,,
R26BK01453849,2026-04-23,한국지식재산보호원,2026년 특허분쟁 위험경보 시스템 성능개선 및 운영,(주)에듀인소프트,84900000,,
R26BK01462684,2026-04-29,병무청,병역면탈 범죄 예방·단속 홍보영상 제작 계약,주식회사 씨엘엠스타일,34584000,,
R26BK01450918,2026-04-20,한국생명공학연구원,2026년도 기술이전 사후관리 지원,주식회사 디알아이피,49000000,,
R26BK01438568,2026-04-15,기후에너지환경부 국립환경과학원,순환경제 정책 지원을 위한 중ㆍ장기 연구 로드맵 마련,주식회사 엔비랩스,64247999,,
R26BK01443373,2026-04-21,(재)한국저작권보호원,2026 해외 저작권 보호 동향 발간 용역,국학자료원새미 주식회사,29000000,,
R26BK01453795,2026-04-20,법무부,채권양도에 관한 입법론적 연구,서울대학교 산학협력단,40000000,,
R26BK01461951,2026-04-24,울산대학교 산학협력단,마이크로바이옴 분석 용역,씨제이바이오사이언스 주식회사,42500000,,
R26BK01448957,2026-04-28,국방기술품질원,국방 전자장비 환경시험 주기 결정체계의 위험도 기반 표준(안) 개발 연구,경기대학교산학협력단,40000000,,
R26BK01451041,2026-04-20,한국생명공학연구원,국내 유전자변형생물체 위해성심사 고도화 연구,주식회사 아이앤아이리서치,46000000,,
R26BK01474105,2026-04-30,재단법인경기환경에너지진흥원,2026년 GUP 메이커 장비 운영 용역,주식회사 쉐이프웨이즈코리아,78400000,,
R26BK01454555,2026-04-21,한국산업단지공단,"2026년 광주권 태양광 수요기업 기초, 심화 컨설팅 용역",주식회사엘에이치엔지니어링,89850000,,
R26BK01453862,2026-04-24,(재)제주테크노파크,재단 성과평가시스템 고도화 및 유지보수용역,주식회사 인플라이,55000000,,
R26BK01464745,2026-04-30,조달청 서울지방조달청,에티오피아 2개주 만성질환 관리역량 강화사업 형성조사,명지전문대학 산학협력단,145000000,,
R26BK01402394,2026-04-29,조달청 인천지방조달청,2026년 중소기업의 화학물질관리법 이행지원,서경대학교산학협력단,900000000,,
R26BK01449342,2026-04-28,국방기술품질원,직무 중심의 중장기 인력정책 수립 연구,대우경영컨설팅 주식회사,70000000,,
R26BK01471424,2026-04-27,한국농수산식품유통공사,2026 대한민국식품명인 사업지원 컨설팅 용역,(주)다이어리알,111000000,96.521,
R26BK01455253,2026-04-20,한국원자력안전재단,2025년도 원전기기 성능검증기관 실태조사 수행용역(26년)(재공고),주식회사 코리아리서치센터,30000000,,
R26BK01461000,2026-04-28,한국생명존중희망재단,2026년 응급실 사후관리사업 위탁정산 용역,해림회계법인,40150000,,
R26BK01403394,2026-04-28,조달청 서울지방조달청,2026년 법정시스템 물적 유지관리 및 서비스 운영 용역,주식회사코넥,264000000,,
R26BK01434887,2026-04-21,경상남도 김해시,2026년 공공하수처리시설 및 하수관로 기술진단용역(협상에 의한 계약),주식회사 동아엔지니어링,1015170000,,
R26BK01400600,2026-04-16,강원특별자치도교육청 강원특별자치도홍천교육지원청,창촌초 강원형 학교시설공사 설계 용역(제안공모),리소건축사사무소,0,,
R26BK01406494,2026-04-22,강원특별자치도교육청 강원특별자치도홍천교육지원청,석화초 이전 신축공사 설계 용역(제안공모),주식회사 건축사사무소이름,0,,
R26BK01417819,2026-04-14,경기도 군포시,2030 군포시 공공디자인 진흥계획 수립 용역(협상에 의한 계약),주식회사 에스이디자인그룹,151690000,,
R26BK01382065,2026-04-29,조달청,동부권(건지) 반다비 체육센터 건립 설계용역,주식회사 길종합건축사사무소이엔지,0,,
R26BK01444717,2026-04-27,경상북도 경주시,제5차 경주시 지방대중교통계획 수립 용역,사단법인 미래도시교통연구원,131000000,,
R26BK01458687,2026-04-24,충청남도 천안시,2026 천안 유니브시티 페스티벌 행사 대행 용역(협상),주식회사 와이솔루션,206000000,,
R26BK01444321,2026-04-17,제주특별자치도 제주시,우도면 오봉리 취약지역 생활여건 개조사업 기본계획 수립 용역,주식회사 비즈니스그룹,60000000,,
R26BK01440066,2026-04-13,(사)제주특별자치도관광협회,제주 식도락 관광객 유치 조성 사업 용역,주식회사 일로와,142400000,,
R26BK01467744,2026-04-28,서울특별시,2026년 민간국제문화교류 활성화 지원사업 모니터링 및 성과평가 용역,대우경영컨설팅 주식회사,60000000,,
R26BK01472009,2026-04-29,법제처,(재공고)아시아 국가의 법령정보 관리ㆍ공개 현황 및 공유ㆍ연계 증진방안 연구 용역,한국법제연구원,49500000,,
R26BK01469271,2026-04-29,조달청 서울지방조달청,산림 미세먼지 측정넷 기능 개선,스마클(주),149000000,,
R26BK01464558,2026-04-29,조달청 경남지방조달청,2026년 저작권 기술콘퍼런스(ICOTEC) 행사 대행,주식회사 비볼드커뮤니케이션즈,150700000,,
R26BK01433424,2026-04-14,재단법인 한국공예디자인문화진흥원,당인리문화창작발전소 시민 친화적 디자인 마스터플랜 수립,주식회사 에스이디자인그룹,181170000,,
R26BK01411560,2026-04-30,충청남도 부여군,활력충만 원도심 가로 활성화사업 마스터플랜 및 기본·실시설계용역,주식회사 도화엔지니어링,1061500000,,
R26BK01459656,2026-04-28,조달청 제주지방조달청,제주 관탈도·신도리·추자도·문섬 등 주변해역 해양보호구역 관리계획 수립 연구용역,(주)수중생태기술연구소,170000000,,
R26BK01440780,2026-04-30,조달청 광주지방조달청,26년 정보보호 루키 Meet-up 데이 행사,주식회사 상상앤컴퍼니,197000000,,
R26BK01414598,2026-04-14,서울특별시,서울시공직자윤리업무시스템 구축 용역,주식회사 피씨엔,285000000,,
R26BK01466342,2026-04-28,조달청 인천지방조달청,환경유해인자 위해 저감을 위한 매체통합위해성평가(Ⅱ),연세대학교 산학협력단,237500000,,
R26BK01462931,2026-04-28,조달청 대전지방조달청,2026년 TIPA ValueUP 프로그램 운영,주식회사 벤처스퀘어,244900000,,
R26BK01466763,2026-04-28,서울특별시,2026년 서울시 중소기업 실태조사 용역,주식회사 메트릭스,153000000,,
R26BK01452711,2026-04-30,조달청,2026년 스마트제조 전략기술로드맵(2027~2029) 수립,주식회사 다옴컨설팅,460000000,,
R26BK01457666,2026-04-21,경기도 과천시,2026년 제5회 과천청년축제 운영 용역,주식회사 다이버스,93300000,,
R26BK01428096,2026-04-21,조달청 서울지방조달청,박물관 상품 뮷즈(MU:DS)브랜드 진단 및 프리미엄 브랜드 개발,주식회사프레인글로벌,127000000,,
R26BK01465753,2026-04-30,국회 국회예산정책처,주택도시기금의 운용현황 분석 및 기금 재정수지 전망,국토연구원,29400000,,
R26BK01444835,2026-04-28,조달청 서울지방조달청,2026 서울외교포럼 행사 대행 용역,주식회사 포렉스컴,119600000,,
R26BK01468205,2026-04-30,한국생명존중희망재단,2026년 자살예방실무자 「멘토-멘티 역량강화」콘퍼런스 운영 대행 용역,열림협동조합,75567000,,
R26BK01413424,2026-04-03,서울대학교병원,출자회사 지분관리 법률자문 용역 계약,법무법인(유한) 광장,88000000,,
R26BK01424969,2026-04-09,서울특별시,2026 서울라이트 광화문 미디어아트 기획 및 행사대행 용역(장기계속),주식회사 포바이포,2720000000,,
R26BK01423387,2026-04-30,강원특별자치도교육청 강원특별자치도춘천교육지원청,강원생명과학고 실습동 공간재구조화 및 기숙사 증축공사 설계용역 공모,에스엔건축사사무소,0,,
R26BK01416236,2026-04-06,경상북도 영양군,영양 서석지 세계유산 가치발굴 기초연구 용역(협상),사단법인한국전통조경학회,98000000,,
R26BK01455039,2026-04-30,서울특별시 강북구,우이천변 페스타2026 행사 용역,(주)상상프로모션,283400000,,
R26BK01365419,2026-04-13,재단법인 한국공예디자인문화진흥원,2026년 한식문화교육상자 개발·보급 및 연계 프로그램 운영대행 용역,디자인프로모션에이전시,275000000,,
R26BK01440122,2026-04-22,재단법인 철원장학회,2026년 철원군 청소년 글로벌 문화체험 위탁용역,MNK교육투어,456000000,,
R26BK01450764,2026-04-23,경기도 군포시,2026년 군포소식 제작 용역(협상에 의한 계약),주식회사 명진씨앤피,63000000,,
R26BK01443465,2026-04-10,사회복지법인 세이브더칠드런코리아,2026 농어촌 지역아동센터 독서친화공간 조성사업,주식회사 리안공간,140000000,,
R26BK01474127,2026-04-30,충청대학교 산학협력단,2026년 전문대학 혁신지원사업 대학 연합 글로벌 보건의료 전공 직무역량 강화 연수 프로그램 위탁운영 업체 선정,주식회사 어빌리티랩,296700000,,
R26BK01467642,2026-04-27,경상남도 사천시,2026년 사천시 공공하수도 기술진단 용역(협상에 의한 계약),주식회사 미래환경연구원,584900000,,
R26BK01448679,2026-04-20,한국산업기술기획평가원,2026년 소재부품 R&D 기획대상과제 특허동향 분석,(주)윕스,211200000,,
R26BK01445942,2026-04-28,서울특별시,2026년 제6회 워터서울 국제컨퍼런스 행사 대행 용역,주식회사 키멕스,118600000,,
R26BK01446306,2026-04-28,조달청,2026년 고유식별정보 관리 실태점검,엑스텐정보 주식회사,296450000,,
R26BK01467971,2026-04-28,한국산업단지공단,산업단지환경개선펀드사업 특수목적법인의 회계결산 및 자금 집행 적정성 검증 용역,인덕회계법인,110000000,,
R26BK01421847,2026-04-06,국방기술품질원,2026-2028 지식재산권 출원 및 등록업무 전담 특허법인 선정,특허법인 위더피플,210000000,,
R26BK01472556,2026-04-30,한국보건산업진흥원,2026년 보건의료·산업 기술수준평가 전문가 설문 및 결과분석 연구,주식회사 케이스탯컨설팅,80000000,,
R26BK01446309,2026-04-30,조달청,2026년 한국직업정보 재직자조사 및 직업정보 콘텐츠 개발 타당성 검증 설문조사,주식회사 메트릭스,405000000,,
R26BK01460577,2026-04-24,법제처,중앙·지방 간 규율 영역 재설계를 통한 법령정비 방안 연구용역,명지대학교 산학협력단,65000000,,
R26BK01386168,2026-04-21,서울특별시,차집관로 시설최적화 및 관리방안 수립용역,주식회사 유신,1305000000,,
R26BK01426251,2026-04-08,전북특별자치도 김제시,기후위기 극복 지속가능한 농업전략 및 대응방안 연구용역,사단법인 지방행정발전연구원,75755000,,
R26BK01471911,2026-04-27,소상공인연합회,2026년 소상공인연합회 노무상담용역,유정노동법률사무소,19000000,95.0,
R26BK01458487,2026-04-28,조달청 충북지방조달청,살생물제품 물리적 위험성에 대한 분류표시 및 시험 가이던스 고도화,충북대학교산학협력단,160000000,,
R26BK01398066,2026-04-27,재단법인 한국공예디자인문화진흥원,2026 오늘전통축제 종합운영대행 용역,주식회사 유니원커뮤니케이션즈,702000000,,
R26BK01462227,2026-04-28,한국연구재단 정보통신기획평가원,"직무 중심 인사제도(경력개발, 교육, 평가) 구축 연구",대우경영컨설팅 주식회사,85000000,,
R26BK01470639,2026-04-29,조달청 광주지방조달청,2026학년도 평생교육스쿨 개방형 S-MOOC 콘텐츠 개발 용역,주식회사 트루빈스,116160000,,
R26BK01380173,2026-04-23,국민건강보험공단 일산병원,홈페이지 운영 용역,(주)센텀인터넷,304819200,,
R26BK01400886,2026-04-17,해외건설협회,우즈베키스탄 타슈켄트시 스마트 버스체계 구축 사업,주식회사 애이치디 (HD Corp.),9139835000,,
R26BK01436078,2026-04-29,조달청,유전자원 장기보존 시설 현대화 및 저장고 증설 설계 용역,주식회사 테이블오건축사사무소,0,,
R26BK01468956,2026-04-27,재단법인강원정보문화산업진흥원,2026년 강원(영서권) 가상융합 캠퍼스 위탁 용역,주식회사오르카소프트,47960000,,
R26BK01444129,2026-04-27,전남광주통합특별시 순천시,원도심 콘텐츠 축제 2026 원츠 순천 대행 용역(협상계약),주식회사앨리스,210000000,,
R26BK01459433,2026-04-24,농촌진흥청 국립축산과학원,동물교감치유 산업·제도 현황 분석 및 중장기 R&D 전략 수립,(주)한국동물환경연구소,47000000,,
R26BK01463679,2026-04-24,강원특별자치도 인제군,(협상에 의한 계약) 2026년 인제군 지하시설물 전산화 사업,주식회사 지오앤,95000000,,
R26BK01401159,2026-04-17,해외건설협회,탄자니아 잔지바르 지적 DB 및 토지정보 플랫폼 구축 사업,한국국토정보공사,4116000000,,
R26BK01459276,2026-04-24,(재)한국기계전기전자시험연구원,대형항온항습챔버 수리,씨엔와이테크,139700000,90.929,
R26BK01465661,2026-04-28,항공안전기술원,2026년 드론배송 유통‧물류 연계 컨설팅 용역,세종사이버대학교 산학협력단,153000000,,
R26BK01401833,2026-04-30,해외건설협회,"우크라이나 국가공항 전략계획, 선별 공항 개발 마스터플랜 및 타당성 조사",주식회사 도화엔지니어링,2874000000,,
R26BK01469606,2026-04-30,조달청 서울지방조달청,2026년 하반기 KFN TV 외주제작(강군 365) 사업자 선정 용역,주식회사 명인터미디어,229000000,,
R26BK01401487,2026-04-30,해외건설협회,타지키스탄 두샨베시 스마트 모빌리티 조성 사업,한국교통연구원,2737900000,,
R26BK01472963,2026-04-29,기후에너지환경부 금강홍수통제소,2027년 수문조사 통신시설 개선 실시설계 용역,주식회사 안세기술,71000000,,
R26BK01332928,2026-04-10,인천광역시 강화군,(설계공모)교동면 주민자치센터 신축사업 설계 용역,한서종합건축사사무소,0,,
R26BK01464489,2026-04-29,조달청 충북지방조달청,식품의약품안전처 연구개발사업 종합적 성과분석,주식회사 씨앤엘컨설팅,115000000,,
R26BK01401888,2026-04-30,해외건설협회,베트남 고속철도 운영역량강화 연수,한국철도공사,1254950000,,
R26BK01416787,2026-04-20,전남광주통합특별시 신안군,제안서 제출 공고(흑산도 융복합 웰컴센터 공간연출 및 제작설치 용역),디자인에코,850000000,,
R26BK01435511,2026-04-22,경기도 안산시,노후공원 실태조사 및 재정비계획 수립용역(협상에 의한 계약),주식회사 경동엔지니어링,171000000,,
R26BK01433674,2026-04-13,충청남도,제5차 충청남도 농어업인 삶의 질 향상 및 농어촌 지역개발 계획 용역,인덕대학교 산학협력단,44500000,,
R26BK01423434,2026-04-24,부산광역시 수영구,「2026 민락수변공원 반려동물 문화축제」운영 용역,부산일보 주식회사,139566240,,
R26BK01445185,2026-04-17,재단법인 공주문화관광재단,공주시 야간관광 특화도시 조성사업 2026 공주 별빛만찬 운영,주식회사 디앤씨컴퍼니,78000000,,
R26BK01393191,2026-04-23,재단법인 한국공예디자인문화진흥원,"2026 찾아가는 공예명작전 순회전시 서부권 (충청, 호남·제주) 종합 운영 대행",주식회사 이페이스,896500000,,
R26BK01406492,2026-04-29,재단법인 한국공예디자인문화진흥원,"2026 찾아가는 공예명작전 순회전시 동부권(강원, 영남) 종합 운영 대행",(주)더와이즈,831200000,,
R26BK01469037,2026-04-30,대구광역시교육청,2026년도 영양캠프 운영 용역,대구보건대학교산학협력단,35100000,,
R26BK01466377,2026-04-28,조달청 인천지방조달청,글로벌 탄소규제 검증기관 육성 및 역량 강화 지원 사업,한국생산성본부인증원 주식회사,290000000,,
R26BK01454793,2026-04-30,한국환경공단,공단 ESG 경영활동의 사회투자수익률(SROI) 기반 성과 산정,주식회사 지속가능경영연구소,58332100,84.581,
R26BK01445025,2026-04-30,조달청,2025년 기준 스포츠산업조사 용역계약 의뢰,주식회사 글로벌리서치,383590000,,
R26BK01437795,2026-04-24,해외건설협회,대만 건설시장 진출환경 심층조사,삼일회계법인,220000000,,
R26BK01430453,2026-04-14,충청북도 청주시,한여름밤 오싹 호러페스티벌 행사대행 용역,주식회사 이씨온플러스,80041500,,
R26BK01471209,2026-04-30,한국발명진흥회,제16기 IP 마이스터 프로그램 교육행사 운영용역,주식회사 꿈꾸는세상,96000000,,
R26BK01432323,2026-04-22,대법원,대법원 국유재산(구내식당 등) 관리위탁업체 선정 모집공고,(주)델리에프에스,0,,
R26BK01470953,2026-04-30,한국발명진흥회,제16기 IP 마이스터 프로그램 교육 및 컨설팅 운영용역(2분야),특허법인 정특,58000000,,
R26BK01468144,2026-04-30,한국발명진흥회,제16기 IP 마이스터 프로그램 교육 및 컨설팅 운영용역(1분야),어반 국제특허법률사무소,57000000,,
R26BK01471078,2026-04-30,한국발명진흥회,제16기 IP 마이스터 프로그램 교육 및 컨설팅 운영용역(3분야),어반 국제특허법률사무소,57000000,,
R26BK01442211,2026-04-24,서울특별시,2026 서울미식주간 운영,(주)케이비에스아트비전,581000000,,
R26BK01469181,2026-04-29,재단법인전라남도정보문화산업진흥원,2026년 전남 가상융합혁신 전문인력 양성 용역(재공고),주식회사 그리드,33153100,95.747,
R26BK01463691,2026-04-28,사단법인 굿네이버스 인터내셔날,2026 도박문제예방사업 - 홍보 콘텐츠 개발 및 운영(인플루언서 협업),(주) 제이레퍼토리,145900000,,
R26BK01440026,2026-04-23,경상북도 안동시,낙동강변 야외 물놀이장 관리 및 운영 용역(협상),주식회사 위드레져스포츠,367400000,,
R26BK01465658,2026-04-27,서울특별시 강남구,(협상에 의한 계약) 2026년 강남구 도시관리공단 조직진단 용역,(주) 한국능률협회컨설팅,46750000,,
R26BK01471226,2026-04-28,국가보훈부,광주학생운동 100주년 계기 미서훈 독립유공자 발굴·포상 기반 구축방안 연구 용역,사단법인 역사문화콘텐츠연구원,38000000,,
R26BK01418487,2026-04-09,국방기술품질원,기동무기체계 주행 내구도시험 표준화 연구,한국자동차연구원,100000000,,
R26BK01451653,2026-04-21,한국천문연구원,달무리 탑재체 및 스테이션 열/구조해석,주식회사 에이디솔루션,63500000,,
R26BK01427354,2026-04-17,조달청,2026~2027년 제한차량 인터넷 운행허가 시스템 유지관리,(주)우진티앤에스,1280500000,,
R26BK01393517,2026-04-23,경상북도교육청 한국철도고등학교,한국철도고등학교 공간재구조화 사업 건축설계 제안공모,와이원건축사사무소,0,,
R26BK01449122,2026-04-20,경상남도 김해시,김해시 도로대장 전산화 용역(협상에 의한 계약)_긴급,주식회사 신한항업,620000000,,
R26BK01428448,2026-04-27,사단법인 굿네이버스 인터내셔날,사단법인 굿네이버스 국내∙외 후원물품 창고 운영 및 해외 포워딩 업체 선정,주식회사 엘엑스판토스,1,,
R26BK01448607,2026-04-28,여주도시공사,2026년 오학 물놀이장 위탁운영 관리 용역 제안서 제출 안내 공고(협상에 의한 계약),에스티산업주식회사,359797000,,
R26BK01464519,2026-04-30,사단법인 굿네이버스 인터내셔날,"굿네이버스 키르기즈공화국 통합적 농촌개발사업(‘26-‘30, 2단계) 성과관리 용역 (KOICA 협력사업)",충북대학교산학협력단,449912361,,
R26BK01472693,2026-04-29,경기도교육청 경기도시흥교육지원청 시흥가온유치원,2026학년 시흥가온유치원 방과후과정 급식 납품업체 선정 입찰 공고,주식회사 푸드윈,6130,95.221,
R26BK01467566,2026-04-28,서울특별시,서서울미술관 디지털플랫폼 관리시스템 및 홈페이지 구축,랜드소프트 주식회사,518000000,,
R26BK01458564,2026-04-28,조달청 인천지방조달청,라오스 화학물질 안전 역량 강화 사업 타당성조사,한국기업지식연구원(주),186400000,,
R26BK01445460,2026-04-17,(주)케이씨씨 중앙연구소,과학적 유소년 육성 프로그램 지원(KCC)_데이터 프로그램 개발,프레시밀크,62975660,,
R26BK01429418,2026-04-21,재단법인 강원특별자치도경제진흥원,2026 강원더몰·시군몰 라이브커머스 운영 용역,픽스미디어,142500000,,
R26BK01453028,2026-04-30,경기평택항만공사,경기도 시화호 활성화 썬셋 캠페인 용역,(주)크리에이티브모루,179590000,,
R26BK01450682,2026-04-28,강원특별자치도 고성군,고성군 스마트도시 계획 수립 용역,대영유비텍 주식회사,392000000,,
R26BK01445670,2026-04-23,한국가스안전공사대구광역본부,2026년 구미시 LPG사용시설 안전점검 지원사업 운영 용역,문화가스충전소,20016000,,
R26BK01445626,2026-04-23,한국가스안전공사대구광역본부,2026년 성주군 LPG사용시설 안전점검 지원사업 운영 용역,(주)유신이엔지,33087273,,
R26BK01390317,2026-04-28,경상북도문화관광공사,상주 경천대 관광단지 지정 용역,주식회사 한국종합기술,1452000000,,
R26BK01449307,2026-04-28,국방기술품질원,최신 보안 동향을 반영한 연구개발단계 사이버보안 내재화 방안 연구,경기대학교산학협력단,50000000,,
R26BK01461231,2026-04-29,국방기술품질원,국방우주 궤도 실증사업 임무설계 및 검증체계 기반 추진전략 연구,주식회사 나라스페이스테크놀로지,92000000,,
R26BK01401731,2026-04-24,충북대학교,충북대학교 글로벌인재양성관 신축공사 설계 제안공모,건축사사무소 학건축,0,,
R26BK01458880,2026-04-21,(사)한국원자력산업협회,원전산업 전문인력 맞춤형 취업지원 컨설팅 용역,(주) 이지엠휴먼월드,88000000,,
R26BK01468313,2026-04-28,강원특별자치도 정선군,2026년 전통산사 국가유산 활용사업 운영 대행용역,주식회사 한국문화유산연구센터,84800000,,
R26BK01447753,2026-04-21,사회복지법인 하트-하트재단,(긴급)제10회 전국 발달장애인 음악축제 GREAT MUSIC FESTIVAL 운영 대행 용역,(주)플랜웍스엔터프라이즈,179700000,,
R26BK01462747,2026-04-27,한국세라믹기술원,국내외 개발되고 있는 광물탄산화 기반 탄소고정량 평가 방법 비교 분석,서울대학교 산학협력단,50000000,,
R26BK01472220,2026-04-28,서울특별시 강북구,2026년 제2회 핫~한 스쿨 강북구 청소년 물놀이장 조성 및 운영 대행용역,주식회사 시즌스토리,245000000,,
R26BK01434212,2026-04-23,(재)금산교육사랑장학재단,2026년 금산군 해외어학연수 운영 사업,주식회사 나이스퓨쳐,474000000,,
R26BK01427069,2026-04-14,강원특별자치도 정선군,2026 정선 동강 마라톤대회 운영 대행 용역,주식회사 로드스포츠,186000000,,
R26BK01468163,2026-04-28,조달청 대구지방조달청,한의약혁신기술개발사업단 한의표준임상진료지침 출판업체 선정대행 용역,주식회사 범문에듀케이션,128700000,,
R26BK01430878,2026-04-22,경상북도 포항시,포항시 석병리항 어촌신활력증진사업(유형2) 기본계획 수립 용역,주식회사 지역도시건축사사무소 리플래폼,250000000,,
R26BK01448824,2026-04-20,국가과학기술인력개발원,2026년 지역R&D정책 글로벌 벤치마킹 해외연수 기획·운영 용역,주식회사 히든챔피언경영원,152180000,,
R26BK01437571,2026-04-24,해외건설협회,카자흐스탄 건설시장 진출환경 심층조사,법무법인(유한) 세종,215000000,,
R26BK01437871,2026-04-24,해외건설협회,카타르 건설시장 진출환경 심층조사,법무법인 (유한) 율촌,209150000,,
R26BK01446792,2026-04-23,(재)노사발전재단,2026년 비정규직 고용구조개선 지원 컨설팅 수행기관 모집,노무법인 비상,82000000,,
R26BK01472464,2026-04-30,경상남도 김해시,김해문화관광재단 조직진단 및 운영 효율화 방안 용역(협상에 의한 계약)_긴급,주식회사 지브이컨설팅,50000000,,
R26BK01468152,2026-04-28,질병관리청,"[연구,126] 국내 삼일열말라리아 임상검체의 CYP2D6 특성 분석",주식회사 에스피메드,29100000,,
R26BK01417877,2026-04-07,사단법인 한국바이오협회,바이오헬스 온라인 채용관 운영 용역,사단법인 한국바이오특화센터협의회,70000000,,
R26BK01474005,2026-04-28,해양수산부,AI 기반 항만전문업무 지원체계 구축 용역,주식회사 연안항만엔지니어링,2000000000,,
R26BK01417717,2026-04-07,사단법인 한국바이오협회,2025년 기준 국내 바이오산업 인력수요 및 공급조사 용역,코데이터솔루션 주식회사,98980000,,
R26BK01396838,2026-04-30,조달청,한국교원대 부설고등학교 여자기숙사 증축 및 환경개선공사 설계용역,주식회사 티에이엔유건축사사무소(TANU Architecture),0,,
R26BK01449918,2026-04-21,경상북도 울진군,울진군 한울원자력 부지내저장시설 지원사업 및 대응방안 수립용역,재단법인 한국자치경제연구원,95040000,,
R26BK01436952,2026-04-16,충청남도 당진시,대호지면 종합발전계획 수립 연구용역 입찰 공고(협상에의한계약)(긴급),주식회사 지역연구소플랜플러스,142500000,,
R26BK01457441,2026-04-21,서울특별시 강남구,[긴급](협상에 의한 계약)2026 강남페스티벌 퍼레이드 기획·운영 용역,케이비에스미디어 주식회사,777800000,,
R26BK01450863,2026-04-30,경상북도 칠곡군,2026 왜관 홀리 페스티벌 행사대행 용역,주식회사 에이시티,187500000,,
R26BK01460344,2026-04-24,고려대학교 산학협력단,BIO USA 2026 고려대학교 단독관 구축 및 운영,카펜시스(Capensis),188000000,,
R26BK01470728,2026-04-27,서울특별시 은평구,2026년 반려식물 보급사업 운영 용역,주식회사 아이온리,55701800,,
R26BK01396774,2026-04-07,서울특별시,2026년 서울시민과 함께하는 도그스포츠 행사 대행용역,주식회사 한국어질리티연합,199650000,,
R26BK01432426,2026-04-21,서울특별시,2026년 반려동물과 함께하는 문화 행사 대행용역,주식회사 유기견없는도시,236500000,,
R26BK01399534,2026-04-01,충청북도 옥천군,2026년 장령산자연휴양림 숲해설 운영사업 용역(협상에의한계약),농업회사법인 주식회사 동행,51178600,,
R26BK01399361,2026-04-01,충청북도 옥천군,2026년 장령산 치유의숲 산림치유지도사 운영사업 용역(협상에의한계약),충북숲해설가협동조합,86000000,,
R26BK01450063,2026-04-15,가톨릭대학교 산학협력단,고위험군 소아 급성림프모구백혈병의 치료성적 향상을 위한 전햑적 연구 진행 관리,대한소아혈액종양학회,75000000,,
R26BK01453949,2026-04-21,재단법인성남시상권활성화재단,경기도 골목상권 특성화(노후상가거리) 지원사업 상권 경관개선 용역(협상에 의한 계약),주식회사 디자인판,223550000,,
R26BK01463433,2026-04-29,주식회사 케이티스포츠,2026년 kt wiz 대학생 퓨처스마케터 운영,(주)코렉스 엔터테인먼트,70000000,,
R26BK01452752,2026-04-16,경남개발공사,합천호 수상관광플랫폼 구축사업 설계용역 설계공모 공고,건축사사무소세진건축,639000000,100.0,
R26BK01477632,2026-04-30,연암대학교 산학협력단,"연암대학교 농대영농창업특성화사업 SH창업멘토링, 졸업생사후관리, 영농경영인큐베이팅 프로그램 위탁 운영업체 선정",(사)한국능률협회,104500000,,
